{
"type": "FeatureCollection",
"name": "OD_emergency_care",
"crs": { "type": "name", "properties": { "name": "urn:ogc:def:crs:EPSG::5514" } },
"features": [
{ "type": "Feature", "properties": { "name": "Městská nemocnice Ostrava, příspěvková organizace", "facility_type": "Nemocnice", "city": "Ostrava", "region": "Moravskoslezský kraj", "district": "Ostrava-město", "postcode": 70200.0, "street": "Nemocniční", "street_number": "898/20a", "specialties": "alergologie a klinická imunologie, algeziologie, anesteziologie a intenzivní medicína, angiologie, Biomedicínský technik, cévní chirurgie, dermatovenerologie, dětská kardiologie, dětská neurologie, dětská otorinolaryngologie, dětské lékařství, endokrinologie a diabetologie, Ergoterapeut, foniatrie, Fyzioterapeut, gastroenterologie, geriatrie, gynekologie a porodnictví, gynekologie dětí a dospívajících, hematologie a transfúzní lékařství, hyperbarická a letecká medicína, chirurgie, kardiologie, klinická biochemie, klinická farmacie, klinická onkologie, klinická výživa a intenzivní metabolická péče, Klinický logoped, Klinický psycholog, nefrologie, neonatologie, neurochirurgie, neurologie, Nutriční terapeut, Odborný pracovník v laboratorních  metodách a přípravě léčivých přípravků, oftalmologie, ortopedie a traumatologie pohybového ústrojí, otorinolaryngologie a chirurgie hlavy a krku, paliativní medicína, patologie, plastická chirurgie, pneumologie a ftizeologie, Porodní asistentka, praktické lékařství pro děti a dorost, psychiatrie, radiační onkologie, Radiologický asistent, radiologie a zobrazovací metody, rehabilitační a fyzikální medicína, Sestra pro péči v psychiatrii, traumatologie, urgentní medicína, urologie, vnitřní lékařství, Všeobecná sestra, Zdravotní laborant", "care_form": "akutní lůžková péče intenzivní, akutní lůžková péče standardní, ambulantní péče, jednodenní péče, sociálně-zdravotní lůžková péče, zdrav. péče poskytovaná ve vlastním soc. prostředí pacienta - domácí péče - ošetřovatelská", "provider_ico": 635162, "website": "http://www.mnof.cz", "phone": "+420596191111", "latitude": 49.833043989921997, "longitude": 18.274686105792998, "level": 1, "level_label": "Emergency department (urgentní medicína)" }, "geometry": { "type": "Point", "coordinates": [ -471192.595068454102147, -1101792.145365338539705 ] } },
{ "type": "Feature", "properties": { "name": "Moravskoslezská nemocnice Frýdek - Místek, příspěvková organizace", "facility_type": "Nemocnice", "city": "Frýdek-Místek", "region": "Moravskoslezský kraj", "district": "Frýdek-Místek", "postcode": 73801.0, "street": "El. Krásnohorské", "street_number": "321", "specialties": "alergologie a klinická imunologie, algeziologie, anesteziologie a intenzivní medicína, angiologie, cévní chirurgie, dětská a dorostová psychiatrie, dětská chirurgie, dětská kardiologie, dětská neurologie, dětská otorinolaryngologie, dětské lékařství, endokrinologie a diabetologie, Ergoterapeut, Fyzioterapeut, gastroenterologie, geriatrie, gynekologie a porodnictví, gynekologie dětí a dospívajících, hematologie a transfúzní lékařství, chirurgie, intenzívní medicína , kardiologie, klinická biochemie, klinická farmacie, klinická onkologie, klinická osteologie, klinická výživa a intenzivní metabolická péče, Klinický logoped, Klinický psycholog, nefrologie, nemocniční lékárenství, neonatologie, neurologie, nukleární medicína, Nutriční terapeut, oftalmologie, onkochirurgie, ortopedie a traumatologie pohybového ústrojí, otorinolaryngologie a chirurgie hlavy a krku, patologie, pneumologie a ftizeologie, praktické lékárenství, praktické lékařství pro děti a dorost, psychiatrie, radiologie a zobrazovací metody, rehabilitační a fyzikální medicína, revmatologie, tělovýchovné lékařství, urgentní medicína, urogynekologie, urologie, vnitřní lékařství, všeobecné praktické lékařství, zubní lékařství", "care_form": "akutní lůžková péče intenzivní, akutní lůžková péče standardní, ambulantní péče, jednodenní péče, následná lůžková péče - standardní, primární ambulantní péče, specializovaná ambulantní péče", "provider_ico": 534188, "website": "http://www.nemfm.cz/", "phone": null, "latitude": 49.689985362877998, "longitude": 18.355388560714999, "level": 1, "level_label": "Emergency department (urgentní medicína)" }, "geometry": { "type": "Point", "coordinates": [ -466752.330965435074177, -1118140.851109406212345 ] } },
{ "type": "Feature", "properties": { "name": "Fakultní nemocnice Plzeň", "facility_type": "Fakultní nemocnice", "city": "Plzeň", "region": "Plzeňský kraj", "district": "Plzeň-město", "postcode": 30100.0, "street": "Edvarda Beneše", "street_number": "1128/13", "specialties": "alergologie a klinická imunologie, algeziologie, anesteziologie a intenzivní medicína, angiologie, Asistent ochrany a podpory veřejného zdraví, Biomedicínský inženýr, cévní chirurgie, dermatovenerologie, dětská dermatovenerologie, dětská otorinolaryngologie, dětská radiologie, dětská urologie, endokrinologie a diabetologie, epidemiologie, foniatrie, Fyzioterapeut, gastroenterologie, geriatrie, hygiena a epidemiologie, hyperbarická a letecká medicína, chirurgie, infekční lékařství, intenzívní medicína , intervenční radiologie, kardiologie, klinická biochemie, klinická farmakologie, klinická onkologie, klinická osteologie, klinická výživa a intenzivní metabolická péče, Klinický logoped, Klinický psycholog, koloproktologie, korektivní dermatologie, lékařská mikrobiologie, medicína dlouhodobé péče, nemocniční lékárenství, nukleární medicína, Nutriční terapeut, onkochirurgie, onkourologie, ortopedie a traumatologie pohybového ústrojí, otorinolaryngologie a chirurgie hlavy a krku, paliativní medicína, patologie, pneumologie a ftizeologie, posudkové lékařství, pracovní lékařství, praktické lékárenství, praktické lékařství pro děti a dorost, Radiologický fyzik, radiologie a zobrazovací metody, rehabilitační a fyzikální medicína, reprodukční medicína, revmatologie, soudní lékařství, tělovýchovné lékařství, traumatologie, urgentní medicína, urogynekologie, urologie, vnitřní lékařství, všeobecné praktické lékařství, Zdravotně-sociální pracovník", "care_form": "akutní lůžková péče intenzivní, akutní lůžková péče standardní, ambulantní péče, dlouhodobá lůžková péče vyjma intenzivní, jednodenní péče, následná lůžková péče - standardní, zdrav. péče poskytovaná ve vlastním soc. prostředí pacienta - návštěvní služba", "provider_ico": 669806, "website": "https://www.fnplzen.cz/", "phone": null, "latitude": 49.731772751343001, "longitude": 13.375827469753, "level": 1, "level_label": "Emergency department (urgentní medicína)" }, "geometry": { "type": "Point", "coordinates": [ -822787.574900995357893, -1071407.523533192463219 ] } },
{ "type": "Feature", "properties": { "name": "Nemocnice Pelhřimov, příspěvková organizace", "facility_type": "Nemocnice", "city": "Pelhřimov", "region": "Kraj Vysočina", "district": "Pelhřimov", "postcode": 39301.0, "street": "Slovanského bratrství", "street_number": "710", "specialties": "alergologie a klinická imunologie, anesteziologie a intenzivní medicína, angiologie, cévní chirurgie, dětská neurologie, dětské lékařství, endokrinologie a diabetologie, foniatrie, gastroenterologie, gynekologie a porodnictví, hematologie a transfúzní lékařství, chirurgie, kardiologie, klinická biochemie, klinická onkologie, Klinický psycholog, lékařská mikrobiologie, medicína dlouhodobé péče, nefrologie, nemocniční lékárenství, neurologie, nukleární medicína, Nutriční terapeut, ortopedie a traumatologie pohybového ústrojí, otorinolaryngologie a chirurgie hlavy a krku, paliativní medicína, patologie, pneumologie a ftizeologie, praktické lékařství pro děti a dorost, radiační onkologie, radiologie a zobrazovací metody, rehabilitační a fyzikální medicína, revmatologie, traumatologie, urgentní medicína, urologie, vnitřní lékařství, Všeobecná sestra, všeobecné praktické lékařství", "care_form": "akutní lůžková péče intenzivní, akutní lůžková péče standardní, ambulantní péče, dlouhodobá intenzivní ošetřovatelská péče (DIOP), jednodenní péče, následná lůžková péče - standardní, primární ambulantní péče, specializovaná ambulantní péče, zdrav. péče poskytovaná ve vlastním soc. prostředí pacienta - domácí péče - ošetřovatelská, zdrav. péče poskytovaná ve vlastním soc. prostředí pacienta - domácí péče - paliativní, zdrav. péče poskytovaná ve vlastním soc. prostředí pacienta - návštěvní služba", "provider_ico": 511951, "website": "http://www.hospital-pe.cz", "phone": null, "latitude": 49.433514274037002, "longitude": 15.229838947100999, "level": 1, "level_label": "Emergency department (urgentní medicína)" }, "geometry": { "type": "Point", "coordinates": [ -694584.113451384124346, -1122743.926308714319021 ] } },
{ "type": "Feature", "properties": { "name": "Nemocnice TGM Hodonín, příspěvková organizace", "facility_type": "Nemocnice", "city": "Hodonín", "region": "Jihomoravský kraj", "district": "Hodonín", "postcode": 69501.0, "street": "Purkyňova", "street_number": "2731/11", "specialties": "anesteziologie a intenzivní medicína, dětské lékařství, endokrinologie a diabetologie, Ergoterapeut, Fyzioterapeut, gastroenterologie, gynekologie a porodnictví, hematologie a transfúzní lékařství, chirurgie, kardiologie, klinická biochemie, klinická onkologie, lékařská mikrobiologie, nefrologie, neurologie, Nutriční terapeut, onkochirurgie, ortopedie a traumatologie pohybového ústrojí, pneumologie a ftizeologie, praktické lékárenství, praktické lékařství pro děti a dorost, Radiologický asistent, radiologie a zobrazovací metody, rehabilitační a fyzikální medicína, úrazová chirurgie, urgentní medicína, vnitřní lékařství, Všeobecná sestra, všeobecné praktické lékařství, Zdravotní laborant", "care_form": "akutní lůžková péče intenzivní, akutní lůžková péče standardní, ambulantní péče, jednodenní péče, následná lůžková intenzivní péče, následná lůžková péče - standardní, primární ambulantní péče, specializovaná ambulantní péče", "provider_ico": 226637, "website": "http://www.nemho.cz ", "phone": "+420518306111", "latitude": 48.864251825536002, "longitude": 17.145002383127999, "level": 1, "level_label": "Emergency department (urgentní medicína)" }, "geometry": { "type": "Point", "coordinates": [ -562933.781169169116765, -1201426.393123957328498 ] } },
{ "type": "Feature", "properties": { "name": "Fakultní nemocnice Ostrava", "facility_type": "Fakultní nemocnice", "city": "Ostrava", "region": "Moravskoslezský kraj", "district": "Ostrava-město", "postcode": 70800.0, "street": "17. listopadu", "street_number": "1790/5", "specialties": "Adiktolog, alergologie a klinická imunologie, algeziologie, anesteziologie a intenzivní medicína, angiologie, Biomedicínský inženýr, Biomedicínský technik, cévní chirurgie, dermatovenerologie, dětská a dorostová psychiatrie, dětská endokrinologie a diabetologie, dětská gastroenterologie a hepatologie, dětská chirurgie, dětská kardiologie, dětská nefrologie, dětská neurologie, dětská onkologie a hematologie, dětská otorinolaryngologie, dětská revmatologie, Dětská sestra, dětská urologie, dětské lékařství, dorostové lékařství, endokrinologie a diabetologie, Ergoterapeut, Farmaceutický asistent, foniatrie, Fyzioterapeut, gastroenterologie, gynekologie a porodnictví, gynekologie dětí a dospívajících, hematologie a transfúzní lékařství, hrudní chirurgie, chirurgie, infekční lékařství, intenzívní medicína , intervenční radiologie, kardiochirurgie, kardiologie, klinická biochemie, klinická farmacie, klinická farmakologie, klinická onkologie, klinická osteologie, klinická výživa a intenzivní metabolická péče, Klinický logoped, Klinický psycholog, koloproktologie, korektivní dermatologie, lékařská genetika, lékařská mikrobiologie, lékařská psychoterapie, maxilofaciální chirurgie, nefrologie, nemocniční lékárenství, neonatologie, neurochirurgie, neurologie, nukleární medicína, Nutriční terapeut, Odborný pracovník v laboratorních  metodách a přípravě léčivých přípravků, oftalmologie, onkogynekologie, onkochirurgie, onkourologie, orální a maxilofaciální chirurgie, ortodoncie, ortopedická protetika, ortopedie a traumatologie pohybového ústrojí, Ortoptista, otorinolaryngologie a chirurgie hlavy a krku, paliativní medicína, patologie, perinatologie a fetomaternální medicína, plastická chirurgie, pneumologie a ftizeologie, popáleninová medicína, Porodní asistentka, pracovní lékařství, praktické lékárenství, praktické lékařství pro děti a dorost, psychiatrie, Psycholog ve zdravotnictví, radiační onkologie, Radiologický asistent, Radiologický fyzik, radiologie a zobrazovací metody, rehabilitační a fyzikální medicína, revmatologie, Sestra pro péči v psychiatrii, sexuologie, soudní lékařství, spondylochirurgie, tělovýchovné lékařství, traumatologie, urgentní medicína, urogynekologie, urologie, vnitřní lékařství, Všeobecná sestra, všeobecné praktické lékařství, Zdravotně-sociální pracovník, Zdravotní laborant, Zdravotnický záchranář, zubní lékařství, Zubní technik", "care_form": "akutní lůžková péče intenzivní, akutní lůžková péče standardní, ambulantní péče, následná lůžková péče - standardní, stacionární péče, zdrav. péče poskytovaná ve vlastním soc. prostředí pacienta - domácí péče - ošetřovatelská, zdrav. péče poskytovaná ve vlastním soc. prostředí pacienta - návštěvní služba, zdrav. péče poskytovaná ve vlastním soc. prostředí pacienta - umělá plicní ventilace", "provider_ico": 843989, "website": "https://www.fno.cz/", "phone": "+420597371111", "latitude": 49.826802536183003, "longitude": 18.161079319586001, "level": 1, "level_label": "Emergency department (urgentní medicína)" }, "geometry": { "type": "Point", "coordinates": [ -479396.03216290846467, -1101778.196474278811365 ] } },
{ "type": "Feature", "properties": { "name": "Fakultní Thomayerova nemocnice", "facility_type": "Fakultní nemocnice", "city": "Praha 4", "region": "Hlavní město Praha", "district": "Hlavní město Praha", "postcode": 14000.0, "street": "Vídeňská", "street_number": "800", "specialties": "alergologie a klinická imunologie, algeziologie, anesteziologie a intenzivní medicína, angiologie, cévní chirurgie, dermatovenerologie, dětská a dorostová psychiatrie, dětská gastroenterologie a hepatologie, dětská chirurgie, dětská kardiologie, dětská nefrologie, dětská neurologie, dětská otorinolaryngologie, dětská pneumologie, dětská urologie, dětské lékařství, dorostové lékařství, endokrinologie a diabetologie, Ergoterapeut, foniatrie, Fyzioterapeut, gastroenterologie, geriatrie, gynekologie a porodnictví, gynekologie dětí a dospívajících, hematologie a transfúzní lékařství, hrudní chirurgie, hygiena a epidemiologie, chirurgie, infekční lékařství, intenzívní medicína , kardiologie, klinická biochemie, klinická farmacie, klinická farmakologie, klinická onkologie, klinická osteologie, klinická výživa a intenzivní metabolická péče, Klinický logoped, Klinický psycholog, koloproktologie, laboratorní a vyšetřovací metody ve zdravotnictví, lékařská genetika, lékařská mikrobiologie, nefrologie, nemocniční lékárenství, neonatologie, neurochirurgie, neurologie, Nutriční terapeut, oftalmologie, onkochirurgie, onkourologie, orální a maxilofaciální chirurgie, ortodoncie, ortopedie a traumatologie pohybového ústrojí, otorinolaryngologie a chirurgie hlavy a krku, paliativní medicína, patologie, pediatrie, plastická chirurgie, pneumologie a ftizeologie, Porodní asistentka, psychiatrie, radiační onkologie, radiologie a zobrazovací metody, rehabilitační a fyzikální medicína, revmatologie, sexuologie, traumatologie, urgentní medicína, urogynekologie, urologie, vnitřní lékařství, Všeobecná sestra, všeobecné praktické lékařství, zubní lékařství", "care_form": "akutní lůžková péče intenzivní, akutní lůžková péče standardní, ambulantní péče, jednodenní péče, následná lůžková péče - standardní, stacionární péče, zdrav. péče poskytovaná ve vlastním soc. prostředí pacienta - domácí péče - ošetřovatelská, zdrav. péče poskytovaná ve vlastním soc. prostředí pacienta - umělá plicní ventilace", "provider_ico": 64190, "website": "http://www.ftn.cz", "phone": "+420261081111", "latitude": 50.029776392256998, "longitude": 14.457822975139999, "level": 1, "level_label": "Emergency department (urgentní medicína)" }, "geometry": { "type": "Point", "coordinates": [ -741088.709268614999019, -1049725.658877628389746 ] } },
{ "type": "Feature", "properties": { "name": "Fakultní nemocnice Bulovka", "facility_type": "Fakultní nemocnice", "city": "Praha 8", "region": "Hlavní město Praha", "district": "Hlavní město Praha", "postcode": 18000.0, "street": "Budínova", "street_number": "67/2", "specialties": "alergologie a klinická imunologie, algeziologie, anesteziologie a intenzivní medicína, angiologie, cévní chirurgie, dermatovenerologie, dětská dermatovenerologie, dětská endokrinologie a diabetologie, dětská gastroenterologie a hepatologie, dětská chirurgie, dětská kardiologie, dětská neurologie, dětská pneumologie, dětská urologie, dětské lékařství, endokrinologie a diabetologie, Ergoterapeut, foniatrie, Fyzioterapeut, gastroenterologie, gynekologie a porodnictví, gynekologie dětí a dospívajících, hematologie a transfúzní lékařství, hrudní chirurgie, hygiena a epidemiologie, chirurgie, infekční lékařství, intervenční radiologie, kardiologie, klinická biochemie, klinická farmacie, klinická onkologie, Klinický logoped, Klinický psycholog, koloproktologie, korektivní dermatologie, lékařská genetika, lékařská mikrobiologie, nemocniční lékárenství, neonatologie, neurologie, Nutriční terapeut, oftalmologie, onkogynekologie, onkochirurgie, ortopedie a traumatologie pohybového ústrojí, Ortotik-protetik, otorinolaryngologie a chirurgie hlavy a krku, paliativní medicína, patologie, perinatologie a fetomaternální medicína, plastická chirurgie, pneumologie a ftizeologie, Porodní asistentka, praktické lékařství pro děti a dorost, psychiatrie, radiační onkologie, radiologie a zobrazovací metody, rehabilitační a fyzikální medicína, soudní lékařství, spondylochirurgie, traumatologie, urgentní medicína, urogynekologie, urologie, vnitřní lékařství, Všeobecná sestra, všeobecné praktické lékařství", "care_form": "akutní lůžková péče intenzivní, akutní lůžková péče standardní, ambulantní péče", "provider_ico": 64211, "website": "http://www.bulovka.cz", "phone": "+420266081111", "latitude": 50.115385115824999, "longitude": 14.464080139512999, "level": 1, "level_label": "Emergency department (urgentní medicína)" }, "geometry": { "type": "Point", "coordinates": [ -739351.953580435132608, -1040353.271247608819976 ] } },
{ "type": "Feature", "properties": { "name": "Moravskoslezská nemocnice Karviná - Ráj, příspěvková organizace", "facility_type": "Nemocnice", "city": "Karviná", "region": "Moravskoslezský kraj", "district": "Karviná", "postcode": 73401.0, "street": "Vydmuchov", "street_number": "399/5", "specialties": "alergologie a klinická imunologie, anesteziologie a intenzivní medicína, cévní chirurgie, dětská kardiologie, dětská neurologie, dětské lékařství, endokrinologie a diabetologie, Ergoterapeut, Fyzioterapeut, gastroenterologie, gynekologie a porodnictví, hematologie a transfúzní lékařství, chirurgie, kardiologie, klinická biochemie, nefrologie, nemocniční lékárenství, neonatologie, neurologie, Nutriční terapeut, oftalmologie, ortopedie a traumatologie pohybového ústrojí, otorinolaryngologie a chirurgie hlavy a krku, pneumologie a ftizeologie, praktické lékárenství, praktické lékařství pro děti a dorost, radiologie a zobrazovací metody, rehabilitační a fyzikální medicína, revmatologie, urgentní medicína, urologie, vnitřní lékařství, zubní lékařství", "care_form": "akutní lůžková péče intenzivní, akutní lůžková péče standardní, ambulantní péče, jednodenní péče, následná lůžková péče - standardní, specializovaná ambulantní péče", "provider_ico": 844853, "website": "http://nspka.cz", "phone": null, "latitude": 49.848314513550001, "longitude": 18.549901478683999, "level": 1, "level_label": "Emergency department (urgentní medicína)" }, "geometry": { "type": "Point", "coordinates": [ -451322.237047610571608, -1101758.026229502400383 ] } },
{ "type": "Feature", "properties": { "name": "Moravskoslezská nemocnice Havířov, příspěvková organizace", "facility_type": "Nemocnice", "city": "Havířov", "region": "Moravskoslezský kraj", "district": "Karviná", "postcode": 73601.0, "street": "Dělnická", "street_number": "1132/24", "specialties": "Adiktolog, alergologie a klinická imunologie, algeziologie, anesteziologie a intenzivní medicína, angiologie, cévní chirurgie, dětská a dorostová psychiatrie, dětská chirurgie, dětská kardiologie, dětská neurologie, dětské lékařství, endokrinologie a diabetologie, Ergoterapeut, Fyzioterapeut, gastroenterologie, geriatrie, gynekologie a porodnictví, hematologie a transfúzní lékařství, chirurgie, infekční lékařství, kardiologie, klinická biochemie, klinická onkologie, klinická osteologie, klinická výživa a intenzivní metabolická péče, Klinický logoped, Klinický psycholog, nefrologie, nemocniční lékárenství, neonatologie, neurochirurgie, neurologie, Nutriční terapeut, oftalmologie, onkochirurgie, ortopedie a traumatologie pohybového ústrojí, otorinolaryngologie a chirurgie hlavy a krku, paliativní medicína, patologie, plastická chirurgie, pneumologie a ftizeologie, Porodní asistentka, praktické lékárenství, praktické lékařství pro děti a dorost, psychiatrie, radiologie a zobrazovací metody, rehabilitační a fyzikální medicína, revmatologie, Sestra pro péči v psychiatrii, tělovýchovné lékařství, úrazová chirurgie, urgentní medicína, urologie, vnitřní lékařství, Všeobecná sestra, všeobecné praktické lékařství", "care_form": "akutní lůžková péče intenzivní, akutní lůžková péče standardní, ambulantní péče, jednodenní péče, následná lůžková intenzivní péče, následná lůžková péče - standardní, specializovaná ambulantní péče, stacionární péče, zdrav. péče poskytovaná ve vlastním soc. prostředí pacienta - návštěvní služba", "provider_ico": 844896, "website": "http://www.nsphav.cz", "phone": "+420596491111", "latitude": 49.784520038986997, "longitude": 18.437993608631, "level": 1, "level_label": "Emergency department (urgentní medicína)" }, "geometry": { "type": "Point", "coordinates": [ -459935.607458985294215, -1108163.460334135685116 ] } },
{ "type": "Feature", "properties": { "name": "Nemocnice Šumperk a.s.", "facility_type": "Nemocnice", "city": "Šumperk", "region": "Olomoucký kraj", "district": "Šumperk", "postcode": 78701.0, "street": "Nerudova", "street_number": "640/41", "specialties": "alergologie a klinická imunologie, anesteziologie a intenzivní medicína, angiologie, dermatovenerologie, dětská endokrinologie a diabetologie, dětská kardiologie, dětské lékařství, endokrinologie a diabetologie, Ergoterapeut, Fyzioterapeut, gastroenterologie, gynekologie a porodnictví, hematologie a transfúzní lékařství, chirurgie, kardiologie, klinická biochemie, klinická farmacie, klinická onkologie, lékařská mikrobiologie, nemocniční lékárenství, neonatologie, neurologie, Nutriční terapeut, oftalmologie, ortopedie a traumatologie pohybového ústrojí, otorinolaryngologie a chirurgie hlavy a krku, paliativní medicína, patologie, plastická chirurgie, pneumologie a ftizeologie, Porodní asistentka, praktické lékárenství, radiační onkologie, radiologie a zobrazovací metody, rehabilitační a fyzikální medicína, urgentní medicína, urologie, vnitřní lékařství, všeobecné praktické lékařství", "care_form": "akutní lůžková péče intenzivní, akutní lůžková péče standardní, ambulantní péče, dlouhodobá intenzivní ošetřovatelská péče (DIOP), dlouhodobá lůžková péče vyjma intenzivní, jednodenní péče, následná lůžková intenzivní péče", "provider_ico": 47682795, "website": "http://www.nemocnicesumperk.cz", "phone": "+420583335004", "latitude": 49.959538677380003, "longitude": 16.967533968649999, "level": 1, "level_label": "Emergency department (urgentní medicína)" }, "geometry": { "type": "Point", "coordinates": [ -563368.97558791062329, -1078942.959723966196179 ] } },
{ "type": "Feature", "properties": { "name": "Moravskoslezská nemocnice Opava, příspěvková organizace", "facility_type": "Nemocnice", "city": "Opava", "region": "Moravskoslezský kraj", "district": "Opava", "postcode": 74601.0, "street": "Olomoucká", "street_number": "470/86", "specialties": "alergologie a klinická imunologie, anesteziologie a intenzivní medicína, angiologie, dermatovenerologie, dětská chirurgie, dětská kardiologie, dětské lékařství, endokrinologie a diabetologie, Ergoterapeut, Fyzioterapeut, gastroenterologie, geriatrie, gynekologie a porodnictví, hematologie a transfúzní lékařství, chirurgie, infekční lékařství, kardiologie, klinická biochemie, klinická farmacie, klinická onkologie, klinická osteologie, klinická výživa a intenzivní metabolická péče, Klinický logoped, Klinický psycholog, lékařská mikrobiologie, nefrologie, nemocniční lékárenství, neonatologie, neurologie, nukleární medicína, Nutriční terapeut, oftalmologie, onkochirurgie, orální a maxilofaciální chirurgie, ortopedie a traumatologie pohybového ústrojí, otorinolaryngologie a chirurgie hlavy a krku, paliativní medicína, patologie, pneumologie a ftizeologie, praktické lékařství pro děti a dorost, radiologie a zobrazovací metody, rehabilitační a fyzikální medicína, úrazová chirurgie, urgentní medicína, urologie, vnitřní lékařství, všeobecné praktické lékařství, zubní lékařství", "care_form": "akutní lůžková péče intenzivní, akutní lůžková péče standardní, ambulantní péče, jednodenní péče, následná lůžková péče - standardní, stacionární péče", "provider_ico": 47813750, "website": "http://www.msnopava.cz", "phone": null, "latitude": 49.933798530788998, "longitude": 17.879344685841001, "level": 1, "level_label": "Emergency department (urgentní medicína)" }, "geometry": { "type": "Point", "coordinates": [ -498507.519860577885993, -1088123.819984808797017 ] } },
{ "type": "Feature", "properties": { "name": "Nemocnice AGEL Jeseník a.s.", "facility_type": "Nemocnice", "city": "Jeseník", "region": "Olomoucký kraj", "district": "Jeseník", "postcode": 79001.0, "street": "Lipovská", "street_number": "103/39", "specialties": "anesteziologie a intenzivní medicína, dětská kardiologie, dětské lékařství, endokrinologie a diabetologie, Ergoterapeut, Fyzioterapeut, gastroenterologie, gynekologie a porodnictví, hematologie a transfúzní lékařství, chirurgie, kardiologie, klinická biochemie, nefrologie, neonatologie, Nutriční terapeut, ortopedie a traumatologie pohybového ústrojí, Porodní asistentka, radiologie a zobrazovací metody, rehabilitační a fyzikální medicína, urgentní medicína, vnitřní lékařství, Všeobecná sestra", "care_form": "akutní lůžková péče intenzivní, akutní lůžková péče standardní, ambulantní péče, jednodenní péče, následná lůžková péče - standardní, zdrav. péče poskytovaná ve vlastním soc. prostředí pacienta - domácí péče - ošetřovatelská, zdrav. péče poskytovaná ve vlastním soc. prostředí pacienta - domácí péče - paliativní", "provider_ico": 47973927, "website": "http://jesenickanemocnice.agel.cz", "phone": "+420584458411", "latitude": 50.227772530254001, "longitude": 17.198340465817999, "level": 1, "level_label": "Emergency department (urgentní medicína)" }, "geometry": { "type": "Point", "coordinates": [ -543918.170606935047545, -1050931.012579177971929 ] } },
{ "type": "Feature", "properties": { "name": "Fakultní nemocnice Plzeň - Lochotín", "facility_type": "Fakultní nemocnice", "city": "Plzeň", "region": "Plzeňský kraj", "district": "Plzeň-město", "postcode": 32300.0, "street": "alej Svobody", "street_number": "923/80", "specialties": "alergologie a klinická imunologie, algeziologie, anesteziologie a intenzivní medicína, angiologie, Asistent ochrany a podpory veřejného zdraví, Biomedicínský inženýr, cévní chirurgie, Dentální hygienistka, dětská a dorostová psychiatrie, dětská endokrinologie a diabetologie, dětská gastroenterologie a hepatologie, dětská chirurgie, dětská kardiologie, dětská nefrologie, dětská neurologie, dětská onkologie a hematologie, dětská pneumologie, dětská radiologie, dětská revmatologie, dětské lékařství, endokrinologie a diabetologie, epidemiologie, Ergoterapeut, Fyzioterapeut, gastroenterologie, gerontopsychiatrie, gynekologie a porodnictví, hematologie a transfúzní lékařství, hrudní chirurgie, hygiena a epidemiologie, hyperbarická a letecká medicína, chirurgie, intenzívní medicína , intervenční radiologie, kardiochirurgie, kardiologie, klinická biochemie, klinická onkologie, klinická stomatologie, klinická výživa a intenzivní metabolická péče, Klinický logoped, Klinický psycholog, koloproktologie, lékařská mikrobiologie, maxilofaciální chirurgie, návykové nemoci, nefrologie, nemocniční lékárenství, neonatologie, neurochirurgie, neurologie, neuroradiologie, nukleární medicína, Nutriční terapeut, oftalmologie, onkogynekologie, onkochirurgie, onkourologie, orální a maxilofaciální chirurgie, ortodoncie, ortopedie a traumatologie pohybového ústrojí, Ortoptista, paliativní medicína, patologie, perinatologie a fetomaternální medicína, plastická chirurgie, Porodní asistentka, posudkové lékařství, pracovní lékařství, praktické lékárenství, psychiatrie, radiační onkologie, Radiologický fyzik, radiologie a zobrazovací metody, rehabilitační a fyzikální medicína, reprodukční medicína, Sestra pro péči v psychiatrii, sexuologie, spondylochirurgie, tělovýchovné lékařství, traumatologie, urgentní medicína, urogynekologie, vaskulární intervenční radiologie, vnitřní lékařství, všeobecné praktické lékařství, Zdravotně-sociální pracovník", "care_form": "akutní lůžková péče intenzivní, akutní lůžková péče standardní, ambulantní péče, jednodenní péče", "provider_ico": 669806, "website": "https://www.fnplzen.cz/", "phone": null, "latitude": 49.762313183597001, "longitude": 13.380227787268, "level": 1, "level_label": "Emergency department (urgentní medicína)" }, "geometry": { "type": "Point", "coordinates": [ -821964.113421162823215, -1068097.013871308183298 ] } },
{ "type": "Feature", "properties": { "name": "Nemocnice Třebíč, příspěvková organizace", "facility_type": "Nemocnice", "city": "Třebíč", "region": "Kraj Vysočina", "district": "Třebíč", "postcode": 67401.0, "street": "Purkyňovo nám.", "street_number": "133/2", "specialties": "anesteziologie a intenzivní medicína, angiologie, dermatovenerologie, dětská gastroenterologie a hepatologie, dětská kardiologie, dětské lékařství, endokrinologie a diabetologie, Ergoterapeut, foniatrie, Fyzioterapeut, gastroenterologie, gynekologie a porodnictví, hematologie a transfúzní lékařství, chirurgie, infekční lékařství, kardiologie, klinická biochemie, klinická farmacie, klinická onkologie, Klinický logoped, Klinický psycholog, lékařská mikrobiologie, medicína dlouhodobé péče, nefrologie, nemocniční lékárenství, neonatologie, neurologie, Nutriční terapeut, oftalmologie, ortopedie a traumatologie pohybového ústrojí, Ortoptista, otorinolaryngologie a chirurgie hlavy a krku, paliativní medicína, patologie, pneumologie a ftizeologie, praktické lékárenství, praktické lékařství pro děti a dorost, radiologie a zobrazovací metody, rehabilitační a fyzikální medicína, revmatologie, traumatologie, urgentní medicína, urologie, vnitřní lékařství, všeobecné praktické lékařství", "care_form": "akutní lůžková péče intenzivní, akutní lůžková péče standardní, ambulantní péče, dlouhodobá lůžková péče vyjma intenzivní, jednodenní péče, následná lůžková péče - standardní, specializovaná ambulantní péče", "provider_ico": 839396, "website": "http://www.nem-tr.cz", "phone": null, "latitude": 49.212219562112999, "longitude": 15.890767427979, "level": 1, "level_label": "Emergency department (urgentní medicína)" }, "geometry": { "type": "Point", "coordinates": [ -649879.969012612011284, -1152998.193850725656375 ] } },
{ "type": "Feature", "properties": { "name": "Nemocnice Nové Město na Moravě, příspěvová organizace", "facility_type": "Nemocnice", "city": "Nové Město na Moravě", "region": "Kraj Vysočina", "district": "Žďár nad Sázavou", "postcode": 59231.0, "street": "Žďárská", "street_number": "610", "specialties": "alergologie a klinická imunologie, anesteziologie a intenzivní medicína, angiologie, cévní chirurgie, dermatovenerologie, dětská gastroenterologie a hepatologie, dětská chirurgie, dětská kardiologie, dětská neurologie, dětské lékařství, endokrinologie a diabetologie, foniatrie, gastroenterologie, gynekologie a porodnictví, hematologie a transfúzní lékařství, chirurgie, infekční lékařství, kardiologie, klinická biochemie, klinická onkologie, Klinický psycholog, lékařská mikrobiologie, Logoped ve zdravotnictví, nefrologie, nemocniční lékárenství, neonatologie, neurologie, nukleární medicína, Nutriční terapeut, oftalmologie, ortopedie a traumatologie pohybového ústrojí, otorinolaryngologie a chirurgie hlavy a krku, paliativní medicína, patologie, pneumologie a ftizeologie, praktické lékárenství, radiologie a zobrazovací metody, rehabilitační a fyzikální medicína, revmatologie, traumatologie, urgentní medicína, urologie, vnitřní lékařství, Všeobecná sestra, všeobecné praktické lékařství", "care_form": "akutní lůžková péče standardní, ambulantní péče, dlouhodobá intenzivní ošetřovatelská péče (DIOP), dlouhodobá lůžková péče vyjma intenzivní, jednodenní péče, následná lůžková intenzivní péče, následná lůžková péče - standardní, primární ambulantní péče, specializovaná ambulantní péče, zdrav. péče poskytovaná ve vlastním soc. prostředí pacienta - umělá plicní ventilace", "provider_ico": 842001, "website": "www.nnm.cz", "phone": "+420566801111", "latitude": 49.560323101728002, "longitude": 16.062812020959999, "level": 1, "level_label": "Emergency department (urgentní medicína)" }, "geometry": { "type": "Point", "coordinates": [ -632991.38268545421306, -1115993.473224435700104 ] } },
{ "type": "Feature", "properties": { "name": "Nemocnice Pardubického kraje, a.s., Pardubická nemocnice", "facility_type": "Nemocnice", "city": "Pardubice", "region": "Pardubický kraj", "district": "Pardubice", "postcode": 53003.0, "street": "Kyjevská", "street_number": "44", "specialties": "alergologie a klinická imunologie, anesteziologie a intenzivní medicína, angiologie, cévní chirurgie, dermatovenerologie, dětská dermatovenerologie, dětská chirurgie, dětská kardiologie, dětská nefrologie, dětská neurologie, dětská otorinolaryngologie, dětská pneumologie, dětská radiologie, dětská revmatologie, dětská urologie, Dětský klinický psycholog, endokrinologie a diabetologie, Ergoterapeut, foniatrie, Fyzioterapeut, gastroenterologie, geriatrie, gynekologie a porodnictví, hematologie a transfúzní lékařství, hrudní chirurgie, hygiena a epidemiologie, chirurgie, infekční lékařství, intervenční radiologie, kardiologie, klinická biochemie, klinická onkologie, klinická osteologie, Klinický logoped, Klinický psycholog, koloproktologie, korektivní dermatologie, lékařská genetika, lékařská mikrobiologie, nefrologie, neonatologie, neurochirurgie, neurologie, neuroradiologie, nukleární medicína, Nutriční terapeut, oftalmologie, onkochirurgie, orální a maxilofaciální chirurgie, ortopedie a traumatologie pohybového ústrojí, otorinolaryngologie a chirurgie hlavy a krku, patologie, pediatrie, plastická chirurgie, pneumologie a ftizeologie, popáleninová medicína, Porodní asistentka, pracovní lékařství, praktické lékárenství, praktické lékařství pro děti a dorost, psychiatrie, radiační onkologie, radiologie a zobrazovací metody, rehabilitační a fyzikální medicína, revmatologie, sexuologie, soudní lékařství, spondylochirurgie, traumatologie, urgentní medicína, urogynekologie, urologie, vaskulární intervenční radiologie, vnitřní lékařství, Všeobecná sestra, všeobecné praktické lékařství, zubní lékařství", "care_form": "akutní lůžková péče intenzivní, akutní lůžková péče standardní, ambulantní péče, dlouhodobá lůžková péče vyjma intenzivní, jednodenní péče, následná lůžková péče - standardní, specializovaná ambulantní péče, stacionární péče, zdrav. péče poskytovaná ve vlastním soc. prostředí pacienta - domácí péče - ošetřovatelská", "provider_ico": 27520536, "website": "www.nempk.cz", "phone": "+420466011111", "latitude": 50.029570915226003, "longitude": 15.788934464141001, "level": 1, "level_label": "Emergency department (urgentní medicína)" }, "geometry": { "type": "Point", "coordinates": [ -646496.991735761170276, -1061864.378544470760971 ] } },
{ "type": "Feature", "properties": { "name": "Nemocnice Hranice a.s.", "facility_type": "Nemocnice", "city": "Hranice", "region": "Olomoucký kraj", "district": "Přerov", "postcode": 75301.0, "street": "Zborovská", "street_number": "1245", "specialties": "alergologie a klinická imunologie, anesteziologie a intenzivní medicína, dermatovenerologie, dětské lékařství, endokrinologie a diabetologie, Ergoterapeut, Fyzioterapeut, gastroenterologie, geriatrie, gynekologie a porodnictví, hematologie a transfúzní lékařství, chirurgie, infekční lékařství, kardiologie, klinická biochemie, lékařská mikrobiologie, nefrologie, neurologie, Nutriční terapeut, oftalmologie, ortopedie a traumatologie pohybového ústrojí, otorinolaryngologie a chirurgie hlavy a krku, paliativní medicína, patologie, plastická chirurgie, pneumologie a ftizeologie, praktické lékárenství, radiologie a zobrazovací metody, rehabilitační a fyzikální medicína, revmatologie, urgentní medicína, vnitřní lékařství, Všeobecná sestra, všeobecné praktické lékařství, Zdravotně-sociální pracovník, Zdravotní laborant, Zdravotnický záchranář", "care_form": "akutní lůžková péče intenzivní, akutní lůžková péče standardní, ambulantní péče, jednodenní péče, následná lůžková péče - standardní, zdrav. péče poskytovaná ve vlastním soc. prostředí pacienta - domácí péče - ošetřovatelská, zdrav. péče poskytovaná ve vlastním soc. prostředí pacienta - domácí péče - paliativní", "provider_ico": 47677406, "website": "https://www.nemhranice.cz/", "phone": "+420581679111", "latitude": 49.555279048528, "longitude": 17.744856673804001, "level": 1, "level_label": "Emergency department (urgentní medicína)" }, "geometry": { "type": "Point", "coordinates": [ -512018.788788676611148, -1129158.127743214601651 ] } },
{ "type": "Feature", "properties": { "name": "Fakultní nemocnice Brno", "facility_type": "Fakultní nemocnice", "city": "Brno", "region": "Jihomoravský kraj", "district": "Brno-město", "postcode": 61300.0, "street": "Černopolní", "street_number": "212/9", "specialties": "alergologie a klinická imunologie, algeziologie, anesteziologie a intenzivní medicína, angiologie, dermatovenerologie, dětská a dorostová psychiatrie, dětská dermatovenerologie, dětská endokrinologie a diabetologie, dětská gastroenterologie a hepatologie, dětská chirurgie, dětská kardiologie, dětská nefrologie, dětská neurologie, dětská onkologie a hematologie, dětská otorinolaryngologie, dětská pneumologie, dětská radiologie, dětská revmatologie, dětská urologie, endokrinologie a diabetologie, farmaceutická technologie, foniatrie, gastroenterologie, gynekologie dětí a dospívajících, hematologie a transfúzní lékařství, hrudní chirurgie, chirurgie, infekční lékařství, intenzívní medicína , intervenční radiologie, kardiochirurgie, kardiologie, klinická biochemie, klinická farmacie, klinická onkologie, klinická osteologie, klinická stomatologie, klinická výživa a intenzivní metabolická péče, Klinický logoped, Klinický psycholog, koloproktologie, lékařská genetika, nemocniční lékárenství, neonatologie, neurochirurgie, neurologie, neuroradiologie, Nutriční terapeut, oftalmologie, onkochirurgie, onkourologie, orální a maxilofaciální chirurgie, ortodoncie, ortopedie a traumatologie pohybového ústrojí, Ortoptista, otorinolaryngologie a chirurgie hlavy a krku, paliativní medicína, patologie, pediatrie, plastická chirurgie, pneumologie a ftizeologie, popáleninová medicína, praktické lékárenství, psychiatrie, radiologie a zobrazovací metody, rehabilitační a fyzikální medicína, revmatologie, traumatologie, urgentní medicína, urologie, vaskulární intervenční radiologie, všeobecné praktické lékařství", "care_form": "akutní lůžková péče intenzivní, akutní lůžková péče standardní, ambulantní péče, dlouhodobá intenzivní ošetřovatelská péče (DIOP), dlouhodobá lůžková péče vyjma intenzivní, jednodenní péče, následná lůžková intenzivní péče, následná lůžková péče - standardní, primární ambulantní péče, specializovaná ambulantní péče, stacionární péče, zdrav. péče poskytovaná ve vlastním soc. prostředí pacienta - domácí péče - ošetřovatelská", "provider_ico": 65269705, "website": "http://www.fnbrno.cz", "phone": null, "latitude": 49.203802170983003, "longitude": 16.617983962739999, "level": 1, "level_label": "Emergency department (urgentní medicína)" }, "geometry": { "type": "Point", "coordinates": [ -597334.495075981365517, -1159870.13375249854289 ] } },
{ "type": "Feature", "properties": { "name": "Fakultní nemocnice Brno", "facility_type": "Fakultní nemocnice", "city": "Brno", "region": "Jihomoravský kraj", "district": "Brno-město", "postcode": 62500.0, "street": "Jihlavská", "street_number": "340/20", "specialties": "alergologie a klinická imunologie, algeziologie, anesteziologie a intenzivní medicína, angiologie, cévní chirurgie, dermatovenerologie, dětská a dorostová psychiatrie, dětská kardiologie, dětská otorinolaryngologie, dětská pneumologie, endokrinologie a diabetologie, farmaceutická kontrola, farmaceutická technologie, foniatrie, gastroenterologie, geriatrie, gerontopsychiatrie, gynekologie a porodnictví, gynekologie dětí a dospívajících, hematologie a transfúzní lékařství, hrudní chirurgie, chirurgie, infekční lékařství, intenzívní medicína , intervenční radiologie, kardiologie, klinická biochemie, klinická farmacie, klinická farmakologie, klinická onkologie, klinická osteologie, klinická stomatologie, klinická výživa a intenzivní metabolická péče, Klinický logoped, Klinický psycholog, koloproktologie, korektivní dermatologie, lékařská genetika, lékařská mikrobiologie, lékařská psychoterapie, maxilofaciální chirurgie, návykové nemoci, nefrologie, nemocniční lékárenství, neonatologie, neurochirurgie, neurologie, neuroradiologie, nukleární medicína, Nutriční terapeut, oftalmologie, onkogynekologie, onkochirurgie, onkologická farmacie, onkourologie, orální a maxilofaciální chirurgie, ortodoncie, ortopedie a traumatologie pohybového ústrojí, otorinolaryngologie a chirurgie hlavy a krku, paliativní medicína, patologie, perinatologie a fetomaternální medicína, plastická chirurgie, pneumologie a ftizeologie, popáleninová medicína, Porodní asistentka, praktické lékárenství, psychiatrie, psychosomatika, radiofarmaka, radiologie a zobrazovací metody, rehabilitační a fyzikální medicína, revmatologie, sexuologie, spondylochirurgie, traumatologie, urgentní medicína, urogynekologie, urologie, vaskulární intervenční radiologie, vnitřní lékařství, Všeobecná sestra, všeobecné praktické lékařství", "care_form": "akutní lůžková péče intenzivní, akutní lůžková péče standardní, ambulantní péče, jednodenní péče, následná lůžková péče - standardní, primární ambulantní péče, specializovaná ambulantní péče, stacionární péče, zdrav. péče poskytovaná ve vlastním soc. prostředí pacienta - dialýza, zdrav. péče poskytovaná ve vlastním soc. prostředí pacienta - domácí péče - ošetřovatelská", "provider_ico": 65269705, "website": "http://www.fnbrno.cz", "phone": null, "latitude": 49.174380769286003, "longitude": 16.576574340646999, "level": 1, "level_label": "Emergency department (urgentní medicína)" }, "geometry": { "type": "Point", "coordinates": [ -600687.343439639545977, -1162798.012816378846765 ] } },
{ "type": "Feature", "properties": { "name": "Fakultní nemocnice U sv. Anny v Brně", "facility_type": "Fakultní nemocnice", "city": "Brno", "region": "Jihomoravský kraj", "district": "Brno-město", "postcode": 60200.0, "street": "Pekařská", "street_number": "664/53", "specialties": "alergologie a klinická imunologie, algeziologie, anesteziologie a intenzivní medicína, angiologie, cévní chirurgie, Dentální hygienistka, dermatovenerologie, endokrinologie a diabetologie, Ergoterapeut, farmaceutická technologie, foniatrie, gastroenterologie, gynekologie a porodnictví, hematologie a transfúzní lékařství, hrudní chirurgie, hygiena a epidemiologie, chirurgie, intenzívní medicína , intervenční radiologie, kardiologie, klinická biochemie, klinická farmakologie, klinická onkologie, klinická stomatologie, klinická výživa a intenzivní metabolická péče, Klinický logoped, Klinický psycholog, koloproktologie, korektivní dermatologie, lékařská genetika, lékařská mikrobiologie, nefrologie, nemocniční lékárenství, neurochirurgie, neurologie, neuroradiologie, nukleární medicína, Nutriční terapeut, oftalmologie, onkochirurgie, orální a maxilofaciální chirurgie, ortodoncie, ortopedie a traumatologie pohybového ústrojí, otorinolaryngologie a chirurgie hlavy a krku, paliativní medicína, patologie, pneumologie a ftizeologie, praktické lékárenství, psychiatrie, radiologie a zobrazovací metody, rehabilitační a fyzikální medicína, revmatologie, spondylochirurgie, tělovýchovné lékařství, traumatologie, urgentní medicína, urologie, vaskulární intervenční radiologie, vnitřní lékařství, Všeobecná sestra, zubní lékařství, Zubní technik", "care_form": "akutní lůžková péče intenzivní, akutní lůžková péče standardní, ambulantní péče, jednodenní péče, následná lůžková péče - standardní, specializovaná ambulantní péče, stacionární péče, zdrav. péče poskytovaná ve vlastním soc. prostředí pacienta - domácí péče - ošetřovatelská, zdrav. péče poskytovaná ve vlastním soc. prostředí pacienta - domácí péče - paliativní", "provider_ico": 159816, "website": "http://www.fnusa.cz/", "phone": "+420543181111", "latitude": 49.191327013471003, "longitude": 16.598771973441998, "level": 1, "level_label": "Emergency department (urgentní medicína)" }, "geometry": { "type": "Point", "coordinates": [ -598875.56834677758161, -1161098.883521306561306 ] } },
{ "type": "Feature", "properties": { "name": "Krajská zdravotní, a.s. - Masarykova nemocnice v Ústí nad Labem, o.z.", "facility_type": "Nemocnice", "city": "Ústí nad Labem", "region": "Ústecký kraj", "district": "Ústí nad Labem", "postcode": 40011.0, "street": "Sociální péče", "street_number": "3316/12a", "specialties": "Adiktolog, alergologie a klinická imunologie, algeziologie, anesteziologie a intenzivní medicína, angiologie, cévní chirurgie, dermatovenerologie, dětská endokrinologie a diabetologie, dětská gastroenterologie a hepatologie, dětská chirurgie, dětská kardiologie, dětská nefrologie, dětská neurologie, dětská onkologie a hematologie, dětská otorinolaryngologie, dětská pneumologie, dětská revmatologie, dětské lékařství, endokrinologie a diabetologie, Ergoterapeut, foniatrie, Fyzioterapeut, gastroenterologie, geriatrie, gynekologie a porodnictví, gynekologie dětí a dospívajících, hematologie a transfúzní lékařství, hrudní chirurgie, chirurgie, infekční lékařství, intenzívní medicína , intervenční radiologie, kardiochirurgie, kardiologie, klinická biochemie, klinická farmakologie, klinická výživa a intenzivní metabolická péče, Klinický logoped, Klinický psycholog, lékařská genetika, lékařská mikrobiologie, maxilofaciální chirurgie, nefrologie, neonatologie, neurochirurgie, neurologie, Nutriční terapeut, oftalmologie, onkogynekologie, onkochirurgie, onkourologie, orální a maxilofaciální chirurgie, ortopedická protetika, ortopedie a traumatologie pohybového ústrojí, otorinolaryngologie a chirurgie hlavy a krku, paliativní medicína, patologie, plastická chirurgie, Porodní asistentka, praktické lékařství pro děti a dorost, psychiatrie, radiologie a zobrazovací metody, rehabilitační a fyzikální medicína, revmatologie, sexuologie, soudní lékařství, spondylochirurgie, traumatologie, urgentní medicína, urogynekologie, urologie, vaskulární intervenční radiologie, vnitřní lékařství, Všeobecná sestra, všeobecné praktické lékařství, zubní lékařství", "care_form": "akutní lůžková péče intenzivní, akutní lůžková péče standardní, ambulantní péče, jednodenní péče, následná lůžková léčebně rehabilitační péče, následná lůžková péče - standardní, specializovaná ambulantní péče, zdrav. péče poskytovaná ve vlastním soc. prostředí pacienta - domácí péče - ošetřovatelská", "provider_ico": 25488627, "website": "www.kzcr.eu", "phone": "+420477114126", "latitude": 50.681248157252, "longitude": 14.022365324541999, "level": 1, "level_label": "Emergency department (urgentní medicína)" }, "geometry": { "type": "Point", "coordinates": [ -761724.814356079441495, -973666.633397496421821 ] } },
{ "type": "Feature", "properties": { "name": "Nemocnice Jihlava, příspěvková organizace", "facility_type": "Nemocnice", "city": "Jihlava", "region": "Kraj Vysočina", "district": "Jihlava", "postcode": 58601.0, "street": "Vrchlického", "street_number": "4630/59", "specialties": "alergologie a klinická imunologie, anesteziologie a intenzivní medicína, angiologie, cévní chirurgie, dermatovenerologie, dětská chirurgie, dětská kardiologie, dětská nefrologie, dětská neurologie, dětské lékařství, endokrinologie a diabetologie, Ergoterapeut, foniatrie, Fyzioterapeut, gastroenterologie, geriatrie, gynekologie a porodnictví, hematologie a transfúzní lékařství, chirurgie, infekční lékařství, kardiologie, klinická biochemie, klinická farmacie, klinická onkologie, Klinický logoped, Klinický psycholog, lékařská genetika, lékařská mikrobiologie, medicína dlouhodobé péče, nefrologie, nemocniční lékárenství, neonatologie, neurologie, Nutriční terapeut, oftalmologie, onkogynekologie, onkochirurgie, ortopedie a traumatologie pohybového ústrojí, Ortoptista, otorinolaryngologie a chirurgie hlavy a krku, paliativní medicína, patologie, plastická chirurgie, pneumologie a ftizeologie, radiační onkologie, radiologie a zobrazovací metody, rehabilitační a fyzikální medicína, revmatologie, tělovýchovné lékařství, traumatologie, urgentní medicína, urologie, vnitřní lékařství, všeobecné praktické lékařství", "care_form": "akutní lůžková péče intenzivní, akutní lůžková péče standardní, ambulantní péče, jednodenní péče, specializovaná ambulantní péče, stacionární péče", "provider_ico": 90638, "website": "http://www.nemji.cz", "phone": "+420567157111", "latitude": 49.397929662370998, "longitude": 15.570624631883, "level": 1, "level_label": "Emergency department (urgentní medicína)" }, "geometry": { "type": "Point", "coordinates": [ -670535.965650083729997, -1129721.927513006143272 ] } },
{ "type": "Feature", "properties": { "name": "Krajská nemocnice Liberec, a.s.", "facility_type": "Nemocnice", "city": "Liberec", "region": "Liberecký kraj", "district": "Liberec", "postcode": 46001.0, "street": "Husova", "street_number": "1430/34", "specialties": "alergologie a klinická imunologie, algeziologie, anesteziologie a intenzivní medicína, angiologie, cévní chirurgie, dětská endokrinologie a diabetologie, dětská gastroenterologie a hepatologie, dětská kardiologie, dětská nefrologie, dětská neurologie, dětské lékařství, endokrinologie a diabetologie, Ergoterapeut, Fyzioterapeut, gastroenterologie, gynekologie a porodnictví, chirurgie, intenzívní medicína , intervenční radiologie, kardiologie, klinická biochemie, klinická farmacie, klinická onkologie, Klinický psycholog, lékařská genetika, lékařská mikrobiologie, nefrologie, neonatologie, neurochirurgie, neurologie, nukleární medicína, Nutriční terapeut, onkochirurgie, ortopedie a traumatologie pohybového ústrojí, paliativní medicína, patologie, plastická chirurgie, pneumologie a ftizeologie, Porodní asistentka, praktické lékařství pro děti a dorost, psychiatrie, radiační onkologie, radiologie a zobrazovací metody, rehabilitační a fyzikální medicína, revmatologie, sexuologie, soudní lékařství, spondylochirurgie, traumatologie, urgentní medicína, urologie, vnitřní lékařství, všeobecné praktické lékařství", "care_form": "akutní lůžková péče intenzivní, akutní lůžková péče standardní, ambulantní péče, jednodenní péče, následná lůžková péče - standardní, specializovaná ambulantní péče, zdrav. péče poskytovaná ve vlastním soc. prostředí pacienta - domácí péče - ošetřovatelská", "provider_ico": 27283933, "website": "http://www.nemlib.cz", "phone": "+420485311111", "latitude": 50.770755947457999, "longitude": 15.065643582423, "level": 1, "level_label": "Emergency department (urgentní medicína)" }, "geometry": { "type": "Point", "coordinates": [ -687389.791438525076956, -973720.158085436676629 ] } },
{ "type": "Feature", "properties": { "name": "Fakultní nemocnice Olomouc", "facility_type": "Fakultní nemocnice", "city": "Olomouc", "region": "Olomoucký kraj", "district": "Olomouc", "postcode": 77900.0, "street": "Zdravotníků", "street_number": "248/7", "specialties": "Adiktolog, alergologie a klinická imunologie, algeziologie, anesteziologie a intenzivní medicína, angiologie, Asistent ochrany a podpory veřejného zdraví, Biomedicínský inženýr, Biomedicínský technik, cévní chirurgie, dermatovenerologie, dětská a dorostová psychiatrie, dětská dermatovenerologie, dětská endokrinologie a diabetologie, dětská gastroenterologie a hepatologie, dětská chirurgie, dětská kardiologie, dětská nefrologie, dětská neurologie, dětská pneumologie, dětská revmatologie, dětská urologie, dětské lékařství, endokrinologie a diabetologie, epidemiologie, Ergoterapeut, farmaceutická technologie, Farmaceutický asistent, foniatrie, Fyzioterapeut, gastroenterologie, geriatrie, gynekologie a porodnictví, gynekologie dětí a dospívajících, hematologie a transfúzní lékařství, hrudní chirurgie, hygiena obecná a komunální, chirurgie, infekční lékařství, intenzívní medicína , intervenční radiologie, kardiochirurgie, kardiologie, klinická biochemie, klinická farmacie, klinická onkologie, klinická osteologie, Klinický logoped, Klinický psycholog, koloproktologie, lékařská genetika, lékařská psychoterapie, návykové nemoci, nefrologie, nemocniční lékárenství, neonatologie, neurochirurgie, neurologie, neuroradiologie, nukleární medicína, Nutriční terapeut, Odborný pracovník v laboratorních  metodách a přípravě léčivých přípravků, oftalmologie, onkogynekologie, onkochirurgie, onkourologie, orální a maxilofaciální chirurgie, ortopedie a traumatologie pohybového ústrojí, otorinolaryngologie a chirurgie hlavy a krku, paliativní medicína, perinatologie a fetomaternální medicína, plastická chirurgie, pneumologie a ftizeologie, Porodní asistentka, posudkové lékařství, pracovní lékařství, praktické lékárenství, praktické lékařství pro děti a dorost, psychiatrie, psychosomatika, radiační onkologie, radiofarmaka, Radiologický asistent, Radiologický fyzik, Radiologický technik, radiologie a zobrazovací metody, rehabilitační a fyzikální medicína, reprodukční medicína, revmatologie, sexuologie, spondylochirurgie, tělovýchovné lékařství, traumatologie, urgentní medicína, urogynekologie, urologie, vaskulární intervenční radiologie, vnitřní lékařství, Všeobecná sestra, všeobecné praktické lékařství, Zdravotně-sociální pracovník, Zdravotní laborant, Zdravotní laborant pro klinickou hematologii a transfuzní službu, Zdravotnický záchranář, Zrakový terapeut, zubní lékařství", "care_form": "akutní lůžková péče intenzivní, akutní lůžková péče standardní, ambulantní péče, dlouhodobá lůžková péče vyjma intenzivní, zdrav. péče poskytovaná ve vlastním soc. prostředí pacienta - domácí péče - ošetřovatelská, zdrav. péče poskytovaná ve vlastním soc. prostředí pacienta - návštěvní služba", "provider_ico": 98892, "website": "http://www.fnol.cz", "phone": "+420588441111", "latitude": 49.585952161260998, "longitude": 17.239606127356002, "level": 1, "level_label": "Emergency department (urgentní medicína)" }, "geometry": { "type": "Point", "coordinates": [ -548066.939605587394908, -1122259.168800791027024 ] } },
{ "type": "Feature", "properties": { "name": "AGEL Středomoravská nemocniční a.s., Nemocnice Prostějov", "facility_type": "Nemocnice", "city": "Prostějov", "region": "Olomoucký kraj", "district": "Prostějov", "postcode": 79604.0, "street": "Mathonova", "street_number": "291/1", "specialties": "alergologie a klinická imunologie, algeziologie, anesteziologie a intenzivní medicína, angiologie, dermatovenerologie, dětská gastroenterologie a hepatologie, dětské lékařství, endokrinologie a diabetologie, Ergoterapeut, Fyzioterapeut, gastroenterologie, geriatrie, gynekologie a porodnictví, hematologie a transfúzní lékařství, chirurgie, infekční lékařství, kardiologie, klinická biochemie, klinická farmacie, klinická onkologie, klinická výživa a intenzivní metabolická péče, Klinický logoped, Klinický psycholog, koloproktologie, lékařská genetika, lékařská mikrobiologie, medicína dlouhodobé péče, nefrologie, neonatologie, neurologie, Nutriční terapeut, oftalmologie, onkochirurgie, ortopedie a traumatologie pohybového ústrojí, otorinolaryngologie a chirurgie hlavy a krku, paliativní medicína, patologie, pneumologie a ftizeologie, Porodní asistentka, praktické lékárenství, praktické lékařství pro děti a dorost, radiační onkologie, radiologie a zobrazovací metody, rehabilitační a fyzikální medicína, tělovýchovné lékařství, traumatologie, urgentní medicína, urologie, vnitřní lékařství, Všeobecná sestra, všeobecné praktické lékařství, Zdravotní laborant pro alergologii a klinickou imunologii, Zdravotní laborant pro klinickou genetiku", "care_form": "akutní lůžková péče intenzivní, akutní lůžková péče standardní, ambulantní péče, dlouhodobá lůžková paliativní péče, dlouhodobá lůžková péče vyjma intenzivní, jednodenní péče, následná lůžková intenzivní péče, následná lůžková péče - standardní, stacionární péče, zdrav. péče poskytovaná ve vlastním soc. prostředí pacienta - domácí péče - ošetřovatelská", "provider_ico": 27797660, "website": "http://nemocniceprostejov.agel.cz", "phone": "+420582315111", "latitude": 49.475677604455001, "longitude": 17.088303661424, "level": 1, "level_label": "Emergency department (urgentní medicína)" }, "geometry": { "type": "Point", "coordinates": [ -560192.552028098492883, -1133364.017444963334128 ] } },
{ "type": "Feature", "properties": { "name": "AGEL Středomoravská nemocniční a.s., Nemocnice Šternberk", "facility_type": "Nemocnice", "city": "Šternberk", "region": "Olomoucký kraj", "district": "Olomouc", "postcode": 78501.0, "street": "Jívavská", "street_number": "1435/20", "specialties": "anesteziologie a intenzivní medicína, cévní chirurgie, dermatovenerologie, dětská gastroenterologie a hepatologie, dětské lékařství, endokrinologie a diabetologie, Fyzioterapeut, gastroenterologie, gynekologie a porodnictví, hematologie a transfúzní lékařství, chirurgie, kardiologie, klinická biochemie, klinická onkologie, medicína dlouhodobé péče, nefrologie, neonatologie, neurologie, Nutriční terapeut, ortopedie a traumatologie pohybového ústrojí, otorinolaryngologie a chirurgie hlavy a krku, paliativní medicína, pneumologie a ftizeologie, Porodní asistentka, praktické lékařství pro děti a dorost, psychiatrie, radiologie a zobrazovací metody, rehabilitační a fyzikální medicína, urgentní medicína, urologie, vnitřní lékařství, Všeobecná sestra, všeobecné praktické lékařství, Zdravotní laborant pro klinickou hematologii a transfuzní službu", "care_form": "akutní lůžková péče intenzivní, akutní lůžková péče standardní, ambulantní péče, dlouhodobá lůžková péče vyjma intenzivní, jednodenní péče, následná lůžková péče - standardní, stacionární péče, zdrav. péče poskytovaná ve vlastním soc. prostředí pacienta - domácí péče - ošetřovatelská", "provider_ico": 27797660, "website": "http://nemocniceprostejov.agel.cz", "phone": "+420582315111", "latitude": 49.722466540231999, "longitude": 17.298143446015999, "level": 1, "level_label": "Emergency department (urgentní medicína)" }, "geometry": { "type": "Point", "coordinates": [ -542360.677783883642405, -1107568.595409849192947 ] } },
{ "type": "Feature", "properties": { "name": "AGEL Středomoravská nemocniční a.s., Nemocnice Přerov", "facility_type": "Nemocnice", "city": "Přerov", "region": "Olomoucký kraj", "district": "Přerov", "postcode": 75002.0, "street": "Dvořákova", "street_number": "1800/75", "specialties": "algeziologie, anesteziologie a intenzivní medicína, dermatovenerologie, dětská kardiologie, dětská neurologie, dětské lékařství, endokrinologie a diabetologie, Ergoterapeut, Fyzioterapeut, gastroenterologie, geriatrie, gynekologie a porodnictví, hematologie a transfúzní lékařství, chirurgie, infekční lékařství, kardiologie, klinická biochemie, klinická onkologie, lékařská mikrobiologie, medicína dlouhodobé péče, nefrologie, neonatologie, neurologie, nukleární medicína, Nutriční terapeut, oftalmologie, ortopedie a traumatologie pohybového ústrojí, otorinolaryngologie a chirurgie hlavy a krku, paliativní medicína, patologie, plastická chirurgie, Porodní asistentka, praktické lékárenství, praktické lékařství pro děti a dorost, radiační onkologie, radiologie a zobrazovací metody, rehabilitační a fyzikální medicína, traumatologie, urgentní medicína, urologie, vnitřní lékařství, Všeobecná sestra, všeobecné praktické lékařství", "care_form": "akutní lůžková péče intenzivní, akutní lůžková péče standardní, ambulantní péče, dlouhodobá lůžková paliativní péče, dlouhodobá lůžková péče vyjma intenzivní, jednodenní péče, následná lůžková intenzivní péče, následná lůžková péče - standardní, stacionární péče, zdrav. péče poskytovaná ve vlastním soc. prostředí pacienta - domácí péče - ošetřovatelská, zdrav. péče poskytovaná ve vlastním soc. prostředí pacienta - domácí péče - paliativní", "provider_ico": 27797660, "website": "http://nemocniceprostejov.agel.cz", "phone": "+420582315111", "latitude": 49.456869547648999, "longitude": 17.473665873434001, "level": 1, "level_label": "Emergency department (urgentní medicína)" }, "geometry": { "type": "Point", "coordinates": [ -532603.970420549390838, -1138200.821128831012174 ] } },
{ "type": "Feature", "properties": { "name": "Nemocnice Rudolfa a Stefanie Benešov, a.s., nemocnice Středočeského kraje", "facility_type": "Nemocnice", "city": "Benešov", "region": "Středočeský kraj", "district": "Benešov", "postcode": 25601.0, "street": "Máchova", "street_number": "400", "specialties": "anesteziologie a intenzivní medicína, cévní chirurgie, dětské lékařství, endokrinologie a diabetologie, foniatrie, Fyzioterapeut, gastroenterologie, gynekologie a porodnictví, gynekologie dětí a dospívajících, hematologie a transfúzní lékařství, chirurgie, kardiologie, klinická biochemie, klinická farmacie, klinická onkologie, klinická výživa a intenzivní metabolická péče, Klinický logoped, lékařská mikrobiologie, neonatologie, neurologie, Nutriční terapeut, oftalmologie, ortopedie a traumatologie pohybového ústrojí, otorinolaryngologie a chirurgie hlavy a krku, paliativní medicína, patologie, pediatrie, pneumologie a ftizeologie, praktické lékárenství, radiologie a zobrazovací metody, rehabilitační a fyzikální medicína, urgentní medicína, urologie, vnitřní lékařství, všeobecné praktické lékařství", "care_form": "akutní lůžková péče intenzivní, akutní lůžková péče standardní, ambulantní péče, dlouhodobá lůžková péče vyjma intenzivní, následná lůžková léčebně rehabilitační péče, primární ambulantní péče, specializovaná ambulantní péče", "provider_ico": 27253236, "website": "http://www.hospital-bn.cz", "phone": "+420317756111", "latitude": 49.786170522492, "longitude": 14.679172350481, "level": 1, "level_label": "Emergency department (urgentní medicína)" }, "geometry": { "type": "Point", "coordinates": [ -728975.120873398263939, -1078709.358785136137158 ] } },
{ "type": "Feature", "properties": { "name": "Fakultní nemocnice Motol a Homolka, Motol", "facility_type": "Fakultní nemocnice", "city": "Praha 5", "region": "Hlavní město Praha", "district": "Hlavní město Praha", "postcode": 15000.0, "street": "V úvalu", "street_number": "84/1", "specialties": "alergologie a klinická imunologie, algeziologie, anesteziologie a intenzivní medicína, angiologie, cévní chirurgie, dermatovenerologie, dětská a dorostová psychiatrie, dětská dermatovenerologie, dětská endokrinologie a diabetologie, dětská gastroenterologie a hepatologie, dětská chirurgie, dětská kardiologie, dětská nefrologie, dětská neurologie, dětská onkologie a hematologie, dětská otorinolaryngologie, dětská pneumologie, dětská revmatologie, dětská urologie, dětské lékařství, endokrinologie a diabetologie, Ergoterapeut, farmaceutická technologie, foniatrie, Fyzioterapeut, gastroenterologie, geriatrie, gynekologie a porodnictví, gynekologie dětí a dospívajících, hematologie a transfúzní lékařství, hrudní chirurgie, hygiena a epidemiologie, chirurgie, infekční lékařství, intenzívní medicína , intervenční radiologie, kardiochirurgie, kardiologie, klinická biochemie, klinická farmacie, klinická farmakologie, klinická onkologie, klinická osteologie, klinická stomatologie, klinická výživa a intenzivní metabolická péče, Klinický logoped, Klinický psycholog, koloproktologie, korektivní dermatologie, laboratorní a vyšetřovací metody ve zdravotnictví, lékařská genetika, lékařská mikrobiologie, lékařská psychoterapie, nefrologie, nemocniční lékárenství, neonatologie, neurochirurgie, neurologie, nukleární medicína, Nutriční terapeut, oftalmologie, onkogynekologie, onkochirurgie, onkourologie, orální a maxilofaciální chirurgie, ortodoncie, ortopedie a traumatologie pohybového ústrojí, Ortoptista, otorinolaryngologie a chirurgie hlavy a krku, paliativní medicína, patologie, perinatologie a fetomaternální medicína, plastická chirurgie, pneumologie a ftizeologie, popáleninová medicína, praktické lékárenství, praktické lékařství pro děti a dorost, psychiatrie, radiační onkologie, radiologie a zobrazovací metody, rehabilitační a fyzikální medicína, reprodukční medicína, revmatologie, sexuologie, spondylochirurgie, tělovýchovné lékařství, traumatologie, urgentní medicína, urogynekologie, urologie, vaskulární intervenční radiologie, vnitřní lékařství, Všeobecná sestra, všeobecné praktické lékařství, zubní lékařství", "care_form": "akutní lůžková péče intenzivní, akutní lůžková péče standardní, ambulantní péče, dlouhodobá lůžková péče vyjma intenzivní, jednodenní péče, následná lůžková péče - standardní", "provider_ico": 64203, "website": "http://www.fnmotol.cz", "phone": "+420224431111", "latitude": 50.072658816801997, "longitude": 14.340550391564999, "level": 1, "level_label": "Emergency department (urgentní medicína)" }, "geometry": { "type": "Point", "coordinates": [ -748756.602333079092205, -1043853.666105400188826 ] } },
{ "type": "Feature", "properties": { "name": "Oblastní nemocnice Mladá Boleslav, a.s., nemocnice Středočeského kraje", "facility_type": "Nemocnice", "city": "Mladá Boleslav", "region": "Středočeský kraj", "district": "Mladá Boleslav", "postcode": 29301.0, "street": "tř. Václava Klementa", "street_number": "147/23", "specialties": "anesteziologie a intenzivní medicína, dermatovenerologie, dětská dermatovenerologie, dětská neurologie, endokrinologie a diabetologie, Ergoterapeut, Fyzioterapeut, gastroenterologie, hematologie a transfúzní lékařství, chirurgie, kardiologie, klinická biochemie, klinická farmacie, klinická onkologie, klinická osteologie, klinická výživa a intenzivní metabolická péče, Klinický psycholog, nefrologie, neurologie, nukleární medicína, oftalmologie, onkochirurgie, ortopedie a traumatologie pohybového ústrojí, Ortoptista, otorinolaryngologie a chirurgie hlavy a krku, paliativní medicína, patologie, plastická chirurgie, pneumologie a ftizeologie, radiologie a zobrazovací metody, rehabilitační a fyzikální medicína, revmatologie, urgentní medicína, urologie, vnitřní lékařství, Všeobecná sestra, všeobecné praktické lékařství, zubní lékařství", "care_form": "akutní lůžková péče intenzivní, akutní lůžková péče standardní, ambulantní péče, primární ambulantní péče, specializovaná ambulantní péče, zdrav. péče poskytovaná ve vlastním soc. prostředí pacienta - dialýza, zdrav. péče poskytovaná ve vlastním soc. prostředí pacienta - domácí péče - léčebně rehabilitační, zdrav. péče poskytovaná ve vlastním soc. prostředí pacienta - domácí péče - ošetřovatelská, zdrav. péče poskytovaná ve vlastním soc. prostředí pacienta - domácí péče - paliativní, zdrav. péče poskytovaná ve vlastním soc. prostředí pacienta - umělá plicní ventilace", "provider_ico": 27256456, "website": "http://www.klaudianovanemocnice.cz", "phone": "+420326742111", "latitude": 50.417764345982, "longitude": 14.911889346363999, "level": 1, "level_label": "Emergency department (urgentní medicína)" }, "geometry": { "type": "Point", "coordinates": [ -703242.895337253110483, -1011258.062468446558341 ] } },
{ "type": "Feature", "properties": { "name": "Fakultní nemocnice Královské Vinohrady", "facility_type": "Fakultní nemocnice", "city": "Praha 10", "region": "Hlavní město Praha", "district": "Hlavní město Praha", "postcode": 10000.0, "street": "Šrobárova", "street_number": "1150/50", "specialties": "alergologie a klinická imunologie, algeziologie, anesteziologie a intenzivní medicína, angiologie, cévní chirurgie, dermatovenerologie, dětská dermatovenerologie, dětská endokrinologie a diabetologie, dětská gastroenterologie a hepatologie, dětská kardiologie, dětská nefrologie, dětská neurologie, dětská otorinolaryngologie, dětská revmatologie, dětské lékařství, endokrinologie a diabetologie, epidemiologie, Ergoterapeut, farmaceutická kontrola, farmaceutická technologie, foniatrie, Fyzioterapeut, gastroenterologie, geriatrie, gynekologie a porodnictví, hematologie a transfúzní lékařství, hrudní chirurgie, hygiena a epidemiologie, hygiena dětí a dorostu, hygiena obecná a komunální, hygiena výživy a předmětů běžného užívání, chirurgie, intenzívní medicína , intervenční radiologie, kardiochirurgie, kardiologie, klinická biochemie, klinická farmacie, klinická onkologie, klinická osteologie, klinická stomatologie, klinická výživa a intenzivní metabolická péče, Klinický logoped, Klinický psycholog, koloproktologie, korektivní dermatologie, laboratorní a vyšetřovací metody ve zdravotnictví, lékařská genetika, lékařská mikrobiologie, medicína dlouhodobé péče, nefrologie, nemocniční lékárenství, neonatologie, neurochirurgie, neurologie, neuroradiologie, nukleární medicína, nutriční podpora, oftalmologie, onkogynekologie, onkochirurgie, onkologická farmacie, onkourologie, orální a maxilofaciální chirurgie, ortodoncie, ortopedie a traumatologie pohybového ústrojí, otorinolaryngologie a chirurgie hlavy a krku, paliativní medicína, patologie, plastická chirurgie, pneumologie a ftizeologie, popáleninová medicína, pracovní lékařství, praktické lékárenství, praktické lékařství pro děti a dorost, psychiatrie, radiační onkologie, radiologie a zobrazovací metody, rehabilitační a fyzikální medicína, revmatologie, sexuologie, soudní lékařství, traumatologie, urgentní medicína, urogynekologie, urologie, vnitřní lékařství, Všeobecná sestra, všeobecné praktické lékařství", "care_form": "akutní lůžková péče intenzivní, akutní lůžková péče standardní, ambulantní péče, následná lůžková péče - standardní, specializovaná ambulantní péče, stacionární péče, zdrav. péče poskytovaná ve vlastním soc. prostředí pacienta - domácí péče - ošetřovatelská", "provider_ico": 64173, "website": "https://fnkv.cz", "phone": "+420267162200", "latitude": 50.075717870637, "longitude": 14.475425133187001, "level": 1, "level_label": "Emergency department (urgentní medicína)" }, "geometry": { "type": "Point", "coordinates": [ -739146.369536385522224, -1044834.425826609367505 ] } },
{ "type": "Feature", "properties": { "name": "Všeobecná fakultní nemocnice v Praze, III. interní klinika", "facility_type": "Fakultní nemocnice", "city": "Praha 2", "region": "Hlavní město Praha", "district": "Hlavní město Praha", "postcode": 12800.0, "street": "U nemocnice", "street_number": "504/1", "specialties": "anesteziologie a intenzivní medicína, angiologie, endokrinologie a diabetologie, Fyzioterapeut, geriatrie, intenzívní medicína , kardiologie, klinická osteologie, Klinický psycholog, Nutriční terapeut, radiologie a zobrazovací metody, urgentní medicína, vnitřní lékařství, všeobecné praktické lékařství", "care_form": "akutní lůžková péče intenzivní, akutní lůžková péče standardní, ambulantní péče, následná lůžková péče - standardní, specializovaná ambulantní péče, stacionární péče, zdrav. péče poskytovaná ve vlastním soc. prostředí pacienta - domácí péče - ošetřovatelská", "provider_ico": 64165, "website": "https://www.vfn.cz/", "phone": "+420224961111", "latitude": 50.073634990195004, "longitude": 14.420968979462, "level": 1, "level_label": "Emergency department (urgentní medicína)" }, "geometry": { "type": "Point", "coordinates": [ -743039.530998519272543, -1044533.944441030733287 ] } },
{ "type": "Feature", "properties": { "name": "Nemocnice Na Františku", "facility_type": "Nemocnice", "city": "Praha 1", "region": "Hlavní město Praha", "district": "Hlavní město Praha", "postcode": 11000.0, "street": "Na Františku", "street_number": "847/8", "specialties": "anesteziologie a intenzivní medicína, endokrinologie a diabetologie, Fyzioterapeut, gastroenterologie, gynekologie a porodnictví, chirurgie, kardiologie, klinická farmacie, klinická onkologie, Klinický logoped, Klinický psycholog, neurologie, Nutriční terapeut, ortopedie a traumatologie pohybového ústrojí, plastická chirurgie, praktické lékárenství, psychiatrie, radiologie a zobrazovací metody, rehabilitační a fyzikální medicína, urologie, vnitřní lékařství, zubní lékařství", "care_form": "akutní lůžková péče intenzivní, akutní lůžková péče standardní, ambulantní péče, jednodenní péče, následná lůžková péče - standardní, specializovaná ambulantní péče, zdrav. péče poskytovaná ve vlastním soc. prostředí pacienta - domácí péče - ošetřovatelská", "provider_ico": 879444, "website": "http://www.nnfp.cz", "phone": "+420222801331", "latitude": 50.092787858259001, "longitude": 14.421404961145999, "level": 2, "level_label": "Acute hospital – ICU-level, no dedicated ED" }, "geometry": { "type": "Point", "coordinates": [ -742718.220537591842003, -1042427.896856437786482 ] } },
{ "type": "Feature", "properties": { "name": "Moravskoslezská nemocnice Krnov, příspěvková organizace, Nemocnice", "facility_type": "Nemocnice", "city": "Krnov", "region": "Moravskoslezský kraj", "district": "Bruntál", "postcode": 79401.0, "street": "I. P. Pavlova", "street_number": "552/9", "specialties": "alergologie a klinická imunologie, algeziologie, anesteziologie a intenzivní medicína, cévní chirurgie, dermatovenerologie, dětská a dorostová psychiatrie, dětská nefrologie, dětské lékařství, endokrinologie a diabetologie, Fyzioterapeut, gastroenterologie, gynekologie a porodnictví, hematologie a transfúzní lékařství, chirurgie, infekční lékařství, kardiologie, klinická biochemie, klinická farmacie, klinická onkologie, Klinický logoped, lékařská mikrobiologie, neurologie, Nutriční terapeut, oftalmologie, ortopedie a traumatologie pohybového ústrojí, otorinolaryngologie a chirurgie hlavy a krku, patologie, plastická chirurgie, pneumologie a ftizeologie, praktické lékárenství, praktické lékařství pro děti a dorost, psychiatrie, radiologie a zobrazovací metody, rehabilitační a fyzikální medicína, traumatologie, urologie, vnitřní lékařství, Všeobecná sestra, všeobecné praktické lékařství, zubní lékařství, Zubní technik", "care_form": "akutní lůžková péče intenzivní, akutní lůžková péče standardní, ambulantní péče, dlouhodobá intenzivní ošetřovatelská péče (DIOP), jednodenní péče, primární ambulantní péče, specializovaná ambulantní péče, zdrav. péče poskytovaná ve vlastním soc. prostředí pacienta - domácí péče - ošetřovatelská", "provider_ico": 844641, "website": "http://www.szzkrnov.cz", "phone": "+420554690111", "latitude": 50.095126414905003, "longitude": 17.687436921884, "level": 2, "level_label": "Acute hospital – ICU-level, no dedicated ED" }, "geometry": { "type": "Point", "coordinates": [ -510553.630789299961179, -1068989.102440692251548 ] } },
{ "type": "Feature", "properties": { "name": "Městská nemocnice Čáslav", "facility_type": "Nemocnice", "city": "Čáslav", "region": "Středočeský kraj", "district": "Kutná Hora", "postcode": 28601.0, "street": "Jeníkovská", "street_number": "348/17", "specialties": "anesteziologie a intenzivní medicína, angiologie, dětské lékařství, endokrinologie a diabetologie, Ergoterapeut, gastroenterologie, gynekologie a porodnictví, hematologie a transfúzní lékařství, chirurgie, kardiologie, klinická biochemie, nefrologie, neonatologie, ortopedie a traumatologie pohybového ústrojí, paliativní medicína, plastická chirurgie, praktické lékařství pro děti a dorost, radiologie a zobrazovací metody, rehabilitační a fyzikální medicína, urologie, vnitřní lékařství, všeobecné praktické lékařství", "care_form": "akutní lůžková péče intenzivní, akutní lůžková péče standardní, dlouhodobá lůžková péče vyjma intenzivní, jednodenní péče, primární ambulantní péče, specializovaná ambulantní péče", "provider_ico": 873764, "website": "http://nemcaslav.cz", "phone": "+420327305111", "latitude": 49.904235448069002, "longitude": 15.400728228010999, "level": 2, "level_label": "Acute hospital – ICU-level, no dedicated ED" }, "geometry": { "type": "Point", "coordinates": [ -675826.944091047276743, -1072337.256471036933362 ] } },
{ "type": "Feature", "properties": { "name": "Mulačova nemocnice s.r.o.", "facility_type": "Nemocnice", "city": "Plzeň", "region": "Plzeňský kraj", "district": "Plzeň-město", "postcode": 30100.0, "street": "Dvořákova", "street_number": "1207/17", "specialties": "anesteziologie a intenzivní medicína, dermatovenerologie, dětské lékařství, endokrinologie a diabetologie, Fyzioterapeut, gastroenterologie, gynekologie a porodnictví, chirurgie, kardiologie, klinická biochemie, nefrologie, neonatologie, neurologie, Nutriční terapeut, oftalmologie, ortopedie a traumatologie pohybového ústrojí, plastická chirurgie, Porodní asistentka, radiologie a zobrazovací metody, rehabilitační a fyzikální medicína, revmatologie, urogynekologie, urologie, vnitřní lékařství, všeobecné praktické lékařství", "care_form": "akutní lůžková péče intenzivní, akutní lůžková péče standardní, ambulantní péče, jednodenní péče, následná lůžková intenzivní péče", "provider_ico": 25202189, "website": "http://www.mulacovanemocnice.cz", "phone": "+420377677200", "latitude": 49.727334227603997, "longitude": 13.369734203209999, "level": 2, "level_label": "Acute hospital – ICU-level, no dedicated ED" }, "geometry": { "type": "Point", "coordinates": [ -823296.015982220647857, -1071829.582733824150637 ] } },
{ "type": "Feature", "properties": { "name": "ISCARE a.s.", "facility_type": "Nemocnice", "city": "Praha 9", "region": "Hlavní město Praha", "district": "Hlavní město Praha", "postcode": 19000.0, "street": "Českomoravská", "street_number": "2510/19", "specialties": "alergologie a klinická imunologie, anesteziologie a intenzivní medicína, cévní chirurgie, endokrinologie a diabetologie, gastroenterologie, gynekologie a porodnictví, chirurgie, Klinický psycholog, laboratorní a vyšetřovací metody ve zdravotnictví, medicína dlouhodobé péče, Nutriční terapeut, ortopedie a traumatologie pohybového ústrojí, plastická chirurgie, praktické lékárenství, radiologie a zobrazovací metody, reprodukční medicína, sexuologie, urologie, vnitřní lékařství", "care_form": "akutní lůžková péče intenzivní, akutní lůžková péče standardní, ambulantní péče, jednodenní péče, následná lůžková péče - standardní", "provider_ico": 61858366, "website": "http://www.iscare.cz", "phone": "+420234770245", "latitude": 50.103275347173003, "longitude": 14.495638193551001, "level": 2, "level_label": "Acute hospital – ICU-level, no dedicated ED" }, "geometry": { "type": "Point", "coordinates": [ -737298.113758032908663, -1041993.668841671082191 ] } },
{ "type": "Feature", "properties": { "name": "Nemocnice Slaný", "facility_type": "Nemocnice", "city": "Slaný", "region": "Středočeský kraj", "district": "Kladno", "postcode": 27401.0, "street": "Politických vězňů", "street_number": "576", "specialties": "alergologie a klinická imunologie, anesteziologie a intenzivní medicína, dětská neurologie, endokrinologie a diabetologie, gastroenterologie, gynekologie a porodnictví, gynekologie dětí a dospívajících, hematologie a transfúzní lékařství, chirurgie, kardiologie, klinická biochemie, klinická onkologie, neonatologie, neurologie, ortopedie a traumatologie pohybového ústrojí, pediatrie, praktické lékárenství, radiologie a zobrazovací metody, rehabilitační a fyzikální medicína, revmatologie, urologie, vnitřní lékařství, všeobecné praktické lékařství", "care_form": "akutní lůžková péče intenzivní, akutní lůžková péče standardní, ambulantní péče, jednodenní péče, následná lůžková péče - standardní, primární ambulantní péče, specializovaná ambulantní péče, stacionární péče", "provider_ico": 875295, "website": "nemsl.cz", "phone": "+420312575110", "latitude": 50.234467378967999, "longitude": 14.083967503036, "level": 2, "level_label": "Acute hospital – ICU-level, no dedicated ED" }, "geometry": { "type": "Point", "coordinates": [ -764410.735026675392874, -1023481.698260323726572 ] } },
{ "type": "Feature", "properties": { "name": "Městská nemocnice, a.s., Nemocnice Dvůr Králové nad Labem", "facility_type": "Nemocnice", "city": "Dvůr Králové nad Labem", "region": "Královéhradecký kraj", "district": "Trutnov", "postcode": 54401.0, "street": "Vrchlického", "street_number": "1504", "specialties": "anesteziologie a intenzivní medicína, Fyzioterapeut, gastroenterologie, gynekologie a porodnictví, hematologie a transfúzní lékařství, chirurgie, klinická biochemie, radiologie a zobrazovací metody, urologie, vnitřní lékařství", "care_form": "akutní lůžková péče intenzivní, akutní lůžková péče standardní, ambulantní péče, jednodenní péče, následná lůžková péče - standardní", "provider_ico": 25262238, "website": "http://www.mndk.cz", "phone": "+420499300611", "latitude": 50.448544518230001, "longitude": 15.815775087604999, "level": 2, "level_label": "Acute hospital – ICU-level, no dedicated ED" }, "geometry": { "type": "Point", "coordinates": [ -639093.636997374240309, -1015813.391297275316902 ] } },
{ "type": "Feature", "properties": { "name": "Fakultní nemocnice U sv. Anny v Brně", "facility_type": "Fakultní nemocnice", "city": "Brno", "region": "Jihomoravský kraj", "district": "Brno-město", "postcode": 61200.0, "street": "Berkova", "street_number": "1204/34", "specialties": "dětské lékařství, plastická chirurgie, zubní lékařství", "care_form": "akutní lůžková péče intenzivní, akutní lůžková péče standardní, specializovaná ambulantní péče", "provider_ico": 159816, "website": "http://www.fnusa.cz/", "phone": "+420543181111", "latitude": 49.225699759146998, "longitude": 16.590173977645001, "level": 2, "level_label": "Acute hospital – ICU-level, no dedicated ED" }, "geometry": { "type": "Point", "coordinates": [ -599086.821340175229125, -1157231.299672784749418 ] } },
{ "type": "Feature", "properties": { "name": "Nemocnice Havlíčkův Brod, příspěvková organizace", "facility_type": "Nemocnice", "city": "Havlíčkův Brod", "region": "Kraj Vysočina", "district": "Havlíčkův Brod", "postcode": 58001.0, "street": "Husova", "street_number": "2624", "specialties": "alergologie a klinická imunologie, algeziologie, anesteziologie a intenzivní medicína, angiologie, cévní chirurgie, dermatovenerologie, dětské lékařství, endokrinologie a diabetologie, Ergoterapeut, foniatrie, Fyzioterapeut, gastroenterologie, gynekologie a porodnictví, gynekologie dětí a dospívajících, hematologie a transfúzní lékařství, chirurgie, infekční lékařství, intervenční radiologie, kardiologie, klinická biochemie, klinická onkologie, klinická osteologie, Klinický logoped, Klinický psycholog, lékařská mikrobiologie, medicína dlouhodobé péče, nefrologie, nemocniční lékárenství, neonatologie, neurologie, nukleární medicína, Nutriční terapeut, oftalmologie, onkochirurgie, ortopedie a traumatologie pohybového ústrojí, otorinolaryngologie a chirurgie hlavy a krku, paliativní medicína, patologie, plastická chirurgie, pneumologie a ftizeologie, praktické lékárenství, praktické lékařství pro děti a dorost, radiační onkologie, radiologie a zobrazovací metody, rehabilitační a fyzikální medicína, traumatologie, urologie, vnitřní lékařství, Všeobecná sestra, všeobecné praktické lékařství", "care_form": "akutní lůžková péče intenzivní, akutní lůžková péče standardní, ambulantní péče, jednodenní péče, následná lůžková péče - standardní, primární ambulantní péče, specializovaná ambulantní péče, stacionární péče, zdrav. péče poskytovaná ve vlastním soc. prostředí pacienta - domácí péče - paliativní, zdrav. péče poskytovaná ve vlastním soc. prostředí pacienta - návštěvní služba", "provider_ico": 179540, "website": "http://www.onhb.cz", "phone": "+420569472111", "latitude": 49.609478485333, "longitude": 15.571272234266001, "level": 2, "level_label": "Acute hospital – ICU-level, no dedicated ED" }, "geometry": { "type": "Point", "coordinates": [ -667639.352580152102746, -1106374.781787751475349 ] } },
{ "type": "Feature", "properties": { "name": "Oblastní nemocnice Mladá Boleslav, a.s., nemocnice Středočeského kraje", "facility_type": "Nemocnice", "city": "Mladá Boleslav", "region": "Středočeský kraj", "district": "Mladá Boleslav", "postcode": 29301.0, "street": "Boženy Němcové", "street_number": "452/10", "specialties": "alergologie a klinická imunologie, dětská endokrinologie a diabetologie, dětská gastroenterologie a hepatologie, dětská nefrologie, dětská revmatologie, dětské lékařství, gynekologie a porodnictví, gynekologie dětí a dospívajících, neonatologie, praktické lékařství pro děti a dorost, urogynekologie", "care_form": "akutní lůžková péče intenzivní, akutní lůžková péče standardní, ambulantní péče", "provider_ico": 27256456, "website": "http://www.klaudianovanemocnice.cz", "phone": "+420326742111", "latitude": 50.417358672161001, "longitude": 14.910179110828, "level": 2, "level_label": "Acute hospital – ICU-level, no dedicated ED" }, "geometry": { "type": "Point", "coordinates": [ -703369.27121372288093, -1011287.024830457055941 ] } },
{ "type": "Feature", "properties": { "name": "Nemocnice Jablonec nad Nisou, p.o.", "facility_type": "Nemocnice", "city": "Jablonec nad Nisou", "region": "Liberecký kraj", "district": "Jablonec nad Nisou", "postcode": 46601.0, "street": "Nemocniční", "street_number": "4446/15", "specialties": "algeziologie, anesteziologie a intenzivní medicína, cévní chirurgie, dětská endokrinologie a diabetologie, dětská gastroenterologie a hepatologie, dětská kardiologie, dětská nefrologie, dětská urologie, dětské lékařství, endokrinologie a diabetologie, gastroenterologie, geriatrie, gynekologie a porodnictví, hematologie a transfúzní lékařství, chirurgie, infekční lékařství, kardiologie, klinická biochemie, klinická onkologie, klinická osteologie, Klinický logoped, nefrologie, neonatologie, neurologie, Nutriční terapeut, onkochirurgie, ortopedie a traumatologie pohybového ústrojí, otorinolaryngologie a chirurgie hlavy a krku, paliativní medicína, patologie, plastická chirurgie, Porodní asistentka, praktické lékárenství, praktické lékařství pro děti a dorost, radiologie a zobrazovací metody, rehabilitační a fyzikální medicína, tělovýchovné lékařství, traumatologie, urologie, vnitřní lékařství, Všeobecná sestra, všeobecné praktické lékařství", "care_form": "akutní lůžková péče intenzivní, akutní lůžková péče standardní, ambulantní péče, následná lůžková péče - standardní, zdrav. péče poskytovaná ve vlastním soc. prostředí pacienta - domácí péče - ošetřovatelská", "provider_ico": 829838, "website": "www.nemjbc.cz", "phone": "+420483345301", "latitude": 50.729299854136002, "longitude": 15.159564580102, "level": 2, "level_label": "Acute hospital – ICU-level, no dedicated ED" }, "geometry": { "type": "Point", "coordinates": [ -681401.147857869975269, -979137.311355159967206 ] } },
{ "type": "Feature", "properties": { "name": "PRIVAMED a.s., Městská nemocnice Plzeň", "facility_type": "Nemocnice", "city": "Plzeň", "region": "Plzeňský kraj", "district": "Plzeň-město", "postcode": 32300.0, "street": "Kotíkovská", "street_number": "917/17", "specialties": "Fyzioterapeut, neurologie, Nutriční terapeut, oftalmologie, radiologie a zobrazovací metody, rehabilitační a fyzikální medicína, vnitřní lékařství", "care_form": "akutní lůžková péče intenzivní, akutní lůžková péče standardní, ambulantní péče, následná lůžková péče - standardní", "provider_ico": 46885251, "website": "http://www.privamed.cz", "phone": "+420377182111", "latitude": 49.764854203946001, "longitude": 13.359323755818, "level": 2, "level_label": "Acute hospital – ICU-level, no dedicated ED" }, "geometry": { "type": "Point", "coordinates": [ -823410.527810379979201, -1067591.356844950467348 ] } },
{ "type": "Feature", "properties": { "name": "MMN, a.s., Nemocnice Jilemnice", "facility_type": "Nemocnice", "city": "Jilemnice", "region": "Liberecký kraj", "district": "Semily", "postcode": 51401.0, "street": "Metyšova", "street_number": "465", "specialties": "alergologie a klinická imunologie, anesteziologie a intenzivní medicína, cévní chirurgie, dětská kardiologie, dětské lékařství, endokrinologie a diabetologie, Fyzioterapeut, gastroenterologie, gynekologie a porodnictví, gynekologie dětí a dospívajících, hematologie a transfúzní lékařství, chirurgie, kardiologie, klinická biochemie, klinická farmacie, Klinický logoped, lékařská mikrobiologie, nefrologie, neonatologie, neurologie, nukleární medicína, Nutriční terapeut, paliativní medicína, praktické lékařství pro děti a dorost, radiologie a zobrazovací metody, rehabilitační a fyzikální medicína, traumatologie, urologie, vnitřní lékařství, všeobecné praktické lékařství, Zdravotní laborant pro toxikologii", "care_form": "akutní lůžková péče intenzivní, akutní lůžková péče standardní, ambulantní péče", "provider_ico": 5421888, "website": "www.nemjil.cz", "phone": "+420481661111", "latitude": 50.611448498519003, "longitude": 15.499552173743, "level": 2, "level_label": "Acute hospital – ICU-level, no dedicated ED" }, "geometry": { "type": "Point", "coordinates": [ -659180.534444143529981, -995132.974140318110585 ] } },
{ "type": "Feature", "properties": { "name": "Oblastní nemocnice Náchod a.s., Nemocnice Broumov", "facility_type": "Nemocnice", "city": "Broumov", "region": "Královéhradecký kraj", "district": "Náchod", "postcode": 55001.0, "street": "Smetanova", "street_number": "91", "specialties": "gynekologie a porodnictví, chirurgie, klinická biochemie, ortopedie a traumatologie pohybového ústrojí, radiologie a zobrazovací metody, rehabilitační a fyzikální medicína, vnitřní lékařství, všeobecné praktické lékařství", "care_form": "akutní lůžková péče intenzivní, akutní lůžková péče standardní, ambulantní péče, dlouhodobá intenzivní ošetřovatelská péče (DIOP), následná lůžková intenzivní péče, následná lůžková léčebně rehabilitační péče, následná lůžková péče - standardní", "provider_ico": 26000202, "website": "http://www.nemocnicenachod.cz", "phone": "+420491601111", "latitude": 50.580978103633001, "longitude": 16.333881651841999, "level": 2, "level_label": "Acute hospital – ICU-level, no dedicated ED" }, "geometry": { "type": "Point", "coordinates": [ -600898.941965148085728, -1005383.057648155489005 ] } },
{ "type": "Feature", "properties": { "name": "Nemocnice Vyškov, příspěvková organizace", "facility_type": "Nemocnice", "city": "Vyškov", "region": "Jihomoravský kraj", "district": "Vyškov", "postcode": 68201.0, "street": "Purkyňova", "street_number": "235/36", "specialties": "anesteziologie a intenzivní medicína, dětská kardiologie, dětské lékařství, Ergoterapeut, Fyzioterapeut, gastroenterologie, gynekologie a porodnictví, hematologie a transfúzní lékařství, chirurgie, klinická biochemie, klinická onkologie, Klinický psycholog, lékařská mikrobiologie, medicína dlouhodobé péče, nefrologie, neonatologie, neurologie, otorinolaryngologie a chirurgie hlavy a krku, pneumologie a ftizeologie, praktické lékárenství, praktické lékařství pro děti a dorost, radiologie a zobrazovací metody, rehabilitační a fyzikální medicína, urologie, vnitřní lékařství, všeobecné praktické lékařství, zubní lékařství", "care_form": "akutní lůžková péče intenzivní, akutní lůžková péče standardní, jednodenní péče, následná lůžková péče - standardní, primární ambulantní péče, specializovaná ambulantní péče, stacionární péče", "provider_ico": 839205, "website": "http://www.nemvy.cz/", "phone": "+420517315111", "latitude": 49.277513568289997, "longitude": 16.979920879487999, "level": 2, "level_label": "Acute hospital – ICU-level, no dedicated ED" }, "geometry": { "type": "Point", "coordinates": [ -570266.915848081698641, -1154484.572451328625903 ] } },
{ "type": "Feature", "properties": { "name": "Nemocnice Ostrov s.r.o.", "facility_type": "Nemocnice", "city": "Ostrov", "region": "Karlovarský kraj", "district": "Karlovy Vary", "postcode": 36301.0, "street": "U Nemocnice", "street_number": "1161", "specialties": "algeziologie, anesteziologie a intenzivní medicína, Ergoterapeut, Fyzioterapeut, gastroenterologie, chirurgie, kardiologie, klinická biochemie, Klinický psycholog, ortopedie a traumatologie pohybového ústrojí, paliativní medicína, psychiatrie, radiologie a zobrazovací metody, rehabilitační a fyzikální medicína, traumatologie, urologie, vnitřní lékařství, Všeobecná sestra, všeobecné praktické lékařství", "care_form": "akutní lůžková péče intenzivní, akutní lůžková péče standardní, ambulantní péče, dlouhodobá intenzivní ošetřovatelská péče (DIOP), dlouhodobá lůžková paliativní péče, jednodenní péče, následná lůžková intenzivní péče, následná lůžková péče - standardní, stacionární péče, zdrav. péče poskytovaná ve vlastním soc. prostředí pacienta - domácí péče - léčebně rehabilitační, zdrav. péče poskytovaná ve vlastním soc. prostředí pacienta - domácí péče - ošetřovatelská, zdrav. péče poskytovaná ve vlastním soc. prostředí pacienta - domácí péče - paliativní, zdrav. péče poskytovaná ve vlastním soc. prostředí pacienta - umělá plicní ventilace", "provider_ico": 47714913, "website": "https://www.pentahospitals.cz/nemocnice-ostrov/", "phone": null, "latitude": 50.312276249246999, "longitude": 12.963837773512999, "level": 2, "level_label": "Acute hospital – ICU-level, no dedicated ED" }, "geometry": { "type": "Point", "coordinates": [ -842090.085695163113996, -1003089.119358647847548 ] } },
{ "type": "Feature", "properties": { "name": "Masarykova nemocnice Rakovník s.r.o.", "facility_type": "Nemocnice", "city": "Rakovník", "region": "Středočeský kraj", "district": "Rakovník", "postcode": 26901.0, "street": "Dukel. hrdinů", "street_number": "200", "specialties": "alergologie a klinická imunologie, anesteziologie a intenzivní medicína, dětské lékařství, endokrinologie a diabetologie, Ergoterapeut, Fyzioterapeut, gastroenterologie, gynekologie a porodnictví, hematologie a transfúzní lékařství, chirurgie, kardiologie, klinická biochemie, klinická onkologie, lékařská mikrobiologie, neonatologie, neurologie, ortopedie a traumatologie pohybového ústrojí, paliativní medicína, patologie, pneumologie a ftizeologie, praktické lékárenství, radiologie a zobrazovací metody, rehabilitační a fyzikální medicína, urologie, vnitřní lékařství, všeobecné praktické lékařství", "care_form": "akutní lůžková péče intenzivní, akutní lůžková péče standardní, ambulantní péče, dlouhodobá intenzivní ošetřovatelská péče (DIOP), dlouhodobá lůžková péče vyjma intenzivní, jednodenní péče, následná lůžková intenzivní péče, následná lůžková péče - standardní", "provider_ico": 5212146, "website": "http://www.nemorako.cz", "phone": "+420313525111", "latitude": 50.108022896675998, "longitude": 13.715389305507999, "level": 2, "level_label": "Acute hospital – ICU-level, no dedicated ED" }, "geometry": { "type": "Point", "coordinates": [ -792482.553714796784334, -1033628.890173061634414 ] } },
{ "type": "Feature", "properties": { "name": "Oblastní nemocnice Náchod a.s.", "facility_type": "Nemocnice", "city": "Náchod", "region": "Královéhradecký kraj", "district": "Náchod", "postcode": 54701.0, "street": "Bartoňova", "street_number": "951", "specialties": "kardiologie, klinická biochemie, nefrologie, vnitřní lékařství", "care_form": "akutní lůžková péče intenzivní, akutní lůžková péče standardní, ambulantní péče, stacionární péče", "provider_ico": 26000202, "website": "http://www.nemocnicenachod.cz", "phone": "+420491601111", "latitude": 50.406427369158997, "longitude": 16.164621121174999, "level": 2, "level_label": "Acute hospital – ICU-level, no dedicated ED" }, "geometry": { "type": "Point", "coordinates": [ -615012.067470522015356, -1023331.843263944727369 ] } },
{ "type": "Feature", "properties": { "name": "SurGal Clinic s.r.o.", "facility_type": "Nemocnice", "city": "Brno", "region": "Jihomoravský kraj", "district": "Brno-město", "postcode": 60200.0, "street": "Drobného", "street_number": "307/38", "specialties": "anesteziologie a intenzivní medicína, gastroenterologie, hematologie a transfúzní lékařství, hrudní chirurgie, chirurgie, klinická biochemie, ortopedie a traumatologie pohybového ústrojí, praktické lékárenství, radiologie a zobrazovací metody, rehabilitační a fyzikální medicína, urologie, vnitřní lékařství", "care_form": "akutní lůžková péče intenzivní, akutní lůžková péče standardní, ambulantní péče, následná lůžková péče - standardní", "provider_ico": 46965033, "website": "http://www.surgalclinic.cz", "phone": "+420532149333", "latitude": 49.207476757541997, "longitude": 16.611554541886999, "level": 2, "level_label": "Acute hospital – ICU-level, no dedicated ED" }, "geometry": { "type": "Point", "coordinates": [ -597756.365952614462003, -1159413.558172512101009 ] } },
{ "type": "Feature", "properties": { "name": "Nemocnice Pardubického kraje, a.s., Litomyšlská nemocnice", "facility_type": "Nemocnice", "city": "Litomyšl", "region": "Pardubický kraj", "district": "Svitavy", "postcode": 57001.0, "street": "J. E. Purkyně", "street_number": "652", "specialties": "alergologie a klinická imunologie, anesteziologie a intenzivní medicína, cévní chirurgie, dermatovenerologie, endokrinologie a diabetologie, Ergoterapeut, Fyzioterapeut, gastroenterologie, gynekologie a porodnictví, hematologie a transfúzní lékařství, chirurgie, kardiologie, klinická biochemie, klinická výživa a intenzivní metabolická péče, Klinický logoped, Klinický psycholog, lékařská mikrobiologie, neurologie, Nutriční terapeut, oftalmologie, ortopedie a traumatologie pohybového ústrojí, pediatrie, praktické lékařství pro děti a dorost, radiologie a zobrazovací metody, rehabilitační a fyzikální medicína, traumatologie, urologie, vnitřní lékařství, Všeobecná sestra, všeobecné praktické lékařství", "care_form": "akutní lůžková péče intenzivní, akutní lůžková péče standardní, ambulantní péče, stacionární péče, zdrav. péče poskytovaná ve vlastním soc. prostředí pacienta - domácí péče - ošetřovatelská", "provider_ico": 27520536, "website": "www.nempk.cz", "phone": "+420466011111", "latitude": 49.865084951672003, "longitude": 16.312385633304, "level": 2, "level_label": "Acute hospital – ICU-level, no dedicated ED" }, "geometry": { "type": "Point", "coordinates": [ -611277.887968713068403, -1084350.787559514166787 ] } },
{ "type": "Feature", "properties": { "name": "Krajská zdravotní, a.s. - Nemocnice Litoměřice, o.z.", "facility_type": "Nemocnice", "city": "Litoměřice", "region": "Ústecký kraj", "district": "Litoměřice", "postcode": 41201.0, "street": "Žitenická", "street_number": "2084", "specialties": "Adiktolog, alergologie a klinická imunologie, anesteziologie a intenzivní medicína, angiologie, cévní chirurgie, dermatovenerologie, dětská a dorostová psychiatrie, dětská kardiologie, dětské lékařství, endokrinologie a diabetologie, Ergoterapeut, foniatrie, Fyzioterapeut, gastroenterologie, gynekologie a porodnictví, hematologie a transfúzní lékařství, chirurgie, kardiologie, klinická biochemie, klinická onkologie, Klinický logoped, Klinický psycholog, lékařská mikrobiologie, neonatologie, neurologie, oftalmologie, ortopedie a traumatologie pohybového ústrojí, otorinolaryngologie a chirurgie hlavy a krku, paliativní medicína, patologie, pneumologie a ftizeologie, Porodní asistentka, praktické lékařství pro děti a dorost, psychiatrie, radiologie a zobrazovací metody, rehabilitační a fyzikální medicína, revmatologie, traumatologie, urologie, vnitřní lékařství, Všeobecná sestra, všeobecné praktické lékařství", "care_form": "akutní lůžková péče intenzivní, akutní lůžková péče standardní, dlouhodobá lůžková paliativní péče, jednodenní péče, následná lůžková léčebně rehabilitační péče, následná lůžková péče - standardní, primární ambulantní péče, specializovaná ambulantní péče, zdrav. péče poskytovaná ve vlastním soc. prostředí pacienta - domácí péče - ošetřovatelská", "provider_ico": 25488627, "website": "www.kzcr.eu", "phone": "+420477114126", "latitude": 50.540982376608, "longitude": 14.143310616457001, "level": 2, "level_label": "Acute hospital – ICU-level, no dedicated ED" }, "geometry": { "type": "Point", "coordinates": [ -755446.264193164068274, -990318.805875028367154 ] } },
{ "type": "Feature", "properties": { "name": "Nemocnice Ivančice, příspěvková organizace", "facility_type": "Nemocnice", "city": "Ivančice", "region": "Jihomoravský kraj", "district": "Brno-venkov", "postcode": 66491.0, "street": "Široká", "street_number": "390/16", "specialties": "anesteziologie a intenzivní medicína, Ergoterapeut, Fyzioterapeut, gastroenterologie, geriatrie, gynekologie a porodnictví, hematologie a transfúzní lékařství, chirurgie, kardiologie, klinická biochemie, paliativní medicína, praktické lékárenství, radiologie a zobrazovací metody, rehabilitační a fyzikální medicína, traumatologie, vnitřní lékařství, Všeobecná sestra, všeobecné praktické lékařství", "care_form": "akutní lůžková péče intenzivní, akutní lůžková péče standardní, ambulantní péče, následná lůžková intenzivní péče, následná lůžková péče - standardní, primární ambulantní péče, specializovaná ambulantní péče", "provider_ico": 225827, "website": "http://www.nspiv.cz", "phone": "+420546439411", "latitude": 49.102445037823003, "longitude": 16.371935995112999, "level": 2, "level_label": "Acute hospital – ICU-level, no dedicated ED" }, "geometry": { "type": "Point", "coordinates": [ -616402.721624582773075, -1169118.367647620849311 ] } },
{ "type": "Feature", "properties": { "name": "Nemocnice Kyjov, příspěvková organizace", "facility_type": "Nemocnice", "city": "Kyjov", "region": "Jihomoravský kraj", "district": "Hodonín", "postcode": 69701.0, "street": "Strážovská", "street_number": "1247/22", "specialties": "alergologie a klinická imunologie, anesteziologie a intenzivní medicína, cévní chirurgie, dermatovenerologie, dětská gastroenterologie a hepatologie, dětská kardiologie, dětská neurologie, dětské lékařství, endokrinologie a diabetologie, Ergoterapeut, gastroenterologie, gynekologie a porodnictví, hematologie a transfúzní lékařství, chirurgie, infekční lékařství, kardiologie, klinická biochemie, klinická onkologie, Klinický logoped, lékařská mikrobiologie, neonatologie, neurologie, nukleární medicína, Nutriční terapeut, oftalmologie, Optometrista, ortopedie a traumatologie pohybového ústrojí, otorinolaryngologie a chirurgie hlavy a krku, paliativní medicína, patologie, pneumologie a ftizeologie, Porodní asistentka, praktické lékárenství, praktické lékařství pro děti a dorost, Radiologický asistent, radiologie a zobrazovací metody, rehabilitační a fyzikální medicína, traumatologie, urologie, vnitřní lékařství, Všeobecná sestra, všeobecné praktické lékařství, Zdravotní laborant, zubní lékařství", "care_form": "akutní lůžková péče intenzivní, akutní lůžková péče standardní, ambulantní péče, následná lůžková péče - standardní, primární ambulantní péče, specializovaná ambulantní péče, zdrav. péče poskytovaná ve vlastním soc. prostředí pacienta - domácí péče - ošetřovatelská", "provider_ico": 226912, "website": "http://www.nemkyj.cz", "phone": "+420518601201", "latitude": 49.009470049055999, "longitude": 17.112246601930998, "level": 2, "level_label": "Acute hospital – ICU-level, no dedicated ED" }, "geometry": { "type": "Point", "coordinates": [ -563695.844432847225107, -1185118.890080624260008 ] } },
{ "type": "Feature", "properties": { "name": "Centrum kardiovaskulární a transplantační chirurgie Brno", "facility_type": "Nemocnice", "city": "Brno", "region": "Jihomoravský kraj", "district": "Brno-město", "postcode": 60200.0, "street": "Pekařská", "street_number": "664/53", "specialties": "anesteziologie a intenzivní medicína, cévní chirurgie, dětská kardiologie, hematologie a transfúzní lékařství, kardiochirurgie, kardiologie, radiologie a zobrazovací metody", "care_form": "akutní lůžková péče intenzivní, akutní lůžková péče standardní, specializovaná ambulantní péče", "provider_ico": 209775, "website": "http://www.cktch.cz", "phone": "+420543182484", "latitude": 49.191327013471003, "longitude": 16.598771973441998, "level": 2, "level_label": "Acute hospital – ICU-level, no dedicated ED" }, "geometry": { "type": "Point", "coordinates": [ -598875.56834677758161, -1161098.883521306561306 ] } },
{ "type": "Feature", "properties": { "name": "Úrazová nemocnice v Brně", "facility_type": "Nemocnice", "city": "Brno", "region": "Jihomoravský kraj", "district": "Brno-město", "postcode": 60200.0, "street": "Ponávka", "street_number": "139/6", "specialties": "anesteziologie a intenzivní medicína, cévní chirurgie, Dentální hygienistka, Fyzioterapeut, gastroenterologie, gynekologie a porodnictví, hematologie a transfúzní lékařství, chirurgie, intenzívní medicína , klinická biochemie, Klinický psycholog, neurologie, Nutriční terapeut, ortopedie a traumatologie pohybového ústrojí, otorinolaryngologie a chirurgie hlavy a krku, psychiatrie, radiologie a zobrazovací metody, rehabilitační a fyzikální medicína, traumatologie, urologie, vnitřní lékařství, všeobecné praktické lékařství, zubní lékařství", "care_form": "akutní lůžková péče intenzivní, akutní lůžková péče standardní, dlouhodobá lůžková péče vyjma intenzivní, jednodenní péče, primární ambulantní péče, specializovaná ambulantní péče", "provider_ico": 209813, "website": "http://www.unbr.cz", "phone": "+420545538111", "latitude": 49.197687312162003, "longitude": 16.615268590843002, "level": 2, "level_label": "Acute hospital – ICU-level, no dedicated ED" }, "geometry": { "type": "Point", "coordinates": [ -597604.23614058305975, -1160524.946071753278375 ] } },
{ "type": "Feature", "properties": { "name": "Nemocnice Blansko", "facility_type": "Nemocnice", "city": "Blansko", "region": "Jihomoravský kraj", "district": "Blansko", "postcode": 67801.0, "street": "Sadová", "street_number": "1596/33", "specialties": "alergologie a klinická imunologie, algeziologie, anesteziologie a intenzivní medicína, dermatovenerologie, dětská endokrinologie a diabetologie, dětská neurologie, Ergoterapeut, foniatrie, Fyzioterapeut, gastroenterologie, geriatrie, hematologie a transfúzní lékařství, chirurgie, kardiologie, klinická biochemie, klinická farmacie, klinická onkologie, Klinický logoped, Klinický psycholog, nefrologie, neurologie, Nutriční terapeut, ortopedie a traumatologie pohybového ústrojí, otorinolaryngologie a chirurgie hlavy a krku, paliativní medicína, pneumologie a ftizeologie, praktické lékárenství, radiologie a zobrazovací metody, rehabilitační a fyzikální medicína, urologie, vnitřní lékařství", "care_form": "akutní lůžková péče intenzivní, akutní lůžková péče standardní, jednodenní péče, následná lůžková péče - standardní, specializovaná ambulantní péče, stacionární péče", "provider_ico": 386634, "website": "http://www.nemobk.cz", "phone": "+420516838100", "latitude": 49.361558528791001, "longitude": 16.652183025831, "level": 2, "level_label": "Acute hospital – ICU-level, no dedicated ED" }, "geometry": { "type": "Point", "coordinates": [ -592981.362050075083971, -1142694.431060131639242 ] } },
{ "type": "Feature", "properties": { "name": "Moravskoslezská nemocnice Krnov, příspěvková organizace, Nemocnice", "facility_type": "Nemocnice", "city": "Bruntál", "region": "Moravskoslezský kraj", "district": "Bruntál", "postcode": 79201.0, "street": "Nádražní", "street_number": "1589/29", "specialties": "anesteziologie a intenzivní medicína, endokrinologie a diabetologie, Fyzioterapeut, gastroenterologie, gynekologie a porodnictví, hematologie a transfúzní lékařství, chirurgie, kardiologie, klinická biochemie, neurologie, oftalmologie, ortopedie a traumatologie pohybového ústrojí, praktické lékárenství, radiologie a zobrazovací metody, rehabilitační a fyzikální medicína, revmatologie, urologie, vnitřní lékařství, všeobecné praktické lékařství", "care_form": "akutní lůžková péče intenzivní, akutní lůžková péče standardní, ambulantní péče, jednodenní péče", "provider_ico": 844641, "website": "http://www.szzkrnov.cz", "phone": "+420554690111", "latitude": 49.994692300943001, "longitude": 17.471262132532999, "level": 2, "level_label": "Acute hospital – ICU-level, no dedicated ED" }, "geometry": { "type": "Point", "coordinates": [ -527026.87370383774396, -1078644.520971794379875 ] } },
{ "type": "Feature", "properties": { "name": "Moravskoslezská nemocnice Třinec, příspěvková organizace", "facility_type": "Nemocnice", "city": "Třinec", "region": "Moravskoslezský kraj", "district": "Frýdek-Místek", "postcode": 73961.0, "street": "Kaštanová", "street_number": "268", "specialties": "anesteziologie a intenzivní medicína, dermatovenerologie, dětská kardiologie, dětská neurologie, dětské lékařství, endokrinologie a diabetologie, Ergoterapeut, Fyzioterapeut, gastroenterologie, gynekologie a porodnictví, hematologie a transfúzní lékařství, chirurgie, infekční lékařství, kardiologie, klinická biochemie, klinická farmacie, klinická onkologie, Klinický logoped, neonatologie, neurologie, Nutriční terapeut, ortopedie a traumatologie pohybového ústrojí, otorinolaryngologie a chirurgie hlavy a krku, patologie, plastická chirurgie, pneumologie a ftizeologie, popáleninová medicína, Radiologický asistent, radiologie a zobrazovací metody, rehabilitační a fyzikální medicína, revmatologie, úrazová chirurgie, vnitřní lékařství, Všeobecná sestra, všeobecné praktické lékařství, Zdravotní laborant", "care_form": "akutní lůžková péče intenzivní, akutní lůžková péče standardní, ambulantní péče, dlouhodobá lůžková péče vyjma intenzivní, jednodenní péče, následná lůžková péče - standardní, specializovaná ambulantní péče", "provider_ico": 534242, "website": "http://www.nemtr.cz", "phone": "+420558309102", "latitude": 49.674753495272, "longitude": 18.690696761601998, "level": 2, "level_label": "Acute hospital – ICU-level, no dedicated ED" }, "geometry": { "type": "Point", "coordinates": [ -442775.719914823945146, -1121821.511789534939453 ] } },
{ "type": "Feature", "properties": { "name": "Fakultní nemocnice U sv. Anny, plastická chirurgie", "facility_type": "Fakultní nemocnice", "city": "Brno", "region": "Jihomoravský kraj", "district": "Brno-město", "postcode": 61200.0, "street": "Berkova", "street_number": "1204/38", "specialties": "plastická chirurgie", "care_form": "akutní lůžková péče intenzivní, akutní lůžková péče standardní, ambulantní péče", "provider_ico": 159816, "website": "http://www.fnusa.cz/", "phone": "+420543181111", "latitude": 49.226019850378002, "longitude": 16.590053926406998, "level": 2, "level_label": "Acute hospital – ICU-level, no dedicated ED" }, "geometry": { "type": "Point", "coordinates": [ -599091.67967788875103, -1157194.969653321430087 ] } },
{ "type": "Feature", "properties": { "name": "MMN, a.s., Nemocnice Semily", "facility_type": "Nemocnice", "city": "Semily", "region": "Liberecký kraj", "district": "Semily", "postcode": 51301.0, "street": "3. května", "street_number": "421", "specialties": "algeziologie, anesteziologie a intenzivní medicína, dermatovenerologie, Ergoterapeut, foniatrie, Fyzioterapeut, gastroenterologie, hematologie a transfúzní lékařství, chirurgie, kardiologie, klinická biochemie, klinická onkologie, Klinický logoped, lékařská mikrobiologie, Nutriční terapeut, ortopedie a traumatologie pohybového ústrojí, otorinolaryngologie a chirurgie hlavy a krku, paliativní medicína, pneumologie a ftizeologie, radiologie a zobrazovací metody, rehabilitační a fyzikální medicína, urologie, vnitřní lékařství, všeobecné praktické lékařství", "care_form": "akutní lůžková péče intenzivní, akutní lůžková péče standardní, ambulantní péče, jednodenní péče, následná lůžková péče - standardní, stacionární péče", "provider_ico": 5421888, "website": "www.nemjil.cz", "phone": "+420481661111", "latitude": 50.597419159169, "longitude": 15.353305519404, "level": 2, "level_label": "Acute hospital – ICU-level, no dedicated ED" }, "geometry": { "type": "Point", "coordinates": [ -669647.438385091489181, -995408.44295379833784 ] } },
{ "type": "Feature", "properties": { "name": "Nemocnice Břeclav, příspěvková organizace", "facility_type": "Nemocnice", "city": "Břeclav", "region": "Jihomoravský kraj", "district": "Břeclav", "postcode": 69002.0, "street": "U Nemocnice", "street_number": "3066/1", "specialties": "algeziologie, anesteziologie a intenzivní medicína, angiologie, dermatovenerologie, dětská kardiologie, dětské lékařství, endokrinologie a diabetologie, Fyzioterapeut, gastroenterologie, gynekologie a porodnictví, hematologie a transfúzní lékařství, chirurgie, infekční lékařství, kardiologie, klinická biochemie, klinická onkologie, Klinický logoped, Klinický psycholog, lékařská mikrobiologie, nefrologie, neonatologie, neurologie, Nutriční terapeut, ortopedie a traumatologie pohybového ústrojí, otorinolaryngologie a chirurgie hlavy a krku, paliativní medicína, patologie, pneumologie a ftizeologie, Porodní asistentka, praktické lékárenství, praktické lékařství pro děti a dorost, Radiologický asistent, radiologie a zobrazovací metody, rehabilitační a fyzikální medicína, urologie, vnitřní lékařství, Všeobecná sestra, všeobecné praktické lékařství, Zdravotní laborant, zubní lékařství", "care_form": "akutní lůžková péče intenzivní, akutní lůžková péče standardní, specializovaná ambulantní péče, stacionární péče, zdrav. péče poskytovaná ve vlastním soc. prostředí pacienta - domácí péče - ošetřovatelská", "provider_ico": 390780, "website": "http://www.nembv.cz", "phone": "+420519315105", "latitude": 48.752951956373998, "longitude": 16.880743998568999, "level": 2, "level_label": "Acute hospital – ICU-level, no dedicated ED" }, "geometry": { "type": "Point", "coordinates": [ -583505.318501838250086, -1211754.830315022263676 ] } },
{ "type": "Feature", "properties": { "name": "Nemocnice AGEL Karviná a.s.", "facility_type": "Nemocnice", "city": "Karviná", "region": "Moravskoslezský kraj", "district": "Karviná", "postcode": 73506.0, "street": "Zakladatelská", "street_number": "975/22", "specialties": "anesteziologie a intenzivní medicína, endokrinologie a diabetologie, Ergoterapeut, Fyzioterapeut, gastroenterologie, chirurgie, kardiologie, klinická biochemie, Klinický logoped, nemocniční lékárenství, neurochirurgie, neurologie, ortopedie a traumatologie pohybového ústrojí, pracovní lékařství, praktické lékárenství, radiologie a zobrazovací metody, rehabilitační a fyzikální medicína, vnitřní lékařství, všeobecné praktické lékařství", "care_form": "akutní lůžková péče intenzivní, akutní lůžková péče standardní, ambulantní péče, jednodenní péče, následná lůžková péče - standardní", "provider_ico": 60793490, "website": "http://www.khn.cz", "phone": "+420596380111", "latitude": 49.869602802991999, "longitude": 18.540874997166, "level": 2, "level_label": "Acute hospital – ICU-level, no dedicated ED" }, "geometry": { "type": "Point", "coordinates": [ -451774.908117156592198, -1099344.823689474491403 ] } },
{ "type": "Feature", "properties": { "name": "Vojenská nemocnice Olomouc", "facility_type": "Nemocnice", "city": "Olomouc", "region": "Olomoucký kraj", "district": "Olomouc", "postcode": 77900.0, "street": "Sušilovo nám.", "street_number": "1/5", "specialties": "Adiktolog, anesteziologie a intenzivní medicína, cévní chirurgie, dermatovenerologie, Dětská sestra pro intenzivní péči, endokrinologie a diabetologie, Fyzioterapeut, gastroenterologie, gerontopsychiatrie, chirurgie, kardiologie, klinická biochemie, Klinický psycholog, návykové nemoci, nemocniční lékárenství, neurologie, oftalmologie, ortopedie a traumatologie pohybového ústrojí, otorinolaryngologie a chirurgie hlavy a krku, plastická chirurgie, posudkové lékařství, psychiatrie, Radiologický asistent, radiologie a zobrazovací metody, rehabilitační a fyzikální medicína, traumatologie, urologie, vnitřní lékařství, Všeobecná sestra, všeobecné praktické lékařství, Zdravotní laborant, Zdravotnický záchranář, zubní lékařství, Zubní technik", "care_form": "akutní lůžková péče intenzivní, akutní lůžková péče standardní, ambulantní péče, jednodenní péče", "provider_ico": 60800691, "website": "http://vnol.cz", "phone": "+420973407150", "latitude": 49.605614994082998, "longitude": 17.265118426209, "level": 2, "level_label": "Acute hospital – ICU-level, no dedicated ED" }, "geometry": { "type": "Point", "coordinates": [ -546015.183257629396394, -1120265.759856299962848 ] } },
{ "type": "Feature", "properties": { "name": "Nemocnice Tanvald, s.r.o.", "facility_type": "Nemocnice", "city": "Tanvald", "region": "Liberecký kraj", "district": "Jablonec nad Nisou", "postcode": 46841.0, "street": "Nemocniční", "street_number": "287", "specialties": "endokrinologie a diabetologie, Fyzioterapeut, gastroenterologie, chirurgie, kardiologie, radiologie a zobrazovací metody, vnitřní lékařství, Všeobecná sestra, všeobecné praktické lékařství", "care_form": "akutní lůžková péče intenzivní, akutní lůžková péče standardní, ambulantní péče, dlouhodobá intenzivní ošetřovatelská péče (DIOP), následná lůžková intenzivní péče, následná lůžková péče - standardní, zdrav. péče poskytovaná ve vlastním soc. prostředí pacienta - domácí péče - ošetřovatelská, zdrav. péče poskytovaná ve vlastním soc. prostředí pacienta - umělá plicní ventilace", "provider_ico": 63145766, "website": "http://www.nemocnice-tanvald.cz", "phone": "+420483367311", "latitude": 50.740184676365999, "longitude": 15.301603838407001, "level": 2, "level_label": "Acute hospital – ICU-level, no dedicated ED" }, "geometry": { "type": "Point", "coordinates": [ -671300.388088600244373, -979195.110950930276886 ] } },
{ "type": "Feature", "properties": { "name": "Nemocnice Vrchlabí, s.r.o.", "facility_type": "Nemocnice", "city": "Vrchlabí", "region": "Královéhradecký kraj", "district": "Trutnov", "postcode": 54301.0, "street": "Fügnerova", "street_number": "50", "specialties": "anesteziologie a intenzivní medicína, dermatovenerologie, endokrinologie a diabetologie, Fyzioterapeut, gastroenterologie, gynekologie a porodnictví, hematologie a transfúzní lékařství, chirurgie, kardiologie, klinická biochemie, ortopedie a traumatologie pohybového ústrojí, radiologie a zobrazovací metody, rehabilitační a fyzikální medicína, vnitřní lékařství", "care_form": "akutní lůžková péče intenzivní, akutní lůžková péče standardní, ambulantní péče, dlouhodobá intenzivní ošetřovatelská péče (DIOP), dlouhodobá lůžková péče vyjma intenzivní, následná lůžková intenzivní péče, následná lůžková léčebně rehabilitační péče", "provider_ico": 64827232, "website": "http://www.nemocnicevrchlabi.cz", "phone": "+420499502111", "latitude": 50.622416341291, "longitude": 15.608879171071001, "level": 2, "level_label": "Acute hospital – ICU-level, no dedicated ED" }, "geometry": { "type": "Point", "coordinates": [ -651351.785329181468114, -994860.437362093594857 ] } },
{ "type": "Feature", "properties": { "name": "Městská nemocnice v Odrách, příspěvková organizace", "facility_type": "Nemocnice", "city": "Odry", "region": "Moravskoslezský kraj", "district": "Nový Jičín", "postcode": 74235.0, "street": "Nadační", "street_number": "375/1", "specialties": "endokrinologie a diabetologie, Ergoterapeut, Fyzioterapeut, gastroenterologie, hematologie a transfúzní lékařství, klinická biochemie, radiologie a zobrazovací metody, rehabilitační a fyzikální medicína, revmatologie, vnitřní lékařství", "care_form": "akutní lůžková péče intenzivní, akutní lůžková péče standardní, ambulantní péče, dlouhodobá lůžková péče vyjma intenzivní, následná lůžková péče - standardní, specializovaná ambulantní péče", "provider_ico": 66183596, "website": "http://nemocniceodry.cz", "phone": "+420556778100", "latitude": 49.665517992158001, "longitude": 17.827956479011, "level": 2, "level_label": "Acute hospital – ICU-level, no dedicated ED" }, "geometry": { "type": "Point", "coordinates": [ -504910.161702119512483, -1117502.192741248290986 ] } },
{ "type": "Feature", "properties": { "name": "Fakultní nemocnice Brno", "facility_type": "Fakultní nemocnice", "city": "Brno", "region": "Jihomoravský kraj", "district": "Brno-město", "postcode": 60200.0, "street": "Obilní trh", "street_number": "526/11", "specialties": "anesteziologie a intenzivní medicína, farmaceutická technologie, gynekologie a porodnictví, gynekologie dětí a dospívajících, intenzívní medicína , klinická farmacie, klinická onkologie, Klinický psycholog, nemocniční lékárenství, neonatologie, Nutriční terapeut, onkogynekologie, patologie, perinatologie a fetomaternální medicína, Porodní asistentka, praktické lékárenství, reprodukční medicína, urogynekologie", "care_form": "akutní lůžková péče intenzivní, akutní lůžková péče standardní, ambulantní péče, jednodenní péče, primární ambulantní péče, specializovaná ambulantní péče, stacionární péče", "provider_ico": 65269705, "website": "http://www.fnbrno.cz", "phone": null, "latitude": 49.19892555629, "longitude": 16.596913496359001, "level": 2, "level_label": "Acute hospital – ICU-level, no dedicated ED" }, "geometry": { "type": "Point", "coordinates": [ -598919.284955903771333, -1160244.234762023901567 ] } },
{ "type": "Feature", "properties": { "name": "Nemocnice Pardubického kraje, a.s., Chrudimská nemocnice", "facility_type": "Nemocnice", "city": "Chrudim", "region": "Pardubický kraj", "district": "Chrudim", "postcode": 53701.0, "street": "Václavská", "street_number": "570", "specialties": "alergologie a klinická imunologie, anesteziologie a intenzivní medicína, cévní chirurgie, dětská chirurgie, dětské lékařství, endokrinologie a diabetologie, Fyzioterapeut, gynekologie a porodnictví, hematologie a transfúzní lékařství, chirurgie, klinická biochemie, Klinický psycholog, lékařská mikrobiologie, neurologie, nukleární medicína, Nutriční terapeut, onkochirurgie, ortopedie a traumatologie pohybového ústrojí, otorinolaryngologie a chirurgie hlavy a krku, patologie, pediatrie, plastická chirurgie, pneumologie a ftizeologie, Porodní asistentka, praktické lékařství pro děti a dorost, radiologie a zobrazovací metody, rehabilitační a fyzikální medicína, traumatologie, urologie, vnitřní lékařství, všeobecné praktické lékařství", "care_form": "akutní lůžková péče intenzivní, akutní lůžková péče standardní, ambulantní péče, dlouhodobá intenzivní ošetřovatelská péče (DIOP), dlouhodobá lůžková péče vyjma intenzivní, jednodenní péče, následná lůžková intenzivní péče, následná lůžková péče - standardní, zdrav. péče poskytovaná ve vlastním soc. prostředí pacienta - domácí péče - ošetřovatelská", "provider_ico": 27520536, "website": "www.nempk.cz", "phone": "+420466011111", "latitude": 49.942272166042997, "longitude": 15.807362356043001, "level": 2, "level_label": "Acute hospital – ICU-level, no dedicated ED" }, "geometry": { "type": "Point", "coordinates": [ -646331.787141991080716, -1071662.012048499425873 ] } },
{ "type": "Feature", "properties": { "name": "Všeobecná fakultní nemocnice v Praze, Neurologická klinika", "facility_type": "Fakultní nemocnice", "city": "Praha 2", "region": "Hlavní město Praha", "district": "Hlavní město Praha", "postcode": 12800.0, "street": "Viničná", "street_number": "481/9", "specialties": "neurologie", "care_form": "akutní lůžková péče intenzivní, akutní lůžková péče standardní, ambulantní péče", "provider_ico": 64165, "website": "https://www.vfn.cz/", "phone": "+420224961111", "latitude": 50.073548224462002, "longitude": 14.42425231512, "level": 2, "level_label": "Acute hospital – ICU-level, no dedicated ED" }, "geometry": { "type": "Point", "coordinates": [ -742808.020131206838414, -1044575.53945176966954 ] } },
{ "type": "Feature", "properties": { "name": "Nemocnice Roudnice nad Labem s.r.o.", "facility_type": "Nemocnice", "city": "Roudnice nad Labem", "region": "Ústecký kraj", "district": "Litoměřice", "postcode": 41301.0, "street": "Alej 17. listopadu", "street_number": "1101", "specialties": "anesteziologie a intenzivní medicína, cévní chirurgie, dětské lékařství, endokrinologie a diabetologie, Ergoterapeut, Fyzioterapeut, gastroenterologie, gynekologie a porodnictví, hematologie a transfúzní lékařství, chirurgie, klinická biochemie, neonatologie, neurologie, Nutriční terapeut, paliativní medicína, radiologie a zobrazovací metody, rehabilitační a fyzikální medicína, traumatologie, vnitřní lékařství, Všeobecná sestra, všeobecné praktické lékařství", "care_form": "akutní lůžková péče intenzivní, akutní lůžková péče standardní, ambulantní péče, dlouhodobá intenzivní ošetřovatelská péče (DIOP), dlouhodobá lůžková péče vyjma intenzivní, následná lůžková intenzivní péče, specializovaná ambulantní péče, zdrav. péče poskytovaná ve vlastním soc. prostředí pacienta - domácí péče - ošetřovatelská", "provider_ico": 25443801, "website": "www.pnsp.cz", "phone": "+420416858111", "latitude": 50.423032219376999, "longitude": 14.249737168889, "level": 2, "level_label": "Acute hospital – ICU-level, no dedicated ED" }, "geometry": { "type": "Point", "coordinates": [ -749794.005301258061081, -1004362.672564135980792 ] } },
{ "type": "Feature", "properties": { "name": "Nemocnice Pardubického kraje, a.s., Svitavská nemocnice", "facility_type": "Nemocnice", "city": "Svitavy", "region": "Pardubický kraj", "district": "Svitavy", "postcode": 56802.0, "street": "Kollárova", "street_number": "643/7", "specialties": "anesteziologie a intenzivní medicína, dětské lékařství, gastroenterologie, gynekologie a porodnictví, chirurgie, klinická biochemie, klinická výživa a intenzivní metabolická péče, Nutriční terapeut, otorinolaryngologie a chirurgie hlavy a krku, patologie, pediatrie, radiologie a zobrazovací metody, traumatologie, urologie, vnitřní lékařství", "care_form": "akutní lůžková péče intenzivní, akutní lůžková péče standardní, ambulantní péče, dlouhodobá lůžková péče vyjma intenzivní, následná lůžková péče - standardní", "provider_ico": 27520536, "website": "www.nempk.cz", "phone": "+420466011111", "latitude": 49.753129290987999, "longitude": 16.469754407444, "level": 2, "level_label": "Acute hospital – ICU-level, no dedicated ED" }, "geometry": { "type": "Point", "coordinates": [ -601394.29091268510092, -1097975.924925846746191 ] } },
{ "type": "Feature", "properties": { "name": "Nemocnice Pardubického kraje, a.s., Orlickoústecká nemocnice", "facility_type": "Nemocnice", "city": "Ústí nad Orlicí", "region": "Pardubický kraj", "district": "Ústí nad Orlicí", "postcode": 56201.0, "street": "Čs. armády", "street_number": "1076", "specialties": "anesteziologie a intenzivní medicína, cévní chirurgie, dermatovenerologie, dětská chirurgie, dětská neurologie, endokrinologie a diabetologie, Ergoterapeut, Fyzioterapeut, gastroenterologie, gynekologie a porodnictví, hematologie a transfúzní lékařství, chirurgie, kardiologie, klinická biochemie, klinická výživa a intenzivní metabolická péče, Klinický psycholog, lékařská mikrobiologie, neurologie, Nutriční terapeut, ortopedie a traumatologie pohybového ústrojí, otorinolaryngologie a chirurgie hlavy a krku, paliativní medicína, pediatrie, Porodní asistentka, praktické lékařství pro děti a dorost, radiologie a zobrazovací metody, rehabilitační a fyzikální medicína, traumatologie, urologie, vnitřní lékařství, všeobecné praktické lékařství", "care_form": "akutní lůžková péče intenzivní, akutní lůžková péče standardní, ambulantní péče, jednodenní péče, specializovaná ambulantní péče, zdrav. péče poskytovaná ve vlastním soc. prostředí pacienta - domácí péče - ošetřovatelská", "provider_ico": 27520536, "website": "www.nempk.cz", "phone": "+420466011111", "latitude": 49.970472498200998, "longitude": 16.401807547882999, "level": 2, "level_label": "Acute hospital – ICU-level, no dedicated ED" }, "geometry": { "type": "Point", "coordinates": [ -603597.239833142608404, -1073412.892527528107166 ] } },
{ "type": "Feature", "properties": { "name": "Nemocnice AGEL Ostrava-Vítkovice a.s.", "facility_type": "Nemocnice", "city": "Ostrava", "region": "Moravskoslezský kraj", "district": "Ostrava-město", "postcode": 70300.0, "street": "Zalužanského", "street_number": "1192/15", "specialties": "alergologie a klinická imunologie, algeziologie, anesteziologie a intenzivní medicína, angiologie, cévní chirurgie, dermatovenerologie, dětské lékařství, endokrinologie a diabetologie, Ergoterapeut, Fyzioterapeut, gastroenterologie, gynekologie a porodnictví, gynekologie dětí a dospívajících, hematologie a transfúzní lékařství, chirurgie, infekční lékařství, kardiologie, klinická biochemie, klinická farmacie, klinická onkologie, Klinický logoped, Klinický psycholog, lékařská mikrobiologie, neonatologie, neurologie, Nutriční terapeut, oftalmologie, Optometrista, ortopedie a traumatologie pohybového ústrojí, otorinolaryngologie a chirurgie hlavy a krku, paliativní medicína, patologie, pneumologie a ftizeologie, Porodní asistentka, praktické lékařství pro děti a dorost, psychiatrie, radiační onkologie, radiologie a zobrazovací metody, rehabilitační a fyzikální medicína, revmatologie, tělovýchovné lékařství, urologie, vnitřní lékařství, Všeobecná sestra", "care_form": "akutní lůžková péče intenzivní, akutní lůžková péče standardní, ambulantní péče, jednodenní péče, následná lůžková péče - standardní, zdrav. péče poskytovaná ve vlastním soc. prostředí pacienta - domácí péče - ošetřovatelská", "provider_ico": 60793201, "website": "http://nemocnicevitkovice.agel.cz", "phone": "+420595633051", "latitude": 49.814783883996, "longitude": 18.268748755691, "level": 2, "level_label": "Acute hospital – ICU-level, no dedicated ED" }, "geometry": { "type": "Point", "coordinates": [ -471792.1605953402468, -1103779.154486179118976 ] } },
{ "type": "Feature", "properties": { "name": "Nemocnice AGEL Třinec-Podlesí a.s.", "facility_type": "Nemocnice", "city": "Třinec", "region": "Moravskoslezský kraj", "district": "Frýdek-Místek", "postcode": 73961.0, "street": null, "street_number": "453", "specialties": "anesteziologie a intenzivní medicína, angiologie, cévní chirurgie, endokrinologie a diabetologie, Fyzioterapeut, gastroenterologie, hematologie a transfúzní lékařství, chirurgie, kardiochirurgie, kardiologie, klinická biochemie, neurologie, pracovní lékařství, radiologie a zobrazovací metody, rehabilitační a fyzikální medicína, urologie, vaskulární intervenční radiologie, vnitřní lékařství", "care_form": "akutní lůžková péče intenzivní, akutní lůžková péče standardní, ambulantní péče, jednodenní péče, specializovaná ambulantní péče", "provider_ico": 48401129, "website": "https://nemocnicetrinecpodlesi.agel.cz/index.html", "phone": "+420558304111", "latitude": 49.680830975954002, "longitude": 18.641619654088, "level": 2, "level_label": "Acute hospital – ICU-level, no dedicated ED" }, "geometry": { "type": "Point", "coordinates": [ -446251.963918508321512, -1120862.757435820298269 ] } },
{ "type": "Feature", "properties": { "name": "Krajská nemocnice Liberec, a.s., Nemocnice Turnov", "facility_type": "Nemocnice", "city": "Turnov", "region": "Liberecký kraj", "district": "Semily", "postcode": 51101.0, "street": "28. října", "street_number": "1000", "specialties": "alergologie a klinická imunologie, algeziologie, anesteziologie a intenzivní medicína, cévní chirurgie, dětské lékařství, endokrinologie a diabetologie, Ergoterapeut, Fyzioterapeut, gastroenterologie, geriatrie, gynekologie a porodnictví, hematologie a transfúzní lékařství, chirurgie, kardiologie, klinická biochemie, klinická farmacie, neurologie, Nutriční terapeut, ortopedie a traumatologie pohybového ústrojí, patologie, pneumologie a ftizeologie, praktické lékařství pro děti a dorost, radiologie a zobrazovací metody, rehabilitační a fyzikální medicína, revmatologie, urologie, vnitřní lékařství, Všeobecná sestra, všeobecné praktické lékařství", "care_form": "akutní lůžková péče intenzivní, akutní lůžková péče standardní, ambulantní péče, jednodenní péče, následná lůžková péče - standardní, specializovaná ambulantní péče, zdrav. péče poskytovaná ve vlastním soc. prostředí pacienta - domácí péče - ošetřovatelská", "provider_ico": 27283933, "website": "http://www.nemlib.cz", "phone": "+420485311111", "latitude": 50.589089100251002, "longitude": 15.169090120008001, "level": 2, "level_label": "Acute hospital – ICU-level, no dedicated ED" }, "geometry": { "type": "Point", "coordinates": [ -682705.279321281472221, -994694.971827763249166 ] } },
{ "type": "Feature", "properties": { "name": "Nemocnice u Sv. Jiří s.r.o.", "facility_type": "Nemocnice", "city": "Plzeň", "region": "Plzeňský kraj", "district": "Plzeň-město", "postcode": 31200.0, "street": "Staniční", "street_number": "1126/74", "specialties": "alergologie a klinická imunologie, dětské lékařství, endokrinologie a diabetologie, pediatrie, pneumologie a ftizeologie, rehabilitační a fyzikální medicína", "care_form": "akutní lůžková péče intenzivní, akutní lůžková péče standardní, ambulantní péče, jednodenní péče", "provider_ico": 49786954, "website": "http://svjiri.cz", "phone": null, "latitude": 49.752538431510999, "longitude": 13.410723820797999, "level": 2, "level_label": "Acute hospital – ICU-level, no dedicated ED" }, "geometry": { "type": "Point", "coordinates": [ -819954.629343607579358, -1069501.222924266010523 ] } },
{ "type": "Feature", "properties": { "name": "Vojenská nemocnice Brno", "facility_type": "Nemocnice", "city": "Brno", "region": "Jihomoravský kraj", "district": "Brno-město", "postcode": 61500.0, "street": "Zábrdovická", "street_number": "3/3", "specialties": "anesteziologie a intenzivní medicína, Biomedicínský inženýr, Biomedicínský technik, Dentální hygienistka, dermatovenerologie, endokrinologie a diabetologie, Ergoterapeut, Farmaceutický asistent, Fyzioterapeut, gastroenterologie, hematologie a transfúzní lékařství, hygiena a epidemiologie, chirurgie, kardiologie, klinická biochemie, klinická onkologie, Klinický psycholog, laboratorní a vyšetřovací metody ve zdravotnictví, lékařská mikrobiologie, nemocniční lékárenství, neurologie, Nutriční terapeut, Odborný pracovník v laboratorních  metodách a přípravě léčivých přípravků, Odborný pracovník v ochraně a podpoře veřejného zdraví, oftalmologie, ortopedie a traumatologie pohybového ústrojí, otorinolaryngologie a chirurgie hlavy a krku, posudkové lékařství, pracovní lékařství, psychiatrie, Radiologický asistent, radiologie a zobrazovací metody, rehabilitační a fyzikální medicína, urologie, vnitřní lékařství, Všeobecná sestra, zubní lékařství", "care_form": "akutní lůžková péče intenzivní, akutní lůžková péče standardní, ambulantní péče, jednodenní péče", "provider_ico": 60555530, "website": "http://vnbrno.cz", "phone": "+420973445577", "latitude": 49.202161624089001, "longitude": 16.630391016697001, "level": 2, "level_label": "Acute hospital – ICU-level, no dedicated ED" }, "geometry": { "type": "Point", "coordinates": [ -596455.218643061234616, -1160148.500334454700351 ] } },
{ "type": "Feature", "properties": { "name": "Klatovská nemocnice, a.s.", "facility_type": "Nemocnice", "city": "Klatovy", "region": "Plzeňský kraj", "district": "Klatovy", "postcode": 33901.0, "street": "Plzeňská", "street_number": "929", "specialties": "anesteziologie a intenzivní medicína, dětská neurologie, dětské lékařství, gastroenterologie, gynekologie a porodnictví, hematologie a transfúzní lékařství, chirurgie, kardiologie, klinická biochemie, nefrologie, neonatologie, neurologie, nukleární medicína, oftalmologie, ortopedie a traumatologie pohybového ústrojí, otorinolaryngologie a chirurgie hlavy a krku, patologie, pneumologie a ftizeologie, praktické lékárenství, psychiatrie, radiologie a zobrazovací metody, rehabilitační a fyzikální medicína, revmatologie, úrazová chirurgie, urologie, vnitřní lékařství, všeobecné praktické lékařství", "care_form": "akutní lůžková péče intenzivní, akutní lůžková péče standardní, ambulantní péče, dlouhodobá intenzivní ošetřovatelská péče (DIOP), jednodenní péče, následná lůžková intenzivní péče, následná lůžková péče - standardní", "provider_ico": 26360527, "website": "https://klatovy.nemocnicepk.cz/", "phone": "+420376335900", "latitude": 49.403708176696, "longitude": 13.292427856395999, "level": 2, "level_label": "Acute hospital – ICU-level, no dedicated ED" }, "geometry": { "type": "Point", "coordinates": [ -834249.728490655892529, -1106568.016212193761021 ] } },
{ "type": "Feature", "properties": { "name": "Stodská nemocnice, a.s.", "facility_type": "Nemocnice", "city": "Stod", "region": "Plzeňský kraj", "district": "Plzeň-jih", "postcode": 33301.0, "street": "Hradecká", "street_number": "600", "specialties": "algeziologie, anesteziologie a intenzivní medicína, dětské lékařství, endokrinologie a diabetologie, gastroenterologie, gynekologie a porodnictví, chirurgie, kardiologie, klinická biochemie, nefrologie, neurologie, ortopedie a traumatologie pohybového ústrojí, otorinolaryngologie a chirurgie hlavy a krku, pneumologie a ftizeologie, praktické lékárenství, praktické lékařství pro děti a dorost, psychiatrie, radiologie a zobrazovací metody, rehabilitační a fyzikální medicína, úrazová chirurgie, urologie, vnitřní lékařství, všeobecné praktické lékařství", "care_form": "akutní lůžková péče intenzivní, akutní lůžková péče standardní, ambulantní péče, dlouhodobá lůžková péče vyjma intenzivní, jednodenní péče, následná lůžková péče - standardní", "provider_ico": 26361086, "website": "www.nemocnice-stod.cz", "phone": "+420377193611", "latitude": 49.636323901422998, "longitude": 13.155804407321, "level": 2, "level_label": "Acute hospital – ICU-level, no dedicated ED" }, "geometry": { "type": "Point", "coordinates": [ -840090.544244592427276, -1079493.18780872784555 ] } },
{ "type": "Feature", "properties": { "name": "Rokycanská nemocnice, a.s.", "facility_type": "Nemocnice", "city": "Rokycany", "region": "Plzeňský kraj", "district": "Rokycany", "postcode": 33701.0, "street": "Voldušská", "street_number": "750", "specialties": "alergologie a klinická imunologie, anesteziologie a intenzivní medicína, dětská kardiologie, dětská neurologie, dětské lékařství, gastroenterologie, gynekologie a porodnictví, hematologie a transfúzní lékařství, chirurgie, kardiologie, klinická biochemie, neurologie, ortopedie a traumatologie pohybového ústrojí, praktické lékařství pro děti a dorost, radiologie a zobrazovací metody, rehabilitační a fyzikální medicína, revmatologie, vnitřní lékařství, Všeobecná sestra, všeobecné praktické lékařství", "care_form": "akutní lůžková péče intenzivní, akutní lůžková péče standardní, ambulantní péče, jednodenní péče, následná lůžková péče - standardní, zdrav. péče poskytovaná ve vlastním soc. prostředí pacienta - domácí péče - ošetřovatelská", "provider_ico": 26360900, "website": "http://www.rokycany.nemocnicepk.cz", "phone": "+420371762111", "latitude": 49.748935249086003, "longitude": 13.604285068455001, "level": 2, "level_label": "Acute hospital – ICU-level, no dedicated ED" }, "geometry": { "type": "Point", "coordinates": [ -806220.426882700645365, -1071967.662414760794491 ] } },
{ "type": "Feature", "properties": { "name": "Domažlická nemocnice, a.s.", "facility_type": "Nemocnice", "city": "Domažlice", "region": "Plzeňský kraj", "district": "Domažlice", "postcode": 34401.0, "street": "Kozinova", "street_number": "292", "specialties": "algeziologie, anesteziologie a intenzivní medicína, angiologie, dermatovenerologie, dětská neurologie, dětské lékařství, endokrinologie a diabetologie, gastroenterologie, gynekologie a porodnictví, hematologie a transfúzní lékařství, chirurgie, kardiologie, klinická biochemie, klinická onkologie, nemocniční lékárenství, neonatologie, paliativní medicína, radiologie a zobrazovací metody, rehabilitační a fyzikální medicína, vnitřní lékařství, všeobecné praktické lékařství", "care_form": "akutní lůžková péče intenzivní, akutní lůžková péče standardní, ambulantní péče, dlouhodobá lůžková péče vyjma intenzivní, jednodenní péče, následná lůžková péče - standardní", "provider_ico": 26361078, "website": "http://www.domazlice.nemocnicepk.cz", "phone": "+420379710310", "latitude": 49.438056346509001, "longitude": 12.907919709290001, "level": 2, "level_label": "Acute hospital – ICU-level, no dedicated ED" }, "geometry": { "type": "Point", "coordinates": [ -861227.90845038194675, -1098503.190820327494293 ] } },
{ "type": "Feature", "properties": { "name": "Nemocnice Sokolov s.r.o., Nemocnice Sokolov", "facility_type": "Nemocnice", "city": "Sokolov", "region": "Karlovarský kraj", "district": "Sokolov", "postcode": 35601.0, "street": "Slovenská", "street_number": "545", "specialties": "algeziologie, anesteziologie a intenzivní medicína, cévní chirurgie, dermatovenerologie, dětské lékařství, endokrinologie a diabetologie, Ergoterapeut, Fyzioterapeut, gynekologie a porodnictví, hematologie a transfúzní lékařství, chirurgie, kardiologie, nefrologie, neonatologie, neurologie, Nutriční terapeut, oftalmologie, ortopedie a traumatologie pohybového ústrojí, Ortoptista, otorinolaryngologie a chirurgie hlavy a krku, patologie, pneumologie a ftizeologie, praktické lékařství pro děti a dorost, radiologie a zobrazovací metody, rehabilitační a fyzikální medicína, soudní lékařství, vnitřní lékařství, všeobecné praktické lékařství, Zdravotní laborant pro klinickou biochemii, Zdravotní laborant pro klinickou hematologii a transfuzní službu, Zdravotní laborant pro toxikologii", "care_form": "akutní lůžková péče intenzivní, akutní lůžková péče standardní, ambulantní péče, jednodenní péče, následná lůžková péče - standardní", "provider_ico": 24747246, "website": "https://www.pentahospitals.cz/nemocnice-sokolov/", "phone": "+420352520111", "latitude": 50.178019262966998, "longitude": 12.650582367904001, "level": 2, "level_label": "Acute hospital – ICU-level, no dedicated ED" }, "geometry": { "type": "Point", "coordinates": [ -866508.368332543992437, -1014310.676898546516895 ] } },
{ "type": "Feature", "properties": { "name": "Všeobecná fakultní nemocnice v Praze", "facility_type": "Fakultní nemocnice", "city": "Praha 2", "region": "Hlavní město Praha", "district": "Hlavní město Praha", "postcode": 12800.0, "street": "U nemocnice", "street_number": "499/2", "specialties": "alergologie a klinická imunologie, algeziologie, anesteziologie a intenzivní medicína, angiologie, cévní chirurgie, dermatovenerologie, dětská dermatovenerologie, dětská otorinolaryngologie, endokrinologie a diabetologie, Fyzioterapeut, gastroenterologie, geriatrie, hematologie a transfúzní lékařství, hrudní chirurgie, chirurgie, intenzívní medicína , intervenční radiologie, kardiochirurgie, kardiologie, klinická biochemie, klinická onkologie, klinická výživa a intenzivní metabolická péče, Klinický logoped, Klinický psycholog, koloproktologie, korektivní dermatologie, lékařská genetika, lékařská mikrobiologie, maxilofaciální chirurgie, nefrologie, nemocniční lékárenství, nukleární medicína, Nutriční terapeut, oftalmologie, onkochirurgie, orální a maxilofaciální chirurgie, ortopedie a traumatologie pohybového ústrojí, otorinolaryngologie a chirurgie hlavy a krku, paliativní medicína, patologie, plastická chirurgie, pneumologie a ftizeologie, praktické lékárenství, radiační onkologie, Radiologický asistent, radiologie a zobrazovací metody, revmatologie, traumatologie, vaskulární intervenční radiologie, vnitřní lékařství, Všeobecná sestra, zubní lékařství, Zubní technik", "care_form": "akutní lůžková péče intenzivní, akutní lůžková péče standardní, ambulantní péče, následná lůžková péče - standardní, specializovaná ambulantní péče, stacionární péče, zdrav. péče poskytovaná ve vlastním soc. prostředí pacienta - dialýza, zdrav. péče poskytovaná ve vlastním soc. prostředí pacienta - domácí péče - ošetřovatelská", "provider_ico": 64165, "website": "https://www.vfn.cz/", "phone": "+420224961111", "latitude": 50.073442177455, "longitude": 14.420986623033, "level": 2, "level_label": "Acute hospital – ICU-level, no dedicated ED" }, "geometry": { "type": "Point", "coordinates": [ -743041.203401798498817, -1044555.361052655032836 ] } },
{ "type": "Feature", "properties": { "name": "Nemocnice České Budějovice, a.s.", "facility_type": "Nemocnice", "city": "České Budějovice", "region": "Jihočeský kraj", "district": "České Budějovice", "postcode": 37001.0, "street": "B. Němcové", "street_number": "585/54", "specialties": "alergologie a klinická imunologie, algeziologie, anesteziologie a intenzivní medicína, angiologie, cévní chirurgie, dermatovenerologie, dětská a dorostová psychiatrie, dětská dermatovenerologie, dětská gastroenterologie a hepatologie, dětská chirurgie, dětská kardiologie, dětská neurologie, dětská urologie, dětské lékařství, endokrinologie a diabetologie, Ergoterapeut, foniatrie, Fyzioterapeut, gastroenterologie, geriatrie, gynekologie a porodnictví, gynekologie dětí a dospívajících, hematologie a transfúzní lékařství, hrudní chirurgie, hygiena a epidemiologie, chirurgie, infekční lékařství, intenzívní medicína , intervenční radiologie, kardiochirurgie, kardiologie, klinická biochemie, klinická farmacie, klinická farmakologie, klinická onkologie, klinická osteologie, klinická výživa a intenzivní metabolická péče, Klinický logoped, Klinický psycholog, lékařská genetika, lékařská mikrobiologie, lékařská psychoterapie, návykové nemoci, nefrologie, nemocniční lékárenství, neonatologie, neurochirurgie, neurologie, nukleární medicína, Nutriční terapeut, oftalmologie, onkogynekologie, onkochirurgie, orální a maxilofaciální chirurgie, ortopedie a traumatologie pohybového ústrojí, Ortoptista, otorinolaryngologie a chirurgie hlavy a krku, paliativní medicína, patologie, plastická chirurgie, pneumologie a ftizeologie, Porodní asistentka, pracovní lékařství, psychiatrie, radiační onkologie, radiologie a zobrazovací metody, rehabilitační a fyzikální medicína, revmatologie, sexuologie, soudní lékařství, spondylochirurgie, tělovýchovné lékařství, traumatologie, urogynekologie, urologie, vaskulární intervenční radiologie, vnitřní lékařství, všeobecné praktické lékařství, zubní lékařství", "care_form": "akutní lůžková péče intenzivní, akutní lůžková péče standardní, ambulantní péče, jednodenní péče, následná lůžková péče - standardní, stacionární péče, zdrav. péče poskytovaná ve vlastním soc. prostředí pacienta - domácí péče - ošetřovatelská", "provider_ico": 26068877, "website": "http://www.nemcb.cz", "phone": "+420387871111", "latitude": 48.960704822628998, "longitude": 14.46941829895, "level": 2, "level_label": "Acute hospital – ICU-level, no dedicated ED" }, "geometry": { "type": "Point", "coordinates": [ -756396.578300923923962, -1167632.657660235650837 ] } },
{ "type": "Feature", "properties": { "name": "Nemocnice Milosrdných bratří, příspěvková organizace", "facility_type": "Nemocnice", "city": "Brno", "region": "Jihomoravský kraj", "district": "Brno-město", "postcode": 63900.0, "street": "Polní", "street_number": "553/3", "specialties": "algeziologie, anesteziologie a intenzivní medicína, angiologie, dětské lékařství, endokrinologie a diabetologie, Fyzioterapeut, gastroenterologie, geriatrie, gynekologie a porodnictví, hematologie a transfúzní lékařství, chirurgie, kardiologie, klinická biochemie, klinická farmacie, klinická onkologie, Klinický psycholog, nefrologie, neonatologie, neurologie, Nutriční terapeut, ortopedie a traumatologie pohybového ústrojí, otorinolaryngologie a chirurgie hlavy a krku, paliativní medicína, Radiologický asistent, radiologie a zobrazovací metody, rehabilitační a fyzikální medicína, revmatologie, vnitřní lékařství, Všeobecná sestra, všeobecné praktické lékařství, Zdravotní laborant", "care_form": "akutní lůžková péče intenzivní, akutní lůžková péče standardní, ambulantní péče, dlouhodobá intenzivní ošetřovatelská péče (DIOP), následná lůžková péče - standardní, primární ambulantní péče, specializovaná ambulantní péče, stacionární péče", "provider_ico": 48512478, "website": "www.nmbbrno.cz", "phone": "+420532299111", "latitude": 49.185627872323998, "longitude": 16.596913496359001, "level": 2, "level_label": "Acute hospital – ICU-level, no dedicated ED" }, "geometry": { "type": "Point", "coordinates": [ -599078.450395567691885, -1161714.383834064938128 ] } },
{ "type": "Feature", "properties": { "name": "Mediterra s.r.o.", "facility_type": "Nemocnice", "city": "Praha 5", "region": "Hlavní město Praha", "district": "Hlavní město Praha", "postcode": 15000.0, "street": "U Malvazinky", "street_number": "1500/5", "specialties": "anesteziologie a intenzivní medicína, Ergoterapeut, Fyzioterapeut, chirurgie, kardiologie, Klinický logoped, Klinický psycholog, neurologie, ortopedie a traumatologie pohybového ústrojí, radiologie a zobrazovací metody, rehabilitační a fyzikální medicína, vnitřní lékařství", "care_form": "akutní lůžková péče intenzivní, akutní lůžková péče standardní, ambulantní péče, dlouhodobá lůžková péče vyjma intenzivní, jednodenní péče", "provider_ico": 49686356, "website": "http://www.malvazinky.cz", "phone": "+420251116604", "latitude": 50.064295854493999, "longitude": 14.396173131858999, "level": 2, "level_label": "Acute hospital – ICU-level, no dedicated ED" }, "geometry": { "type": "Point", "coordinates": [ -744939.740381783456542, -1045320.63946382375434 ] } },
{ "type": "Feature", "properties": { "name": "Nemocnice Kadaň s.r.o.", "facility_type": "Nemocnice", "city": "Kadaň", "region": "Ústecký kraj", "district": "Chomutov", "postcode": 43201.0, "street": "Golovinova", "street_number": "1559", "specialties": "anesteziologie a intenzivní medicína, cévní chirurgie, dermatovenerologie, dětská kardiologie, dětská neurologie, dětské lékařství, endokrinologie a diabetologie, foniatrie, Fyzioterapeut, gastroenterologie, gynekologie a porodnictví, hematologie a transfúzní lékařství, chirurgie, kardiochirurgie, kardiologie, klinická biochemie, nefrologie, neurologie, Nutriční terapeut, ortopedie a traumatologie pohybového ústrojí, otorinolaryngologie a chirurgie hlavy a krku, plastická chirurgie, pneumologie a ftizeologie, praktické lékařství pro děti a dorost, radiologie a zobrazovací metody, rehabilitační a fyzikální medicína, revmatologie, urologie, vnitřní lékařství, všeobecné praktické lékařství", "care_form": "akutní lůžková péče intenzivní, akutní lůžková péče standardní, ambulantní péče, dlouhodobá lůžková péče vyjma intenzivní, jednodenní péče, následná lůžková léčebně rehabilitační péče, následná lůžková péče - standardní, specializovaná ambulantní péče", "provider_ico": 25479300, "website": "http://www.nemkadan.cz", "phone": "+420474944239", "latitude": 50.391225624229001, "longitude": 13.270148720299, "level": 2, "level_label": "Acute hospital – ICU-level, no dedicated ED" }, "geometry": { "type": "Point", "coordinates": [ -819201.462018472258933, -997760.785922956070863 ] } },
{ "type": "Feature", "properties": { "name": "Oblastní nemocnice Náchod a.s.", "facility_type": "Nemocnice", "city": "Náchod", "region": "Královéhradecký kraj", "district": "Náchod", "postcode": 54701.0, "street": "Purkyňova", "street_number": "446", "specialties": "alergologie a klinická imunologie, algeziologie, anesteziologie a intenzivní medicína, cévní chirurgie, dětská endokrinologie a diabetologie, dětské lékařství, Ergoterapeut, Fyzioterapeut, gastroenterologie, gynekologie a porodnictví, gynekologie dětí a dospívajících, hematologie a transfúzní lékařství, chirurgie, infekční lékařství, klinická farmacie, klinická onkologie, Klinický logoped, Klinický psycholog, lékařská mikrobiologie, neonatologie, neurologie, Nutriční terapeut, ortopedie a traumatologie pohybového ústrojí, otorinolaryngologie a chirurgie hlavy a krku, paliativní medicína, patologie, Porodní asistentka, praktické lékařství pro děti a dorost, radiologie a zobrazovací metody, rehabilitační a fyzikální medicína, urologie, vnitřní lékařství", "care_form": "akutní lůžková péče intenzivní, akutní lůžková péče standardní, ambulantní péče, jednodenní péče, stacionární péče", "provider_ico": 26000202, "website": "http://www.nemocnicenachod.cz", "phone": "+420491601111", "latitude": 50.410768522464998, "longitude": 16.167474202350999, "level": 2, "level_label": "Acute hospital – ICU-level, no dedicated ED" }, "geometry": { "type": "Point", "coordinates": [ -614755.861152750323527, -1022875.002204137505032 ] } },
{ "type": "Feature", "properties": { "name": "Oblastní nemocnice Jičín a.s.", "facility_type": "Nemocnice", "city": "Jičín", "region": "Královéhradecký kraj", "district": "Jičín", "postcode": 50601.0, "street": "Bolzanova", "street_number": "512", "specialties": "anesteziologie a intenzivní medicína, dětská kardiologie, dětská neurologie, dětské lékařství, endokrinologie a diabetologie, Fyzioterapeut, gastroenterologie, gynekologie a porodnictví, hematologie a transfúzní lékařství, chirurgie, kardiologie, klinická biochemie, klinická farmacie, klinická onkologie, Klinický logoped, Klinický psycholog, lékařská mikrobiologie, nefrologie, neonatologie, neurologie, Nutriční terapeut, otorinolaryngologie a chirurgie hlavy a krku, paliativní medicína, Porodní asistentka, praktické lékárenství, praktické lékařství pro děti a dorost, radiační onkologie, radiologie a zobrazovací metody, rehabilitační a fyzikální medicína, traumatologie, urologie, vnitřní lékařství, všeobecné praktické lékařství", "care_form": "akutní lůžková péče intenzivní, akutní lůžková péče standardní, ambulantní péče, jednodenní péče, specializovaná ambulantní péče, stacionární péče, zdrav. péče poskytovaná ve vlastním soc. prostředí pacienta - domácí péče - ošetřovatelská", "provider_ico": 26001551, "website": "http://www.nemjc.cz", "phone": null, "latitude": 50.440106921248002, "longitude": 15.357398008586999, "level": 2, "level_label": "Acute hospital – ICU-level, no dedicated ED" }, "geometry": { "type": "Point", "coordinates": [ -671528.273463265970349, -1012808.877995966584422 ] } },
{ "type": "Feature", "properties": { "name": "Oblastní nemocnice Trutnov a.s.", "facility_type": "Nemocnice", "city": "Trutnov", "region": "Královéhradecký kraj", "district": "Trutnov", "postcode": 54101.0, "street": "Maxima Gorkého", "street_number": "77", "specialties": "anesteziologie a intenzivní medicína, cévní chirurgie, dermatovenerologie, dětské lékařství, endokrinologie a diabetologie, Fyzioterapeut, gastroenterologie, gynekologie a porodnictví, hematologie a transfúzní lékařství, chirurgie, kardiologie, klinická biochemie, klinická farmacie, klinická onkologie, Klinický logoped, lékařská mikrobiologie, nefrologie, neonatologie, neurologie, oftalmologie, ortopedie a traumatologie pohybového ústrojí, otorinolaryngologie a chirurgie hlavy a krku, pneumologie a ftizeologie, Porodní asistentka, praktické lékařství pro děti a dorost, radiologie a zobrazovací metody, rehabilitační a fyzikální medicína, revmatologie, traumatologie, urogynekologie, vnitřní lékařství, všeobecné praktické lékařství", "care_form": "akutní lůžková péče intenzivní, akutní lůžková péče standardní, ambulantní péče, jednodenní péče, stacionární péče, zdrav. péče poskytovaná ve vlastním soc. prostředí pacienta - domácí péče - ošetřovatelská", "provider_ico": 26000237, "website": "http://www.nemtru.cz", "phone": "+420499866111", "latitude": 50.560444786220003, "longitude": 15.919335593026, "level": 2, "level_label": "Acute hospital – ICU-level, no dedicated ED" }, "geometry": { "type": "Point", "coordinates": [ -630338.487826197873801, -1004311.842910631210543 ] } },
{ "type": "Feature", "properties": { "name": "Karlovarská krajská nemocnice a.s., Nemocnice Karlovy Vary", "facility_type": "Nemocnice", "city": "Karlovy Vary", "region": "Karlovarský kraj", "district": "Karlovy Vary", "postcode": 36001.0, "street": "Bezručova", "street_number": "1367/19e", "specialties": "anesteziologie a intenzivní medicína, angiologie, cévní chirurgie, dermatovenerologie, dětská chirurgie, dětské lékařství, endokrinologie a diabetologie, Ergoterapeut, foniatrie, Fyzioterapeut, gastroenterologie, gynekologie a porodnictví, chirurgie, infekční lékařství, intenzívní medicína , kardiologie, Klinický logoped, nefrologie, neonatologie, neurologie, nukleární medicína, ortopedie a traumatologie pohybového ústrojí, otorinolaryngologie a chirurgie hlavy a krku, pneumologie a ftizeologie, Porodní asistentka, praktické lékařství pro děti a dorost, radiologie a zobrazovací metody, rehabilitační a fyzikální medicína, traumatologie, urologie, vnitřní lékařství, všeobecné praktické lékařství", "care_form": "akutní lůžková péče intenzivní, akutní lůžková péče standardní, ambulantní péče, jednodenní péče, stacionární péče, zdrav. péče poskytovaná ve vlastním soc. prostředí pacienta - domácí péče - ošetřovatelská", "provider_ico": 26365804, "website": "http://www.kkn.cz", "phone": "+420354225111", "latitude": 50.23266347389, "longitude": 12.876607627899, "level": 2, "level_label": "Acute hospital – ICU-level, no dedicated ED" }, "geometry": { "type": "Point", "coordinates": [ -849615.147791027091444, -1010863.808591423206963 ] } },
{ "type": "Feature", "properties": { "name": "Oblastní nemocnice Náchod a.s., Nemocnice Rychnov nad Kněžnou", "facility_type": "Nemocnice", "city": "Rychnov nad Kněžnou", "region": "Královéhradecký kraj", "district": "Rychnov nad Kněžnou", "postcode": 51601.0, "street": "Jiráskova", "street_number": "506", "specialties": "anesteziologie a intenzivní medicína, dětské lékařství, Fyzioterapeut, gastroenterologie, gynekologie a porodnictví, hematologie a transfúzní lékařství, chirurgie, kardiologie, klinická biochemie, klinická onkologie, ortopedie a traumatologie pohybového ústrojí, praktické lékařství pro děti a dorost, radiologie a zobrazovací metody, rehabilitační a fyzikální medicína, urologie, vnitřní lékařství", "care_form": "akutní lůžková péče intenzivní, akutní lůžková péče standardní, ambulantní péče, jednodenní péče, následná lůžková léčebně rehabilitační péče, následná lůžková péče - standardní, stacionární péče", "provider_ico": 26000202, "website": "http://www.nemocnicenachod.cz", "phone": "+420491601111", "latitude": 50.167978936639997, "longitude": 16.27078928153, "level": 2, "level_label": "Acute hospital – ICU-level, no dedicated ED" }, "geometry": { "type": "Point", "coordinates": [ -610479.715066257864237, -1050539.123048277106136 ] } },
{ "type": "Feature", "properties": { "name": "Nemocnice AGEL Nový Jičín a.s.", "facility_type": "Nemocnice", "city": "Nový Jičín", "region": "Moravskoslezský kraj", "district": "Nový Jičín", "postcode": 74101.0, "street": "K Nemocnici", "street_number": "775/76", "specialties": "alergologie a klinická imunologie, algeziologie, anesteziologie a intenzivní medicína, angiologie, cévní chirurgie, dětská endokrinologie a diabetologie, dětská kardiologie, dětská neurologie, dětské lékařství, endokrinologie a diabetologie, Ergoterapeut, Fyzioterapeut, gastroenterologie, gynekologie a porodnictví, hematologie a transfúzní lékařství, hrudní chirurgie, chirurgie, kardiologie, klinická biochemie, klinická farmacie, klinická onkologie, klinická osteologie, klinická výživa a intenzivní metabolická péče, Klinický logoped, Klinický psycholog, koloproktologie, lékařská mikrobiologie, nefrologie, neonatologie, neurochirurgie, neurologie, nukleární medicína, Nutriční terapeut, Odborný pracovník v ochraně a podpoře veřejného zdraví, onkogynekologie, onkochirurgie, ortopedie a traumatologie pohybového ústrojí, otorinolaryngologie a chirurgie hlavy a krku, paliativní medicína, patologie, plastická chirurgie, pneumologie a ftizeologie, Porodní asistentka, praktické lékárenství, praktické lékařství pro děti a dorost, radiační onkologie, radiologie a zobrazovací metody, rehabilitační a fyzikální medicína, revmatologie, urogynekologie, urologie, vnitřní lékařství, Všeobecná sestra, všeobecné praktické lékařství, zubní lékařství", "care_form": "akutní lůžková péče intenzivní, akutní lůžková péče standardní, ambulantní péče, jednodenní péče, následná lůžková péče - standardní, primární ambulantní péče, specializovaná ambulantní péče, stacionární péče, zdrav. péče poskytovaná ve vlastním soc. prostředí pacienta - domácí péče - ošetřovatelská", "provider_ico": 25886207, "website": "http://nemocnicenovyjicin.agel.cz/", "phone": "+420556773530", "latitude": 49.588974914684002, "longitude": 18.007554910494001, "level": 2, "level_label": "Acute hospital – ICU-level, no dedicated ED" }, "geometry": { "type": "Point", "coordinates": [ -492756.937638251518365, -1127151.876151884673163 ] } },
{ "type": "Feature", "properties": { "name": "Nemocnice Milosrdných sester sv. Karla Boromejského v Praze", "facility_type": "Nemocnice", "city": "Praha 1", "region": "Hlavní město Praha", "district": "Hlavní město Praha", "postcode": 11800.0, "street": "Vlašská", "street_number": "336/36", "specialties": "alergologie a klinická imunologie, anesteziologie a intenzivní medicína, angiologie, dermatovenerologie, dětská gastroenterologie a hepatologie, dětské lékařství, endokrinologie a diabetologie, Ergoterapeut, Fyzioterapeut, gastroenterologie, geriatrie, gynekologie a porodnictví, chirurgie, kardiologie, klinická biochemie, Klinický psycholog, neurologie, Nutriční terapeut, ortopedie a traumatologie pohybového ústrojí, paliativní medicína, praktické lékárenství, psychiatrie, radiologie a zobrazovací metody, rehabilitační a fyzikální medicína, vnitřní lékařství, Všeobecná sestra, všeobecné praktické lékařství, zubní lékařství", "care_form": "akutní lůžková péče intenzivní, akutní lůžková péče standardní, ambulantní péče, jednodenní péče, následná lůžková péče - standardní, zdrav. péče poskytovaná ve vlastním soc. prostředí pacienta - domácí péče - ošetřovatelská, zdrav. péče poskytovaná ve vlastním soc. prostředí pacienta - domácí péče - paliativní", "provider_ico": 73634085, "website": "http://www.nmskb.cz", "phone": "+420257197100", "latitude": 50.087038962042001, "longitude": 14.39623528866, "level": 2, "level_label": "Acute hospital – ICU-level, no dedicated ED" }, "geometry": { "type": "Point", "coordinates": [ -744589.660349598620087, -1042815.486735782586038 ] } },
{ "type": "Feature", "properties": { "name": "Krajská nemocnice T. Bati, a. s.", "facility_type": "Nemocnice", "city": "Zlín", "region": "Zlínský kraj", "district": "Zlín", "postcode": 76001.0, "street": "Havlíčkovo nábřeží", "street_number": "600", "specialties": "alergologie a klinická imunologie, algeziologie, anesteziologie a intenzivní medicína, angiologie, cévní chirurgie, dermatovenerologie, dětská a dorostová psychiatrie, dětská chirurgie, dětská kardiologie, dětská neurologie, dětská otorinolaryngologie, dětské lékařství, endokrinologie a diabetologie, foniatrie, gastroenterologie, geriatrie, gynekologie a porodnictví, gynekologie dětí a dospívajících, hematologie a transfúzní lékařství, hrudní chirurgie, hygiena a epidemiologie, chirurgie, infekční lékařství, intervenční kardiologie, kardiologie, klinická biochemie, klinická farmacie, klinická farmakologie, klinická onkologie, klinická osteologie, Klinický logoped, Klinický psycholog, lékařská genetika, lékařská mikrobiologie, nefrologie, nemocniční lékárenství, neonatologie, neurochirurgie, neurologie, nukleární medicína, Nutriční terapeut, oftalmologie, onkogynekologie, onkochirurgie, orální a maxilofaciální chirurgie, ortopedie a traumatologie pohybového ústrojí, Ortoptista, otorinolaryngologie a chirurgie hlavy a krku, paliativní medicína, patologie, plastická chirurgie, pneumologie a ftizeologie, Porodní asistentka, psychiatrie, radiační onkologie, radiologie a zobrazovací metody, rehabilitační a fyzikální medicína, revmatologie, sexuologie, spondylochirurgie, tělovýchovné lékařství, traumatologie, úrazová chirurgie, urogynekologie, urologie, vnitřní lékařství, všeobecné praktické lékařství, zubní lékařství", "care_form": "akutní lůžková péče intenzivní, akutní lůžková péče standardní, ambulantní péče, dlouhodobá lůžková péče vyjma intenzivní, jednodenní péče, následná lůžková intenzivní péče, následná lůžková péče - standardní, primární ambulantní péče, specializovaná ambulantní péče, zdrav. péče poskytovaná ve vlastním soc. prostředí pacienta - domácí péče - ošetřovatelská", "provider_ico": 27661989, "website": "http://www.kntb.cz", "phone": "+420577551111", "latitude": 49.230094695989997, "longitude": 17.694017285373999, "level": 2, "level_label": "Acute hospital – ICU-level, no dedicated ED" }, "geometry": { "type": "Point", "coordinates": [ -519052.560345317353494, -1164822.248197676381096 ] } },
{ "type": "Feature", "properties": { "name": "Uherskohradišťská nemocnice a.s.", "facility_type": "Nemocnice", "city": "Uherské Hradiště", "region": "Zlínský kraj", "district": "Uherské Hradiště", "postcode": 68606.0, "street": "J. E. Purkyně", "street_number": "365", "specialties": "alergologie a klinická imunologie, anesteziologie a intenzivní medicína, angiologie, dermatovenerologie, dětská endokrinologie a diabetologie, dětská gastroenterologie a hepatologie, dětská kardiologie, dětská nefrologie, dětská neurologie, dětské lékařství, endokrinologie a diabetologie, Ergoterapeut, foniatrie, gastroenterologie, geriatrie, gynekologie a porodnictví, gynekologie dětí a dospívajících, hematologie a transfúzní lékařství, chirurgie, infekční lékařství, kardiologie, klinická biochemie, klinická farmacie, klinická onkologie, klinická výživa a intenzivní metabolická péče, Klinický logoped, Klinický psycholog, lékařská mikrobiologie, nefrologie, neonatologie, neurologie, nukleární medicína, Nutriční terapeut, oftalmologie, ortopedie a traumatologie pohybového ústrojí, Ortoptista, otorinolaryngologie a chirurgie hlavy a krku, paliativní medicína, patologie, pneumologie a ftizeologie, Porodní asistentka, praktické lékárenství, praktické lékařství pro děti a dorost, psychiatrie, radiologie a zobrazovací metody, rehabilitační a fyzikální medicína, revmatologie, urologie, vnitřní lékařství, všeobecné praktické lékařství", "care_form": "akutní lůžková péče intenzivní, akutní lůžková péče standardní, ambulantní péče, jednodenní péče, následná lůžková péče - standardní, primární ambulantní péče, specializovaná ambulantní péče, zdrav. péče poskytovaná ve vlastním soc. prostředí pacienta - domácí péče - ošetřovatelská", "provider_ico": 27660915, "website": "http://www.nemuh.cz", "phone": "+420572529111", "latitude": 49.063063411179002, "longitude": 17.452436432155999, "level": 2, "level_label": "Acute hospital – ICU-level, no dedicated ED" }, "geometry": { "type": "Point", "coordinates": [ -538357.567964088404551, -1181641.689719487447292 ] } },
{ "type": "Feature", "properties": { "name": "Oblastní nemocnice Kolín, a.s., nemocnice Středočeského kraje", "facility_type": "Nemocnice", "city": "Kolín", "region": "Středočeský kraj", "district": "Kolín", "postcode": 28002.0, "street": "Žižkova", "street_number": "146", "specialties": "alergologie a klinická imunologie, anesteziologie a intenzivní medicína, angiologie, dermatovenerologie, dětská chirurgie, dětská kardiologie, dětská nefrologie, dětské lékařství, endokrinologie a diabetologie, foniatrie, Fyzioterapeut, gastroenterologie, gynekologie a porodnictví, gynekologie dětí a dospívajících, hematologie a transfúzní lékařství, chirurgie, infekční lékařství, kardiologie, klinická biochemie, klinická farmacie, klinická onkologie, Klinický logoped, Klinický psycholog, lékařská mikrobiologie, neonatologie, neurologie, nukleární medicína, oftalmologie, onkochirurgie, ortopedie a traumatologie pohybového ústrojí, otorinolaryngologie a chirurgie hlavy a krku, paliativní medicína, patologie, pneumologie a ftizeologie, praktické lékárenství, praktické lékařství pro děti a dorost, radiologie a zobrazovací metody, rehabilitační a fyzikální medicína, revmatologie, tělovýchovné lékařství, urogynekologie, urologie, vnitřní lékařství, všeobecné praktické lékařství, zubní lékařství", "care_form": "akutní lůžková péče intenzivní, akutní lůžková péče standardní, ambulantní péče, následná lůžková péče - standardní, primární ambulantní péče, specializovaná ambulantní péče, zdrav. péče poskytovaná ve vlastním soc. prostředí pacienta - domácí péče - ošetřovatelská", "provider_ico": 27256391, "website": "http://www.nemocnicekolin.cz", "phone": "+420321756111", "latitude": 50.020497185868003, "longitude": 15.197476412965999, "level": 2, "level_label": "Acute hospital – ICU-level, no dedicated ED" }, "geometry": { "type": "Point", "coordinates": [ -688682.780572639312595, -1057688.926555532962084 ] } },
{ "type": "Feature", "properties": { "name": "Oblastní nemocnice Kladno, a.s., nemocnice Středočeského kraje", "facility_type": "Nemocnice", "city": "Kladno", "region": "Středočeský kraj", "district": "Kladno", "postcode": 27201.0, "street": "Vančurova", "street_number": "1548", "specialties": "alergologie a klinická imunologie, algeziologie, anesteziologie a intenzivní medicína, cévní chirurgie, dermatovenerologie, dětská a dorostová psychiatrie, dětská gastroenterologie a hepatologie, dětská chirurgie, dětská kardiologie, dětská nefrologie, dětská neurologie, dětská onkologie a hematologie, dětské lékařství, endokrinologie a diabetologie, Ergoterapeut, Fyzioterapeut, gastroenterologie, gynekologie a porodnictví, gynekologie dětí a dospívajících, hematologie a transfúzní lékařství, chirurgie, kardiologie, klinická biochemie, klinická farmacie, klinická výživa a intenzivní metabolická péče, Klinický logoped, Klinický psycholog, lékařská genetika, lékařská mikrobiologie, nefrologie, neonatologie, neurologie, Nutriční terapeut, oftalmologie, ortopedie a traumatologie pohybového ústrojí, otorinolaryngologie a chirurgie hlavy a krku, paliativní medicína, patologie, pediatrie, pneumologie a ftizeologie, praktické lékárenství, psychiatrie, radiační onkologie, radiologie a zobrazovací metody, rehabilitační a fyzikální medicína, urologie, vnitřní lékařství, zubní lékařství", "care_form": "akutní lůžková péče intenzivní, akutní lůžková péče standardní, ambulantní péče, dlouhodobá intenzivní ošetřovatelská péče (DIOP), následná lůžková intenzivní péče, následná lůžková péče - standardní, primární ambulantní péče, specializovaná ambulantní péče", "provider_ico": 27256537, "website": "http://www.nemocnicekladno.cz", "phone": "+420312606111", "latitude": 50.140924507213001, "longitude": 14.088890560494001, "level": 2, "level_label": "Acute hospital – ICU-level, no dedicated ED" }, "geometry": { "type": "Point", "coordinates": [ -765527.122515510534868, -1033831.656321944086812 ] } },
{ "type": "Feature", "properties": { "name": "Nemocnice AGEL Říčany a.s.", "facility_type": "Nemocnice", "city": "Říčany", "region": "Středočeský kraj", "district": "Praha-východ", "postcode": 25101.0, "street": "Smiřických", "street_number": "315/26", "specialties": "anesteziologie a intenzivní medicína, cévní chirurgie, dětská chirurgie, endokrinologie a diabetologie, Ergoterapeut, Fyzioterapeut, gastroenterologie, hematologie a transfúzní lékařství, chirurgie, kardiologie, klinická biochemie, neurologie, Nutriční terapeut, ortopedie a traumatologie pohybového ústrojí, psychiatrie, radiologie a zobrazovací metody, rehabilitační a fyzikální medicína, revmatologie, urogynekologie, vnitřní lékařství, Všeobecná sestra, všeobecné praktické lékařství", "care_form": "akutní lůžková péče intenzivní, akutní lůžková péče standardní, ambulantní péče, jednodenní péče, následná lůžková léčebně rehabilitační péče, primární ambulantní péče, specializovaná ambulantní péče, zdrav. péče poskytovaná ve vlastním soc. prostředí pacienta - domácí péče - ošetřovatelská", "provider_ico": 27365867, "website": "https://nemocnicericany.agel.cz/", "phone": "+420323627520", "latitude": 49.995956771175003, "longitude": 14.674840261005, "level": 2, "level_label": "Acute hospital – ICU-level, no dedicated ED" }, "geometry": { "type": "Point", "coordinates": [ -726181.794453804381192, -1055543.423386984970421 ] } },
{ "type": "Feature", "properties": { "name": "Nemocnice AGEL Valašské Meziříčí a.s. ", "facility_type": "Nemocnice", "city": "Valašské Meziříčí", "region": "Zlínský kraj", "district": "Vsetín", "postcode": 75701.0, "street": "U Nemocnice", "street_number": "980", "specialties": "alergologie a klinická imunologie, anesteziologie a intenzivní medicína, dětské lékařství, gastroenterologie, gynekologie a porodnictví, chirurgie, kardiologie, klinická biochemie, klinická farmacie, neonatologie, neurologie, patologie, pneumologie a ftizeologie, Porodní asistentka, praktické lékařství pro děti a dorost, radiologie a zobrazovací metody, rehabilitační a fyzikální medicína, urologie, vnitřní lékařství, všeobecné praktické lékařství", "care_form": "akutní lůžková péče intenzivní, akutní lůžková péče standardní, ambulantní péče, jednodenní péče, následná lůžková péče - standardní, zdrav. péče poskytovaná ve vlastním soc. prostředí pacienta - domácí péče - ošetřovatelská", "provider_ico": 26822105, "website": "http://nemocnicevalmez.agel.cz/", "phone": "+420571758111", "latitude": 49.462921234991001, "longitude": 17.977026489543999, "level": 2, "level_label": "Acute hospital – ICU-level, no dedicated ED" }, "geometry": { "type": "Point", "coordinates": [ -496210.193325352680404, -1140917.407750386744738 ] } },
{ "type": "Feature", "properties": { "name": "Bohumínská městská nemocnice, a.s.", "facility_type": "Nemocnice", "city": "Bohumín", "region": "Moravskoslezský kraj", "district": "Karviná", "postcode": 73581.0, "street": "Slezská", "street_number": "207", "specialties": "alergologie a klinická imunologie, algeziologie, anesteziologie a intenzivní medicína, cévní chirurgie, endokrinologie a diabetologie, Fyzioterapeut, geriatrie, gynekologie a porodnictví, hematologie a transfúzní lékařství, chirurgie, kardiologie, klinická biochemie, ortopedie a traumatologie pohybového ústrojí, plastická chirurgie, pneumologie a ftizeologie, radiologie a zobrazovací metody, rehabilitační a fyzikální medicína, urologie, vnitřní lékařství, všeobecné praktické lékařství", "care_form": "akutní lůžková péče intenzivní, akutní lůžková péče standardní, ambulantní péče, dlouhodobá intenzivní ošetřovatelská péče (DIOP), dlouhodobá lůžková péče vyjma intenzivní, jednodenní péče, následná lůžková intenzivní péče, následná lůžková péče - standardní", "provider_ico": 26834022, "website": "http://www.nembo.cz", "phone": "+420596096314", "latitude": 49.917935166516997, "longitude": 18.335447846021999, "level": 2, "level_label": "Acute hospital – ICU-level, no dedicated ED" }, "geometry": { "type": "Point", "coordinates": [ -466036.434459111536853, -1092755.914260375546291 ] } },
{ "type": "Feature", "properties": { "name": "Oblastní nemocnice Příbram, a.s.", "facility_type": "Nemocnice", "city": "Příbram", "region": "Středočeský kraj", "district": "Příbram", "postcode": 26101.0, "street": "Gen. R. Tesaříka", "street_number": "80", "specialties": "Adiktolog, algeziologie, anesteziologie a intenzivní medicína, cévní chirurgie, dermatovenerologie, dětská chirurgie, dětská kardiologie, dětské lékařství, endokrinologie a diabetologie, Ergoterapeut, Fyzioterapeut, gastroenterologie, gynekologie a porodnictví, hematologie a transfúzní lékařství, chirurgie, infekční lékařství, kardiologie, klinická biochemie, klinická farmacie, klinická onkologie, Klinický logoped, Klinický psycholog, lékařská mikrobiologie, neonatologie, neurologie, Nutriční terapeut, oftalmologie, ortopedie a traumatologie pohybového ústrojí, Ortoptista, otorinolaryngologie a chirurgie hlavy a krku, paliativní medicína, patologie, pediatrie, plastická chirurgie, pneumologie a ftizeologie, praktické lékárenství, psychiatrie, radiologie a zobrazovací metody, rehabilitační a fyzikální medicína, urologie, vnitřní lékařství, Všeobecná sestra", "care_form": "akutní lůžková péče intenzivní, akutní lůžková péče standardní, ambulantní péče, dlouhodobá lůžková paliativní péče, jednodenní péče, primární ambulantní péče, specializovaná ambulantní péče, zdrav. péče poskytovaná ve vlastním soc. prostředí pacienta - domácí péče - ošetřovatelská, zdrav. péče poskytovaná ve vlastním soc. prostředí pacienta - domácí péče - paliativní", "provider_ico": 27085031, "website": "http://nemocnicepribram.cz", "phone": "+420318641123", "latitude": 49.691771509878002, "longitude": 14.010450322883999, "level": 2, "level_label": "Acute hospital – ICU-level, no dedicated ED" }, "geometry": { "type": "Point", "coordinates": [ -778159.293479246785864, -1082488.755472126882523 ] } },
{ "type": "Feature", "properties": { "name": "Nemocnice Boskovice s.r.o.", "facility_type": "Nemocnice", "city": "Boskovice", "region": "Jihomoravský kraj", "district": "Blansko", "postcode": 68001.0, "street": "Otakara Kubína", "street_number": "179", "specialties": "anesteziologie a intenzivní medicína, dětská endokrinologie a diabetologie, dětská gastroenterologie a hepatologie, dětská kardiologie, dětská nefrologie, dětská neurologie, dětské lékařství, endokrinologie a diabetologie, Ergoterapeut, Fyzioterapeut, gastroenterologie, gynekologie a porodnictví, hematologie a transfúzní lékařství, chirurgie, kardiologie, klinická biochemie, klinická onkologie, Klinický psycholog, lékařská mikrobiologie, neonatologie, neurologie, ortopedie a traumatologie pohybového ústrojí, patologie, praktické lékárenství, praktické lékařství pro děti a dorost, psychiatrie, radiologie a zobrazovací metody, rehabilitační a fyzikální medicína, urologie, vnitřní lékařství, Všeobecná sestra, všeobecné praktické lékařství", "care_form": "akutní lůžková péče intenzivní, akutní lůžková péče standardní, ambulantní péče, dlouhodobá lůžková péče vyjma intenzivní, jednodenní péče, následná lůžková intenzivní péče, následná lůžková léčebně rehabilitační péče, následná lůžková péče - standardní, primární ambulantní péče, specializovaná ambulantní péče", "provider_ico": 26925974, "website": "http://www.nembce.cz", "phone": null, "latitude": 49.490984962829998, "longitude": 16.643059436019001, "level": 2, "level_label": "Acute hospital – ICU-level, no dedicated ED" }, "geometry": { "type": "Point", "coordinates": [ -592099.764139812206849, -1128313.007202594075352 ] } },
{ "type": "Feature", "properties": { "name": "Nemocnice Český Krumlov, a.s.", "facility_type": "Nemocnice", "city": "Český Krumlov", "region": "Jihočeský kraj", "district": "Český Krumlov", "postcode": 38101.0, "street": "Nemocniční", "street_number": "429", "specialties": "algeziologie, anesteziologie a intenzivní medicína, dětské lékařství, endokrinologie a diabetologie, Ergoterapeut, gastroenterologie, gynekologie a porodnictví, gynekologie dětí a dospívajících, hematologie a transfúzní lékařství, chirurgie, kardiologie, klinická biochemie, klinická onkologie, nefrologie, nemocniční lékárenství, neurologie, ortopedie a traumatologie pohybového ústrojí, otorinolaryngologie a chirurgie hlavy a krku, paliativní medicína, patologie, Porodní asistentka, praktické lékařství pro děti a dorost, radiologie a zobrazovací metody, rehabilitační a fyzikální medicína, revmatologie, urologie, vnitřní lékařství, všeobecné praktické lékařství", "care_form": "akutní lůžková péče intenzivní, akutní lůžková péče standardní, ambulantní péče, dlouhodobá lůžková péče vyjma intenzivní, jednodenní péče, sociálně-zdravotní lůžková péče, zdrav. péče poskytovaná ve vlastním soc. prostředí pacienta - návštěvní služba", "provider_ico": 26095149, "website": "http://www.nemck.cz", "phone": "+420380761111", "latitude": 48.811469425490003, "longitude": 14.326703260254, "level": 2, "level_label": "Acute hospital – ICU-level, no dedicated ED" }, "geometry": { "type": "Point", "coordinates": [ -769031.980095413280651, -1182644.270103416405618 ] } },
{ "type": "Feature", "properties": { "name": "Karlovarská krajská nemocnice a.s., Nemocnice Cheb", "facility_type": "Nemocnice", "city": "Cheb", "region": "Karlovarský kraj", "district": "Cheb", "postcode": 35002.0, "street": "K Nemocnici", "street_number": "1204/17", "specialties": "algeziologie, anesteziologie a intenzivní medicína, dětská kardiologie, dětské lékařství, endokrinologie a diabetologie, Fyzioterapeut, gastroenterologie, gynekologie a porodnictví, hematologie a transfúzní lékařství, chirurgie, klinická biochemie, klinická onkologie, neonatologie, neurologie, Nutriční terapeut, oftalmologie, ortopedie a traumatologie pohybového ústrojí, otorinolaryngologie a chirurgie hlavy a krku, paliativní medicína, pneumologie a ftizeologie, Porodní asistentka, praktické lékařství pro děti a dorost, radiační onkologie, radiologie a zobrazovací metody, rehabilitační a fyzikální medicína, urologie, vnitřní lékařství, všeobecné praktické lékařství, Zdravotní laborant pro klinickou hematologii a transfuzní službu", "care_form": "akutní lůžková péče intenzivní, akutní lůžková péče standardní, ambulantní péče, jednodenní péče, následná lůžková péče - standardní, stacionární péče, zdrav. péče poskytovaná ve vlastním soc. prostředí pacienta - domácí péče - ošetřovatelská", "provider_ico": 26365804, "website": "http://www.kkn.cz", "phone": "+420354225111", "latitude": 50.069906592206003, "longitude": 12.366938322732, "level": 2, "level_label": "Acute hospital – ICU-level, no dedicated ED" }, "geometry": { "type": "Point", "coordinates": [ -888468.041519466321915, -1022897.72442455298733 ] } },
{ "type": "Feature", "properties": { "name": "Nemocnice Tábor, a.s.", "facility_type": "Nemocnice", "city": "Tábor", "region": "Jihočeský kraj", "district": "Tábor", "postcode": 39003.0, "street": "Kpt. Jaroše", "street_number": "2000/10", "specialties": "Adiktolog, alergologie a klinická imunologie, algeziologie, anesteziologie a intenzivní medicína, angiologie, cévní chirurgie, dermatovenerologie, dětská a dorostová psychiatrie, dětská chirurgie, dětská kardiologie, dětská nefrologie, dětská neurologie, dětské lékařství, endokrinologie a diabetologie, Ergoterapeut, Fyzioterapeut, gastroenterologie, gynekologie a porodnictví, hematologie a transfúzní lékařství, chirurgie, infekční lékařství, klinická biochemie, klinická farmacie, Klinický logoped, Klinický psycholog, lékařská mikrobiologie, medicína dlouhodobé péče, návykové nemoci, nefrologie, nemocniční lékárenství, neurologie, Nutriční terapeut, oftalmologie, ortopedie a traumatologie pohybového ústrojí, otorinolaryngologie a chirurgie hlavy a krku, paliativní medicína, patologie, pneumologie a ftizeologie, Porodní asistentka, praktické lékárenství, praktické lékařství pro děti a dorost, psychiatrie, radiologie a zobrazovací metody, rehabilitační a fyzikální medicína, revmatologie, sexuologie, tělovýchovné lékařství, traumatologie, urologie, vnitřní lékařství, všeobecné praktické lékařství", "care_form": "akutní lůžková péče intenzivní, akutní lůžková péče standardní, ambulantní péče, dlouhodobá lůžková péče vyjma intenzivní, jednodenní péče, specializovaná ambulantní péče, stacionární péče, zdrav. péče poskytovaná ve vlastním soc. prostředí pacienta - domácí péče - ošetřovatelská, zdrav. péče poskytovaná ve vlastním soc. prostředí pacienta - návštěvní služba", "provider_ico": 26095203, "website": "www.nemta.cz", "phone": "+420381608111", "latitude": 49.417914487160999, "longitude": 14.653847377049001, "level": 2, "level_label": "Acute hospital – ICU-level, no dedicated ED" }, "geometry": { "type": "Point", "coordinates": [ -736239.527467790758237, -1119055.7944303129334 ] } },
{ "type": "Feature", "properties": { "name": "Nemocnice Strakonice, a.s.", "facility_type": "Nemocnice", "city": "Strakonice", "region": "Jihočeský kraj", "district": "Strakonice", "postcode": 38601.0, "street": "Radomyšlská", "street_number": "336", "specialties": "alergologie a klinická imunologie, algeziologie, anesteziologie a intenzivní medicína, cévní chirurgie, dermatovenerologie, dětská kardiologie, dětská neurologie, dětská otorinolaryngologie, dětské lékařství, endokrinologie a diabetologie, Ergoterapeut, gastroenterologie, gynekologie a porodnictví, hematologie a transfúzní lékařství, chirurgie, infekční lékařství, kardiologie, klinická biochemie, klinická farmacie, klinická onkologie, Klinický psycholog, lékařská mikrobiologie, nefrologie, nemocniční lékárenství, neurologie, nukleární medicína, Nutriční terapeut, Ortoptista, otorinolaryngologie a chirurgie hlavy a krku, patologie, pneumologie a ftizeologie, Porodní asistentka, psychiatrie, radiologie a zobrazovací metody, rehabilitační a fyzikální medicína, traumatologie, urologie, vnitřní lékařství, zubní lékařství", "care_form": "akutní lůžková péče intenzivní, akutní lůžková péče standardní, ambulantní péče, jednodenní péče, následná lůžková péče - standardní, stacionární péče, zdrav. péče poskytovaná ve vlastním soc. prostředí pacienta - domácí péče - ošetřovatelská", "provider_ico": 26095181, "website": "http://www.nemst.cz", "phone": "+420383314111", "latitude": 49.265552283490003, "longitude": 13.907037471498001, "level": 2, "level_label": "Acute hospital – ICU-level, no dedicated ED" }, "geometry": { "type": "Point", "coordinates": [ -792327.826703533297405, -1128339.324618012877181 ] } },
{ "type": "Feature", "properties": { "name": "Nemocnice Prachatice, a.s.", "facility_type": "Nemocnice", "city": "Prachatice", "region": "Jihočeský kraj", "district": "Prachatice", "postcode": 38301.0, "street": "Nebahovská", "street_number": "1015", "specialties": "anesteziologie a intenzivní medicína, dermatovenerologie, dětské lékařství, gastroenterologie, gynekologie a porodnictví, hematologie a transfúzní lékařství, chirurgie, kardiologie, klinická biochemie, klinická farmacie, klinická onkologie, lékařská mikrobiologie, nefrologie, nemocniční lékárenství, ortopedie a traumatologie pohybového ústrojí, radiologie a zobrazovací metody, rehabilitační a fyzikální medicína, revmatologie, traumatologie, vnitřní lékařství", "care_form": "akutní lůžková péče intenzivní, akutní lůžková péče standardní, ambulantní péče, dlouhodobá lůžková péče vyjma intenzivní, jednodenní péče, následná lůžková péče - standardní, stacionární péče", "provider_ico": 26095165, "website": "https://www.nempt.cz/", "phone": null, "latitude": 49.007137291771997, "longitude": 14.01078324793, "level": 2, "level_label": "Acute hospital – ICU-level, no dedicated ED" }, "geometry": { "type": "Point", "coordinates": [ -788926.737805970245972, -1157863.582131898263469 ] } },
{ "type": "Feature", "properties": { "name": "Nemocnice Písek, a.s.", "facility_type": "Nemocnice", "city": "Písek", "region": "Jihočeský kraj", "district": "Písek", "postcode": 39701.0, "street": "Karla Čapka", "street_number": "589", "specialties": "alergologie a klinická imunologie, anesteziologie a intenzivní medicína, dětská chirurgie, dětská kardiologie, dětská neurologie, dětská revmatologie, dětské lékařství, endokrinologie a diabetologie, Ergoterapeut, Fyzioterapeut, gastroenterologie, geriatrie, gynekologie a porodnictví, hematologie a transfúzní lékařství, chirurgie, infekční lékařství, kardiologie, klinická biochemie, klinická onkologie, klinická osteologie, Klinický logoped, lékařská mikrobiologie, nefrologie, nemocniční lékárenství, neurologie, oftalmologie, ortopedie a traumatologie pohybového ústrojí, otorinolaryngologie a chirurgie hlavy a krku, paliativní medicína, patologie, pneumologie a ftizeologie, Porodní asistentka, radiologie a zobrazovací metody, rehabilitační a fyzikální medicína, revmatologie, urogynekologie, urologie, vnitřní lékařství", "care_form": "akutní lůžková péče intenzivní, akutní lůžková péče standardní, ambulantní péče, dlouhodobá intenzivní ošetřovatelská péče (DIOP), jednodenní péče, následná lůžková péče - standardní, stacionární péče, zdrav. péče poskytovaná ve vlastním soc. prostředí pacienta - domácí péče - ošetřovatelská", "provider_ico": 26095190, "website": "http://www.nemopisek.cz", "phone": "+420382772001", "latitude": 49.302892439768002, "longitude": 14.15608838693, "level": 2, "level_label": "Acute hospital – ICU-level, no dedicated ED" }, "geometry": { "type": "Point", "coordinates": [ -773803.554876363254152, -1126791.362872668076307 ] } },
{ "type": "Feature", "properties": { "name": "Krajská zdravotní, a.s. - Nemocnice Chomutov, o.z.", "facility_type": "Nemocnice", "city": "Chomutov", "region": "Ústecký kraj", "district": "Chomutov", "postcode": 43001.0, "street": "Kochova", "street_number": "1185", "specialties": "alergologie a klinická imunologie, algeziologie, anesteziologie a intenzivní medicína, cévní chirurgie, dermatovenerologie, dětská endokrinologie a diabetologie, dětská gastroenterologie a hepatologie, dětská neurologie, dětské lékařství, endokrinologie a diabetologie, Fyzioterapeut, gastroenterologie, gynekologie a porodnictví, hematologie a transfúzní lékařství, chirurgie, kardiologie, klinická biochemie, klinická onkologie, Klinický logoped, Klinický psycholog, nefrologie, neonatologie, neurologie, nukleární medicína, Nutriční terapeut, oftalmologie, ortopedie a traumatologie pohybového ústrojí, otorinolaryngologie a chirurgie hlavy a krku, patologie, pneumologie a ftizeologie, Porodní asistentka, praktické lékařství pro děti a dorost, radiační onkologie, radiologie a zobrazovací metody, rehabilitační a fyzikální medicína, traumatologie, urogynekologie, urologie, vnitřní lékařství, Všeobecná sestra, všeobecné praktické lékařství", "care_form": "akutní lůžková péče intenzivní, akutní lůžková péče standardní, ambulantní péče, dlouhodobá lůžková paliativní péče, jednodenní péče, následná lůžková léčebně rehabilitační péče, specializovaná ambulantní péče, zdrav. péče poskytovaná ve vlastním soc. prostředí pacienta - domácí péče - ošetřovatelská", "provider_ico": 25488627, "website": "www.kzcr.eu", "phone": "+420477114126", "latitude": 50.455179913020999, "longitude": 13.411288888201, "level": 2, "level_label": "Acute hospital – ICU-level, no dedicated ED" }, "geometry": { "type": "Point", "coordinates": [ -808215.224336206796579, -992239.359574226895347 ] } },
{ "type": "Feature", "properties": { "name": "Krajská zdravotní, a.s. - Nemocnice Most, o.z.", "facility_type": "Nemocnice", "city": "Most", "region": "Ústecký kraj", "district": "Most", "postcode": 43401.0, "street": "J. E. Purkyně", "street_number": "270/5", "specialties": "alergologie a klinická imunologie, anesteziologie a intenzivní medicína, cévní chirurgie, dermatovenerologie, dětská chirurgie, dětská kardiologie, dětská neurologie, dětské lékařství, endokrinologie a diabetologie, Fyzioterapeut, gastroenterologie, gynekologie a porodnictví, hematologie a transfúzní lékařství, chirurgie, kardiologie, klinická biochemie, klinická onkologie, Klinický psycholog, lékařská mikrobiologie, neonatologie, neurologie, Nutriční terapeut, oftalmologie, ortopedie a traumatologie pohybového ústrojí, Ortotik-protetik, otorinolaryngologie a chirurgie hlavy a krku, paliativní medicína, patologie, pneumologie a ftizeologie, praktické lékařství pro děti a dorost, psychiatrie, radiologie a zobrazovací metody, rehabilitační a fyzikální medicína, revmatologie, traumatologie, urologie, vnitřní lékařství, Zdravotní laborant pro toxikologii", "care_form": "akutní lůžková péče intenzivní, akutní lůžková péče standardní, ambulantní péče, dlouhodobá intenzivní ošetřovatelská péče (DIOP), jednodenní péče, následná lůžková intenzivní péče, specializovaná ambulantní péče", "provider_ico": 25488627, "website": "www.kzcr.eu", "phone": "+420477114126", "latitude": 50.507697189925999, "longitude": 13.627345186878999, "level": 2, "level_label": "Acute hospital – ICU-level, no dedicated ED" }, "geometry": { "type": "Point", "coordinates": [ -792184.887827355298214, -988736.053172081359662 ] } },
{ "type": "Feature", "properties": { "name": "Krajská zdravotní, a.s. - Nemocnice Teplice, o.z.", "facility_type": "Nemocnice", "city": "Teplice", "region": "Ústecký kraj", "district": "Teplice", "postcode": 41501.0, "street": "Duchcovská", "street_number": "962/53", "specialties": "algeziologie, anesteziologie a intenzivní medicína, angiologie, cévní chirurgie, dermatovenerologie, dětská kardiologie, dětská neurologie, dětské lékařství, endokrinologie a diabetologie, Fyzioterapeut, gastroenterologie, gynekologie a porodnictví, hematologie a transfúzní lékařství, chirurgie, kardiologie, klinická biochemie, klinická onkologie, Klinický logoped, Klinický psycholog, nefrologie, neonatologie, neurologie, Nutriční terapeut, oftalmologie, ortopedie a traumatologie pohybového ústrojí, otorinolaryngologie a chirurgie hlavy a krku, Porodní asistentka, praktické lékařství pro děti a dorost, radiologie a zobrazovací metody, rehabilitační a fyzikální medicína, traumatologie, urologie, vnitřní lékařství, všeobecné praktické lékařství", "care_form": "akutní lůžková péče intenzivní, akutní lůžková péče standardní, ambulantní péče, dlouhodobá lůžková paliativní péče, jednodenní péče, následná lůžková léčebně rehabilitační péče, primární ambulantní péče, specializovaná ambulantní péče, zdrav. péče poskytovaná ve vlastním soc. prostředí pacienta - domácí péče - léčebně rehabilitační, zdrav. péče poskytovaná ve vlastním soc. prostředí pacienta - domácí péče - ošetřovatelská", "provider_ico": 25488627, "website": "www.kzcr.eu", "phone": "+420477114126", "latitude": 50.636564325902, "longitude": 13.810856307098, "level": 2, "level_label": "Acute hospital – ICU-level, no dedicated ED" }, "geometry": { "type": "Point", "coordinates": [ -777237.018781601684168, -976447.597495645051822 ] } },
{ "type": "Feature", "properties": { "name": "Krajská zdravotní, a.s. - Nemocnice Děčín, o.z.", "facility_type": "Nemocnice", "city": "Děčín", "region": "Ústecký kraj", "district": "Děčín", "postcode": 40502.0, "street": "U Nemocnice", "street_number": "605/1", "specialties": "algeziologie, anesteziologie a intenzivní medicína, cévní chirurgie, dětská kardiologie, dětské lékařství, endokrinologie a diabetologie, foniatrie, Fyzioterapeut, gastroenterologie, gynekologie a porodnictví, hematologie a transfúzní lékařství, chirurgie, kardiologie, klinická biochemie, klinická výživa a intenzivní metabolická péče, Klinický logoped, Klinický psycholog, koloproktologie, nefrologie, neonatologie, neurologie, Nutriční terapeut, oftalmologie, onkochirurgie, ortopedie a traumatologie pohybového ústrojí, otorinolaryngologie a chirurgie hlavy a krku, patologie, Porodní asistentka, praktické lékařství pro děti a dorost, rehabilitační a fyzikální medicína, traumatologie, urogynekologie, urologie, vnitřní lékařství, všeobecné praktické lékařství", "care_form": "akutní lůžková péče intenzivní, akutní lůžková péče standardní, ambulantní péče, dlouhodobá lůžková paliativní péče, jednodenní péče, následná lůžková léčebně rehabilitační péče, specializovaná ambulantní péče, zdrav. péče poskytovaná ve vlastním soc. prostředí pacienta - domácí péče - ošetřovatelská", "provider_ico": 25488627, "website": "www.kzcr.eu", "phone": "+420477114126", "latitude": 50.781404472603, "longitude": 14.225036115026001, "level": 2, "level_label": "Acute hospital – ICU-level, no dedicated ED" }, "geometry": { "type": "Point", "coordinates": [ -745995.319599458249286, -964641.913758756243624 ] } },
{ "type": "Feature", "properties": { "name": "Nemocnice Jindřichův Hradec, a.s.", "facility_type": "Nemocnice", "city": "Jindřichův Hradec", "region": "Jihočeský kraj", "district": "Jindřichův Hradec", "postcode": 37701.0, "street": "U Nemocnice", "street_number": "380", "specialties": "algeziologie, anesteziologie a intenzivní medicína, angiologie, dermatovenerologie, dětská a dorostová psychiatrie, dětská neurologie, dětské lékařství, endokrinologie a diabetologie, Ergoterapeut, Fyzioterapeut, gastroenterologie, gynekologie a porodnictví, gynekologie dětí a dospívajících, hematologie a transfúzní lékařství, chirurgie, kardiologie, klinická biochemie, klinická farmacie, klinická onkologie, Klinický logoped, lékařská mikrobiologie, nefrologie, nemocniční lékárenství, neonatologie, neurologie, Nutriční terapeut, oftalmologie, ortopedie a traumatologie pohybového ústrojí, Ortoptista, otorinolaryngologie a chirurgie hlavy a krku, patologie, Porodní asistentka, radiologie a zobrazovací metody, rehabilitační a fyzikální medicína, revmatologie, sexuologie, urologie, vnitřní lékařství, Všeobecná sestra, všeobecné praktické lékařství", "care_form": "akutní lůžková péče intenzivní, akutní lůžková péče standardní, ambulantní péče, dlouhodobá intenzivní ošetřovatelská péče (DIOP), dlouhodobá lůžková paliativní péče, jednodenní péče, následná lůžková intenzivní péče, následná lůžková péče - standardní, specializovaná ambulantní péče, stacionární péče, zdrav. péče poskytovaná ve vlastním soc. prostředí pacienta - domácí péče - léčebně rehabilitační, zdrav. péče poskytovaná ve vlastním soc. prostředí pacienta - domácí péče - ošetřovatelská, zdrav. péče poskytovaná ve vlastním soc. prostředí pacienta - umělá plicní ventilace", "provider_ico": 26095157, "website": "http://www.nemjh.cz", "phone": "+420384376111", "latitude": 49.138976718225003, "longitude": 15.003918303895, "level": 2, "level_label": "Acute hospital – ICU-level, no dedicated ED" }, "geometry": { "type": "Point", "coordinates": [ -715049.532886097556911, -1153143.473705240990967 ] } },
{ "type": "Feature", "properties": { "name": "PP Hospitals, s.r.o., Nemocnice Brandýs nad Labem", "facility_type": "Nemocnice", "city": "Brandýs nad Labem-Stará Boleslav", "region": "Středočeský kraj", "district": "Praha-východ", "postcode": 25001.0, "street": "Brázdimská", "street_number": "1000/3", "specialties": "anesteziologie a intenzivní medicína, angiologie, dermatovenerologie, endokrinologie a diabetologie, Fyzioterapeut, gastroenterologie, geriatrie, gynekologie a porodnictví, chirurgie, intenzívní medicína , kardiologie, klinická biochemie, nefrologie, neurologie, ortopedie a traumatologie pohybového ústrojí, otorinolaryngologie a chirurgie hlavy a krku, praktické lékařství pro děti a dorost, radiologie a zobrazovací metody, rehabilitační a fyzikální medicína, revmatologie, urologie, vnitřní lékařství, všeobecné praktické lékařství, zubní lékařství", "care_form": "akutní lůžková péče intenzivní, akutní lůžková péče standardní, dlouhodobá intenzivní ošetřovatelská péče (DIOP), jednodenní péče, následná lůžková péče - standardní, primární ambulantní péče, specializovaná ambulantní péče", "provider_ico": 26085011, "website": "http://www.nemocnicebrandysnadlabem.cz", "phone": "+420326746511", "latitude": 50.188230367145998, "longitude": 14.652150471841001, "level": 2, "level_label": "Acute hospital – ICU-level, no dedicated ED" }, "geometry": { "type": "Point", "coordinates": [ -724944.105498199118301, -1034132.752654357580468 ] } },
{ "type": "Feature", "properties": { "name": "NH Hospital a.s., Nemocnice Hořovice", "facility_type": "Nemocnice", "city": "Hořovice", "region": "Středočeský kraj", "district": "Beroun", "postcode": 26801.0, "street": "K Nemocnici", "street_number": "1106/14", "specialties": "alergologie a klinická imunologie, algeziologie, anesteziologie a intenzivní medicína, cévní chirurgie, Dentální hygienistka, dětská kardiologie, dětská nefrologie, dětská neurologie, dětská urologie, dětské lékařství, endokrinologie a diabetologie, Ergoterapeut, gastroenterologie, gynekologie a porodnictví, gynekologie dětí a dospívajících, hematologie a transfúzní lékařství, chirurgie, kardiologie, klinická biochemie, koloproktologie, lékařská genetika, neonatologie, neurologie, ortopedie a traumatologie pohybového ústrojí, otorinolaryngologie a chirurgie hlavy a krku, paliativní medicína, patologie, plastická chirurgie, pneumologie a ftizeologie, praktické lékařství pro děti a dorost, psychiatrie, radiologie a zobrazovací metody, rehabilitační a fyzikální medicína, traumatologie, urologie, vnitřní lékařství, všeobecné praktické lékařství, zubní lékařství, Zubní technik", "care_form": "akutní lůžková péče intenzivní, akutní lůžková péče standardní, ambulantní péče, dlouhodobá intenzivní ošetřovatelská péče (DIOP), jednodenní péče, následná lůžková intenzivní péče, specializovaná ambulantní péče", "provider_ico": 27872963, "website": "www.nemocnice-horovice.cz", "phone": "+420251627500", "latitude": 49.840654184941997, "longitude": 13.915583751432001, "level": 2, "level_label": "Acute hospital – ICU-level, no dedicated ED" }, "geometry": { "type": "Point", "coordinates": [ -782565.883202025434002, -1065126.421012599486858 ] } },
{ "type": "Feature", "properties": { "name": "Vsetínská nemocnice a.s.", "facility_type": "Nemocnice", "city": "Vsetín", "region": "Zlínský kraj", "district": "Vsetín", "postcode": 75501.0, "street": "Nemocniční", "street_number": "955", "specialties": "anesteziologie a intenzivní medicína, angiologie, cévní chirurgie, dětské lékařství, endokrinologie a diabetologie, Ergoterapeut, foniatrie, Fyzioterapeut, gastroenterologie, geriatrie, gynekologie a porodnictví, hematologie a transfúzní lékařství, chirurgie, infekční lékařství, kardiologie, klinická biochemie, Klinický psycholog, lékařská mikrobiologie, nefrologie, nemocniční lékárenství, neurologie, Nutriční terapeut, ortopedie a traumatologie pohybového ústrojí, otorinolaryngologie a chirurgie hlavy a krku, paliativní medicína, patologie, pneumologie a ftizeologie, praktické lékařství pro děti a dorost, radiologie a zobrazovací metody, rehabilitační a fyzikální medicína, úrazová chirurgie, vnitřní lékařství, všeobecné praktické lékařství, zubní lékařství", "care_form": "akutní lůžková péče intenzivní, akutní lůžková péče standardní, ambulantní péče, jednodenní péče, následná lůžková péče - standardní", "provider_ico": 26871068, "website": "http://www.nemocnice-vs.cz", "phone": "+420571818111", "latitude": 49.332173898386998, "longitude": 17.998204437167999, "level": 2, "level_label": "Acute hospital – ICU-level, no dedicated ED" }, "geometry": { "type": "Point", "coordinates": [ -495978.74600263859611, -1155536.935113695915788 ] } },
{ "type": "Feature", "properties": { "name": "Oblastní nemocnice Kolín, a.s., nemocnice Středočeského kraje, Nemocnice Kutná Hora", "facility_type": "Nemocnice", "city": "Kutná Hora", "region": "Středočeský kraj", "district": "Kutná Hora", "postcode": 28401.0, "street": "Vojtěšská", "street_number": "237/26", "specialties": "anesteziologie a intenzivní medicína, endokrinologie a diabetologie, Fyzioterapeut, gastroenterologie, hematologie a transfúzní lékařství, chirurgie, kardiologie, klinická biochemie, návykové nemoci, oftalmologie, ortopedie a traumatologie pohybového ústrojí, patologie, praktické lékárenství, radiologie a zobrazovací metody, rehabilitační a fyzikální medicína, traumatologie, urologie, vnitřní lékařství, všeobecné praktické lékařství", "care_form": "akutní lůžková péče intenzivní, akutní lůžková péče standardní, ambulantní péče, dlouhodobá lůžková paliativní péče, dlouhodobá lůžková péče vyjma intenzivní, jednodenní péče, následná lůžková intenzivní péče, následná lůžková péče - standardní, primární ambulantní péče, specializovaná ambulantní péče", "provider_ico": 27256391, "website": "http://www.nemocnicekolin.cz", "phone": "+420321756111", "latitude": 49.946130856894001, "longitude": 15.253491897809999, "level": 2, "level_label": "Acute hospital – ICU-level, no dedicated ED" }, "geometry": { "type": "Point", "coordinates": [ -685737.136456985492259, -1066399.249280699528754 ] } },
{ "type": "Feature", "properties": { "name": "Mělnická zdravotní, a.s., Nemocnice Mělník", "facility_type": "Nemocnice", "city": "Mělník", "region": "Středočeský kraj", "district": "Mělník", "postcode": 27601.0, "street": "Pražská", "street_number": "528/29", "specialties": "alergologie a klinická imunologie, anesteziologie a intenzivní medicína, dermatovenerologie, dětské lékařství, endokrinologie a diabetologie, Fyzioterapeut, gastroenterologie, gynekologie a porodnictví, gynekologie dětí a dospívajících, hematologie a transfúzní lékařství, chirurgie, infekční lékařství, kardiologie, klinická onkologie, návykové nemoci, neonatologie, neurologie, Nutriční terapeut, oftalmologie, ortopedie a traumatologie pohybového ústrojí, otorinolaryngologie a chirurgie hlavy a krku, pneumologie a ftizeologie, praktické lékařství pro děti a dorost, radiologie a zobrazovací metody, rehabilitační a fyzikální medicína, urologie, vnitřní lékařství, Všeobecná sestra, všeobecné praktické lékařství", "care_form": "akutní lůžková péče intenzivní, akutní lůžková péče standardní, ambulantní péče, dlouhodobá intenzivní ošetřovatelská péče (DIOP), dlouhodobá lůžková péče vyjma intenzivní, jednodenní péče, následná lůžková intenzivní péče, primární ambulantní péče, specializovaná ambulantní péče, zdrav. péče poskytovaná ve vlastním soc. prostředí pacienta - domácí péče - léčebně rehabilitační, zdrav. péče poskytovaná ve vlastním soc. prostředí pacienta - domácí péče - ošetřovatelská", "provider_ico": 27958639, "website": "http://www.nemocnice-melnik.cz", "phone": "+420315639111", "latitude": 50.347122699506002, "longitude": 14.484139828528001, "level": 2, "level_label": "Acute hospital – ICU-level, no dedicated ED" }, "geometry": { "type": "Point", "coordinates": [ -734438.405985049554147, -1015010.633092241361737 ] } },
{ "type": "Feature", "properties": { "name": "Bílovecká nemocnice, a.s.", "facility_type": "Nemocnice", "city": "Bílovec", "region": "Moravskoslezský kraj", "district": "Nový Jičín", "postcode": 74301.0, "street": "17. listopadu", "street_number": "538/57", "specialties": "anesteziologie a intenzivní medicína, Ergoterapeut, Fyzioterapeut, gastroenterologie, chirurgie, kardiologie, Nutriční terapeut, radiologie a zobrazovací metody, rehabilitační a fyzikální medicína, vnitřní lékařství", "care_form": "akutní lůžková péče intenzivní, akutní lůžková péče standardní, ambulantní péče, jednodenní péče, následná lůžková péče - standardní, specializovaná ambulantní péče", "provider_ico": 26865858, "website": "http://www.nvb.cz", "phone": "+420556771771", "latitude": 49.763007687051001, "longitude": 18.017475171983001, "level": 2, "level_label": "Acute hospital – ICU-level, no dedicated ED" }, "geometry": { "type": "Point", "coordinates": [ -490320.027494210517034, -1107936.313639619620517 ] } },
{ "type": "Feature", "properties": { "name": "Nemocnice Nymburk s.r.o.", "facility_type": "Nemocnice", "city": "Nymburk", "region": "Středočeský kraj", "district": "Nymburk", "postcode": 28802.0, "street": "Boleslavská třída", "street_number": "425/9", "specialties": "anesteziologie a intenzivní medicína, dětské lékařství, gastroenterologie, gynekologie a porodnictví, chirurgie, kardiologie, neonatologie, ortopedie a traumatologie pohybového ústrojí, plastická chirurgie, Porodní asistentka, pracovní lékařství, radiologie a zobrazovací metody, rehabilitační a fyzikální medicína, traumatologie, vnitřní lékařství", "care_form": "akutní lůžková péče intenzivní, akutní lůžková péče standardní, jednodenní péče, následná lůžková léčebně rehabilitační péče, následná lůžková péče - standardní, primární ambulantní péče, specializovaná ambulantní péče, zdrav. péče poskytovaná ve vlastním soc. prostředí pacienta - domácí péče - ošetřovatelská", "provider_ico": 28762886, "website": "http://www.nemnbk.cz", "phone": "+420325505111", "latitude": 50.186871399487998, "longitude": 15.037455575818001, "level": 2, "level_label": "Acute hospital – ICU-level, no dedicated ED" }, "geometry": { "type": "Point", "coordinates": [ -697684.928341623744927, -1037879.313559209811501 ] } },
{ "type": "Feature", "properties": { "name": "Žatecká regionální nemocnice, a.s.", "facility_type": "Nemocnice", "city": "Žatec", "region": "Ústecký kraj", "district": "Louny", "postcode": 43801.0, "street": "Husova", "street_number": "2796", "specialties": "alergologie a klinická imunologie, anesteziologie a intenzivní medicína, dětská chirurgie, dětská neurologie, dětské lékařství, Fyzioterapeut, gynekologie a porodnictví, hematologie a transfúzní lékařství, chirurgie, klinická biochemie, neurologie, praktické lékárenství, praktické lékařství pro děti a dorost, psychiatrie, radiologie a zobrazovací metody, urologie, vnitřní lékařství, všeobecné praktické lékařství", "care_form": "akutní lůžková péče intenzivní, akutní lůžková péče standardní, ambulantní péče, jednodenní péče, následná lůžková péče - standardní", "provider_ico": 11780941, "website": null, "phone": "+420414110115", "latitude": 50.319537298138002, "longitude": 13.537983069412, "level": 2, "level_label": "Acute hospital – ICU-level, no dedicated ED" }, "geometry": { "type": "Point", "coordinates": [ -801552.161173745291308, -1008499.434429681976326 ] } },
{ "type": "Feature", "properties": { "name": "KN Liberec, a.s., Nemocnice Česká Lípa", "facility_type": "Nemocnice", "city": "Česká Lípa", "region": "Liberecký kraj", "district": "Česká Lípa", "postcode": 47001.0, "street": "Purkyňova", "street_number": "1849", "specialties": "algeziologie, anesteziologie a intenzivní medicína, cévní chirurgie, dětská endokrinologie a diabetologie, dětská gastroenterologie a hepatologie, dětská nefrologie, dětská neurologie, dětská revmatologie, dětské lékařství, Ergoterapeut, gastroenterologie, gynekologie a porodnictví, hematologie a transfúzní lékařství, chirurgie, kardiologie, klinická biochemie, klinická farmacie, klinická onkologie, Klinický logoped, lékařská mikrobiologie, nefrologie, neonatologie, neurologie, Nutriční terapeut, ortopedie a traumatologie pohybového ústrojí, patologie, pneumologie a ftizeologie, praktické lékařství pro děti a dorost, radiologie a zobrazovací metody, rehabilitační a fyzikální medicína, revmatologie, traumatologie, urologie, vnitřní lékařství, všeobecné praktické lékařství", "care_form": "akutní lůžková péče intenzivní, akutní lůžková péče standardní, ambulantní péče, následná lůžková léčebně rehabilitační péče, následná lůžková péče - standardní", "provider_ico": 27283933, "website": "http://www.nemlib.cz", "phone": "+420485311111", "latitude": 50.685854412007998, "longitude": 14.548834938603999, "level": 2, "level_label": "Acute hospital – ICU-level, no dedicated ED" }, "geometry": { "type": "Point", "coordinates": [ -724804.030449839658104, -978296.926619268138893 ] } },
{ "type": "Feature", "properties": { "name": "Krajská zdravotní, a.s. - Masarykova nemocnice v Ústí nad Labem, o.z., pracoviště Rumburk", "facility_type": "Nemocnice", "city": "Rumburk", "region": "Ústecký kraj", "district": "Děčín", "postcode": 40801.0, "street": "U nemocnice", "street_number": "1298/6", "specialties": "anesteziologie a intenzivní medicína, dětské lékařství, endokrinologie a diabetologie, Ergoterapeut, Fyzioterapeut, gynekologie a porodnictví, hematologie a transfúzní lékařství, chirurgie, kardiologie, klinická výživa a intenzivní metabolická péče, Nutriční terapeut, oftalmologie, paliativní medicína, praktické lékařství pro děti a dorost, radiologie a zobrazovací metody, urologie, vnitřní lékařství, všeobecné praktické lékařství", "care_form": "akutní lůžková péče intenzivní, akutní lůžková péče standardní, následná lůžková péče - standardní, primární ambulantní péče, specializovaná ambulantní péče", "provider_ico": 25488627, "website": "www.kzcr.eu", "phone": "+420477114126", "latitude": 50.948704216921001, "longitude": 14.547466438342999, "level": 2, "level_label": "Acute hospital – ICU-level, no dedicated ED" }, "geometry": { "type": "Point", "coordinates": [ -720964.038648417918012, -949308.935011075460352 ] } },
{ "type": "Feature", "properties": { "name": "Fakultní nemocnice Motol a Homolka, Homolka", "facility_type": "Fakultní nemocnice", "city": "Praha 5", "region": "Hlavní město Praha", "district": "Hlavní město Praha", "postcode": 15000.0, "street": "Roentgenova", "street_number": "37/2", "specialties": "alergologie a klinická imunologie, algeziologie, anesteziologie a intenzivní medicína, angiologie, cévní chirurgie, dermatovenerologie, dětské lékařství, endokrinologie a diabetologie, Ergoterapeut, foniatrie, Fyzioterapeut, gastroenterologie, gynekologie a porodnictví, hematologie a transfúzní lékařství, hrudní chirurgie, hygiena a epidemiologie, chirurgie, infekční lékařství, intenzívní medicína , kardiochirurgie, kardiologie, klinická biochemie, klinická farmacie, klinická farmakologie, klinická onkologie, klinická výživa a intenzivní metabolická péče, Klinický logoped, Klinický psycholog, laboratorní a vyšetřovací metody ve zdravotnictví, lékařská genetika, lékařská mikrobiologie, nefrologie, nemocniční lékárenství, neurochirurgie, neurologie, neuroradiologie, nukleární medicína, Nutriční terapeut, oftalmologie, ortopedie a traumatologie pohybového ústrojí, otorinolaryngologie a chirurgie hlavy a krku, paliativní medicína, patologie, pneumologie a ftizeologie, praktické lékárenství, praktické lékařství pro děti a dorost, psychiatrie, radiační onkologie, radiologie a zobrazovací metody, rehabilitační a fyzikální medicína, revmatologie, sexuologie, spondylochirurgie, urologie, vnitřní lékařství, Všeobecná sestra, všeobecné praktické lékařství", "care_form": "akutní lůžková péče intenzivní, akutní lůžková péče standardní, ambulantní péče, dlouhodobá lůžková péče vyjma intenzivní, jednodenní péče, následná lůžková péče - standardní", "provider_ico": 64203, "website": "http://www.fnmotol.cz", "phone": "+420224431111", "latitude": 50.074659407829998, "longitude": 14.353335632326999, "level": 2, "level_label": "Acute hospital – ICU-level, no dedicated ED" }, "geometry": { "type": "Point", "coordinates": [ -747819.558384698466398, -1043758.92766051273793 ] } },
{ "type": "Feature", "properties": { "name": "Nemocnice Znojmo, příspěvková organizace", "facility_type": "Nemocnice", "city": "Znojmo", "region": "Jihomoravský kraj", "district": "Znojmo", "postcode": 66902.0, "street": "MUDr. Jana Janského", "street_number": "2675/11", "specialties": "alergologie a klinická imunologie, algeziologie, anesteziologie a intenzivní medicína, angiologie, cévní chirurgie, dermatovenerologie, dětská kardiologie, dětská neurologie, endokrinologie a diabetologie, Ergoterapeut, farmaceutická kontrola, farmaceutická technologie, Farmaceutický asistent, foniatrie, Fyzioterapeut, gastroenterologie, geriatrie, gynekologie a porodnictví, hematologie a transfúzní lékařství, chirurgie, infekční lékařství, kardiologie, klinická biochemie, klinická farmacie, klinická onkologie, klinická osteologie, Klinický logoped, Klinický psycholog, laboratorní a vyšetřovací metody ve zdravotnictví, lékařská mikrobiologie, nefrologie, nemocniční lékárenství, neonatologie, neurologie, nukleární medicína, Nutriční terapeut, Odborný pracovník v laboratorních  metodách a přípravě léčivých přípravků, oftalmologie, ortopedie a traumatologie pohybového ústrojí, otorinolaryngologie a chirurgie hlavy a krku, patologie, pediatrie, pneumologie a ftizeologie, Porodní asistentka, psychiatrie, radiační onkologie, radiofarmaka, Radiologický asistent, Radiologický fyzik, radiologie a zobrazovací metody, rehabilitační a fyzikální medicína, traumatologie, urogynekologie, urologie, vnitřní lékařství, Všeobecná sestra, všeobecné praktické lékařství, Zdravotní laborant", "care_form": "akutní lůžková péče intenzivní, akutní lůžková péče standardní, ambulantní péče, jednodenní péče, následná lůžková léčebně rehabilitační péče, primární ambulantní péče, specializovaná ambulantní péče, stacionární péče, zdrav. péče poskytovaná ve vlastním soc. prostředí pacienta - domácí péče - ošetřovatelská", "provider_ico": 92584, "website": "http://www.nemzn.cz", "phone": "+420515215111", "latitude": 48.869441017212999, "longitude": 16.050805258412002, "level": 2, "level_label": "Acute hospital – ICU-level, no dedicated ED" }, "geometry": { "type": "Point", "coordinates": [ -642675.584944666363299, -1192214.779359236126766 ] } },
{ "type": "Feature", "properties": { "name": "Institut klinické a experimentální medicíny", "facility_type": "Nemocnice", "city": "Praha 4", "region": "Hlavní město Praha", "district": "Hlavní město Praha", "postcode": 14000.0, "street": "Vídeňská", "street_number": "1958/9", "specialties": "alergologie a klinická imunologie, anesteziologie a intenzivní medicína, angiologie, cévní chirurgie, dermatovenerologie, endokrinologie a diabetologie, Fyzioterapeut, gastroenterologie, gynekologie a porodnictví, hematologie a transfúzní lékařství, hygiena a epidemiologie, chirurgie, infekční lékařství, intervenční radiologie, kardiochirurgie, kardiologie, klinická biochemie, klinická farmacie, klinická farmakologie, klinická onkologie, klinická stomatologie, Klinický logoped, Klinický psycholog, lékařská genetika, lékařská mikrobiologie, nefrologie, nemocniční lékárenství, neurologie, nukleární medicína, Nutriční terapeut, oftalmologie, ortopedie a traumatologie pohybového ústrojí, paliativní medicína, patologie, praktické lékárenství, psychiatrie, radiologie a zobrazovací metody, rehabilitační a fyzikální medicína, urologie, vaskulární intervenční radiologie, vnitřní lékařství, Všeobecná sestra, všeobecné praktické lékařství", "care_form": "akutní lůžková péče intenzivní, akutní lůžková péče standardní, ambulantní péče, primární ambulantní péče", "provider_ico": 23001, "website": "https://ikem.cz", "phone": "+420261361111", "latitude": 50.022795133365001, "longitude": 14.463012846349001, "level": 2, "level_label": "Acute hospital – ICU-level, no dedicated ED" }, "geometry": { "type": "Point", "coordinates": [ -740825.748863566434011, -1050545.415080990409479 ] } },
{ "type": "Feature", "properties": { "name": "Všeobecná fakultní nemocnice v Praze, Urologická klinika", "facility_type": "Fakultní nemocnice", "city": "Praha 2", "region": "Hlavní město Praha", "district": "Hlavní město Praha", "postcode": 12000.0, "street": "Ke Karlovu", "street_number": "459/6", "specialties": "anesteziologie a intenzivní medicína, dětská urologie, dětské lékařství, Fyzioterapeut, gynekologie a porodnictví, hrudní chirurgie, chirurgie, klinická onkologie, nemocniční lékárenství, Nutriční terapeut, onkourologie, praktické lékárenství, radiologie a zobrazovací metody, sexuologie, traumatologie, urogynekologie, urologie, vnitřní lékařství", "care_form": "akutní lůžková péče intenzivní, akutní lůžková péče standardní, ambulantní péče, jednodenní péče, následná lůžková péče - standardní, specializovaná ambulantní péče, stacionární péče", "provider_ico": 64165, "website": "https://www.vfn.cz/", "phone": "+420224961111", "latitude": 50.071491309217002, "longitude": 14.428244482755, "level": 2, "level_label": "Acute hospital – ICU-level, no dedicated ED" }, "geometry": { "type": "Point", "coordinates": [ -742556.093466073391028, -1044841.114127641543746 ] } },
{ "type": "Feature", "properties": { "name": "Všeobecná fakultní nemocnice v Praze, Klinika dětského lékařství, Ústav soud. lékařství, ÚLBLD", "facility_type": "Fakultní nemocnice", "city": "Praha 2", "region": "Hlavní město Praha", "district": "Hlavní město Praha", "postcode": 12000.0, "street": "Ke Karlovu", "street_number": "455/2", "specialties": "alergologie a klinická imunologie, anesteziologie a intenzivní medicína, dětská a dorostová psychiatrie, dětská gastroenterologie a hepatologie, dětská kardiologie, dětská nefrologie, dětská neurologie, dětská pneumologie, dětská revmatologie, dětské lékařství, endokrinologie a diabetologie, Fyzioterapeut, gynekologie a porodnictví, gynekologie dětí a dospívajících, hematologie a transfúzní lékařství, intenzívní medicína , klinická biochemie, klinická výživa a intenzivní metabolická péče, Klinický psycholog, lékařská genetika, lékařská mikrobiologie, nemocniční lékárenství, neonatologie, Nutriční terapeut, pneumologie a ftizeologie, praktické lékařství pro děti a dorost, radiologie a zobrazovací metody, soudní lékařství, vnitřní lékařství", "care_form": "akutní lůžková péče intenzivní, akutní lůžková péče standardní, ambulantní péče, jednodenní péče, následná lůžková péče - standardní, specializovaná ambulantní péče, stacionární péče, zdrav. péče poskytovaná ve vlastním soc. prostředí pacienta - domácí péče - ošetřovatelská", "provider_ico": 64165, "website": "https://www.vfn.cz/", "phone": "+420224961111", "latitude": 50.069834262122001, "longitude": 14.428616755690999, "level": 2, "level_label": "Acute hospital – ICU-level, no dedicated ED" }, "geometry": { "type": "Point", "coordinates": [ -742554.800026144483127, -1045027.323204154032283 ] } },
{ "type": "Feature", "properties": { "name": "Všeobecná fakultní nemocnice v Praze, Centrum duševního zdraví pro osoby s adiktologickými poruchami", "facility_type": "Fakultní nemocnice", "city": "Praha 2", "region": "Hlavní město Praha", "district": "Hlavní město Praha", "postcode": 12800.0, "street": "Apolinářská", "street_number": "447/4", "specialties": "Adiktolog, dermatovenerologie, Klinický psycholog, návykové nemoci, Nutriční terapeut, psychiatrie, Sestra pro péči v psychiatrii, sexuologie, vnitřní lékařství, Všeobecná sestra", "care_form": "akutní lůžková péče intenzivní, akutní lůžková péče standardní, ambulantní péče, následná lůžková péče - standardní, specializovaná ambulantní péče, stacionární péče, zdrav. péče poskytovaná ve vlastním soc. prostředí pacienta - dialýza, zdrav. péče poskytovaná ve vlastním soc. prostředí pacienta - domácí péče - ošetřovatelská", "provider_ico": 64165, "website": "https://www.vfn.cz/", "phone": "+420224961111", "latitude": 50.070670562624997, "longitude": 14.422842122474, "level": 2, "level_label": "Acute hospital – ICU-level, no dedicated ED" }, "geometry": { "type": "Point", "coordinates": [ -742951.64406043488998, -1044878.848381921066903 ] } },
{ "type": "Feature", "properties": { "name": "Všeobecná fakultní nemocnice v Praze, Psychiatrická klinika, Sexuologický ústav", "facility_type": "Fakultní nemocnice", "city": "Praha 2", "region": "Hlavní město Praha", "district": "Hlavní město Praha", "postcode": 12000.0, "street": "Ke Karlovu", "street_number": "460/11", "specialties": "Adiktolog, dětská a dorostová psychiatrie, gerontopsychiatrie, Klinický psycholog, návykové nemoci, Nutriční terapeut, psychiatrie, psychosomatika, Sestra pro péči v psychiatrii, sexuologie, vnitřní lékařství", "care_form": "akutní lůžková péče intenzivní, akutní lůžková péče standardní, ambulantní péče, následná lůžková péče - standardní, specializovaná ambulantní péče, stacionární péče, zdrav. péče poskytovaná ve vlastním soc. prostředí pacienta - domácí péče - ošetřovatelská", "provider_ico": 64165, "website": "https://www.vfn.cz/", "phone": "+420224961111", "latitude": 50.072125828619001, "longitude": 14.427616928714, "level": 2, "level_label": "Acute hospital – ICU-level, no dedicated ED" }, "geometry": { "type": "Point", "coordinates": [ -742590.981909337337129, -1044765.080806254409254 ] } },
{ "type": "Feature", "properties": { "name": "Všeobecná fakultní nemocnice v Praze, Neurologická klinika", "facility_type": "Fakultní nemocnice", "city": "Praha 2", "region": "Hlavní město Praha", "district": "Hlavní město Praha", "postcode": 12000.0, "street": "Kateřinská", "street_number": "468/30", "specialties": "anesteziologie a intenzivní medicína, dětská neurologie, Fyzioterapeut, Klinický logoped, Klinický psycholog, neurologie, Nutriční terapeut, psychiatrie, radiologie a zobrazovací metody, rehabilitační a fyzikální medicína", "care_form": "akutní lůžková péče intenzivní, akutní lůžková péče standardní, ambulantní péče, následná lůžková péče - standardní, specializovaná ambulantní péče, stacionární péče, zdrav. péče poskytovaná ve vlastním soc. prostředí pacienta - domácí péče - ošetřovatelská", "provider_ico": 64165, "website": "https://www.vfn.cz/", "phone": "+420224961111", "latitude": 50.074055295847003, "longitude": 14.424949221604001, "level": 2, "level_label": "Acute hospital – ICU-level, no dedicated ED" }, "geometry": { "type": "Point", "coordinates": [ -742750.915690311230719, -1044526.46734065329656 ] } },
{ "type": "Feature", "properties": { "name": "Všeobecná fakultní nemocnice v Praze, Gynekologicko - porodnická klinika", "facility_type": "Fakultní nemocnice", "city": "Praha 2", "region": "Hlavní město Praha", "district": "Hlavní město Praha", "postcode": 12800.0, "street": "Apolinářská", "street_number": "441/18", "specialties": "alergologie a klinická imunologie, anesteziologie a intenzivní medicína, dětská chirurgie, dětské lékařství, endokrinologie a diabetologie, Fyzioterapeut, gynekologie a porodnictví, gynekologie dětí a dospívajících, chirurgie, kardiologie, klinická biochemie, klinická onkologie, Klinický psycholog, lékařská genetika, neonatologie, Nutriční terapeut, onkogynekologie, perinatologie a fetomaternální medicína, Porodní asistentka, reprodukční medicína, urogynekologie, urologie, vnitřní lékařství", "care_form": "akutní lůžková péče intenzivní, akutní lůžková péče standardní, ambulantní péče, jednodenní péče, následná lůžková péče - standardní, specializovaná ambulantní péče, stacionární péče, zdrav. péče poskytovaná ve vlastním soc. prostředí pacienta - domácí péče - ošetřovatelská", "provider_ico": 64165, "website": "https://www.vfn.cz/", "phone": "+420224961111", "latitude": 50.071397293087998, "longitude": 14.426581968372, "level": 2, "level_label": "Acute hospital – ICU-level, no dedicated ED" }, "geometry": { "type": "Point", "coordinates": [ -742675.415786288562231, -1044835.259050892782398 ] } },
{ "type": "Feature", "properties": { "name": "Všeobecná fakultní nemocnice v Praze, dermatovenerologie", "facility_type": "Fakultní nemocnice", "city": "Praha 2", "region": "Hlavní město Praha", "district": "Hlavní město Praha", "postcode": 12000.0, "street": "Londýnská", "street_number": "545/15", "specialties": "dermatovenerologie, Fyzioterapeut, Nutriční terapeut, rehabilitační a fyzikální medicína, vnitřní lékařství", "care_form": "akutní lůžková péče intenzivní, akutní lůžková péče standardní, ambulantní péče, následná lůžková péče - standardní, specializovaná ambulantní péče, stacionární péče", "provider_ico": 64165, "website": "https://www.vfn.cz/", "phone": "+420224961111", "latitude": 50.071459229997998, "longitude": 14.435010222314, "level": 2, "level_label": "Acute hospital – ICU-level, no dedicated ED" }, "geometry": { "type": "Point", "coordinates": [ -742076.781563537195325, -1044910.60612134472467 ] } },
{ "type": "Feature", "properties": { "name": "Všeobecná fakultní nemocnice v Praze, Interní oddělení Strahov, Geriatrická klinika", "facility_type": "Fakultní nemocnice", "city": "Praha 6", "region": "Hlavní město Praha", "district": "Hlavní město Praha", "postcode": 16900.0, "street": "Šermířská", "street_number": "1921/4", "specialties": "Ergoterapeut, Fyzioterapeut, geriatrie, Klinický psycholog, Nutriční terapeut, paliativní medicína, Radiologický asistent, radiologie a zobrazovací metody, rehabilitační a fyzikální medicína, vnitřní lékařství", "care_form": "akutní lůžková péče intenzivní, akutní lůžková péče standardní, ambulantní péče, následná lůžková péče - standardní, specializovaná ambulantní péče, stacionární péče, zdrav. péče poskytovaná ve vlastním soc. prostředí pacienta - domácí péče - ošetřovatelská", "provider_ico": 64165, "website": "https://www.vfn.cz/", "phone": "+420224961111", "latitude": 50.079115856366002, "longitude": 14.39150742677, "level": 2, "level_label": "Acute hospital – ICU-level, no dedicated ED" }, "geometry": { "type": "Point", "coordinates": [ -745045.286906048888341, -1043642.177507678512484 ] } },
{ "type": "Feature", "properties": { "name": "Ústav pro péči o matku a dítě", "facility_type": "Nemocnice", "city": "Praha 4", "region": "Hlavní město Praha", "district": "Hlavní město Praha", "postcode": 14700.0, "street": "Podolské nábřeží", "street_number": "157/36", "specialties": "alergologie a klinická imunologie, anesteziologie a intenzivní medicína, dětská chirurgie, dětská neurologie, dětské lékařství, endokrinologie a diabetologie, Fyzioterapeut, gynekologie a porodnictví, gynekologie dětí a dospívajících, hematologie a transfúzní lékařství, chirurgie, klinická biochemie, klinická onkologie, Klinický psycholog, laboratorní a vyšetřovací metody ve zdravotnictví, lékařská genetika, nemocniční lékárenství, neonatologie, onkogynekologie, patologie, pediatrie, perinatologie a fetomaternální medicína, plastická chirurgie, Porodní asistentka, radiologie a zobrazovací metody, reprodukční medicína, sexuologie, urogynekologie, urologie, vnitřní lékařství, Všeobecná sestra, všeobecné praktické lékařství", "care_form": "akutní lůžková péče intenzivní, akutní lůžková péče standardní, ambulantní péče, jednodenní péče, zdrav. péče poskytovaná ve vlastním soc. prostředí pacienta - domácí péče - ošetřovatelská", "provider_ico": 23698, "website": "http://www.upmd.cz", "phone": "+420296511111", "latitude": 50.062130429511001, "longitude": 14.419255829520999, "level": 2, "level_label": "Acute hospital – ICU-level, no dedicated ED" }, "geometry": { "type": "Point", "coordinates": [ -743335.479927959037013, -1045784.812136267311871 ] } },
{ "type": "Feature", "properties": { "name": "Výjezdová základna ZZSHMP Praha 3", "facility_type": "Výjezdová skupina záchranné služby", "city": "Praha 3", "region": "Hlavní město Praha", "district": "Hlavní město Praha", "postcode": 13000.0, "street": "Chelčického", "street_number": "842/39", "specialties": "urgentní medicína, Všeobecná sestra", "care_form": null, "provider_ico": 638927, "website": "http://www.zzshmp.cz", "phone": null, "latitude": 50.083837159235003, "longitude": 14.4586034958, "level": 3, "level_label": "Ambulance dispatch station (ZZS)" }, "geometry": { "type": "Point", "coordinates": [ -740216.602691524312831, -1043776.353905595024116 ] } },
{ "type": "Feature", "properties": { "name": "Výjezdová základna ZZSHMP Praha 3", "facility_type": "Výjezdová skupina záchranné služby", "city": "Praha 4", "region": "Hlavní město Praha", "district": "Hlavní město Praha", "postcode": 14700.0, "street": "Nad malým mýtem", "street_number": "1856/2c", "specialties": "urgentní medicína, Všeobecná sestra", "care_form": null, "provider_ico": 638927, "website": "http://www.zzshmp.cz", "phone": null, "latitude": 50.034565569797998, "longitude": 14.410851426259001, "level": 3, "level_label": "Ambulance dispatch station (ZZS)" }, "geometry": { "type": "Point", "coordinates": [ -744349.945767387398519, -1048739.802356392377988 ] } },
{ "type": "Feature", "properties": { "name": "Výjezdová základna ZZSHMP Praha 4", "facility_type": "Výjezdová skupina záchranné služby", "city": "Praha 4", "region": "Hlavní město Praha", "district": "Hlavní město Praha", "postcode": 14000.0, "street": "Na krčské stráni", "street_number": "1366/6", "specialties": "urgentní medicína, Všeobecná sestra", "care_form": null, "provider_ico": 638927, "website": "http://www.zzshmp.cz", "phone": null, "latitude": 50.041162974567001, "longitude": 14.448871816298, "level": 3, "level_label": "Ambulance dispatch station (ZZS)" }, "geometry": { "type": "Point", "coordinates": [ -741551.880821201601066, -1048383.856983395293355 ] } },
{ "type": "Feature", "properties": { "name": "Výjezdová základna ZZSHMP Praha 4", "facility_type": "Výjezdová skupina záchranné služby", "city": "Praha 4", "region": "Hlavní město Praha", "district": "Hlavní město Praha", "postcode": 14900.0, "street": "Markušova", "street_number": "1555/18", "specialties": "urgentní medicína, Všeobecná sestra", "care_form": null, "provider_ico": 638927, "website": "http://www.zzshmp.cz", "phone": null, "latitude": 50.034434913859997, "longitude": 14.514527093899, "level": 3, "level_label": "Ambulance dispatch station (ZZS)" }, "geometry": { "type": "Point", "coordinates": [ -736993.61412298399955, -1049762.633906464092433 ] } },
{ "type": "Feature", "properties": { "name": "Výjezdová základna ZZSHMP Praha 5", "facility_type": "Výjezdová skupina záchranné služby", "city": "Praha 5", "region": "Hlavní město Praha", "district": "Hlavní město Praha", "postcode": 15300.0, "street": "V sudech", "street_number": "511/1", "specialties": "urgentní medicína, Všeobecná sestra", "care_form": null, "provider_ico": 638927, "website": "http://www.zzshmp.cz", "phone": null, "latitude": 49.992314833371999, "longitude": 14.345084357611, "level": 3, "level_label": "Ambulance dispatch station (ZZS)" }, "geometry": { "type": "Point", "coordinates": [ -749662.322962603997439, -1052749.363588944077492 ] } },
{ "type": "Feature", "properties": { "name": "Výjezdová základna ZZSHMP Praha 5", "facility_type": "Výjezdová skupina záchranné služby", "city": "Praha 5", "region": "Hlavní město Praha", "district": "Hlavní město Praha", "postcode": 15800.0, "street": "Jinonická", "street_number": "1226/90b", "specialties": "urgentní medicína, Všeobecná sestra", "care_form": null, "provider_ico": 638927, "website": "http://www.zzshmp.cz", "phone": null, "latitude": 50.059173417472998, "longitude": 14.37284762586, "level": 3, "level_label": "Ambulance dispatch station (ZZS)" }, "geometry": { "type": "Point", "coordinates": [ -746672.021222571609542, -1045656.517141749500297 ] } },
{ "type": "Feature", "properties": { "name": "Výjezdová základna ZZSHMP Praha 6", "facility_type": "Výjezdová skupina záchranné služby", "city": "Praha 6", "region": "Hlavní město Praha", "district": "Hlavní město Praha", "postcode": 16200.0, "street": "Heyrovského náměstí", "street_number": "1987/1", "specialties": "urgentní medicína, Všeobecná sestra", "care_form": null, "provider_ico": 638927, "website": "http://www.zzshmp.cz", "phone": null, "latitude": 50.086470686717, "longitude": 14.340120242467, "level": 3, "level_label": "Ambulance dispatch station (ZZS)" }, "geometry": { "type": "Point", "coordinates": [ -748576.033717295038514, -1042327.846776915946975 ] } },
{ "type": "Feature", "properties": { "name": "Výjezdová základna ZZSHMP Praha 6", "facility_type": "Výjezdová skupina záchranné služby", "city": "Praha 6", "region": "Hlavní město Praha", "district": "Hlavní město Praha", "postcode": 16100.0, "street": "Za teplárnou", "street_number": "1152/4", "specialties": "urgentní medicína, Všeobecná sestra", "care_form": null, "provider_ico": 638927, "website": "http://www.zzshmp.cz", "phone": null, "latitude": 50.097719526253996, "longitude": 14.292689892188999, "level": 3, "level_label": "Ambulance dispatch station (ZZS)" }, "geometry": { "type": "Point", "coordinates": [ -751765.141713301534764, -1040621.305073936935514 ] } },
{ "type": "Feature", "properties": { "name": "Výjezdová základna ZZSHMP Praha 9", "facility_type": "Výjezdová skupina záchranné služby", "city": "Praha 9", "region": "Hlavní město Praha", "district": "Hlavní město Praha", "postcode": 19000.0, "street": "Lovosická", "street_number": "440/40", "specialties": "urgentní medicína, Všeobecná sestra", "care_form": null, "provider_ico": 638927, "website": "http://www.zzshmp.cz", "phone": null, "latitude": 50.128868021875, "longitude": 14.490189791193, "level": 3, "level_label": "Ambulance dispatch station (ZZS)" }, "geometry": { "type": "Point", "coordinates": [ -737298.836216341587715, -1039120.672909788438119 ] } },
{ "type": "Feature", "properties": { "name": "Výjezdová základna ZZSHMP Praha 9", "facility_type": "Výjezdová skupina záchranné služby", "city": "Praha 9", "region": "Hlavní město Praha", "district": "Hlavní město Praha", "postcode": 19800.0, "street": "Generála Janouška", "street_number": "902/17", "specialties": "urgentní medicína, Všeobecná sestra", "care_form": null, "provider_ico": 638927, "website": "http://www.zzshmp.cz", "phone": null, "latitude": 50.106863992154999, "longitude": 14.572071744444999, "level": 3, "level_label": "Ambulance dispatch station (ZZS)" }, "geometry": { "type": "Point", "coordinates": [ -731826.70869945071172, -1042335.391691065975465 ] } },
{ "type": "Feature", "properties": { "name": "Výjezdová základna ZZSHMP Praha 10", "facility_type": "Výjezdová skupina záchranné služby", "city": "Praha 10", "region": "Hlavní město Praha", "district": "Hlavní město Praha", "postcode": 10400.0, "street": "Nové náměstí", "street_number": "1431/20", "specialties": "urgentní medicína, Všeobecná sestra", "care_form": null, "provider_ico": 638927, "website": "http://www.zzshmp.cz", "phone": null, "latitude": 50.031361984352003, "longitude": 14.597994336067, "level": 3, "level_label": "Ambulance dispatch station (ZZS)" }, "geometry": { "type": "Point", "coordinates": [ -731114.355883284588344, -1050905.792078517144546 ] } },
{ "type": "Feature", "properties": { "name": "Výjezdová základna ZZSHMP Praha 10", "facility_type": "Výjezdová skupina záchranné služby", "city": "Praha 10", "region": "Hlavní město Praha", "district": "Hlavní město Praha", "postcode": 10000.0, "street": "Průběžná", "street_number": "3105/74", "specialties": "urgentní medicína, Všeobecná sestra", "care_form": null, "provider_ico": 638927, "website": "http://www.zzshmp.cz", "phone": null, "latitude": 50.065551971064998, "longitude": 14.500434245973, "level": 3, "level_label": "Ambulance dispatch station (ZZS)" }, "geometry": { "type": "Point", "coordinates": [ -737525.75256812304724, -1046197.137574826134369 ] } },
{ "type": "Feature", "properties": { "name": "Zdravotnická záchranná služba Zlínského kraje, příspěvková organizace", "facility_type": "Zdravotnická zachranná služba", "city": "Luhačovice", "region": "Zlínský kraj", "district": "Zlín", "postcode": 76326.0, "street": "Masarykova", "street_number": "1155", "specialties": null, "care_form": null, "provider_ico": 62182137, "website": "http://www.zzszk.cz", "phone": "+420577056935", "latitude": 49.097710013517002, "longitude": 17.751897970498, "level": 3, "level_label": "Ambulance dispatch station (ZZS)" }, "geometry": { "type": "Point", "coordinates": [ -516216.828432446636725, -1179872.03957275277935 ] } },
{ "type": "Feature", "properties": { "name": "Zdravotnická záchranná služba Pardubického kraje, Územní odbor Ústí nad Orlicí", "facility_type": "Zdravotnická zachranná služba", "city": "Žamberk", "region": "Pardubický kraj", "district": "Ústí nad Orlicí", "postcode": 56401.0, "street": "U Polikliniky", "street_number": "1514", "specialties": "urgentní medicína", "care_form": null, "provider_ico": 69172196, "website": "http://www.zzspak.cz", "phone": "+420466034107", "latitude": 50.082334172087002, "longitude": 16.461598923804001, "level": 3, "level_label": "Ambulance dispatch station (ZZS)" }, "geometry": { "type": "Point", "coordinates": [ -597972.926298183156177, -1061516.475300442427397 ] } },
{ "type": "Feature", "properties": { "name": "Zdravotnická záchranná služba Pardubického kraje, Územní odbor Ústí nad Orlicí", "facility_type": "Zdravotnická zachranná služba", "city": "Červená Voda", "region": "Pardubický kraj", "district": "Ústí nad Orlicí", "postcode": 56161.0, "street": null, "street_number": "10", "specialties": "urgentní medicína", "care_form": null, "provider_ico": 69172196, "website": "http://www.zzspak.cz", "phone": "+420466034107", "latitude": 50.043340912722996, "longitude": 16.737687292848001, "level": 3, "level_label": "Ambulance dispatch station (ZZS)" }, "geometry": { "type": "Point", "coordinates": [ -578785.881244673277251, -1067954.885690263239667 ] } },
{ "type": "Feature", "properties": { "name": "Zdravotnická záchranná služba Pardubického kraje, Územní odbor Svitavy", "facility_type": "Zdravotnická zachranná služba", "city": "Moravská Třebová", "region": "Pardubický kraj", "district": "Svitavy", "postcode": 57101.0, "street": "Školní", "street_number": "1634/11", "specialties": "urgentní medicína", "care_form": null, "provider_ico": 69172196, "website": "http://www.zzspak.cz", "phone": "+420466034107", "latitude": 49.758044759919002, "longitude": 16.654105441460999, "level": 3, "level_label": "Ambulance dispatch station (ZZS)" }, "geometry": { "type": "Point", "coordinates": [ -588129.839242225163616, -1098868.150529739214107 ] } },
{ "type": "Feature", "properties": { "name": "Zdravotnická záchranná služba Pardubického kraje, Územní odbor Svitavy", "facility_type": "Zdravotnická zachranná služba", "city": "Polička", "region": "Pardubický kraj", "district": "Svitavy", "postcode": 57201.0, "street": "Starohradská", "street_number": "594", "specialties": "urgentní medicína", "care_form": null, "provider_ico": 69172196, "website": "http://www.zzspak.cz", "phone": "+420466034107", "latitude": 49.715656182492999, "longitude": 16.253523642788998, "level": 3, "level_label": "Ambulance dispatch station (ZZS)" }, "geometry": { "type": "Point", "coordinates": [ -617346.786214315565303, -1100392.0703351770062 ] } },
{ "type": "Feature", "properties": { "name": "Zdravotnická záchranná služba Středočeského kraje, příspěvková organizace", "facility_type": "Zdravotnická zachranná služba", "city": "Rakovník", "region": "Středočeský kraj", "district": "Rakovník", "postcode": 26901.0, "street": "Dukel. hrdinů", "street_number": "200", "specialties": null, "care_form": null, "provider_ico": 75030926, "website": "www.zachranka.cz", "phone": "+420312256601", "latitude": 50.108022896675998, "longitude": 13.715389305507999, "level": 3, "level_label": "Ambulance dispatch station (ZZS)" }, "geometry": { "type": "Point", "coordinates": [ -792482.553714796784334, -1033628.890173061634414 ] } },
{ "type": "Feature", "properties": { "name": "Zdravotnická záchranná služba Středočeského kraje, příspěvková organizace", "facility_type": "Zdravotnická zachranná služba", "city": "Benešov", "region": "Středočeský kraj", "district": "Benešov", "postcode": 25601.0, "street": "Máchova", "street_number": "400", "specialties": null, "care_form": null, "provider_ico": 75030926, "website": "www.zachranka.cz", "phone": "+420312256601", "latitude": 49.786170522492, "longitude": 14.679172350481, "level": 3, "level_label": "Ambulance dispatch station (ZZS)" }, "geometry": { "type": "Point", "coordinates": [ -728975.120873398263939, -1078709.358785136137158 ] } },
{ "type": "Feature", "properties": { "name": "Zdravotnická záchranná služba Středočeského kraje, příspěvková organizace", "facility_type": "Zdravotnická zachranná služba", "city": "Votice", "region": "Středočeský kraj", "district": "Benešov", "postcode": 25901.0, "street": "Pražská", "street_number": "290", "specialties": null, "care_form": null, "provider_ico": 75030926, "website": "www.zachranka.cz", "phone": "+420312256601", "latitude": 49.643062848536999, "longitude": 14.638599222634999, "level": 3, "level_label": "Ambulance dispatch station (ZZS)" }, "geometry": { "type": "Point", "coordinates": [ -733994.56446924386546, -1094093.340566521044821 ] } },
{ "type": "Feature", "properties": { "name": "Zdravotnická záchranná služba Středočeského kraje, příspěvková organizace", "facility_type": "Zdravotnická zachranná služba", "city": "Vlašim", "region": "Středočeský kraj", "district": "Benešov", "postcode": 25801.0, "street": "Jana Masaryka", "street_number": "445", "specialties": null, "care_form": null, "provider_ico": 75030926, "website": "www.zachranka.cz", "phone": "+420312256601", "latitude": 49.701674564295999, "longitude": 14.897486755876001, "level": 3, "level_label": "Ambulance dispatch station (ZZS)" }, "geometry": { "type": "Point", "coordinates": [ -714613.492703828960657, -1090093.437115978216752 ] } },
{ "type": "Feature", "properties": { "name": "Zdravotnická záchranná služba Středočeského kraje, příspěvková organizace", "facility_type": "Zdravotnická zachranná služba", "city": "Zruč nad Sázavou", "region": "Středočeský kraj", "district": "Kutná Hora", "postcode": 28522.0, "street": "Poštovní", "street_number": "593", "specialties": null, "care_form": null, "provider_ico": 75030926, "website": "www.zachranka.cz", "phone": "+420312256601", "latitude": 49.744901027091998, "longitude": 15.08890424244, "level": 3, "level_label": "Ambulance dispatch station (ZZS)" }, "geometry": { "type": "Point", "coordinates": [ -700308.262940622400492, -1087103.259707387769595 ] } },
{ "type": "Feature", "properties": { "name": "Zdravotnická záchranná služba Středočeského kraje, příspěvková organizace", "facility_type": "Zdravotnická zachranná služba", "city": "Uhlířské Janovice", "region": "Středočeský kraj", "district": "Kutná Hora", "postcode": 28504.0, "street": "Zdravotní", "street_number": "108", "specialties": null, "care_form": null, "provider_ico": 75030926, "website": "www.zachranka.cz", "phone": "+420312256601", "latitude": 49.880031406919997, "longitude": 15.06457831422, "level": 3, "level_label": "Ambulance dispatch station (ZZS)" }, "geometry": { "type": "Point", "coordinates": [ -700126.009478086838499, -1071974.219584613339975 ] } },
{ "type": "Feature", "properties": { "name": "Zdravotnická záchranná služba Středočeského kraje, příspěvková organizace", "facility_type": "Zdravotnická zachranná služba", "city": "Kutná Hora", "region": "Středočeský kraj", "district": "Kutná Hora", "postcode": 28401.0, "street": "Vojtěšská", "street_number": "687", "specialties": null, "care_form": null, "provider_ico": 75030926, "website": "www.zachranka.cz", "phone": "+420312256601", "latitude": 49.946882627706998, "longitude": 15.253126893543, "level": 3, "level_label": "Ambulance dispatch station (ZZS)" }, "geometry": { "type": "Point", "coordinates": [ -685752.647072974476032, -1066313.014540122821927 ] } },
{ "type": "Feature", "properties": { "name": "Zdravotnická záchranná služba Středočeského kraje, příspěvková organizace", "facility_type": "Zdravotnická zachranná služba", "city": "Čáslav", "region": "Středočeský kraj", "district": "Kutná Hora", "postcode": 28601.0, "street": "Jeníkovská", "street_number": "348/17", "specialties": null, "care_form": null, "provider_ico": 75030926, "website": "www.zachranka.cz", "phone": "+420312256601", "latitude": 49.904235448069002, "longitude": 15.400728228010999, "level": 3, "level_label": "Ambulance dispatch station (ZZS)" }, "geometry": { "type": "Point", "coordinates": [ -675826.944091047276743, -1072337.256471036933362 ] } },
{ "type": "Feature", "properties": { "name": "Zdravotnická záchranná služba Středočeského kraje, příspěvková organizace", "facility_type": "Zdravotnická zachranná služba", "city": "Zbraslavice", "region": "Středočeský kraj", "district": "Kutná Hora", "postcode": 28521.0, "street": null, "street_number": "329", "specialties": null, "care_form": null, "provider_ico": 75030926, "website": "www.zachranka.cz", "phone": "+420312256601", "latitude": 49.810598276735, "longitude": 15.185572636262, "level": 3, "level_label": "Ambulance dispatch station (ZZS)" }, "geometry": { "type": "Point", "coordinates": [ -692475.628540239180438, -1080739.064893056172878 ] } },
{ "type": "Feature", "properties": { "name": "Zdravotnická záchranná služba Středočeského kraje, příspěvková organizace", "facility_type": "Zdravotnická zachranná služba", "city": "Kolín", "region": "Středočeský kraj", "district": "Kolín", "postcode": 28002.0, "street": "Žižkova", "street_number": "146", "specialties": null, "care_form": null, "provider_ico": 75030926, "website": "www.zachranka.cz", "phone": "+420312256601", "latitude": 50.020497185868003, "longitude": 15.197476412965999, "level": 3, "level_label": "Ambulance dispatch station (ZZS)" }, "geometry": { "type": "Point", "coordinates": [ -688682.780572639312595, -1057688.926555532962084 ] } },
{ "type": "Feature", "properties": { "name": "Zdravotnická záchranná služba Středočeského kraje, příspěvková organizace", "facility_type": "Zdravotnická zachranná služba", "city": "Český Brod", "region": "Středočeský kraj", "district": "Kolín", "postcode": 28201.0, "street": "Žižkova", "street_number": "282", "specialties": null, "care_form": null, "provider_ico": 75030926, "website": "www.zachranka.cz", "phone": "+420312256601", "latitude": 50.073121283284998, "longitude": 14.852432431745999, "level": 3, "level_label": "Ambulance dispatch station (ZZS)" }, "geometry": { "type": "Point", "coordinates": [ -712439.325390327605419, -1048712.842866438673809 ] } },
{ "type": "Feature", "properties": { "name": "Zdravotnická záchranná služba Karlovarského kraje - výjezdové stanoviště Horní Slavkov", "facility_type": "Zdravotnická zachranná služba", "city": "Horní Slavkov", "region": "Karlovarský kraj", "district": "Sokolov", "postcode": 35731.0, "street": "Větrná", "street_number": "1015", "specialties": "urgentní medicína", "care_form": "ambulantní péče", "provider_ico": 574660, "website": "http://www.zzskvk.cz", "phone": "+420353362520", "latitude": 50.134891485006001, "longitude": 12.793188782266, "level": 3, "level_label": "Ambulance dispatch station (ZZS)" }, "geometry": { "type": "Point", "coordinates": [ -857209.555332871386781, -1020665.369970482541248 ] } },
{ "type": "Feature", "properties": { "name": "Výjezdová základna ZZSHMP Praha 7, koroner", "facility_type": "Výjezdová skupina záchranné služby", "city": "Praha 7", "region": "Hlavní město Praha", "district": "Hlavní město Praha", "postcode": 17000.0, "street": "Dukelských hrdinů", "street_number": "342/1", "specialties": "urgentní medicína, Všeobecná sestra", "care_form": null, "provider_ico": 638927, "website": "http://www.zzshmp.cz", "phone": null, "latitude": 50.096434945074002, "longitude": 14.431239652085999, "level": 3, "level_label": "Ambulance dispatch station (ZZS)" }, "geometry": { "type": "Point", "coordinates": [ -741965.856813842896372, -1042121.927514386712573 ] } },
{ "type": "Feature", "properties": { "name": "Výjezdová základna ZZSHMP Praha 8", "facility_type": "Výjezdová skupina záchranné služby", "city": "Praha 8", "region": "Hlavní město Praha", "district": "Hlavní město Praha", "postcode": 18000.0, "street": "Kundratka", "street_number": "1951/19", "specialties": "anesteziologie a intenzivní medicína, urgentní medicína, Všeobecná sestra", "care_form": null, "provider_ico": 638927, "website": "http://www.zzshmp.cz", "phone": null, "latitude": 50.114024876784001, "longitude": 14.483144373862, "level": 3, "level_label": "Ambulance dispatch station (ZZS)" }, "geometry": { "type": "Point", "coordinates": [ -738021.625629181857221, -1040688.087156434892677 ] } },
{ "type": "Feature", "properties": { "name": "Zdravotnická záchranná služba Karlovarského kraje, příspěvková organizace", "facility_type": "Zdravotnická zachranná služba", "city": "Cheb", "region": "Karlovarský kraj", "district": "Cheb", "postcode": 35002.0, "street": "K Nemocnici", "street_number": "1204/17", "specialties": "urgentní medicína", "care_form": "ambulantní péče", "provider_ico": 574660, "website": "http://www.zzskvk.cz", "phone": "+420353362520", "latitude": 50.069906592206003, "longitude": 12.366938322732, "level": 3, "level_label": "Ambulance dispatch station (ZZS)" }, "geometry": { "type": "Point", "coordinates": [ -888468.041519466321915, -1022897.72442455298733 ] } },
{ "type": "Feature", "properties": { "name": "Zdravotnická záchranná služba Karlovarského kraje, příspěvková organizace", "facility_type": "Zdravotnická zachranná služba", "city": "Aš", "region": "Karlovarský kraj", "district": "Cheb", "postcode": 35201.0, "street": "Okružní", "street_number": "2545", "specialties": "urgentní medicína", "care_form": "ambulantní péče", "provider_ico": 574660, "website": "http://www.zzskvk.cz", "phone": "+420353362520", "latitude": 50.217686620918997, "longitude": 12.187350836963001, "level": 3, "level_label": "Ambulance dispatch station (ZZS)" }, "geometry": { "type": "Point", "coordinates": [ -898420.767331807990558, -1004570.541109624551609 ] } },
{ "type": "Feature", "properties": { "name": "Zdravotnická záchranná služba Karlovarského kraje, příspěvkového organizace", "facility_type": "Zdravotnická zachranná služba", "city": "Mariánské Lázně", "region": "Karlovarský kraj", "district": "Cheb", "postcode": 35301.0, "street": "U Nemocnice", "street_number": "464/1", "specialties": "urgentní medicína", "care_form": "ambulantní péče", "provider_ico": 574660, "website": "http://www.zzskvk.cz", "phone": "+420353362520", "latitude": 49.961621185852003, "longitude": 12.70145640344, "level": 3, "level_label": "Ambulance dispatch station (ZZS)" }, "geometry": { "type": "Point", "coordinates": [ -866751.063465051236562, -1038651.783216514042579 ] } },
{ "type": "Feature", "properties": { "name": "Zdravotnická záchranná služba Karlovarského kraje, příspěvková organizace", "facility_type": "Zdravotnická zachranná služba", "city": "Kraslice", "region": "Karlovarský kraj", "district": "Sokolov", "postcode": 35801.0, "street": "Husova", "street_number": "127", "specialties": "urgentní medicína", "care_form": "ambulantní péče", "provider_ico": 574660, "website": "http://www.zzskvk.cz", "phone": "+420353362520", "latitude": 50.325731699686003, "longitude": 12.5137753534, "level": 3, "level_label": "Ambulance dispatch station (ZZS)" }, "geometry": { "type": "Point", "coordinates": [ -873497.361493124859408, -996526.983563661342487 ] } },
{ "type": "Feature", "properties": { "name": "Zdravotnická záchranná služba Kraje Vysočina, p.o.", "facility_type": "Zdravotnická zachranná služba", "city": "Humpolec", "region": "Kraj Vysočina", "district": "Pelhřimov", "postcode": 39601.0, "street": "Hálkova", "street_number": "422", "specialties": null, "care_form": null, "provider_ico": 47366630, "website": "https://www.zzsvysocina.cz/", "phone": null, "latitude": 49.537353863683002, "longitude": 15.357426448466001, "level": 3, "level_label": "Ambulance dispatch station (ZZS)" }, "geometry": { "type": "Point", "coordinates": [ -683971.322723057703115, -1112439.989618102321401 ] } },
{ "type": "Feature", "properties": { "name": "Zdravotnická záchranná služba Plzeňského kraje - výjezdové stanoviště Koterov", "facility_type": "Zdravotnická zachranná služba", "city": "Plzeň", "region": "Plzeňský kraj", "district": "Plzeň-město", "postcode": 32600.0, "street": "U Seřadiště", "street_number": "575/196", "specialties": null, "care_form": null, "provider_ico": 45333009, "website": "http://www.zzspk.cz", "phone": "+420377672111", "latitude": 49.719640999692999, "longitude": 13.416350631862, "level": 3, "level_label": "Ambulance dispatch station (ZZS)" }, "geometry": { "type": "Point", "coordinates": [ -820101.171527189435437, -1073179.464610202703625 ] } },
{ "type": "Feature", "properties": { "name": "Zdravotnická záchranná služba Pardubického kraje, Územní odbor Pardubice", "facility_type": "Zdravotnická zachranná služba", "city": "Pardubice", "region": "Pardubický kraj", "district": "Pardubice", "postcode": 53002.0, "street": "Teplého", "street_number": "1526", "specialties": "urgentní medicína", "care_form": null, "provider_ico": 69172196, "website": "http://www.zzspak.cz", "phone": "+420466034107", "latitude": 50.027296905683002, "longitude": 15.764008041884001, "level": 3, "level_label": "Ambulance dispatch station (ZZS)" }, "geometry": { "type": "Point", "coordinates": [ -648300.333652046509087, -1061904.028674984583631 ] } },
{ "type": "Feature", "properties": { "name": "Zdravotnická záchranná služba Pardubického kraje, Územní odbor Chrudim", "facility_type": "Zdravotnická zachranná služba", "city": "Hlinsko", "region": "Pardubický kraj", "district": "Chrudim", "postcode": 53901.0, "street": "Poličská", "street_number": "399", "specialties": "urgentní medicína", "care_form": null, "provider_ico": 69172196, "website": "http://www.zzspak.cz", "phone": "+420466034107", "latitude": 49.768651356344002, "longitude": 15.918130605053999, "level": 3, "level_label": "Ambulance dispatch station (ZZS)" }, "geometry": { "type": "Point", "coordinates": [ -640686.833730186335742, -1091772.626104089431465 ] } },
{ "type": "Feature", "properties": { "name": "Zdravotnická záchranná služba Pardubického kraje, Územní odbor Ústí nad Orlicí", "facility_type": "Zdravotnická zachranná služba", "city": "Vysoké Mýto", "region": "Pardubický kraj", "district": "Ústí nad Orlicí", "postcode": 56601.0, "street": "Vraclavská", "street_number": "593", "specialties": "urgentní medicína", "care_form": null, "provider_ico": 69172196, "website": "http://www.zzspak.cz", "phone": "+420466034107", "latitude": 49.954608229854003, "longitude": 16.151131081961999, "level": 3, "level_label": "Ambulance dispatch station (ZZS)" }, "geometry": { "type": "Point", "coordinates": [ -621667.265537130762823, -1073154.943136966088787 ] } },
{ "type": "Feature", "properties": { "name": "Zdravotnická záchranná služba Pardubického kraje, Územní odbor Ústí nad Orlicí", "facility_type": "Zdravotnická zachranná služba", "city": "Lanškroun", "region": "Pardubický kraj", "district": "Ústí nad Orlicí", "postcode": 56301.0, "street": "Dobrovského", "street_number": "34", "specialties": "urgentní medicína", "care_form": null, "provider_ico": 69172196, "website": "http://www.zzspak.cz", "phone": "+420466034107", "latitude": 49.912530804597999, "longitude": 16.615051081192, "level": 3, "level_label": "Ambulance dispatch station (ZZS)" }, "geometry": { "type": "Point", "coordinates": [ -589082.519131723791361, -1081484.124341681832448 ] } },
{ "type": "Feature", "properties": { "name": "Zdravotnická záchranná služba Středočeského kraje, příspěvková organizace", "facility_type": "Zdravotnická zachranná služba", "city": "Městec Králové", "region": "Středočeský kraj", "district": "Nymburk", "postcode": 28903.0, "street": "Prezidenta Beneše", "street_number": "343", "specialties": null, "care_form": null, "provider_ico": 75030926, "website": "www.zachranka.cz", "phone": "+420312256601", "latitude": 50.205299669928003, "longitude": 15.28868961127, "level": 3, "level_label": "Ambulance dispatch station (ZZS)" }, "geometry": { "type": "Point", "coordinates": [ -679631.826482635457069, -1038115.393826902960427 ] } },
{ "type": "Feature", "properties": { "name": "Zdravotnická záchranná služba Středočeského kraje, příspěvková organizace", "facility_type": "Zdravotnická zachranná služba", "city": "Nymburk", "region": "Středočeský kraj", "district": "Nymburk", "postcode": 28802.0, "street": "Bedřicha Smetany", "street_number": "55", "specialties": null, "care_form": null, "provider_ico": 75030926, "website": "www.zachranka.cz", "phone": "+420312256601", "latitude": 50.188523059601003, "longitude": 15.039993315814, "level": 3, "level_label": "Ambulance dispatch station (ZZS)" }, "geometry": { "type": "Point", "coordinates": [ -697481.656675344449468, -1037720.346688095945865 ] } },
{ "type": "Feature", "properties": { "name": "Zdravotnická záchranná služba Středočeského kraje, příspěvková organizace", "facility_type": "Zdravotnická zachranná služba", "city": "Lysá nad Labem", "region": "Středočeský kraj", "district": "Nymburk", "postcode": 28922.0, "street": "Masarykova", "street_number": "214/19", "specialties": null, "care_form": null, "provider_ico": 75030926, "website": "www.zachranka.cz", "phone": "+420312256601", "latitude": 50.198794729341998, "longitude": 14.841880038876001, "level": 3, "level_label": "Ambulance dispatch station (ZZS)" }, "geometry": { "type": "Point", "coordinates": [ -711360.483927521854639, -1034756.386499003856443 ] } },
{ "type": "Feature", "properties": { "name": "Zdravotnická záchranná služba Středočeského kraje, příspěvková organizace", "facility_type": "Zdravotnická zachranná služba", "city": "Mělník", "region": "Středočeský kraj", "district": "Mělník", "postcode": 27601.0, "street": "Bezručova", "street_number": "3409", "specialties": null, "care_form": null, "provider_ico": 75030926, "website": "www.zachranka.cz", "phone": "+420312256601", "latitude": 50.351857943704999, "longitude": 14.485681160994, "level": 3, "level_label": "Ambulance dispatch station (ZZS)" }, "geometry": { "type": "Point", "coordinates": [ -734258.369299168349244, -1014503.657973148277961 ] } },
{ "type": "Feature", "properties": { "name": "Zdravotnická záchranná služba Středočeského kraje, příspěvková organizace", "facility_type": "Zdravotnická zachranná služba", "city": "Neratovice", "region": "Středočeský kraj", "district": "Mělník", "postcode": 27711.0, "street": "Ed. Urxe", "street_number": "1027", "specialties": null, "care_form": null, "provider_ico": 75030926, "website": "www.zachranka.cz", "phone": "+420312256601", "latitude": 50.257370907982001, "longitude": 14.508968560687, "level": 3, "level_label": "Ambulance dispatch station (ZZS)" }, "geometry": { "type": "Point", "coordinates": [ -734036.752366868779063, -1025140.942176718730479 ] } },
{ "type": "Feature", "properties": { "name": "Zdravotnická záchranná služba Středočeského kraje, příspěvková organizace", "facility_type": "Zdravotnická zachranná služba", "city": "Mladá Boleslav", "region": "Středočeský kraj", "district": "Mladá Boleslav", "postcode": 29301.0, "street": "Laurinova", "street_number": "333/24", "specialties": null, "care_form": null, "provider_ico": 75030926, "website": "www.zachranka.cz", "phone": "+420312256601", "latitude": 50.419480206938999, "longitude": 14.908008211543001, "level": 3, "level_label": "Ambulance dispatch station (ZZS)" }, "geometry": { "type": "Point", "coordinates": [ -703491.604992129956372, -1011033.005374202388339 ] } },
{ "type": "Feature", "properties": { "name": "Zdravotnická záchranná služba Středočeského kraje, příspěvková organizace", "facility_type": "Zdravotnická zachranná služba", "city": "Příbram", "region": "Středočeský kraj", "district": "Příbram", "postcode": 26101.0, "street": "Školní", "street_number": "70", "specialties": null, "care_form": null, "provider_ico": 75030926, "website": "www.zachranka.cz", "phone": "+420312256601", "latitude": 49.674049568671997, "longitude": 13.999185951008, "level": 3, "level_label": "Ambulance dispatch station (ZZS)" }, "geometry": { "type": "Point", "coordinates": [ -779243.456406455487013, -1084324.47322745108977 ] } },
{ "type": "Feature", "properties": { "name": "Zdravotnická záchranná služba Středočeského kraje, příspěvková organizace", "facility_type": "Zdravotnická zachranná služba", "city": "Beroun", "region": "Středočeský kraj", "district": "Beroun", "postcode": 26601.0, "street": "Prof. Veselého", "street_number": "461/11", "specialties": null, "care_form": null, "provider_ico": 75030926, "website": "www.zachranka.cz", "phone": "+420312256601", "latitude": 49.963383190664999, "longitude": 14.091630226169, "level": 3, "level_label": "Ambulance dispatch station (ZZS)" }, "geometry": { "type": "Point", "coordinates": [ -768111.299692013766617, -1053408.850018200697377 ] } },
{ "type": "Feature", "properties": { "name": "Zdravotnická záchranná služba Středočeského kraje, příspěvková organizace", "facility_type": "Zdravotnická zachranná služba", "city": "Dobříš", "region": "Středočeský kraj", "district": "Příbram", "postcode": 26301.0, "street": "Průmyslová", "street_number": "2121", "specialties": null, "care_form": null, "provider_ico": 75030926, "website": "www.zachranka.cz", "phone": "+420312256601", "latitude": 49.795012899718998, "longitude": 14.185826310485, "level": 3, "level_label": "Ambulance dispatch station (ZZS)" }, "geometry": { "type": "Point", "coordinates": [ -764031.096143292728812, -1072897.968936825869605 ] } },
{ "type": "Feature", "properties": { "name": "Zdravotnická záchranná služba Středočeského kraje, příspěvková organizace", "facility_type": "Zdravotnická zachranná služba", "city": "Sedlčany", "region": "Středočeský kraj", "district": "Příbram", "postcode": 26401.0, "street": "Tyršova", "street_number": "159", "specialties": null, "care_form": null, "provider_ico": 75030926, "website": "www.zachranka.cz", "phone": "+420312256601", "latitude": 49.658928982254999, "longitude": 14.426875121923, "level": 3, "level_label": "Ambulance dispatch station (ZZS)" }, "geometry": { "type": "Point", "coordinates": [ -748904.916252883616835, -1090283.374131784541532 ] } },
{ "type": "Feature", "properties": { "name": "Zdravotnická záchranná služba Středočeského kraje, příspěvková organizace", "facility_type": "Zdravotnická zachranná služba", "city": "Krásná Hora nad Vltavou", "region": "Středočeský kraj", "district": "Příbram", "postcode": 26256.0, "street": null, "street_number": "192", "specialties": null, "care_form": null, "provider_ico": 75030926, "website": "www.zachranka.cz", "phone": "+420312256601", "latitude": 49.605455613228997, "longitude": 14.282337710244001, "level": 3, "level_label": "Ambulance dispatch station (ZZS)" }, "geometry": { "type": "Point", "coordinates": [ -760062.779739860678092, -1094741.54039719235152 ] } },
{ "type": "Feature", "properties": { "name": "Zdravotnická záchranná služba Středočeského kraje, příspěvková organizace", "facility_type": "Zdravotnická zachranná služba", "city": "Březnice", "region": "Středočeský kraj", "district": "Příbram", "postcode": 26272.0, "street": "Sadová", "street_number": "618", "specialties": null, "care_form": null, "provider_ico": 75030926, "website": "www.zachranka.cz", "phone": "+420312256601", "latitude": 49.559670789224, "longitude": 13.954129772595, "level": 3, "level_label": "Ambulance dispatch station (ZZS)" }, "geometry": { "type": "Point", "coordinates": [ -784274.920754542341456, -1096452.716454854700714 ] } },
{ "type": "Feature", "properties": { "name": "Zdravotnická záchranná služba Středočeského kraje, příspěvková organizace", "facility_type": "Zdravotnická zachranná služba", "city": "Jesenice", "region": "Středočeský kraj", "district": "Praha-západ", "postcode": 25242.0, "street": "Budějovická", "street_number": "77", "specialties": null, "care_form": null, "provider_ico": 75030926, "website": "www.zachranka.cz", "phone": "+420312256601", "latitude": 49.966292332018, "longitude": 14.516521708569, "level": 3, "level_label": "Ambulance dispatch station (ZZS)" }, "geometry": { "type": "Point", "coordinates": [ -737875.663216870743781, -1057291.207434512907639 ] } },
{ "type": "Feature", "properties": { "name": "Zdravotnická záchranná služba Středočeského kraje, příspěvková organizace", "facility_type": "Zdravotnická zachranná služba", "city": "Říčany", "region": "Středočeský kraj", "district": "Praha-východ", "postcode": 25101.0, "street": "Komenského náměstí", "street_number": "1910", "specialties": null, "care_form": null, "provider_ico": 75030926, "website": "www.zachranka.cz", "phone": "+420312256601", "latitude": 49.991246722588002, "longitude": 14.663018017152, "level": 3, "level_label": "Ambulance dispatch station (ZZS)" }, "geometry": { "type": "Point", "coordinates": [ -727091.594389513717033, -1055949.832177443895489 ] } },
{ "type": "Feature", "properties": { "name": "Zdravotnická záchranná služba Středočeského kraje, příspěvková organizace", "facility_type": "Zdravotnická zachranná služba", "city": "Roztoky", "region": "Středočeský kraj", "district": "Praha-západ", "postcode": 25263.0, "street": "Masarykova", "street_number": "2514", "specialties": null, "care_form": null, "provider_ico": 75030926, "website": "www.zachranka.cz", "phone": "+420312256601", "latitude": 50.165651119937003, "longitude": 14.385782038987999, "level": 3, "level_label": "Ambulance dispatch station (ZZS)" }, "geometry": { "type": "Point", "coordinates": [ -744134.629421761725098, -1034052.054024626500905 ] } },
{ "type": "Feature", "properties": { "name": "Zdravotnická záchranná služba Středočeského kraje, příspěvková organizace", "facility_type": "Zdravotnická zachranná služba", "city": "Zdiby", "region": "Středočeský kraj", "district": "Praha-východ", "postcode": 25066.0, "street": "Ústecká", "street_number": "98", "specialties": null, "care_form": null, "provider_ico": 75030926, "website": "www.zachranka.cz", "phone": "+420312256601", "latitude": 50.171331706023999, "longitude": 14.450652130711999, "level": 3, "level_label": "Ambulance dispatch station (ZZS)" }, "geometry": { "type": "Point", "coordinates": [ -739457.537456164252944, -1034058.085163845564239 ] } },
{ "type": "Feature", "properties": { "name": "Zdravotnická záchranná služba Libereckého kraje, příspěvková organizace", "facility_type": "Zdravotnická zachranná služba", "city": "Jilemnice", "region": "Liberecký kraj", "district": "Semily", "postcode": 51401.0, "street": "Metyšova", "street_number": "372", "specialties": null, "care_form": null, "provider_ico": 46744991, "website": "http://www.zzslk.cz", "phone": "+420485218511", "latitude": 50.611480577738, "longitude": 15.498471919899, "level": 3, "level_label": "Ambulance dispatch station (ZZS)" }, "geometry": { "type": "Point", "coordinates": [ -659255.993517396971583, -995120.101174051291309 ] } },
{ "type": "Feature", "properties": { "name": "Zdravotnická záchranná služba Pardubického kraje, Územní odbor Ústí nad Orlicí", "facility_type": "Zdravotnická zachranná služba", "city": "Ústí nad Orlicí", "region": "Pardubický kraj", "district": "Ústí nad Orlicí", "postcode": 56203.0, "street": null, "street_number": "474", "specialties": "urgentní medicína", "care_form": null, "provider_ico": 69172196, "website": "http://www.zzspak.cz", "phone": "+420466034107", "latitude": 49.955254207262001, "longitude": 16.416535384932999, "level": 3, "level_label": "Ambulance dispatch station (ZZS)" }, "geometry": { "type": "Point", "coordinates": [ -602733.300682387547567, -1075211.563226450467482 ] } },
{ "type": "Feature", "properties": { "name": "Zdravotnická záchranná služba Plzeňského kraje - výjezdové stanoviště Manětín", "facility_type": "Zdravotnická zachranná služba", "city": "Manětín", "region": "Plzeňský kraj", "district": "Plzeň-sever", "postcode": 33162.0, "street": null, "street_number": "338", "specialties": null, "care_form": null, "provider_ico": 45333009, "website": "http://www.zzspk.cz", "phone": "+420377672111", "latitude": 49.990850070519997, "longitude": 13.228421858732, "level": 3, "level_label": "Ambulance dispatch station (ZZS)" }, "geometry": { "type": "Point", "coordinates": [ -828908.672816254897043, -1041322.630322531214915 ] } },
{ "type": "Feature", "properties": { "name": "Zdravotnická záchranná služba Moravskoslezského kraje, příspěvková organizace", "facility_type": "Zdravotnická zachranná služba", "city": "Opava", "region": "Moravskoslezský kraj", "district": "Opava", "postcode": 74601.0, "street": "Těšínská", "street_number": "584/39", "specialties": null, "care_form": null, "provider_ico": 48804525, "website": "http://www.zzsmsk.cz", "phone": "+420950730401", "latitude": 49.934005779176999, "longitude": 17.917910349523002, "level": 3, "level_label": "Ambulance dispatch station (ZZS)" }, "geometry": { "type": "Point", "coordinates": [ -495747.91981045686407, -1088351.445382237900048 ] } },
{ "type": "Feature", "properties": { "name": "Zdravotnická záchranná služba Středočeského kraje, příspěvková organizace", "facility_type": "Zdravotnická zachranná služba", "city": "Hostivice", "region": "Středočeský kraj", "district": "Praha-západ", "postcode": 25301.0, "street": "Jiráskova", "street_number": "201", "specialties": null, "care_form": null, "provider_ico": 75030926, "website": "www.zachranka.cz", "phone": "+420312256601", "latitude": 50.082006627711998, "longitude": 14.260493702526, "level": 3, "level_label": "Ambulance dispatch station (ZZS)" }, "geometry": { "type": "Point", "coordinates": [ -754288.41689972311724, -1042033.640672097099014 ] } },
{ "type": "Feature", "properties": { "name": "Zdravotnická záchranná služba Ústeckého kraje, příspěvková organizace", "facility_type": "Zdravotnická zachranná služba", "city": "Děčín", "region": "Ústecký kraj", "district": "Děčín", "postcode": 40502.0, "street": "Ovocná", "street_number": "827/8", "specialties": null, "care_form": null, "provider_ico": 829013, "website": "http://www.zzsuk.cz", "phone": "+420475234111", "latitude": 50.769162613199001, "longitude": 14.201374163001001, "level": 3, "level_label": "Ambulance dispatch station (ZZS)" }, "geometry": { "type": "Point", "coordinates": [ -747837.441363848047331, -965758.436739418189973 ] } },
{ "type": "Feature", "properties": { "name": "Zdravotnická záchranná služba Ústeckého kraje, příspěvková organizace", "facility_type": "Zdravotnická zachranná služba", "city": "Česká Kamenice", "region": "Ústecký kraj", "district": "Děčín", "postcode": 40721.0, "street": null, "street_number": "827", "specialties": null, "care_form": null, "provider_ico": 829013, "website": "http://www.zzsuk.cz", "phone": "+420475234111", "latitude": 50.801206346371004, "longitude": 14.418461929266, "level": 3, "level_label": "Ambulance dispatch station (ZZS)" }, "geometry": { "type": "Point", "coordinates": [ -732183.225379032432102, -964336.688551864703186 ] } },
{ "type": "Feature", "properties": { "name": "Zdravotnická záchranná služba Ústeckého kraje, příspěvková organizace - oblastní středisko Děčín", "facility_type": "Zdravotnická zachranná služba", "city": "Rumburk", "region": "Ústecký kraj", "district": "Děčín", "postcode": 40801.0, "street": "Zelená", "street_number": "1545/11", "specialties": null, "care_form": null, "provider_ico": 829013, "website": "http://www.zzsuk.cz", "phone": "+420475234111", "latitude": 50.949287407263, "longitude": 14.546876762008999, "level": 3, "level_label": "Ambulance dispatch station (ZZS)" }, "geometry": { "type": "Point", "coordinates": [ -720996.370695249876007, -949239.066633487236686 ] } },
{ "type": "Feature", "properties": { "name": "Zdravotnická záchranná služba Ústeckého kraje, příspěvková organizace ", "facility_type": "Zdravotnická zachranná služba", "city": "Teplice", "region": "Ústecký kraj", "district": "Teplice", "postcode": 41501.0, "street": "Duchcovská", "street_number": "3234", "specialties": null, "care_form": null, "provider_ico": 829013, "website": "http://www.zzsuk.cz", "phone": "+420475234111", "latitude": 50.637067935764001, "longitude": 13.809446114450999, "level": 3, "level_label": "Ambulance dispatch station (ZZS)" }, "geometry": { "type": "Point", "coordinates": [ -777327.640663114958443, -976377.761121554882266 ] } },
{ "type": "Feature", "properties": { "name": "Zdravotnická záchranná služba Ústeckého kraje, příspěvková organizace ", "facility_type": "Zdravotnická zachranná služba", "city": "Bílina", "region": "Ústecký kraj", "district": "Teplice", "postcode": 41801.0, "street": "Pražská", "street_number": "206/95", "specialties": null, "care_form": null, "provider_ico": 829013, "website": "http://www.zzsuk.cz", "phone": "+420475234111", "latitude": 50.541114670249002, "longitude": 13.784333621371999, "level": 3, "level_label": "Ambulance dispatch station (ZZS)" }, "geometry": { "type": "Point", "coordinates": [ -780630.31282769003883, -986681.640893960255198 ] } },
{ "type": "Feature", "properties": { "name": "Zdravotnická záchranná služba Ústeckého kraje, příspěvková organizace ", "facility_type": "Zdravotnická zachranná služba", "city": "Žatec", "region": "Ústecký kraj", "district": "Louny", "postcode": 43801.0, "street": "Studentská", "street_number": "1001", "specialties": null, "care_form": null, "provider_ico": 829013, "website": "http://www.zzsuk.cz", "phone": "+420475234111", "latitude": 50.321696106139001, "longitude": 13.538994776076001, "level": 3, "level_label": "Ambulance dispatch station (ZZS)" }, "geometry": { "type": "Point", "coordinates": [ -801445.36868742085062, -1008272.630789744551294 ] } },
{ "type": "Feature", "properties": { "name": "Zdravotnická záchranná služba Ústeckého kraje, příspěvková organizace ", "facility_type": "Zdravotnická zachranná služba", "city": "Louny", "region": "Ústecký kraj", "district": "Louny", "postcode": 44001.0, "street": "Rybalkova", "street_number": "2748", "specialties": null, "care_form": null, "provider_ico": 829013, "website": "http://www.zzsuk.cz", "phone": "+420475234111", "latitude": 50.350867023100001, "longitude": 13.810324956618, "level": 3, "level_label": "Ambulance dispatch station (ZZS)" }, "geometry": { "type": "Point", "coordinates": [ -781863.169792517786846, -1007887.121221456909552 ] } },
{ "type": "Feature", "properties": { "name": "Zdravotnická záchranná služba Ústeckého kraje, příspěvková organizace ", "facility_type": "Zdravotnická zachranná služba", "city": "Podbořany", "region": "Ústecký kraj", "district": "Louny", "postcode": 44101.0, "street": "Valovská", "street_number": "606", "specialties": null, "care_form": null, "provider_ico": 829013, "website": "http://www.zzsuk.cz", "phone": "+420475234111", "latitude": 50.226446507124002, "longitude": 13.415561430586999, "level": 3, "level_label": "Ambulance dispatch station (ZZS)" }, "geometry": { "type": "Point", "coordinates": [ -811722.49476554885041, -1017439.15976127050817 ] } },
{ "type": "Feature", "properties": { "name": "Zdravotnická záchranná služba Ústeckého kraje, příspěvková organizace", "facility_type": "Zdravotnická zachranná služba", "city": "Most", "region": "Ústecký kraj", "district": "Most", "postcode": 43401.0, "street": "J. E. Purkyně", "street_number": "3333", "specialties": null, "care_form": null, "provider_ico": 829013, "website": "http://www.zzsuk.cz", "phone": "+420475234111", "latitude": 50.504073068689003, "longitude": 13.631341367364, "level": 3, "level_label": "Ambulance dispatch station (ZZS)" }, "geometry": { "type": "Point", "coordinates": [ -791963.671534632216208, -989176.409745338722132 ] } },
{ "type": "Feature", "properties": { "name": "Zdravotnická záchranná služba Ústeckého kraje, příspěvková organizace", "facility_type": "Zdravotnická zachranná služba", "city": "Litvínov", "region": "Ústecký kraj", "district": "Most", "postcode": 43601.0, "street": "Žižkova", "street_number": "151", "specialties": null, "care_form": null, "provider_ico": 829013, "website": "http://www.zzsuk.cz", "phone": "+420475234111", "latitude": 50.602328000870997, "longitude": 13.614006340312001, "level": 3, "level_label": "Ambulance dispatch station (ZZS)" }, "geometry": { "type": "Point", "coordinates": [ -791573.363837849814445, -978185.551117529044859 ] } },
{ "type": "Feature", "properties": { "name": "Zdravotnická záchranná služba Ústeckého kraje, příspěvková organizace ", "facility_type": "Zdravotnická zachranná služba", "city": "Chomutov", "region": "Ústecký kraj", "district": "Chomutov", "postcode": 43001.0, "street": "Beethovenova", "street_number": "5606", "specialties": null, "care_form": null, "provider_ico": 829013, "website": "http://www.zzsuk.cz", "phone": "+420475234111", "latitude": 50.453720564064, "longitude": 13.412494786959, "level": 3, "level_label": "Ambulance dispatch station (ZZS)" }, "geometry": { "type": "Point", "coordinates": [ -808154.855964386370033, -992412.669264002935961 ] } },
{ "type": "Feature", "properties": { "name": "Zdravotnická záchranná služba Ústeckého kraje, příspěvková organizace", "facility_type": "Zdravotnická zachranná služba", "city": "Jirkov", "region": "Ústecký kraj", "district": "Chomutov", "postcode": 43111.0, "street": "Červenohrádecká", "street_number": "1559", "specialties": null, "care_form": null, "provider_ico": 829013, "website": "http://www.zzsuk.cz", "phone": "+420475234111", "latitude": 50.502024295413001, "longitude": 13.445582380348, "level": 3, "level_label": "Ambulance dispatch station (ZZS)" }, "geometry": { "type": "Point", "coordinates": [ -805029.748871937976219, -987451.308406428317539 ] } },
{ "type": "Feature", "properties": { "name": "Zdravotnická záchranná služba Ústeckého kraje, příspěvková organizace", "facility_type": "Zdravotnická zachranná služba", "city": "Kadaň", "region": "Ústecký kraj", "district": "Chomutov", "postcode": 43201.0, "street": "Golovinova", "street_number": "1983", "specialties": null, "care_form": null, "provider_ico": 829013, "website": "http://www.zzsuk.cz", "phone": "+420475234111", "latitude": 50.391409833905001, "longitude": 13.271420102142001, "level": 3, "level_label": "Ambulance dispatch station (ZZS)" }, "geometry": { "type": "Point", "coordinates": [ -819108.998947273241356, -997754.236236442113295 ] } },
{ "type": "Feature", "properties": { "name": "Zdravotnická záchranná služba Ústeckého kraje, příspěvková organizace", "facility_type": "Zdravotnická zachranná služba", "city": "Vejprty", "region": "Ústecký kraj", "district": "Chomutov", "postcode": 43191.0, "street": "Tylova", "street_number": "870/6", "specialties": null, "care_form": null, "provider_ico": 829013, "website": "http://www.zzsuk.cz", "phone": "+420475234111", "latitude": 50.492289790103001, "longitude": 13.031797753903, "level": 3, "level_label": "Ambulance dispatch station (ZZS)" }, "geometry": { "type": "Point", "coordinates": [ -834210.004740459029563, -984059.310599511140026 ] } },
{ "type": "Feature", "properties": { "name": "Zdravotnická záchranná služba Ústeckého kraje, příspěvková organizace", "facility_type": "Zdravotnická zachranná služba", "city": "Litoměřice", "region": "Ústecký kraj", "district": "Litoměřice", "postcode": 41201.0, "street": "Žitenická", "street_number": "2224/28", "specialties": null, "care_form": null, "provider_ico": 829013, "website": "http://www.zzsuk.cz", "phone": "+420475234111", "latitude": 50.541769711306003, "longitude": 14.143930388646, "level": 3, "level_label": "Ambulance dispatch station (ZZS)" }, "geometry": { "type": "Point", "coordinates": [ -755390.506120795384049, -990238.24052709445823 ] } },
{ "type": "Feature", "properties": { "name": "Zdravotnická záchranná služba Pardubického kraje, Územní odbor Chrudim", "facility_type": "Zdravotnická zachranná služba", "city": "Chrudim", "region": "Pardubický kraj", "district": "Chrudim", "postcode": 53703.0, "street": "Dr.Milady Horákové", "street_number": "12", "specialties": "urgentní medicína", "care_form": null, "provider_ico": 69172196, "website": "http://www.zzspak.cz", "phone": "+420466034107", "latitude": 49.93947982017, "longitude": 15.796403944564, "level": 3, "level_label": "Ambulance dispatch station (ZZS)" }, "geometry": { "type": "Point", "coordinates": [ -647149.537468704394996, -1071877.517438180278987 ] } },
{ "type": "Feature", "properties": { "name": "Zdravotnická záchranná služba Libereckého kraje, příspěvková organizace", "facility_type": "Zdravotnická zachranná služba", "city": "Jablonec nad Nisou", "region": "Liberecký kraj", "district": "Jablonec nad Nisou", "postcode": 46601.0, "street": "Nemocniční", "street_number": "1908", "specialties": null, "care_form": null, "provider_ico": 46744991, "website": "http://www.zzslk.cz", "phone": "+420485218511", "latitude": 50.728290069205002, "longitude": 15.161943611357, "level": 3, "level_label": "Ambulance dispatch station (ZZS)" }, "geometry": { "type": "Point", "coordinates": [ -681248.724682613508776, -979269.992870325688273 ] } },
{ "type": "Feature", "properties": { "name": "Zdravotnická záchranná služba Libereckého kraje, příspěvková organizace", "facility_type": "Zdravotnická zachranná služba", "city": "Česká Lípa", "region": "Liberecký kraj", "district": "Česká Lípa", "postcode": 47001.0, "street": "Purkyňova", "street_number": "1849", "specialties": null, "care_form": null, "provider_ico": 46744991, "website": "http://www.zzslk.cz", "phone": "+420485218511", "latitude": 50.685854412007998, "longitude": 14.548834938603999, "level": 3, "level_label": "Ambulance dispatch station (ZZS)" }, "geometry": { "type": "Point", "coordinates": [ -724804.030449839658104, -978296.926619268138893 ] } },
{ "type": "Feature", "properties": { "name": "Zdravotnická záchranná služba Libereckého kraje, příspěvková organizace", "facility_type": "Zdravotnická zachranná služba", "city": "Jablonné v Podještědí", "region": "Liberecký kraj", "district": "Liberec", "postcode": 47125.0, "street": "Lidická", "street_number": "502", "specialties": null, "care_form": null, "provider_ico": 46744991, "website": "http://www.zzslk.cz", "phone": "+420485218511", "latitude": 50.762486536125003, "longitude": 14.75904749151, "level": 3, "level_label": "Ambulance dispatch station (ZZS)" }, "geometry": { "type": "Point", "coordinates": [ -708957.047990550752729, -971825.287056986475363 ] } },
{ "type": "Feature", "properties": { "name": "Zdravotnická záchranná služba Libereckého kraje, příspěvková organizace", "facility_type": "Zdravotnická zachranná služba", "city": "Doksy", "region": "Liberecký kraj", "district": "Česká Lípa", "postcode": 47201.0, "street": "Mimoňská", "street_number": "303", "specialties": null, "care_form": null, "provider_ico": 46744991, "website": "http://www.zzslk.cz", "phone": "+420485218511", "latitude": 50.566874207072999, "longitude": 14.661876737928001, "level": 3, "level_label": "Ambulance dispatch station (ZZS)" }, "geometry": { "type": "Point", "coordinates": [ -718648.946272582863458, -992483.658319248468615 ] } },
{ "type": "Feature", "properties": { "name": "Zdravotnická záchranná služba Libereckého kraje, příspěvková organizace", "facility_type": "Zdravotnická zachranná služba", "city": "Turnov", "region": "Liberecký kraj", "district": "Semily", "postcode": 51101.0, "street": "28. října", "street_number": "1000", "specialties": null, "care_form": null, "provider_ico": 46744991, "website": "http://www.zzslk.cz", "phone": "+420485218511", "latitude": 50.589089100251002, "longitude": 15.169090120008001, "level": 3, "level_label": "Ambulance dispatch station (ZZS)" }, "geometry": { "type": "Point", "coordinates": [ -682705.279321281472221, -994694.971827763249166 ] } },
{ "type": "Feature", "properties": { "name": "Zdravotnická záchranná služba Libereckého kraje, příspěvková organizace", "facility_type": "Zdravotnická zachranná služba", "city": "Semily", "region": "Liberecký kraj", "district": "Semily", "postcode": 51301.0, "street": "3. května", "street_number": "421", "specialties": null, "care_form": null, "provider_ico": 46744991, "website": "http://www.zzslk.cz", "phone": "+420485218511", "latitude": 50.597419159169, "longitude": 15.353305519404, "level": 3, "level_label": "Ambulance dispatch station (ZZS)" }, "geometry": { "type": "Point", "coordinates": [ -669647.438385091489181, -995408.44295379833784 ] } },
{ "type": "Feature", "properties": { "name": "Zdravotnická záchranná služba služba Plzeňského kraje - výjezdové stanoviště Železná Ruda", "facility_type": "Zdravotnická zachranná služba", "city": "Železná Ruda", "region": "Plzeňský kraj", "district": "Klatovy", "postcode": 34004.0, "street": "Královácká", "street_number": "471", "specialties": null, "care_form": null, "provider_ico": 45333009, "website": "http://www.zzspk.cz", "phone": "+420377672111", "latitude": 49.138723174859997, "longitude": 13.228804286677001, "level": 3, "level_label": "Ambulance dispatch station (ZZS)" }, "geometry": { "type": "Point", "coordinates": [ -843295.435951585648581, -1134996.22763402829878 ] } },
{ "type": "Feature", "properties": { "name": "Zdravotnická záchranná služba Jihomoravského kraje, příspěvková organizace", "facility_type": "Zdravotnická zachranná služba", "city": "Blansko", "region": "Jihomoravský kraj", "district": "Blansko", "postcode": 67801.0, "street": "K. H. Máchy", "street_number": "2342/17", "specialties": null, "care_form": null, "provider_ico": 346292, "website": "http://zzsjmk.cz", "phone": "+420545113201", "latitude": 49.362080035825997, "longitude": 16.651975777442001, "level": 3, "level_label": "Ambulance dispatch station (ZZS)" }, "geometry": { "type": "Point", "coordinates": [ -592990.128687824239023, -1142635.159316439880058 ] } },
{ "type": "Feature", "properties": { "name": "Zdravotnická záchranná služba Jihomoravského kraje, příspěvková organizace", "facility_type": "Zdravotnická zachranná služba", "city": "Boskovice", "region": "Jihomoravský kraj", "district": "Blansko", "postcode": 68001.0, "street": "Rovná", "street_number": "2646/1a", "specialties": null, "care_form": null, "provider_ico": 346292, "website": "http://zzsjmk.cz", "phone": "+420545113201", "latitude": 49.490373793704997, "longitude": 16.642523239913, "level": 3, "level_label": "Ambulance dispatch station (ZZS)" }, "geometry": { "type": "Point", "coordinates": [ -592145.659702234202996, -1128376.426956536713988 ] } },
{ "type": "Feature", "properties": { "name": "Zdravotnická záchranná služba Jihomoravského kraje, příspěvková organizace", "facility_type": "Zdravotnická zachranná služba", "city": "Velké Opatovice", "region": "Jihomoravský kraj", "district": "Blansko", "postcode": 67963.0, "street": "nám. Míru", "street_number": "538", "specialties": null, "care_form": null, "provider_ico": 346292, "website": "http://zzsjmk.cz", "phone": "+420545113201", "latitude": 49.611474868750001, "longitude": 16.679139420371001, "level": 3, "level_label": "Ambulance dispatch station (ZZS)" }, "geometry": { "type": "Point", "coordinates": [ -588073.199603081564419, -1115268.606920144753531 ] } },
{ "type": "Feature", "properties": { "name": "Zdravotnická záchranná služba Jihomoravského kraje, příspěvková organizace", "facility_type": "Zdravotnická zachranná služba", "city": "Hodonín", "region": "Jihomoravský kraj", "district": "Hodonín", "postcode": 69501.0, "street": "třída Bří Čapků", "street_number": "3233/3", "specialties": null, "care_form": null, "provider_ico": 346292, "website": "http://zzsjmk.cz", "phone": "+420545113201", "latitude": 48.853842029569002, "longitude": 17.109776212740002, "level": 3, "level_label": "Ambulance dispatch station (ZZS)" }, "geometry": { "type": "Point", "coordinates": [ -565621.775593934813514, -1202317.865514966426417 ] } },
{ "type": "Feature", "properties": { "name": "Zdravotnická záchranná služba Jihomoravského kraje, příspěvková organizace", "facility_type": "Zdravotnická zachranná služba", "city": "Veselí nad Moravou", "region": "Jihomoravský kraj", "district": "Hodonín", "postcode": 69801.0, "street": "U Polikliniky", "street_number": "1940", "specialties": null, "care_form": null, "provider_ico": 346292, "website": "http://zzsjmk.cz", "phone": "+420545113201", "latitude": 48.94945989312, "longitude": 17.389623640269999, "level": 3, "level_label": "Ambulance dispatch station (ZZS)" }, "geometry": { "type": "Point", "coordinates": [ -544154.111598565010354, -1193770.042602120200172 ] } },
{ "type": "Feature", "properties": { "name": "Zdravotnická záchranná služba Jihomoravského kraje, příspěvková organizace", "facility_type": "Zdravotnická zachranná služba", "city": "Kyjov", "region": "Jihomoravský kraj", "district": "Hodonín", "postcode": 69701.0, "street": "Strážovská", "street_number": "1459/2a", "specialties": null, "care_form": null, "provider_ico": 346292, "website": "http://zzsjmk.cz", "phone": "+420545113201", "latitude": 49.007315795251998, "longitude": 17.111969616507999, "level": 3, "level_label": "Ambulance dispatch station (ZZS)" }, "geometry": { "type": "Point", "coordinates": [ -563740.16711648053024, -1185355.175359373679385 ] } },
{ "type": "Feature", "properties": { "name": "Zdravotnická záchranná služba Jihomoravského kraje, příspěvková organizace", "facility_type": "Zdravotnická zachranná služba", "city": "Velká nad Veličkou", "region": "Jihomoravský kraj", "district": "Hodonín", "postcode": 69674.0, "street": null, "street_number": "461", "specialties": null, "care_form": null, "provider_ico": 346292, "website": "http://zzsjmk.cz", "phone": "+420545113201", "latitude": 48.880950423522002, "longitude": 17.514723548009002, "level": 3, "level_label": "Ambulance dispatch station (ZZS)" }, "geometry": { "type": "Point", "coordinates": [ -535762.826920498046093, -1202236.522498562466353 ] } },
{ "type": "Feature", "properties": { "name": "Zdravotnická záchranná služba Jihomoravského kraje, příspěvková organizace", "facility_type": "Zdravotnická zachranná služba", "city": "Vyškov", "region": "Jihomoravský kraj", "district": "Vyškov", "postcode": 68201.0, "street": "Purkyňova", "street_number": "235/36", "specialties": null, "care_form": null, "provider_ico": 346292, "website": "http://zzsjmk.cz", "phone": "+420545113201", "latitude": 49.277513568289997, "longitude": 16.979920879487999, "level": 3, "level_label": "Ambulance dispatch station (ZZS)" }, "geometry": { "type": "Point", "coordinates": [ -570266.915848081698641, -1154484.572451328625903 ] } },
{ "type": "Feature", "properties": { "name": "Zdravotnická záchranná služba Jihomoravského kraje, příspěvková organizace", "facility_type": "Zdravotnická zachranná služba", "city": "Bučovice", "region": "Jihomoravský kraj", "district": "Vyškov", "postcode": 68501.0, "street": "Dvorská", "street_number": "1191", "specialties": null, "care_form": null, "provider_ico": 346292, "website": "http://zzsjmk.cz", "phone": "+420545113201", "latitude": 49.149230341260001, "longitude": 17.008124438214001, "level": 3, "level_label": "Ambulance dispatch station (ZZS)" }, "geometry": { "type": "Point", "coordinates": [ -569684.169349216739647, -1168885.446998956147581 ] } },
{ "type": "Feature", "properties": { "name": "Zdravotnická záchranná služba Jihomoravského kraje, příspěvková organizace", "facility_type": "Zdravotnická zachranná služba", "city": "Slavkov u Brna", "region": "Jihomoravský kraj", "district": "Vyškov", "postcode": 68401.0, "street": "Československé armády", "street_number": "1865", "specialties": null, "care_form": null, "provider_ico": 346292, "website": "http://zzsjmk.cz", "phone": "+420545113201", "latitude": 49.148209816567999, "longitude": 16.876177261706001, "level": 3, "level_label": "Ambulance dispatch station (ZZS)" }, "geometry": { "type": "Point", "coordinates": [ -579269.643946365686134, -1168005.931998576968908 ] } },
{ "type": "Feature", "properties": { "name": "Zdravotnická záchranná služba Kraje Vysočina, p.o.", "facility_type": "Zdravotnická zachranná služba", "city": "Havlíčkův Brod", "region": "Kraj Vysočina", "district": "Havlíčkův Brod", "postcode": 58001.0, "street": "Husova", "street_number": "2621", "specialties": null, "care_form": null, "provider_ico": 47366630, "website": "https://www.zzsvysocina.cz/", "phone": null, "latitude": 49.609616391666997, "longitude": 15.573198551534, "level": 3, "level_label": "Ambulance dispatch station (ZZS)" }, "geometry": { "type": "Point", "coordinates": [ -667499.309226631419733, -1106376.420294876908883 ] } },
{ "type": "Feature", "properties": { "name": "Zdravotnická záchranná služba Kraje Vysočina, p.o.", "facility_type": "Zdravotnická zachranná služba", "city": "Ledeč nad Sázavou", "region": "Kraj Vysočina", "district": "Havlíčkův Brod", "postcode": 58401.0, "street": "Koželská", "street_number": "1342", "specialties": null, "care_form": null, "provider_ico": 47366630, "website": "https://www.zzsvysocina.cz/", "phone": null, "latitude": 49.690134285413002, "longitude": 15.27797373532, "level": 3, "level_label": "Ambulance dispatch station (ZZS)" }, "geometry": { "type": "Point", "coordinates": [ -687552.937098913476802, -1094866.591975053306669 ] } },
{ "type": "Feature", "properties": { "name": "Zdravotnická záchranná služba Kraje Vysočina, p.o.", "facility_type": "Zdravotnická zachranná služba", "city": "Chotěboř", "region": "Kraj Vysočina", "district": "Havlíčkův Brod", "postcode": 58301.0, "street": "Legií", "street_number": "1710", "specialties": null, "care_form": null, "provider_ico": 47366630, "website": "https://www.zzsvysocina.cz/", "phone": null, "latitude": 49.716447307853002, "longitude": 15.671050115425, "level": 3, "level_label": "Ambulance dispatch station (ZZS)" }, "geometry": { "type": "Point", "coordinates": [ -659055.687387525569648, -1095433.031144094653428 ] } },
{ "type": "Feature", "properties": { "name": "Zdravotnická záchranná služba Jihočeského kraje", "facility_type": "Zdravotnická zachranná služba", "city": "Strakonice", "region": "Jihočeský kraj", "district": "Strakonice", "postcode": 38601.0, "street": "Radomyšlská", "street_number": "336", "specialties": null, "care_form": null, "provider_ico": 48199931, "website": "http://www.zzsjck.cz", "phone": null, "latitude": 49.265552283490003, "longitude": 13.907037471498001, "level": 3, "level_label": "Ambulance dispatch station (ZZS)" }, "geometry": { "type": "Point", "coordinates": [ -792327.826703533297405, -1128339.324618012877181 ] } },
{ "type": "Feature", "properties": { "name": "Zdravotnická záchranná služba Jihočeského kraje", "facility_type": "Zdravotnická zachranná služba", "city": "Blatná", "region": "Jihočeský kraj", "district": "Strakonice", "postcode": 38801.0, "street": "Jana Wericha", "street_number": "502", "specialties": null, "care_form": null, "provider_ico": 48199931, "website": "http://www.zzsjck.cz", "phone": null, "latitude": 49.430787882086001, "longitude": 13.883387227049001, "level": 3, "level_label": "Ambulance dispatch station (ZZS)" }, "geometry": { "type": "Point", "coordinates": [ -791395.928308273898438, -1109906.362536932807416 ] } },
{ "type": "Feature", "properties": { "name": "Zdravotnická záchranná služba Jihočeského kraje", "facility_type": "Zdravotnická zachranná služba", "city": "Vodňany", "region": "Jihočeský kraj", "district": "Strakonice", "postcode": 38901.0, "street": "Jiráskova", "street_number": "116", "specialties": null, "care_form": null, "provider_ico": 48199931, "website": "http://www.zzsjck.cz", "phone": null, "latitude": 49.146660881031998, "longitude": 14.176316380183, "level": 3, "level_label": "Ambulance dispatch station (ZZS)" }, "geometry": { "type": "Point", "coordinates": [ -774771.260067383293062, -1144201.553911780240014 ] } },
{ "type": "Feature", "properties": { "name": "Zdravotnická záchranná služba Jihočeského kraje", "facility_type": "Zdravotnická zachranná služba", "city": "Tábor", "region": "Jihočeský kraj", "district": "Tábor", "postcode": 39156.0, "street": "Chýnovská", "street_number": "276", "specialties": null, "care_form": null, "provider_ico": 48199931, "website": "http://www.zzsjck.cz", "phone": null, "latitude": 49.406268002540997, "longitude": 14.693809000076, "level": 3, "level_label": "Ambulance dispatch station (ZZS)" }, "geometry": { "type": "Point", "coordinates": [ -733537.865549935842864, -1120725.076631069881842 ] } },
{ "type": "Feature", "properties": { "name": "Zdravotnická záchranná služba Jihočeského kraje", "facility_type": "Zdravotnická zachranná služba", "city": "Mladá Vožice", "region": "Jihočeský kraj", "district": "Tábor", "postcode": 39143.0, "street": "Plaňková", "street_number": "420", "specialties": null, "care_form": null, "provider_ico": 48199931, "website": "http://www.zzsjck.cz", "phone": null, "latitude": 49.532097801272997, "longitude": 14.80855579714, "level": 3, "level_label": "Ambulance dispatch station (ZZS)" }, "geometry": { "type": "Point", "coordinates": [ -723447.63987487507984, -1107951.383092776173726 ] } },
{ "type": "Feature", "properties": { "name": "Zdravotnická záchranná služba Jihočeského kraje", "facility_type": "Zdravotnická zachranná služba", "city": "Soběslav", "region": "Jihočeský kraj", "district": "Tábor", "postcode": 39201.0, "street": "Tyršova", "street_number": "485/11", "specialties": null, "care_form": null, "provider_ico": 48199931, "website": "http://www.zzsjck.cz", "phone": null, "latitude": 49.262928346031003, "longitude": 14.722627273753, "level": 3, "level_label": "Ambulance dispatch station (ZZS)" }, "geometry": { "type": "Point", "coordinates": [ -733574.395517981145531, -1136802.642804310191423 ] } },
{ "type": "Feature", "properties": { "name": "Zdravotnická záchranná služba Jihočeského kraje", "facility_type": "Zdravotnická zachranná služba", "city": "Veselí nad Lužnicí", "region": "Jihočeský kraj", "district": "Tábor", "postcode": 39181.0, "street": "J. V. Sládka", "street_number": "699", "specialties": null, "care_form": null, "provider_ico": 48199931, "website": "http://www.zzsjck.cz", "phone": null, "latitude": 49.195248507872002, "longitude": 14.714800125436, "level": 3, "level_label": "Ambulance dispatch station (ZZS)" }, "geometry": { "type": "Point", "coordinates": [ -735135.765113587724045, -1144187.489502515876666 ] } },
{ "type": "Feature", "properties": { "name": "Zdravotnická záchranná služba Jihočeského kraje", "facility_type": "Zdravotnická zachranná služba", "city": "Milevsko", "region": "Jihočeský kraj", "district": "Písek", "postcode": 39901.0, "street": "Kpt. Nálepky", "street_number": "332", "specialties": null, "care_form": null, "provider_ico": 48199931, "website": "http://www.zzsjck.cz", "phone": null, "latitude": 49.444560740575, "longitude": 14.364048275758, "level": 3, "level_label": "Ambulance dispatch station (ZZS)" }, "geometry": { "type": "Point", "coordinates": [ -756666.068013056181371, -1113278.699154220288619 ] } },
{ "type": "Feature", "properties": { "name": "Zdravotnická záchranná služba Jihomoravského kraje, příspěvková organizace", "facility_type": "Zdravotnická zachranná služba", "city": "Hustopeče", "region": "Jihomoravský kraj", "district": "Břeclav", "postcode": 69301.0, "street": "Brněnská", "street_number": "1479/45a", "specialties": null, "care_form": null, "provider_ico": 346292, "website": "http://zzsjmk.cz", "phone": "+420545113201", "latitude": 48.945321320486997, "longitude": 16.729742068949999, "level": 3, "level_label": "Ambulance dispatch station (ZZS)" }, "geometry": { "type": "Point", "coordinates": [ -592281.153069517225958, -1189320.128687712131068 ] } },
{ "type": "Feature", "properties": { "name": "Zdravotnická záchranná služba Jihomoravského kraje, příspěvková organizace", "facility_type": "Zdravotnická zachranná služba", "city": "Mikulov", "region": "Jihomoravský kraj", "district": "Břeclav", "postcode": 69201.0, "street": "28. října", "street_number": "1977/3a", "specialties": null, "care_form": null, "provider_ico": 346292, "website": "http://zzsjmk.cz", "phone": "+420545113201", "latitude": 48.802728147865999, "longitude": 16.626662981784001, "level": 3, "level_label": "Ambulance dispatch station (ZZS)" }, "geometry": { "type": "Point", "coordinates": [ -601488.636877510463819, -1204280.328372575808316 ] } },
{ "type": "Feature", "properties": { "name": "Zdravotnická záchranná služba Plzeňského kraje, výjezdové stanoviště Nepomuk", "facility_type": "Zdravotnická zachranná služba", "city": "Nepomuk", "region": "Plzeňský kraj", "district": "Plzeň-jih", "postcode": 33501.0, "street": "Budějovická", "street_number": "430", "specialties": null, "care_form": null, "provider_ico": 45333009, "website": "http://www.zzspk.cz", "phone": "+420377672111", "latitude": 49.482596620193, "longitude": 13.578402226113999, "level": 3, "level_label": "Ambulance dispatch station (ZZS)" }, "geometry": { "type": "Point", "coordinates": [ -812433.457031626370735, -1100990.01339614065364 ] } },
{ "type": "Feature", "properties": { "name": "Zdravotnická záchranná služba Jihočeského kraje", "facility_type": "Zdravotnická zachranná služba", "city": "Dačice", "region": "Jihočeský kraj", "district": "Jindřichův Hradec", "postcode": 38001.0, "street": "Antonínská", "street_number": "85", "specialties": null, "care_form": null, "provider_ico": 48199931, "website": "http://www.zzsjck.cz", "phone": null, "latitude": 49.075860818321999, "longitude": 15.431131152111, "level": 3, "level_label": "Ambulance dispatch station (ZZS)" }, "geometry": { "type": "Point", "coordinates": [ -684989.4078451434616, -1164030.009964498691261 ] } },
{ "type": "Feature", "properties": { "name": "Zdravotnická záchranná služba Jihočeského kraje", "facility_type": "Zdravotnická zachranná služba", "city": "Český Krumlov", "region": "Jihočeský kraj", "district": "Český Krumlov", "postcode": 38101.0, "street": "Nad Nemocnicí", "street_number": "153", "specialties": null, "care_form": null, "provider_ico": 48199931, "website": "http://www.zzsjck.cz", "phone": null, "latitude": 48.812158981540001, "longitude": 14.326823742909999, "level": 3, "level_label": "Ambulance dispatch station (ZZS)" }, "geometry": { "type": "Point", "coordinates": [ -769012.669769212370738, -1182569.528317697811872 ] } },
{ "type": "Feature", "properties": { "name": "Zdravotnická záchranná služba Jihočeského kraje", "facility_type": "Zdravotnická zachranná služba", "city": "Vimperk", "region": "Jihočeský kraj", "district": "Prachatice", "postcode": 38501.0, "street": "Špidrova", "street_number": "107", "specialties": null, "care_form": null, "provider_ico": 48199931, "website": "http://www.zzsjck.cz", "phone": null, "latitude": 49.054255362120998, "longitude": 13.796063342130999, "level": 3, "level_label": "Ambulance dispatch station (ZZS)" }, "geometry": { "type": "Point", "coordinates": [ -803717.445292847463861, -1150430.077121484326199 ] } },
{ "type": "Feature", "properties": { "name": "Zdravotnická záchranná služba Jihočeského kraje", "facility_type": "Zdravotnická zachranná služba", "city": "Prachatice", "region": "Jihočeský kraj", "district": "Prachatice", "postcode": 38301.0, "street": "Slunečná", "street_number": "939", "specialties": null, "care_form": null, "provider_ico": 48199931, "website": "http://www.zzsjck.cz", "phone": null, "latitude": 49.021599295896998, "longitude": 13.993650042926999, "level": 3, "level_label": "Ambulance dispatch station (ZZS)" }, "geometry": { "type": "Point", "coordinates": [ -789939.332304171752185, -1156093.731589807663113 ] } },
{ "type": "Feature", "properties": { "name": "Zdravotnická záchranná služba Jihočeského kraje", "facility_type": "Zdravotnická zachranná služba", "city": "Volary", "region": "Jihočeský kraj", "district": "Prachatice", "postcode": 38451.0, "street": "Soumarská", "street_number": "51", "specialties": null, "care_form": null, "provider_ico": 48199931, "website": "http://www.zzsjck.cz", "phone": null, "latitude": 48.909942543043996, "longitude": 13.888600432204001, "level": 3, "level_label": "Ambulance dispatch station (ZZS)" }, "geometry": { "type": "Point", "coordinates": [ -799323.91896897146944, -1167287.631150337867439 ] } },
{ "type": "Feature", "properties": { "name": "Zdravotnická záchranná služba Kraje Vysočina, p.o.", "facility_type": "Zdravotnická zachranná služba", "city": "Třebíč", "region": "Kraj Vysočina", "district": "Třebíč", "postcode": 67401.0, "street": "Janáčkovo stromořadí", "street_number": "230", "specialties": null, "care_form": null, "provider_ico": 47366630, "website": "https://www.zzsvysocina.cz/", "phone": null, "latitude": 49.212610831287002, "longitude": 15.894980945251, "level": 3, "level_label": "Ambulance dispatch station (ZZS)" }, "geometry": { "type": "Point", "coordinates": [ -649570.017096030060202, -1152990.865954528562725 ] } },
{ "type": "Feature", "properties": { "name": "Zdravotnická záchranná služba Kraje Vysočina, p.o.", "facility_type": "Zdravotnická zachranná služba", "city": "Moravské Budějovice", "region": "Kraj Vysočina", "district": "Třebíč", "postcode": 67602.0, "street": "Jemnická", "street_number": "1691", "specialties": null, "care_form": null, "provider_ico": 47366630, "website": "https://www.zzsvysocina.cz/", "phone": null, "latitude": 49.044912079520998, "longitude": 15.800747307703, "level": 3, "level_label": "Ambulance dispatch station (ZZS)" }, "geometry": { "type": "Point", "coordinates": [ -658590.286412904155441, -1170702.39303292776458 ] } },
{ "type": "Feature", "properties": { "name": "Zdravotnická záchranná služba Kraje Vysočina, p.o.", "facility_type": "Zdravotnická zachranná služba", "city": "Náměšť nad Oslavou", "region": "Kraj Vysočina", "district": "Třebíč", "postcode": 67571.0, "street": "Husova", "street_number": "898", "specialties": null, "care_form": null, "provider_ico": 47366630, "website": "https://www.zzsvysocina.cz/", "phone": null, "latitude": 49.209635799017001, "longitude": 16.150077521334001, "level": 3, "level_label": "Ambulance dispatch station (ZZS)" }, "geometry": { "type": "Point", "coordinates": [ -631146.683041488518938, -1155460.364711449714378 ] } },
{ "type": "Feature", "properties": { "name": "Zdravotnická záchranná služba Plzeňského kraje - výjezdové stanoviště Domažlice", "facility_type": "Zdravotnická zachranná služba", "city": "Domažlice", "region": "Plzeňský kraj", "district": "Domažlice", "postcode": 34401.0, "street": "U nemocnice", "street_number": "307", "specialties": null, "care_form": null, "provider_ico": 45333009, "website": "http://www.zzspk.cz", "phone": "+420377672111", "latitude": 49.440308335491999, "longitude": 12.923472540349, "level": 3, "level_label": "Ambulance dispatch station (ZZS)" }, "geometry": { "type": "Point", "coordinates": [ -860074.620526554412208, -1098432.023595843696967 ] } },
{ "type": "Feature", "properties": { "name": "Zdravotnická záchranná služba Plzeňského kraje - výjezdové stanoviště Bělá n/R.", "facility_type": "Zdravotnická zachranná služba", "city": "Bělá nad Radbuzou", "region": "Plzeňský kraj", "district": "Domažlice", "postcode": 34526.0, "street": "Čečínská", "street_number": "12", "specialties": null, "care_form": null, "provider_ico": 45333009, "website": "http://www.zzspk.cz", "phone": "+420377672111", "latitude": 49.591248013440001, "longitude": 12.718344744635001, "level": 3, "level_label": "Ambulance dispatch station (ZZS)" }, "geometry": { "type": "Point", "coordinates": [ -872099.450876498129219, -1079514.549556166864932 ] } },
{ "type": "Feature", "properties": { "name": "Zdravotnická záchranná služba Plzeňského kraje - výjezdové stanoviště Klatovy", "facility_type": "Zdravotnická zachranná služba", "city": "Klatovy", "region": "Plzeňský kraj", "district": "Klatovy", "postcode": 33901.0, "street": "Pod Nemocnicí", "street_number": "790", "specialties": null, "care_form": null, "provider_ico": 45333009, "website": "http://www.zzspk.cz", "phone": "+420377672111", "latitude": 49.402567169348004, "longitude": 13.290868510935001, "level": 3, "level_label": "Ambulance dispatch station (ZZS)" }, "geometry": { "type": "Point", "coordinates": [ -834380.795505251036957, -1106676.338666317751631 ] } },
{ "type": "Feature", "properties": { "name": "Zdravotnická záchranná služba Plzeňského kraje - výjezdové stanoviště Nýrsko", "facility_type": "Zdravotnická zachranná služba", "city": "Nýrsko", "region": "Plzeňský kraj", "district": "Klatovy", "postcode": 34022.0, "street": "Petra Bezruče", "street_number": "158", "specialties": null, "care_form": null, "provider_ico": 45333009, "website": "http://www.zzspk.cz", "phone": "+420377672111", "latitude": 49.293375010829003, "longitude": 13.140736196414, "level": 3, "level_label": "Ambulance dispatch station (ZZS)" }, "geometry": { "type": "Point", "coordinates": [ -847011.356642323313281, -1117018.118925062008202 ] } },
{ "type": "Feature", "properties": { "name": "Zdravotnická záchranná služba Plzeňského kraje - výjezdové stanoviště Horažďovice", "facility_type": "Zdravotnická zachranná služba", "city": "Horažďovice", "region": "Plzeňský kraj", "district": "Klatovy", "postcode": 34101.0, "street": "Blatenská", "street_number": "311", "specialties": null, "care_form": null, "provider_ico": 45333009, "website": "http://www.zzspk.cz", "phone": "+420377672111", "latitude": 49.321859178075002, "longitude": 13.705724515715, "level": 3, "level_label": "Ambulance dispatch station (ZZS)" }, "geometry": { "type": "Point", "coordinates": [ -805913.253790870076045, -1120027.995408434187993 ] } },
{ "type": "Feature", "properties": { "name": "Zdravotnická záchranná služba Plzeňského kraje - výjezdové stanoviště Sušice", "facility_type": "Zdravotnická zachranná služba", "city": "Sušice", "region": "Plzeňský kraj", "district": "Klatovy", "postcode": 34201.0, "street": "Nová", "street_number": "252", "specialties": null, "care_form": null, "provider_ico": 45333009, "website": "http://www.zzspk.cz", "phone": "+420377672111", "latitude": 49.242180295847, "longitude": 13.535658460632, "level": 3, "level_label": "Ambulance dispatch station (ZZS)" }, "geometry": { "type": "Point", "coordinates": [ -819454.232612646650523, -1126975.930543100228533 ] } },
{ "type": "Feature", "properties": { "name": "Zdravotnická záchranná služba Jihočeského kraje", "facility_type": "Zdravotnická zachranná služba", "city": "Písek", "region": "Jihočeský kraj", "district": "Písek", "postcode": 39701.0, "street": "Karla Čapka", "street_number": "2477", "specialties": null, "care_form": null, "provider_ico": 48199931, "website": "http://www.zzsjck.cz", "phone": null, "latitude": 49.302141612097003, "longitude": 14.155005854966999, "level": 3, "level_label": "Ambulance dispatch station (ZZS)" }, "geometry": { "type": "Point", "coordinates": [ -773893.183077011723071, -1126863.036051840055734 ] } },
{ "type": "Feature", "properties": { "name": "Zdravotnická záchranná služba Olomouckého kraje, příspěvková organizace", "facility_type": "Zdravotnická zachranná služba", "city": "Javorník", "region": "Olomoucký kraj", "district": "Jeseník", "postcode": 79070.0, "street": "Míru", "street_number": "355", "specialties": null, "care_form": null, "provider_ico": 849103, "website": "http://zzsol.cz", "phone": null, "latitude": 50.389953674116001, "longitude": 16.998132980360001, "level": 3, "level_label": "Ambulance dispatch station (ZZS)" }, "geometry": { "type": "Point", "coordinates": [ -556286.564283210085705, -1031541.209044275456108 ] } },
{ "type": "Feature", "properties": { "name": "Zdravotnická záchranná služba Olomouckého kraje, příspěvková organizace", "facility_type": "Zdravotnická zachranná služba", "city": "Litovel", "region": "Olomoucký kraj", "district": "Olomouc", "postcode": 78401.0, "street": "Cholinská", "street_number": "1008", "specialties": null, "care_form": null, "provider_ico": 849103, "website": "http://zzsol.cz", "phone": null, "latitude": 49.689967719308001, "longitude": 17.071859178075002, "level": 3, "level_label": "Ambulance dispatch station (ZZS)" }, "geometry": { "type": "Point", "coordinates": [ -558961.518970309756696, -1109534.581659120740369 ] } },
{ "type": "Feature", "properties": { "name": "Zdravotnická záchranná služba Kraje Vysočina, p.o.", "facility_type": "Zdravotnická zachranná služba", "city": "Telč", "region": "Kraj Vysočina", "district": "Jihlava", "postcode": 58856.0, "street": "Batelovská", "street_number": "496", "specialties": null, "care_form": null, "provider_ico": 47366630, "website": "https://www.zzsvysocina.cz/", "phone": null, "latitude": 49.191525451632003, "longitude": 15.447217629792, "level": 3, "level_label": "Ambulance dispatch station (ZZS)" }, "geometry": { "type": "Point", "coordinates": [ -682244.044203597703017, -1151409.271318944636732 ] } },
{ "type": "Feature", "properties": { "name": "Zdravotnická záchranná služba Kraje Vysočina, p.o.", "facility_type": "Zdravotnická zachranná služba", "city": "Počátky", "region": "Kraj Vysočina", "district": "Pelhřimov", "postcode": 39464.0, "street": "Žižkova", "street_number": "708", "specialties": null, "care_form": null, "provider_ico": 47366630, "website": "https://www.zzsvysocina.cz/", "phone": null, "latitude": 49.265399941506999, "longitude": 15.238557018591001, "level": 3, "level_label": "Ambulance dispatch station (ZZS)" }, "geometry": { "type": "Point", "coordinates": [ -696303.545437769964337, -1141370.966258231317624 ] } },
{ "type": "Feature", "properties": { "name": "Zdravotnická záchranná služba Kraje Vysočina, p.o.", "facility_type": "Zdravotnická zachranná služba", "city": "Pelhřimov", "region": "Kraj Vysočina", "district": "Pelhřimov", "postcode": 39301.0, "street": "Slovanského bratrství", "street_number": "710", "specialties": null, "care_form": null, "provider_ico": 47366630, "website": "https://www.zzsvysocina.cz/", "phone": null, "latitude": 49.433514274037002, "longitude": 15.229838947100999, "level": 3, "level_label": "Ambulance dispatch station (ZZS)" }, "geometry": { "type": "Point", "coordinates": [ -694584.113451384124346, -1122743.926308714319021 ] } },
{ "type": "Feature", "properties": { "name": "Zdravotnická záchranná služba Kraje Vysočina, p.o.", "facility_type": "Zdravotnická zachranná služba", "city": "Pacov", "region": "Kraj Vysočina", "district": "Pelhřimov", "postcode": 39501.0, "street": "Žižkova", "street_number": "1063", "specialties": null, "care_form": null, "provider_ico": 47366630, "website": "https://www.zzsvysocina.cz/", "phone": null, "latitude": 49.466944298702998, "longitude": 14.997011012791001, "level": 3, "level_label": "Ambulance dispatch station (ZZS)" }, "geometry": { "type": "Point", "coordinates": [ -710855.069383339723572, -1116909.552117444574833 ] } },
{ "type": "Feature", "properties": { "name": "Zdravotnická záchranná služba Jihomoravského kraje, příspěvková organizace", "facility_type": "Zdravotnická zachranná služba", "city": "Pohořelice", "region": "Jihomoravský kraj", "district": "Brno-venkov", "postcode": 69123.0, "street": "Vídeňská", "street_number": "699", "specialties": null, "care_form": null, "provider_ico": 346292, "website": "http://zzsjmk.cz", "phone": "+420545113201", "latitude": 48.976554701791002, "longitude": 16.513986851201999, "level": 3, "level_label": "Ambulance dispatch station (ZZS)" }, "geometry": { "type": "Point", "coordinates": [ -607615.461499477503821, -1184171.842786811059341 ] } },
{ "type": "Feature", "properties": { "name": "Zdravotnická záchranná služba Jihomoravského kraje, příspěvková organizace", "facility_type": "Zdravotnická zachranná služba", "city": "Šumná", "region": "Jihomoravský kraj", "district": "Znojmo", "postcode": 67102.0, "street": null, "street_number": "141", "specialties": null, "care_form": null, "provider_ico": 346292, "website": "http://zzsjmk.cz", "phone": "+420545113201", "latitude": 48.919939358660002, "longitude": 15.871445743152, "level": 3, "level_label": "Ambulance dispatch station (ZZS)" }, "geometry": { "type": "Point", "coordinates": [ -655086.434991211281158, -1185111.860106328269467 ] } },
{ "type": "Feature", "properties": { "name": "Zdravotnická záchranná služba Jihočeského kraje", "facility_type": "Zdravotnická zachranná služba", "city": "Třeboň", "region": "Jihočeský kraj", "district": "Jindřichův Hradec", "postcode": 37901.0, "street": "Riegrova", "street_number": "14", "specialties": null, "care_form": null, "provider_ico": 48199931, "website": "http://www.zzsjck.cz", "phone": null, "latitude": 49.004907413331999, "longitude": 14.76139918528, "level": 3, "level_label": "Ambulance dispatch station (ZZS)" }, "geometry": { "type": "Point", "coordinates": [ -734559.223485264577903, -1165618.900649968301877 ] } },
{ "type": "Feature", "properties": { "name": "Zdravotnická záchranná služba Jihočeského kraje", "facility_type": "Zdravotnická zachranná služba", "city": "Frymburk", "region": "Jihočeský kraj", "district": "Český Krumlov", "postcode": 38279.0, "street": null, "street_number": "125", "specialties": null, "care_form": null, "provider_ico": 48199931, "website": "http://www.zzsjck.cz", "phone": null, "latitude": 48.665955705427997, "longitude": 14.165136012791001, "level": 3, "level_label": "Ambulance dispatch station (ZZS)" }, "geometry": { "type": "Point", "coordinates": [ -783044.546331632183865, -1197024.535721474094316 ] } },
{ "type": "Feature", "properties": { "name": "Zdravotnická záchranná služba Jihočeského kraje", "facility_type": "Zdravotnická zachranná služba", "city": "Suchdol nad Lužnicí", "region": "Jihočeský kraj", "district": "Jindřichův Hradec", "postcode": 37806.0, "street": "sídl. 9. května", "street_number": "700", "specialties": null, "care_form": null, "provider_ico": 48199931, "website": "http://www.zzsjck.cz", "phone": null, "latitude": 48.891119575765998, "longitude": 14.875146877414, "level": 3, "level_label": "Ambulance dispatch station (ZZS)" }, "geometry": { "type": "Point", "coordinates": [ -727957.56603596417699, -1179255.61435181251727 ] } },
{ "type": "Feature", "properties": { "name": "Zdravotnická záchranná služba Jihočeského kraje", "facility_type": "Zdravotnická zachranná služba", "city": "Jindřichův Hradec", "region": "Jihočeský kraj", "district": "Jindřichův Hradec", "postcode": 37701.0, "street": "Vídeňská", "street_number": "508", "specialties": null, "care_form": null, "provider_ico": 48199931, "website": "http://www.zzsjck.cz", "phone": null, "latitude": 49.140000924333997, "longitude": 15.005114761938, "level": 3, "level_label": "Ambulance dispatch station (ZZS)" }, "geometry": { "type": "Point", "coordinates": [ -714948.313027922762558, -1153041.747599318623543 ] } },
{ "type": "Feature", "properties": { "name": "Zdravotnická záchranná služba Kraje Vysočina, p.o.", "facility_type": "Zdravotnická zachranná služba", "city": "Nové Město na Moravě", "region": "Kraj Vysočina", "district": "Žďár nad Sázavou", "postcode": 59231.0, "street": "Žďárská", "street_number": "607", "specialties": null, "care_form": null, "provider_ico": 47366630, "website": "https://www.zzsvysocina.cz/", "phone": null, "latitude": 49.561850218438003, "longitude": 16.065358840670999, "level": 3, "level_label": "Ambulance dispatch station (ZZS)" }, "geometry": { "type": "Point", "coordinates": [ -632788.891155602643266, -1115845.884056987240911 ] } },
{ "type": "Feature", "properties": { "name": "Zdravotnická záchranná služba Kraje Vysočina, p.o.", "facility_type": "Zdravotnická zachranná služba", "city": "Žďár nad Sázavou", "region": "Kraj Vysočina", "district": "Žďár nad Sázavou", "postcode": 59101.0, "street": "Studentská", "street_number": "1699/4", "specialties": null, "care_form": null, "provider_ico": 47366630, "website": "https://www.zzsvysocina.cz/", "phone": null, "latitude": 49.565791246126999, "longitude": 15.941385940989999, "level": 3, "level_label": "Ambulance dispatch station (ZZS)" }, "geometry": { "type": "Point", "coordinates": [ -641645.973144065937959, -1114375.254523249343038 ] } },
{ "type": "Feature", "properties": { "name": "Zdravotnická záchranná služba Kraje Vysočina, p.o.", "facility_type": "Zdravotnická zachranná služba", "city": "Bystřice nad Pernštejnem", "region": "Kraj Vysočina", "district": "Žďár nad Sázavou", "postcode": 59301.0, "street": "Větrná", "street_number": "1518", "specialties": null, "care_form": null, "provider_ico": 47366630, "website": "https://www.zzsvysocina.cz/", "phone": null, "latitude": 49.525558663692003, "longitude": 16.261865144762002, "level": 3, "level_label": "Ambulance dispatch station (ZZS)" }, "geometry": { "type": "Point", "coordinates": [ -619117.709258868359029, -1121467.516902214847505 ] } },
{ "type": "Feature", "properties": { "name": "Zdravotnická záchranná služba Kraje Vysočina, p.o.", "facility_type": "Zdravotnická zachranná služba", "city": "Velké Meziříčí", "region": "Kraj Vysočina", "district": "Žďár nad Sázavou", "postcode": 59401.0, "street": "Nad Gymnáziem", "street_number": "464/17", "specialties": null, "care_form": null, "provider_ico": 47366630, "website": "https://www.zzsvysocina.cz/", "phone": null, "latitude": 49.353153212761001, "longitude": 16.021206395505001, "level": 3, "level_label": "Ambulance dispatch station (ZZS)" }, "geometry": { "type": "Point", "coordinates": [ -638635.571521566482261, -1138533.051283169537783 ] } },
{ "type": "Feature", "properties": { "name": "Zdravotnická záchranná služba Královéhradeckého kraje", "facility_type": "Zdravotnická zachranná služba", "city": "Vrchlabí", "region": "Královéhradecký kraj", "district": "Trutnov", "postcode": 54301.0, "street": "Valteřická", "street_number": "1409", "specialties": "urgentní medicína", "care_form": null, "provider_ico": 48145122, "website": "http://www.zzskhk.cz", "phone": "+420495755221", "latitude": 50.619601909568999, "longitude": 15.607186518699001, "level": 3, "level_label": "Ambulance dispatch station (ZZS)" }, "geometry": { "type": "Point", "coordinates": [ -651508.458044626633637, -995156.804313296452165 ] } },
{ "type": "Feature", "properties": { "name": "Výjezdové stanoviště ZZS", "facility_type": "Zdravotnická zachranná služba", "city": "Zlín", "region": "Zlínský kraj", "district": "Zlín", "postcode": 76001.0, "street": "L. Váchy", "street_number": "602", "specialties": "urgentní medicína, všeobecné praktické lékařství", "care_form": "ambulantní péče", "provider_ico": 62182137, "website": "http://www.zzszk.cz", "phone": "+420577056935", "latitude": 49.219119814347998, "longitude": 17.642019965279999, "level": 3, "level_label": "Ambulance dispatch station (ZZS)" }, "geometry": { "type": "Point", "coordinates": [ -522937.387362897570711, -1165682.953518958296627 ] } },
{ "type": "Feature", "properties": { "name": "Zdravotnická záchranná služba Jihomoravského kraje, příspěvková organizace", "facility_type": "Zdravotnická zachranná služba", "city": "Břeclav", "region": "Jihomoravský kraj", "district": "Břeclav", "postcode": 69002.0, "street": "U Nemocnice", "street_number": "3066/1", "specialties": null, "care_form": null, "provider_ico": 346292, "website": "http://zzsjmk.cz", "phone": "+420545113201", "latitude": 48.752951956373998, "longitude": 16.880743998568999, "level": 3, "level_label": "Ambulance dispatch station (ZZS)" }, "geometry": { "type": "Point", "coordinates": [ -583505.318501838250086, -1211754.830315022263676 ] } },
{ "type": "Feature", "properties": { "name": "Zdravotnická záchranná služba Jihomoravského kraje, příspěvková organizace", "facility_type": "Zdravotnická zachranná služba", "city": "Ivančice", "region": "Jihomoravský kraj", "district": "Brno-venkov", "postcode": 66491.0, "street": "Široká", "street_number": "371/11", "specialties": null, "care_form": null, "provider_ico": 346292, "website": "http://zzsjmk.cz", "phone": "+420545113201", "latitude": 49.101333854455, "longitude": 16.373674061972, "level": 3, "level_label": "Ambulance dispatch station (ZZS)" }, "geometry": { "type": "Point", "coordinates": [ -616290.257492512580939, -1169255.208834867924452 ] } },
{ "type": "Feature", "properties": { "name": "Zdravotnická záchranná služba Jihomoravského kraje, příspěvková organizace", "facility_type": "Zdravotnická zachranná služba", "city": "Tišnov", "region": "Jihomoravský kraj", "district": "Brno-venkov", "postcode": 66601.0, "street": "Purkyňova", "street_number": "1884", "specialties": null, "care_form": null, "provider_ico": 346292, "website": "http://zzsjmk.cz", "phone": "+420545113201", "latitude": 49.347151224149002, "longitude": 16.433555817178, "level": 3, "level_label": "Ambulance dispatch station (ZZS)" }, "geometry": { "type": "Point", "coordinates": [ -608943.479716350091621, -1142566.40944376308471 ] } },
{ "type": "Feature", "properties": { "name": "Zdravotnická záchranná služba Jihomoravského kraje, příspěvková organizace", "facility_type": "Zdravotnická zachranná služba", "city": "Znojmo", "region": "Jihomoravský kraj", "district": "Znojmo", "postcode": 66902.0, "street": "Pražská", "street_number": "3872/59a", "specialties": null, "care_form": null, "provider_ico": 346292, "website": "http://zzsjmk.cz", "phone": "+420545113201", "latitude": 48.863010329668001, "longitude": 16.038826330041001, "level": 3, "level_label": "Ambulance dispatch station (ZZS)" }, "geometry": { "type": "Point", "coordinates": [ -643630.734614035929553, -1192824.179195009171963 ] } },
{ "type": "Feature", "properties": { "name": "Zdravotnická záchranná služba Jihomoravského kraje, příspěvková organizace", "facility_type": "Zdravotnická zachranná služba", "city": "Hrušovany nad Jevišovkou", "region": "Jihomoravský kraj", "district": "Znojmo", "postcode": 67167.0, "street": "Mlýnská", "street_number": "541", "specialties": null, "care_form": null, "provider_ico": 346292, "website": "http://zzsjmk.cz", "phone": "+420545113201", "latitude": 48.828342954998, "longitude": 16.400060453577002, "level": 3, "level_label": "Ambulance dispatch station (ZZS)" }, "geometry": { "type": "Point", "coordinates": [ -617721.253844606224447, -1199639.617536670295522 ] } },
{ "type": "Feature", "properties": { "name": "Zdravotnická záchranná služba Olomouckého kraje, příspěvková organizace", "facility_type": "Zdravotnická zachranná služba", "city": "Olomouc", "region": "Olomoucký kraj", "district": "Olomouc", "postcode": 77900.0, "street": "Hněvotínská", "street_number": "1187/60", "specialties": null, "care_form": null, "provider_ico": 849103, "website": "http://zzsol.cz", "phone": null, "latitude": 49.583392616851, "longitude": 17.221461750218999, "level": 3, "level_label": "Ambulance dispatch station (ZZS)" }, "geometry": { "type": "Point", "coordinates": [ -549400.677119693718851, -1122412.131221498129889 ] } },
{ "type": "Feature", "properties": { "name": "Zdravotnická záchranná služba Olomouckého kraje, příspěvková organizace", "facility_type": "Zdravotnická zachranná služba", "city": "Šternberk", "region": "Olomoucký kraj", "district": "Olomouc", "postcode": 78501.0, "street": "Jívavská", "street_number": "1435/20", "specialties": null, "care_form": null, "provider_ico": 849103, "website": "http://zzsol.cz", "phone": null, "latitude": 49.722466540231999, "longitude": 17.298143446015999, "level": 3, "level_label": "Ambulance dispatch station (ZZS)" }, "geometry": { "type": "Point", "coordinates": [ -542360.677783883642405, -1107568.595409849192947 ] } },
{ "type": "Feature", "properties": { "name": "Zdravotnická záchranná služba Olomouckého kraje, příspěvková organizace", "facility_type": "Zdravotnická zachranná služba", "city": "Uničov", "region": "Olomoucký kraj", "district": "Olomouc", "postcode": 78391.0, "street": "Nádražní", "street_number": "1391", "specialties": null, "care_form": null, "provider_ico": 849103, "website": "http://zzsol.cz", "phone": null, "latitude": 49.778744520623, "longitude": 17.114656548526, "level": 3, "level_label": "Ambulance dispatch station (ZZS)" }, "geometry": { "type": "Point", "coordinates": [ -554894.035814442788251, -1100023.451777552254498 ] } },
{ "type": "Feature", "properties": { "name": "Zdravotnická záchranná služba Olomouckého kraje, příspěvková organizace", "facility_type": "Zdravotnická zachranná služba", "city": "Přerov", "region": "Olomoucký kraj", "district": "Přerov", "postcode": 75002.0, "street": "Dvořákova", "street_number": "1800/75", "specialties": null, "care_form": null, "provider_ico": 849103, "website": "http://zzsol.cz", "phone": null, "latitude": 49.456869547648999, "longitude": 17.473665873434001, "level": 3, "level_label": "Ambulance dispatch station (ZZS)" }, "geometry": { "type": "Point", "coordinates": [ -532603.970420549390838, -1138200.821128831012174 ] } },
{ "type": "Feature", "properties": { "name": "Zdravotnická záchranná služba Olomouckého kraje, příspěvková organizace", "facility_type": "Zdravotnická zachranná služba", "city": "Hranice", "region": "Olomoucký kraj", "district": "Přerov", "postcode": 75301.0, "street": "Zborovská", "street_number": "1245", "specialties": null, "care_form": null, "provider_ico": 849103, "website": "http://zzsol.cz", "phone": null, "latitude": 49.555279048528, "longitude": 17.744856673804001, "level": 3, "level_label": "Ambulance dispatch station (ZZS)" }, "geometry": { "type": "Point", "coordinates": [ -512018.788788676611148, -1129158.127743214601651 ] } },
{ "type": "Feature", "properties": { "name": "Zdravotnická záchranná služba Olomouckého kraje, příspěvková organizace", "facility_type": "Zdravotnická zachranná služba", "city": "Prostějov", "region": "Olomoucký kraj", "district": "Prostějov", "postcode": 79601.0, "street": "Wolkerova", "street_number": "1559/8", "specialties": null, "care_form": null, "provider_ico": 849103, "website": "http://zzsol.cz", "phone": null, "latitude": 49.469435942521002, "longitude": 17.112836278265, "level": 3, "level_label": "Ambulance dispatch station (ZZS)" }, "geometry": { "type": "Point", "coordinates": [ -558493.868099673883989, -1134234.198936968110502 ] } },
{ "type": "Feature", "properties": { "name": "Zdravotnická záchranná služba Olomouckého kraje, příspěvková organizace", "facility_type": "Zdravotnická zachranná služba", "city": "Šumperk", "region": "Olomoucký kraj", "district": "Šumperk", "postcode": 78701.0, "street": "Nerudova", "street_number": "640/41", "specialties": null, "care_form": null, "provider_ico": 849103, "website": "http://zzsol.cz", "phone": null, "latitude": 49.959538677380003, "longitude": 16.967533968649999, "level": 3, "level_label": "Ambulance dispatch station (ZZS)" }, "geometry": { "type": "Point", "coordinates": [ -563368.97558791062329, -1078942.959723966196179 ] } },
{ "type": "Feature", "properties": { "name": "Zdravotnická záchranná služba Olomouckého kraje, příspěvková organizace", "facility_type": "Zdravotnická zachranná služba", "city": "Hanušovice", "region": "Olomoucký kraj", "district": "Šumperk", "postcode": 78833.0, "street": "Hlavní", "street_number": "190", "specialties": null, "care_form": null, "provider_ico": 849103, "website": "http://zzsol.cz", "phone": null, "latitude": 50.074692693334001, "longitude": 16.932054385366001, "level": 3, "level_label": "Ambulance dispatch station (ZZS)" }, "geometry": { "type": "Point", "coordinates": [ -564579.505138370674103, -1065940.745444386499003 ] } },
{ "type": "Feature", "properties": { "name": "Zdravotnická záchranná služba Olomouckého kraje, příspěvková organizace", "facility_type": "Zdravotnická zachranná služba", "city": "Zábřeh", "region": "Olomoucký kraj", "district": "Šumperk", "postcode": 78901.0, "street": "Postřelmovská", "street_number": "2549/44", "specialties": null, "care_form": null, "provider_ico": 849103, "website": "http://zzsol.cz", "phone": null, "latitude": 49.885684121396999, "longitude": 16.889563589982998, "level": 3, "level_label": "Ambulance dispatch station (ZZS)" }, "geometry": { "type": "Point", "coordinates": [ -569786.164876291761175, -1086535.431681768270209 ] } },
{ "type": "Feature", "properties": { "name": "Zdravotnická záchranná služba Moravskoslezského kraje, příspěvková organizace", "facility_type": "Zdravotnická zachranná služba", "city": "Kopřivnice", "region": "Moravskoslezský kraj", "district": "Nový Jičín", "postcode": 74221.0, "street": "Průmyslový park", "street_number": "313", "specialties": null, "care_form": null, "provider_ico": 48804525, "website": "http://www.zzsmsk.cz", "phone": "+420950730401", "latitude": 49.603480484438997, "longitude": 18.170030018611001, "level": 3, "level_label": "Ambulance dispatch station (ZZS)" }, "geometry": { "type": "Point", "coordinates": [ -480914.918957380403299, -1126578.933960897615179 ] } },
{ "type": "Feature", "properties": { "name": "Zdravotnická záchranná služba Moravskoslezského kraje, příspěvková organizace", "facility_type": "Zdravotnická zachranná služba", "city": "Fulnek", "region": "Moravskoslezský kraj", "district": "Nový Jičín", "postcode": 74245.0, "street": "Pekařská", "street_number": "405", "specialties": null, "care_form": null, "provider_ico": 48804525, "website": "http://www.zzsmsk.cz", "phone": "+420950730401", "latitude": 49.713866366475997, "longitude": 17.911042392712002, "level": 3, "level_label": "Ambulance dispatch station (ZZS)" }, "geometry": { "type": "Point", "coordinates": [ -498451.166186712915078, -1112692.099986547138542 ] } },
{ "type": "Feature", "properties": { "name": "Zdravotnická záchranná služba Moravskoslezského kraje, příspěvková organizace", "facility_type": "Zdravotnická zachranná služba", "city": "Opava", "region": "Moravskoslezský kraj", "district": "Opava", "postcode": 74601.0, "street": "Olomoucká", "street_number": "3021/86a", "specialties": null, "care_form": null, "provider_ico": 48804525, "website": "http://www.zzsmsk.cz", "phone": "+420950730401", "latitude": 49.935874829086998, "longitude": 17.876633474729001, "level": 3, "level_label": "Ambulance dispatch station (ZZS)" }, "geometry": { "type": "Point", "coordinates": [ -498680.404057979525533, -1087876.15511911525391 ] } },
{ "type": "Feature", "properties": { "name": "Zdravotnická záchranná služba Moravskoslezského kraje, příspěvková organizace", "facility_type": "Zdravotnická zachranná služba", "city": "Hlučín", "region": "Moravskoslezský kraj", "district": "Opava", "postcode": 74801.0, "street": "Čs. armády", "street_number": "2058/6c", "specialties": null, "care_form": null, "provider_ico": 48804525, "website": "http://www.zzsmsk.cz", "phone": "+420950730401", "latitude": 49.899072457800997, "longitude": 18.186964443255999, "level": 3, "level_label": "Ambulance dispatch station (ZZS)" }, "geometry": { "type": "Point", "coordinates": [ -476843.396371401555371, -1093931.751568228472024 ] } },
{ "type": "Feature", "properties": { "name": "Zdravotnická záchranná služba Moravskoslezského kraje, příspěvková organizace", "facility_type": "Zdravotnická zachranná služba", "city": "Dolní Benešov", "region": "Moravskoslezský kraj", "district": "Opava", "postcode": 74722.0, "street": "Opavská", "street_number": "80", "specialties": null, "care_form": null, "provider_ico": 48804525, "website": "http://www.zzsmsk.cz", "phone": "+420950730401", "latitude": 49.921848092456997, "longitude": 18.078691058147999, "level": 3, "level_label": "Ambulance dispatch station (ZZS)" }, "geometry": { "type": "Point", "coordinates": [ -484369.595744430611376, -1090728.099700630642474 ] } },
{ "type": "Feature", "properties": { "name": "Zdravotnická záchranná služba Moravskoslezského kraje, příspěvková organizace", "facility_type": "Zdravotnická zachranná služba", "city": "Vítkov", "region": "Moravskoslezský kraj", "district": "Opava", "postcode": 74901.0, "street": "Švermova", "street_number": "219", "specialties": null, "care_form": null, "provider_ico": 48804525, "website": "http://www.zzsmsk.cz", "phone": "+420950730401", "latitude": 49.774300163371997, "longitude": 17.749314189128999, "level": 3, "level_label": "Ambulance dispatch station (ZZS)" }, "geometry": { "type": "Point", "coordinates": [ -509444.374306704034097, -1104933.090110739693046 ] } },
{ "type": "Feature", "properties": { "name": "Zdravotnická záchranná služba Královéhradeckého kraje", "facility_type": "Zdravotnická zachranná služba", "city": "Nový Bydžov", "region": "Královéhradecký kraj", "district": "Hradec Králové", "postcode": 50401.0, "street": "Jana Maláta", "street_number": "493", "specialties": "urgentní medicína", "care_form": null, "provider_ico": 48145122, "website": "http://www.zzskhk.cz", "phone": "+420495755221", "latitude": 50.242809768459999, "longitude": 15.482349667068, "level": 3, "level_label": "Ambulance dispatch station (ZZS)" }, "geometry": { "type": "Point", "coordinates": [ -665402.892506023403257, -1035682.815838374895975 ] } },
{ "type": "Feature", "properties": { "name": "Zdravotnická záchranná služba Královéhradeckého kraje", "facility_type": "Zdravotnická zachranná služba", "city": "Jičín", "region": "Královéhradecký kraj", "district": "Jičín", "postcode": 50601.0, "street": "Bolzanova", "street_number": "512", "specialties": "urgentní medicína", "care_form": null, "provider_ico": 48145122, "website": "http://www.zzskhk.cz", "phone": "+420495755221", "latitude": 50.440106921248002, "longitude": 15.357398008586999, "level": 3, "level_label": "Ambulance dispatch station (ZZS)" }, "geometry": { "type": "Point", "coordinates": [ -671528.273463265970349, -1012808.877995966584422 ] } },
{ "type": "Feature", "properties": { "name": "Zdravotnická záchranná služba Královéhradeckého kraje", "facility_type": "Zdravotnická zachranná služba", "city": "Hořice", "region": "Královéhradecký kraj", "district": "Jičín", "postcode": 50801.0, "street": "Riegrova", "street_number": "655", "specialties": "urgentní medicína", "care_form": null, "provider_ico": 48145122, "website": "http://www.zzskhk.cz", "phone": "+420495755221", "latitude": 50.368471404421001, "longitude": 15.639804087008001, "level": 3, "level_label": "Ambulance dispatch station (ZZS)" }, "geometry": { "type": "Point", "coordinates": [ -652574.164613954955712, -1023168.253847533138469 ] } },
{ "type": "Feature", "properties": { "name": "Zdravotnická záchranná služba Královéhradeckého kraje", "facility_type": "Zdravotnická zachranná služba", "city": "Náchod", "region": "Královéhradecký kraj", "district": "Náchod", "postcode": 54701.0, "street": "Němcové", "street_number": "738", "specialties": "urgentní medicína", "care_form": null, "provider_ico": 48145122, "website": "http://www.zzskhk.cz", "phone": "+420495755221", "latitude": 50.412643897929001, "longitude": 16.162312383764, "level": 3, "level_label": "Ambulance dispatch station (ZZS)" }, "geometry": { "type": "Point", "coordinates": [ -615096.797652069479227, -1022626.166836767806672 ] } },
{ "type": "Feature", "properties": { "name": "Zdravotnická záchranná služba Královéhradeckého kraje", "facility_type": "Zdravotnická zachranná služba", "city": "Jaroměř", "region": "Královéhradecký kraj", "district": "Náchod", "postcode": 55101.0, "street": "Národní", "street_number": "416", "specialties": "urgentní medicína", "care_form": null, "provider_ico": 48145122, "website": "http://www.zzskhk.cz", "phone": "+420495755221", "latitude": 50.355925995339, "longitude": 15.907157228405, "level": 3, "level_label": "Ambulance dispatch station (ZZS)" }, "geometry": { "type": "Point", "coordinates": [ -633849.624981768429279, -1026806.932707368279807 ] } },
{ "type": "Feature", "properties": { "name": "Zdravotnická záchranná služba Královéhradeckého kraje", "facility_type": "Zdravotnická zachranná služba", "city": "Broumov", "region": "Královéhradecký kraj", "district": "Náchod", "postcode": 55001.0, "street": "Smetanova", "street_number": "91", "specialties": "urgentní medicína", "care_form": null, "provider_ico": 48145122, "website": "http://www.zzskhk.cz", "phone": "+420495755221", "latitude": 50.580978103633001, "longitude": 16.333881651841999, "level": 3, "level_label": "Ambulance dispatch station (ZZS)" }, "geometry": { "type": "Point", "coordinates": [ -600898.941965148085728, -1005383.057648155489005 ] } },
{ "type": "Feature", "properties": { "name": "Zdravotnická záchranná služba Královéhradeckého kraje", "facility_type": "Zdravotnická zachranná služba", "city": "Rychnov nad Kněžnou", "region": "Královéhradecký kraj", "district": "Rychnov nad Kněžnou", "postcode": 51601.0, "street": "Jiráskova", "street_number": "506", "specialties": "urgentní medicína", "care_form": null, "provider_ico": 48145122, "website": "http://www.zzskhk.cz", "phone": "+420495755221", "latitude": 50.167978936639997, "longitude": 16.27078928153, "level": 3, "level_label": "Ambulance dispatch station (ZZS)" }, "geometry": { "type": "Point", "coordinates": [ -610479.715066257864237, -1050539.123048277106136 ] } },
{ "type": "Feature", "properties": { "name": "Zdravotnická záchranná služba Královéhradeckého kraje", "facility_type": "Zdravotnická zachranná služba", "city": "Opočno", "region": "Královéhradecký kraj", "district": "Rychnov nad Kněžnou", "postcode": 51773.0, "street": "Nádražní", "street_number": "169", "specialties": "urgentní medicína", "care_form": null, "provider_ico": 48145122, "website": "http://www.zzskhk.cz", "phone": "+420495755221", "latitude": 50.269183070555002, "longitude": 16.111292467074001, "level": 3, "level_label": "Ambulance dispatch station (ZZS)" }, "geometry": { "type": "Point", "coordinates": [ -620518.803846037597395, -1038068.34504393406678 ] } },
{ "type": "Feature", "properties": { "name": "Zdravotnická záchranná služba Královéhradeckého kraje", "facility_type": "Zdravotnická zachranná služba", "city": "Trutnov", "region": "Královéhradecký kraj", "district": "Trutnov", "postcode": 54101.0, "street": "Česká", "street_number": "388", "specialties": "urgentní medicína", "care_form": null, "provider_ico": 48145122, "website": "http://www.zzskhk.cz", "phone": "+420495755221", "latitude": 50.563160158117, "longitude": 15.917188704127, "level": 3, "level_label": "Ambulance dispatch station (ZZS)" }, "geometry": { "type": "Point", "coordinates": [ -630454.392825097194873, -1003994.100366370985284 ] } },
{ "type": "Feature", "properties": { "name": "Zdravotnická záchranná služba Královéhradeckého kraje", "facility_type": "Zdravotnická zachranná služba", "city": "Dvůr Králové nad Labem", "region": "Královéhradecký kraj", "district": "Trutnov", "postcode": 54401.0, "street": "Rooseveltova", "street_number": "474", "specialties": "urgentní medicína", "care_form": null, "provider_ico": 48145122, "website": "http://www.zzskhk.cz", "phone": "+420495755221", "latitude": 50.430200601072997, "longitude": 15.815129889993001, "level": 3, "level_label": "Ambulance dispatch station (ZZS)" }, "geometry": { "type": "Point", "coordinates": [ -639379.672768064425327, -1017834.340806602151133 ] } },
{ "type": "Feature", "properties": { "name": "Zdravotnická záchranná služba Moravskoslezského kraje, příspěvková organizace", "facility_type": "Zdravotnická zachranná služba", "city": "Krnov", "region": "Moravskoslezský kraj", "district": "Bruntál", "postcode": 79401.0, "street": "Čsl. armády", "street_number": "786/99", "specialties": null, "care_form": null, "provider_ico": 48804525, "website": "http://www.zzsmsk.cz", "phone": "+420950730401", "latitude": 50.078030446798003, "longitude": 17.691313021348002, "level": 3, "level_label": "Ambulance dispatch station (ZZS)" }, "geometry": { "type": "Point", "coordinates": [ -510454.721984708157834, -1070908.401398489251733 ] } },
{ "type": "Feature", "properties": { "name": "Zdravotnická záchranná služba Moravskoslezského kraje, příspěvková organizace", "facility_type": "Zdravotnická zachranná služba", "city": "Rýmařov", "region": "Moravskoslezský kraj", "district": "Bruntál", "postcode": 79501.0, "street": "Máchova", "street_number": "84/1", "specialties": null, "care_form": null, "provider_ico": 48804525, "website": "http://www.zzsmsk.cz", "phone": "+420950730401", "latitude": 49.934555191045, "longitude": 17.272895081950001, "level": 3, "level_label": "Ambulance dispatch station (ZZS)" }, "geometry": { "type": "Point", "coordinates": [ -541843.42302299500443, -1083915.270658059045672 ] } },
{ "type": "Feature", "properties": { "name": "Zdravotnická záchranná služba Moravskoslezského kraje, příspěvková organizace", "facility_type": "Zdravotnická zachranná služba", "city": "Město Albrechtice", "region": "Moravskoslezský kraj", "district": "Bruntál", "postcode": 79395.0, "street": "Opavická", "street_number": "827/29", "specialties": null, "care_form": null, "provider_ico": 48804525, "website": "http://www.zzsmsk.cz", "phone": "+420950730401", "latitude": 50.161640763892002, "longitude": 17.579825289605999, "level": 3, "level_label": "Ambulance dispatch station (ZZS)" }, "geometry": { "type": "Point", "coordinates": [ -517519.664309398212936, -1060899.763565311441198 ] } },
{ "type": "Feature", "properties": { "name": "Zdravotnická záchranná služba Moravskoslezského kraje, příspěvková organizace", "facility_type": "Zdravotnická zachranná služba", "city": "Frýdek-Místek", "region": "Moravskoslezský kraj", "district": "Frýdek-Místek", "postcode": 73801.0, "street": "El. Krásnohorské", "street_number": "322", "specialties": null, "care_form": null, "provider_ico": 48804525, "website": "http://www.zzsmsk.cz", "phone": "+420950730401", "latitude": 49.691021499827997, "longitude": 18.356433287999, "level": 3, "level_label": "Ambulance dispatch station (ZZS)" }, "geometry": { "type": "Point", "coordinates": [ -466667.478238967654761, -1118032.392879441846162 ] } },
{ "type": "Feature", "properties": { "name": "Zdravotnická záchranná služba Moravskoslezského kraje, příspěvková organizace", "facility_type": "Zdravotnická zachranná služba", "city": "Třinec", "region": "Moravskoslezský kraj", "district": "Frýdek-Místek", "postcode": 73961.0, "street": "Kaštanová", "street_number": "413", "specialties": null, "care_form": null, "provider_ico": 48804525, "website": "http://www.zzsmsk.cz", "phone": "+420950730401", "latitude": 49.675894502619997, "longitude": 18.690486305292001, "level": 3, "level_label": "Ambulance dispatch station (ZZS)" }, "geometry": { "type": "Point", "coordinates": [ -442780.691532105905935, -1121693.795369322877377 ] } },
{ "type": "Feature", "properties": { "name": "Zdravotnická záchranná služba Moravskoslezského kraje, příspěvková organizace", "facility_type": "Zdravotnická zachranná služba", "city": "Frýdlant nad Ostravicí", "region": "Moravskoslezský kraj", "district": "Frýdek-Místek", "postcode": 73911.0, "street": "Ondřejnická", "street_number": "896", "specialties": null, "care_form": null, "provider_ico": 48804525, "website": "http://www.zzsmsk.cz", "phone": "+420950730401", "latitude": 49.589322262651997, "longitude": 18.345802054332999, "level": 3, "level_label": "Ambulance dispatch station (ZZS)" }, "geometry": { "type": "Point", "coordinates": [ -468390.038388758606743, -1129238.276686634635553 ] } },
{ "type": "Feature", "properties": { "name": "Zdravotnická záchranná služba Moravskoslezského kraje, příspěvková organizace", "facility_type": "Zdravotnická zachranná služba", "city": "Jablunkov", "region": "Moravskoslezský kraj", "district": "Frýdek-Místek", "postcode": 73991.0, "street": "Hasičská", "street_number": "1120", "specialties": null, "care_form": null, "provider_ico": 48804525, "website": "http://www.zzsmsk.cz", "phone": "+420950730401", "latitude": 49.575875668879, "longitude": 18.761994654428001, "level": 3, "level_label": "Ambulance dispatch station (ZZS)" }, "geometry": { "type": "Point", "coordinates": [ -438517.678936032869387, -1133194.866059473948553 ] } },
{ "type": "Feature", "properties": { "name": "Zdravotnická záchranná služba Moravskoslezského kraje, příspěvková organizace", "facility_type": "Zdravotnická zachranná služba", "city": "Karviná", "region": "Moravskoslezský kraj", "district": "Karviná", "postcode": 73401.0, "street": "Vydmuchov", "street_number": "395/15", "specialties": null, "care_form": null, "provider_ico": 48804525, "website": "http://www.zzsmsk.cz", "phone": "+420950730401", "latitude": 49.847594821957003, "longitude": 18.548760471335999, "level": 3, "level_label": "Ambulance dispatch station (ZZS)" }, "geometry": { "type": "Point", "coordinates": [ -451410.590076762775425, -1101831.081955885514617 ] } },
{ "type": "Feature", "properties": { "name": "Zdravotnická záchranná služba Moravskoslezského kraje, příspěvková organizace", "facility_type": "Zdravotnická zachranná služba", "city": "Havířov", "region": "Moravskoslezský kraj", "district": "Karviná", "postcode": 73601.0, "street": "Dělnická", "street_number": "969/26", "specialties": null, "care_form": null, "provider_ico": 48804525, "website": "http://www.zzsmsk.cz", "phone": "+420950730401", "latitude": 49.785755062463998, "longitude": 18.438023686213, "level": 3, "level_label": "Ambulance dispatch station (ZZS)" }, "geometry": { "type": "Point", "coordinates": [ -459921.987184301833622, -1108026.751266867853701 ] } },
{ "type": "Feature", "properties": { "name": "Zdravotnická záchranná služba Moravskoslezského kraje, příspěvková organizace", "facility_type": "Zdravotnická zachranná služba", "city": "Orlová", "region": "Moravskoslezský kraj", "district": "Karviná", "postcode": 73514.0, "street": "Masarykova třída", "street_number": "900", "specialties": null, "care_form": null, "provider_ico": 48804525, "website": "http://www.zzsmsk.cz", "phone": "+420950730401", "latitude": 49.875652765657001, "longitude": 18.434819904726002, "level": 3, "level_label": "Ambulance dispatch station (ZZS)" }, "geometry": { "type": "Point", "coordinates": [ -459317.206244868109934, -1098043.078664765693247 ] } },
{ "type": "Feature", "properties": { "name": "Zdravotnická záchranná služba Moravskoslezského kraje, příspěvková organizace", "facility_type": "Zdravotnická zachranná služba", "city": "Český Těšín", "region": "Moravskoslezský kraj", "district": "Karviná", "postcode": 73701.0, "street": "Třanovského", "street_number": "1944/2a", "specialties": null, "care_form": null, "provider_ico": 48804525, "website": "http://www.zzsmsk.cz", "phone": "+420950730401", "latitude": 49.749398430267, "longitude": 18.623789343493002, "level": 3, "level_label": "Ambulance dispatch station (ZZS)" }, "geometry": { "type": "Point", "coordinates": [ -446916.751445719623007, -1113157.283819454023615 ] } },
{ "type": "Feature", "properties": { "name": "Zdravotnická záchranná služba Moravskoslezského kraje, příspěvková organizace", "facility_type": "Zdravotnická zachranná služba", "city": "Bohumín", "region": "Moravskoslezský kraj", "district": "Karviná", "postcode": 73581.0, "street": "Šunychelská", "street_number": "1201", "specialties": null, "care_form": null, "provider_ico": 48804525, "website": "http://www.zzsmsk.cz", "phone": "+420950730401", "latitude": 49.909515466706999, "longitude": 18.358421542176998, "level": 3, "level_label": "Ambulance dispatch station (ZZS)" }, "geometry": { "type": "Point", "coordinates": [ -464471.450256349693518, -1093828.744974998757243 ] } },
{ "type": "Feature", "properties": { "name": "Zdravotnická záchranná služba Moravskoslezského kraje, příspěvková organizace", "facility_type": "Zdravotnická zachranná služba", "city": "Nový Jičín", "region": "Moravskoslezský kraj", "district": "Nový Jičín", "postcode": 74101.0, "street": "Štefánikova", "street_number": "2111/11", "specialties": null, "care_form": null, "provider_ico": 48804525, "website": "http://www.zzsmsk.cz", "phone": "+420950730401", "latitude": 49.596019607080002, "longitude": 18.007356472333001, "level": 3, "level_label": "Ambulance dispatch station (ZZS)" }, "geometry": { "type": "Point", "coordinates": [ -492701.41427562572062, -1126370.227922605583444 ] } },
{ "type": "Feature", "properties": { "name": "Zdravotnická záchranná služba Moravskoslezského kraje, příspěvková organizace", "facility_type": "Zdravotnická zachranná služba", "city": "Frenštát pod Radhoštěm", "region": "Moravskoslezský kraj", "district": "Nový Jičín", "postcode": 74401.0, "street": "Záhuní", "street_number": "401", "specialties": null, "care_form": null, "provider_ico": 48804525, "website": "http://www.zzsmsk.cz", "phone": "+420950730401", "latitude": 49.549573537473002, "longitude": 18.204397423947999, "level": 3, "level_label": "Ambulance dispatch station (ZZS)" }, "geometry": { "type": "Point", "coordinates": [ -478958.896993957750965, -1132767.297718462068588 ] } },
{ "type": "Feature", "properties": { "name": "Zdravotnická záchranná služba Moravskoslezského kraje, příspěvková organizace", "facility_type": "Zdravotnická zachranná služba", "city": "Studénka", "region": "Moravskoslezský kraj", "district": "Nový Jičín", "postcode": 74213.0, "street": "Tovární", "street_number": "899", "specialties": null, "care_form": null, "provider_ico": 48804525, "website": "http://www.zzsmsk.cz", "phone": "+420950730401", "latitude": 49.709287991833001, "longitude": 18.054276023212001, "level": 3, "level_label": "Ambulance dispatch station (ZZS)" }, "geometry": { "type": "Point", "coordinates": [ -488207.697549262375105, -1114122.974014711566269 ] } },
{ "type": "Feature", "properties": { "name": "Zdravotnická záchranná služba Moravskoslezského kraje, příspěvková organizace", "facility_type": "Zdravotnická zachranná služba", "city": "Odry", "region": "Moravskoslezský kraj", "district": "Nový Jičín", "postcode": 74235.0, "street": "sídliště Míru", "street_number": "958/1", "specialties": null, "care_form": null, "provider_ico": 48804525, "website": "http://www.zzsmsk.cz", "phone": "+420950730401", "latitude": 49.665452627434, "longitude": 17.829993544711002, "level": 3, "level_label": "Ambulance dispatch station (ZZS)" }, "geometry": { "type": "Point", "coordinates": [ -504764.387375047663227, -1117522.878189681796357 ] } },
{ "type": "Feature", "properties": { "name": "Zdravotnická záchranná služba Karlovarského kraje, příspěvková organizace", "facility_type": "Zdravotnická zachranná služba", "city": "Nejdek", "region": "Karlovarský kraj", "district": "Karlovy Vary", "postcode": 36221.0, "street": "Karlovarská", "street_number": "1347", "specialties": "urgentní medicína", "care_form": "ambulantní péče", "provider_ico": 574660, "website": "http://www.zzskvk.cz", "phone": "+420353362520", "latitude": 50.320871602107999, "longitude": 12.735950303929, "level": 3, "level_label": "Ambulance dispatch station (ZZS)" }, "geometry": { "type": "Point", "coordinates": [ -857967.64793641527649, -999594.297290728893131 ] } },
{ "type": "Feature", "properties": { "name": "Zdravotnická záchranná služba Jihočeského kraje", "facility_type": "Zdravotnická zachranná služba", "city": "Kaplice", "region": "Jihočeský kraj", "district": "Český Krumlov", "postcode": 38241.0, "street": "Gen. Fanty", "street_number": "25", "specialties": null, "care_form": null, "provider_ico": 48199931, "website": "http://www.zzsjck.cz", "phone": null, "latitude": 48.739929196176, "longitude": 14.487368372288, "level": 3, "level_label": "Ambulance dispatch station (ZZS)" }, "geometry": { "type": "Point", "coordinates": [ -758418.426667718449607, -1192137.297255209414288 ] } },
{ "type": "Feature", "properties": { "name": "Výjezdové stanoviště ZZS, LPS", "facility_type": "Zdravotnická zachranná služba", "city": "Valašské Klobouky", "region": "Zlínský kraj", "district": "Zlín", "postcode": 76601.0, "street": "Krátká", "street_number": "798", "specialties": "urgentní medicína, všeobecné praktické lékařství", "care_form": "ambulantní péče", "provider_ico": 62182137, "website": "http://www.zzszk.cz", "phone": "+420577056935", "latitude": 49.144003150148002, "longitude": 18.012736497195998, "level": 3, "level_label": "Ambulance dispatch station (ZZS)" }, "geometry": { "type": "Point", "coordinates": [ -496790.222742097335868, -1176473.400404473999515 ] } },
{ "type": "Feature", "properties": { "name": "Výjezdové stanoviště ZZS", "facility_type": "Zdravotnická zachranná služba", "city": "Kroměříž", "region": "Zlínský kraj", "district": "Kroměříž", "postcode": 76701.0, "street": "Havlíčkova", "street_number": "3549/73", "specialties": "urgentní medicína, všeobecné praktické lékařství", "care_form": "ambulantní péče", "provider_ico": 62182137, "website": "http://www.zzszk.cz", "phone": "+420577056935", "latitude": 49.291404759537997, "longitude": 17.376737829690999, "level": 3, "level_label": "Ambulance dispatch station (ZZS)" }, "geometry": { "type": "Point", "coordinates": [ -541389.871853334596381, -1155834.340994205093011 ] } },
{ "type": "Feature", "properties": { "name": "Výjezdové stanoviště ZZS", "facility_type": "Zdravotnická zachranná služba", "city": "Uherské Hradiště", "region": "Zlínský kraj", "district": "Uherské Hradiště", "postcode": 68601.0, "street": "Boženy Němcové", "street_number": "834", "specialties": "urgentní medicína, všeobecné praktické lékařství", "care_form": "ambulantní péče", "provider_ico": 62182137, "website": "http://www.zzszk.cz", "phone": "+420577056935", "latitude": 49.064470494924997, "longitude": 17.464800125436, "level": 3, "level_label": "Ambulance dispatch station (ZZS)" }, "geometry": { "type": "Point", "coordinates": [ -537443.269587881281041, -1181572.970805421704426 ] } },
{ "type": "Feature", "properties": { "name": "Výjezdové stanoviště ZZS, LPS", "facility_type": "Zdravotnická zachranná služba", "city": "Uherský Brod", "region": "Zlínský kraj", "district": "Uherské Hradiště", "postcode": 68801.0, "street": "Partyzánů", "street_number": "2174", "specialties": "urgentní medicína, všeobecné praktické lékařství", "care_form": "ambulantní péče", "provider_ico": 62182137, "website": "http://www.zzszk.cz", "phone": "+420577056935", "latitude": 49.029272815337997, "longitude": 17.652631141179999, "level": 3, "level_label": "Ambulance dispatch station (ZZS)" }, "geometry": { "type": "Point", "coordinates": [ -524147.588322299066931, -1186773.677764069288969 ] } },
{ "type": "Feature", "properties": { "name": "Výjezdové stanoviště ZZS", "facility_type": "Zdravotnická zachranná služba", "city": "Vsetín", "region": "Zlínský kraj", "district": "Vsetín", "postcode": 75501.0, "street": "Nemocniční", "street_number": "940", "specialties": "urgentní medicína, všeobecné praktické lékařství", "care_form": "ambulantní péče", "provider_ico": 62182137, "website": "http://www.zzszk.cz", "phone": "+420577056935", "latitude": 49.332188334035003, "longitude": 17.997903591341, "level": 3, "level_label": "Ambulance dispatch station (ZZS)" }, "geometry": { "type": "Point", "coordinates": [ -496000.380423114052974, -1155533.384921982418746 ] } },
{ "type": "Feature", "properties": { "name": "Výjezdové stanoviště ZZS", "facility_type": "Zdravotnická zachranná služba", "city": "Valašské Meziříčí", "region": "Zlínský kraj", "district": "Vsetín", "postcode": 75701.0, "street": "U Nemocnice", "street_number": "1511", "specialties": "urgentní medicína, všeobecné praktické lékařství", "care_form": "ambulantní péče", "provider_ico": 62182137, "website": "http://www.zzszk.cz", "phone": "+420577056935", "latitude": 49.463251954065001, "longitude": 17.978593276847, "level": 3, "level_label": "Ambulance dispatch station (ZZS)" }, "geometry": { "type": "Point", "coordinates": [ -496093.78650820616167, -1140890.940275070490316 ] } },
{ "type": "Feature", "properties": { "name": "Výjezdové stanoviště ZZS", "facility_type": "Zdravotnická zachranná služba", "city": "Nový Hrozenkov", "region": "Zlínský kraj", "district": "Vsetín", "postcode": 75604.0, "street": null, "street_number": "445", "specialties": "urgentní medicína, všeobecné praktické lékařství", "care_form": "ambulantní péče", "provider_ico": 62182137, "website": "http://www.zzszk.cz", "phone": "+420577056935", "latitude": 49.338724508611001, "longitude": 18.199903910385999, "level": 3, "level_label": "Ambulance dispatch station (ZZS)" }, "geometry": { "type": "Point", "coordinates": [ -481313.246004196815193, -1156099.97499271039851 ] } },
{ "type": "Feature", "properties": { "name": "Výjezdové stanoviště ZZS, LPS", "facility_type": "Zdravotnická zachranná služba", "city": "Rožnov pod Radhoštěm", "region": "Zlínský kraj", "district": "Vsetín", "postcode": 75661.0, "street": "nábřeží Dukelských hrdinů", "street_number": "2950", "specialties": "urgentní medicína, všeobecné praktické lékařství", "care_form": "ambulantní péče", "provider_ico": 62182137, "website": "http://www.zzszk.cz", "phone": "+420577056935", "latitude": 49.461728518771999, "longitude": 18.139782735699999, "level": 3, "level_label": "Ambulance dispatch station (ZZS)" }, "geometry": { "type": "Point", "coordinates": [ -484470.335018389858305, -1142092.97941380366683 ] } },
{ "type": "Feature", "properties": { "name": "Zdravotnická záchranná služba Moravskoslezského kraje, příspěvková organizace", "facility_type": "Zdravotnická zachranná služba", "city": "Ostrava", "region": "Moravskoslezský kraj", "district": "Ostrava-město", "postcode": 70800.0, "street": "Martinovská", "street_number": "1622/36", "specialties": null, "care_form": null, "provider_ico": 48804525, "website": "http://www.zzsmsk.cz", "phone": "+420950730401", "latitude": 49.843129079312, "longitude": 18.183451843326999, "level": 3, "level_label": "Ambulance dispatch station (ZZS)" }, "geometry": { "type": "Point", "coordinates": [ -477634.745541207608767, -1100108.991063689347357 ] } },
{ "type": "Feature", "properties": { "name": "Zdravotnická záchranná služba Moravskoslezského kraje, příspěvková organizace", "facility_type": "Zdravotnická zachranná služba", "city": "Ostrava", "region": "Moravskoslezský kraj", "district": "Ostrava-město", "postcode": 71000.0, "street": "Československé armády", "street_number": "1892/20a", "specialties": null, "care_form": null, "provider_ico": 48804525, "website": "http://www.zzsmsk.cz", "phone": "+420950730401", "latitude": 49.841608851940002, "longitude": 18.332734634145002, "level": 3, "level_label": "Ambulance dispatch station (ZZS)" }, "geometry": { "type": "Point", "coordinates": [ -466950.626184987253509, -1101198.714122267672792 ] } },
{ "type": "Feature", "properties": { "name": "Zdravotnická záchranná služba Moravskoslezského kraje, příspěvková organizace", "facility_type": "Zdravotnická zachranná služba", "city": "Ostrava", "region": "Moravskoslezský kraj", "district": "Ostrava-město", "postcode": 70200.0, "street": "Nemocniční", "street_number": "3328/11", "specialties": null, "care_form": null, "provider_ico": 48804525, "website": "http://www.zzsmsk.cz", "phone": "+420950730401", "latitude": 49.833727470858001, "longitude": 18.279313108152, "level": 3, "level_label": "Ambulance dispatch station (ZZS)" }, "geometry": { "type": "Point", "coordinates": [ -470854.420933578629047, -1101744.878187051741406 ] } },
{ "type": "Feature", "properties": { "name": "Zdravotnická záchranná služba Moravskoslezského kraje, příspěvková organizace", "facility_type": "Zdravotnická zachranná služba", "city": "Bruntál", "region": "Moravskoslezský kraj", "district": "Bruntál", "postcode": 79201.0, "street": "Zeyerova", "street_number": "1545/13", "specialties": "všeobecné praktické lékařství", "care_form": null, "provider_ico": 48804525, "website": "http://www.zzsmsk.cz", "phone": "+420950730401", "latitude": 49.988702289107003, "longitude": 17.454106045816001, "level": 3, "level_label": "Ambulance dispatch station (ZZS)" }, "geometry": { "type": "Point", "coordinates": [ -528315.531798993353732, -1079189.331053232308477 ] } },
{ "type": "Feature", "properties": { "name": "Zdravotnická záchranná služba Ústeckého kraje, příspěvková organizace", "facility_type": "Zdravotnická zachranná služba", "city": "Roudnice nad Labem", "region": "Ústecký kraj", "district": "Litoměřice", "postcode": 41301.0, "street": "Žižkova", "street_number": "2464", "specialties": null, "care_form": null, "provider_ico": 829013, "website": "http://www.zzsuk.cz", "phone": "+420475234111", "latitude": 50.408289946678003, "longitude": 14.237584029817, "level": 3, "level_label": "Ambulance dispatch station (ZZS)" }, "geometry": { "type": "Point", "coordinates": [ -750876.768683804664761, -1005866.830790703883395 ] } },
{ "type": "Feature", "properties": { "name": "Zdravotnická záchranná služba Ústeckého kraje, příspěvková organizace", "facility_type": "Zdravotnická zachranná služba", "city": "Lovosice", "region": "Ústecký kraj", "district": "Litoměřice", "postcode": 41002.0, "street": "Siřejovická", "street_number": "1300", "specialties": null, "care_form": null, "provider_ico": 829013, "website": "http://www.zzsuk.cz", "phone": "+420475234111", "latitude": 50.506013882011999, "longitude": 14.05136909722, "level": 3, "level_label": "Ambulance dispatch station (ZZS)" }, "geometry": { "type": "Point", "coordinates": [ -762447.902891112491488, -993253.145744628738612 ] } },
{ "type": "Feature", "properties": { "name": "Zdravotnická záchranná služba Moravskoslezského kraje, příspěvková organizace", "facility_type": "Zdravotnická zachranná služba", "city": "Nošovice", "region": "Moravskoslezský kraj", "district": "Frýdek-Místek", "postcode": 73951.0, "street": "Hyundai", "street_number": "155/4", "specialties": null, "care_form": null, "provider_ico": 48804525, "website": "http://www.zzsmsk.cz", "phone": "+420950730401", "latitude": 49.670150411742, "longitude": 18.437370197101, "level": 3, "level_label": "Ambulance dispatch station (ZZS)" }, "geometry": { "type": "Point", "coordinates": [ -461041.904310116369743, -1120836.096809859620407 ] } },
{ "type": "Feature", "properties": { "name": "Zdravotnická záchranná služba Kraje Vysočina, p.o.", "facility_type": "Zdravotnická zachranná služba", "city": "Velká Bíteš", "region": "Kraj Vysočina", "district": "Žďár nad Sázavou", "postcode": 59501.0, "street": "Návrší", "street_number": "85", "specialties": null, "care_form": null, "provider_ico": 47366630, "website": "https://www.zzsvysocina.cz/", "phone": null, "latitude": 49.270656902679001, "longitude": 16.227586954305, "level": 3, "level_label": "Ambulance dispatch station (ZZS)" }, "geometry": { "type": "Point", "coordinates": [ -624772.355205114232376, -1149355.800125032197684 ] } },
{ "type": "Feature", "properties": { "name": "Zdravotnická záchranná služba Kraje Vysočina, p.o.", "facility_type": "Zdravotnická zachranná služba", "city": "Přibyslav", "region": "Kraj Vysočina", "district": "Havlíčkův Brod", "postcode": 58222.0, "street": "Bechyňovo náměstí", "street_number": "15", "specialties": null, "care_form": null, "provider_ico": 47366630, "website": "https://www.zzsvysocina.cz/", "phone": null, "latitude": 49.576177862937001, "longitude": 15.735931926497001, "level": 3, "level_label": "Ambulance dispatch station (ZZS)" }, "geometry": { "type": "Point", "coordinates": [ -656266.399480197695084, -1111480.468154586385936 ] } },
{ "type": "Feature", "properties": { "name": "Výjezdové stanoviště ZZS", "facility_type": "Zdravotnická zachranná služba", "city": "Uherský Brod", "region": "Zlínský kraj", "district": "Uherské Hradiště", "postcode": 68801.0, "street": "Partyzánů", "street_number": "2364", "specialties": "urgentní medicína, všeobecné praktické lékařství", "care_form": "ambulantní péče", "provider_ico": 62182137, "website": "http://www.zzszk.cz", "phone": "+420577056935", "latitude": 49.030001824183003, "longitude": 17.653441547815, "level": 3, "level_label": "Ambulance dispatch station (ZZS)" }, "geometry": { "type": "Point", "coordinates": [ -524080.989986175962258, -1186698.526500074192882 ] } },
{ "type": "Feature", "properties": { "name": "Výjezdové stanoviště ZZS", "facility_type": "Zdravotnická zachranná služba", "city": "Valašské Klobouky", "region": "Zlínský kraj", "district": "Zlín", "postcode": 76601.0, "street": "U Náhonu", "street_number": "1006", "specialties": "urgentní medicína, všeobecné praktické lékařství", "care_form": "ambulantní péče", "provider_ico": 62182137, "website": "http://www.zzszk.cz", "phone": "+420577056935", "latitude": 49.144217217514999, "longitude": 18.013883129964999, "level": 3, "level_label": "Ambulance dispatch station (ZZS)" }, "geometry": { "type": "Point", "coordinates": [ -496704.784392310015392, -1176457.139014617307112 ] } },
{ "type": "Feature", "properties": { "name": "Výjezdové stanoviště ZZS", "facility_type": "Zdravotnická zachranná služba", "city": "Vsetín", "region": "Zlínský kraj", "district": "Vsetín", "postcode": 75501.0, "street": "Nemocniční", "street_number": "955", "specialties": "urgentní medicína, všeobecné praktické lékařství", "care_form": "ambulantní péče", "provider_ico": 62182137, "website": "http://www.zzszk.cz", "phone": "+420577056935", "latitude": 49.332173898386998, "longitude": 17.998204437167999, "level": 3, "level_label": "Ambulance dispatch station (ZZS)" }, "geometry": { "type": "Point", "coordinates": [ -495978.74600263859611, -1155536.935113695915788 ] } },
{ "type": "Feature", "properties": { "name": "Zdravotnická záchranná služba Královéhradeckého kraje", "facility_type": "Zdravotnická zachranná služba", "city": "Nová Paka", "region": "Královéhradecký kraj", "district": "Jičín", "postcode": 50901.0, "street": "Jiráskova", "street_number": "1830", "specialties": "urgentní medicína", "care_form": null, "provider_ico": 48145122, "website": "http://www.zzskhk.cz", "phone": "+420495755221", "latitude": 50.493164016923998, "longitude": 15.516200787657001, "level": 3, "level_label": "Ambulance dispatch station (ZZS)" }, "geometry": { "type": "Point", "coordinates": [ -659613.631701940787025, -1008336.948497888748534 ] } },
{ "type": "Feature", "properties": { "name": "Zdravotnická záchranná služba Moravskoslezského kraje, příspěvková organizace", "facility_type": "Zdravotnická zachranná služba", "city": "Vrbno pod Pradědem", "region": "Moravskoslezský kraj", "district": "Bruntál", "postcode": 79326.0, "street": "Nádražní", "street_number": "646", "specialties": null, "care_form": null, "provider_ico": 48804525, "website": "http://www.zzsmsk.cz", "phone": "+420950730401", "latitude": 50.120520827272998, "longitude": 17.383678548003999, "level": 3, "level_label": "Ambulance dispatch station (ZZS)" }, "geometry": { "type": "Point", "coordinates": [ -531916.467054356588051, -1064107.272381224669516 ] } },
{ "type": "Feature", "properties": { "name": "Zdravotnická záchranná služba Kraje Vysočina, p.o.", "facility_type": "Zdravotnická zachranná služba", "city": "Jemnice", "region": "Kraj Vysočina", "district": "Třebíč", "postcode": 67531.0, "street": "Budějovická", "street_number": "1017", "specialties": null, "care_form": null, "provider_ico": 47366630, "website": "https://www.zzsvysocina.cz/", "phone": null, "latitude": 49.017779199933997, "longitude": 15.588082579789001, "level": 3, "level_label": "Ambulance dispatch station (ZZS)" }, "geometry": { "type": "Point", "coordinates": [ -674389.676390972803347, -1171839.696838479256257 ] } },
{ "type": "Feature", "properties": { "name": "Zdravotnická záchranná služba Plzeňského kraje - výjezdové stanoviště Konstantinovy Lázně", "facility_type": "Zdravotnická zachranná služba", "city": "Konstantinovy Lázně", "region": "Plzeňský kraj", "district": "Tachov", "postcode": 34952.0, "street": "Plzeňská", "street_number": "51", "specialties": null, "care_form": null, "provider_ico": 45333009, "website": "http://www.zzspk.cz", "phone": "+420377672111", "latitude": 49.882112259415003, "longitude": 12.974719327278001, "level": 3, "level_label": "Ambulance dispatch station (ZZS)" }, "geometry": { "type": "Point", "coordinates": [ -848764.069691532058641, -1050471.344705304363742 ] } },
{ "type": "Feature", "properties": { "name": "Zdravotnická záchranná služba Ústeckého kraje, příspěvková organizace", "facility_type": "Zdravotnická zachranná služba", "city": "Velký Šenov", "region": "Ústecký kraj", "district": "Děčín", "postcode": 40778.0, "street": null, "street_number": "571", "specialties": null, "care_form": null, "provider_ico": 829013, "website": "http://www.zzsuk.cz", "phone": "+420475234111", "latitude": 50.991832455977999, "longitude": 14.375590902591, "level": 3, "level_label": "Ambulance dispatch station (ZZS)" }, "geometry": { "type": "Point", "coordinates": [ -732274.620293138432316, -942916.612223668256775 ] } },
{ "type": "Feature", "properties": { "name": "Výjezdové stanoviště ZZS", "facility_type": "Zdravotnická zachranná služba", "city": "Bystřice pod Hostýnem", "region": "Zlínský kraj", "district": "Kroměříž", "postcode": 76861.0, "street": "Pod Zábřehem", "street_number": "1690", "specialties": "urgentní medicína, všeobecné praktické lékařství", "care_form": "ambulantní péče", "provider_ico": 62182137, "website": "http://www.zzszk.cz", "phone": "+420577056935", "latitude": 49.402742338517001, "longitude": 17.681797478665999, "level": 3, "level_label": "Ambulance dispatch station (ZZS)" }, "geometry": { "type": "Point", "coordinates": [ -518145.563106210320257, -1145623.636119220871478 ] } },
{ "type": "Feature", "properties": { "name": "Zdravotnická záchranná služba Kraje Vysočina, p.o.", "facility_type": "Zdravotnická zachranná služba", "city": "Kamenice nad Lipou", "region": "Kraj Vysočina", "district": "Pelhřimov", "postcode": 39470.0, "street": "Masarykova", "street_number": "901", "specialties": null, "care_form": null, "provider_ico": 47366630, "website": "https://www.zzsvysocina.cz/", "phone": null, "latitude": 49.291258030248002, "longitude": 15.074938125732, "level": 3, "level_label": "Ambulance dispatch station (ZZS)" }, "geometry": { "type": "Point", "coordinates": [ -707748.229209318291396, -1137011.404416304314509 ] } },
{ "type": "Feature", "properties": { "name": "Zdravotnická záchranná služba Karlovarského kraje, příspěvková organizace", "facility_type": "Zdravotnická zachranná služba", "city": "Žlutice", "region": "Karlovarský kraj", "district": "Karlovy Vary", "postcode": 36452.0, "street": "Karlovarská", "street_number": "530", "specialties": "urgentní medicína", "care_form": "ambulantní péče", "provider_ico": 574660, "website": "http://www.zzskvk.cz", "phone": "+420353362520", "latitude": 50.092586212176997, "longitude": 13.161974421223, "level": 3, "level_label": "Ambulance dispatch station (ZZS)" }, "geometry": { "type": "Point", "coordinates": [ -831886.060229513794184, -1029413.821483804611489 ] } },
{ "type": "Feature", "properties": { "name": "Zdravotnická záchranná služba Jihočeského kraje", "facility_type": "Zdravotnická zachranná služba", "city": "Čimelice", "region": "Jihočeský kraj", "district": "Písek", "postcode": 39804.0, "street": null, "street_number": "344", "specialties": null, "care_form": null, "provider_ico": 48199931, "website": "http://www.zzsjck.cz", "phone": null, "latitude": 49.468317720282002, "longitude": 14.072477291385001, "level": 3, "level_label": "Ambulance dispatch station (ZZS)" }, "geometry": { "type": "Point", "coordinates": [ -777231.416304991347715, -1107724.215798343531787 ] } },
{ "type": "Feature", "properties": { "name": "Zdravotnická záchranná služba Jihočeského kraje", "facility_type": "Zdravotnická zachranná služba", "city": "České Budějovice", "region": "Jihočeský kraj", "district": "České Budějovice", "postcode": 37010.0, "street": "Pražská tř.", "street_number": "2354/139", "specialties": null, "care_form": null, "provider_ico": 48199931, "website": "http://www.zzsjck.cz", "phone": null, "latitude": 48.998995361677999, "longitude": 14.481155876200001, "level": 3, "level_label": "Ambulance dispatch station (ZZS)" }, "geometry": { "type": "Point", "coordinates": [ -754968.028755691717379, -1163530.166001211619005 ] } },
{ "type": "Feature", "properties": { "name": "Zdravotnická záchranná služba Karlovarského kraje, příspěvková organizace", "facility_type": "Zdravotnická zachranná služba", "city": "Karlovy Vary", "region": "Karlovarský kraj", "district": "Karlovy Vary", "postcode": 36006.0, "street": "Závodní", "street_number": "390/98c", "specialties": "urgentní medicína", "care_form": "ambulantní péče", "provider_ico": 574660, "website": "http://www.zzskvk.cz", "phone": "+420353362520", "latitude": 50.220654709705002, "longitude": 12.825224954601, "level": 3, "level_label": "Ambulance dispatch station (ZZS)" }, "geometry": { "type": "Point", "coordinates": [ -853445.733485837350599, -1011606.729083568323404 ] } },
{ "type": "Feature", "properties": { "name": "Zdravotnická záchranná služba Karlovarského kraje, příspěvková organizace", "facility_type": "Zdravotnická zachranná služba", "city": "Toužim", "region": "Karlovarský kraj", "district": "Karlovy Vary", "postcode": 36401.0, "street": "Sídliště", "street_number": "526", "specialties": "urgentní medicína", "care_form": "ambulantní péče", "provider_ico": 574660, "website": "http://www.zzskvk.cz", "phone": "+420353362520", "latitude": 50.062114787577002, "longitude": 12.987845653317001, "level": 3, "level_label": "Ambulance dispatch station (ZZS)" }, "geometry": { "type": "Point", "coordinates": [ -844722.730221695266664, -1030840.939800059888512 ] } },
{ "type": "Feature", "properties": { "name": "Zdravotnická záchranná služba Plzeňského kraje - výjezdové stanoviště Planá u Mar. Lázní", "facility_type": "Zdravotnická zachranná služba", "city": "Planá", "region": "Plzeňský kraj", "district": "Tachov", "postcode": 34815.0, "street": "Bezdružická", "street_number": "1002", "specialties": null, "care_form": null, "provider_ico": 45333009, "website": "http://www.zzspk.cz", "phone": "+420377672111", "latitude": 49.869835898211001, "longitude": 12.747809120655999, "level": 3, "level_label": "Ambulance dispatch station (ZZS)" }, "geometry": { "type": "Point", "coordinates": [ -865085.568108993116766, -1049259.368291180348024 ] } },
{ "type": "Feature", "properties": { "name": "Zdravotnická záchranná služba Plzeňského kraje - výjezdové stanoviště Tachov", "facility_type": "Zdravotnická zachranná služba", "city": "Tachov", "region": "Plzeňský kraj", "district": "Tachov", "postcode": 34701.0, "street": "Sokolovská", "street_number": "1922", "specialties": null, "care_form": null, "provider_ico": 45333009, "website": "http://www.zzspk.cz", "phone": "+420377672111", "latitude": 49.806034387902002, "longitude": 12.641701475881, "level": 3, "level_label": "Ambulance dispatch station (ZZS)" }, "geometry": { "type": "Point", "coordinates": [ -873750.58649602625519, -1055049.855948173906654 ] } },
{ "type": "Feature", "properties": { "name": "Zdravotnická záchranná služba Plzeňského kraje - výjezdové stanoviště Stříbro", "facility_type": "Zdravotnická zachranná služba", "city": "Stříbro", "region": "Plzeňský kraj", "district": "Tachov", "postcode": 34901.0, "street": "Forstova", "street_number": "1595", "specialties": null, "care_form": null, "provider_ico": 45333009, "website": "http://www.zzspk.cz", "phone": "+420377672111", "latitude": 49.753077582117001, "longitude": 12.982812396425, "level": 3, "level_label": "Ambulance dispatch station (ZZS)" }, "geometry": { "type": "Point", "coordinates": [ -850419.32229690393433, -1064738.627979732584208 ] } },
{ "type": "Feature", "properties": { "name": "Zdravotnická záchranná služba Zlínského kraje, příspěvková organizace", "facility_type": "Zdravotnická zachranná služba", "city": "Zlín", "region": "Zlínský kraj", "district": "Zlín", "postcode": 76001.0, "street": "Peroutkovo nábřeží", "street_number": "434", "specialties": "urgentní medicína, všeobecné praktické lékařství", "care_form": "ambulantní péče", "provider_ico": 62182137, "website": "http://www.zzszk.cz", "phone": "+420577056935", "latitude": 49.226963490788997, "longitude": 17.703285695453999, "level": 3, "level_label": "Ambulance dispatch station (ZZS)" }, "geometry": { "type": "Point", "coordinates": [ -518412.924344757164363, -1165231.827523719286546 ] } },
{ "type": "Feature", "properties": { "name": "Výjezdové stanoviště ZZS", "facility_type": "Zdravotnická zachranná služba", "city": "Slavičín", "region": "Zlínský kraj", "district": "Zlín", "postcode": 76321.0, "street": "Komenského", "street_number": "1", "specialties": "urgentní medicína, všeobecné praktické lékařství", "care_form": "ambulantní péče", "provider_ico": 62182137, "website": "http://www.zzszk.cz", "phone": "+420577056935", "latitude": 49.090208245679001, "longitude": 17.873570749192002, "level": 3, "level_label": "Ambulance dispatch station (ZZS)" }, "geometry": { "type": "Point", "coordinates": [ -507445.343110502755735, -1181517.312345060985535 ] } },
{ "type": "Feature", "properties": { "name": "Zdravotnická záchranná služba Plzeňského kraje - výjezdové stanoviště Lidická", "facility_type": "Zdravotnická zachranná služba", "city": "Plzeň", "region": "Plzeňský kraj", "district": "Plzeň-město", "postcode": 32300.0, "street": "Lidická", "street_number": "910/27", "specialties": null, "care_form": null, "provider_ico": 45333009, "website": "http://www.zzspk.cz", "phone": "+420377672111", "latitude": 49.766154845750002, "longitude": 13.372129512421999, "level": 3, "level_label": "Ambulance dispatch station (ZZS)" }, "geometry": { "type": "Point", "coordinates": [ -822476.750401552882977, -1067586.996478983899578 ] } },
{ "type": "Feature", "properties": { "name": "Zdravotnická záchranná služba Plzeňského kraje - výjezdové stanoviště Rokycany", "facility_type": "Zdravotnická zachranná služba", "city": "Rokycany", "region": "Plzeňský kraj", "district": "Rokycany", "postcode": 33701.0, "street": "Stehlíkova", "street_number": "131", "specialties": null, "care_form": null, "provider_ico": 45333009, "website": "http://www.zzspk.cz", "phone": "+420377672111", "latitude": 49.732027500992999, "longitude": 13.598051364682, "level": 3, "level_label": "Ambulance dispatch station (ZZS)" }, "geometry": { "type": "Point", "coordinates": [ -806941.584498301497661, -1073761.471215250203386 ] } },
{ "type": "Feature", "properties": { "name": "Zdravotnická záchranná služba Plzeňského kraje - výjezdové stanoviště Radnice", "facility_type": "Zdravotnická zachranná služba", "city": "Radnice", "region": "Plzeňský kraj", "district": "Rokycany", "postcode": 33828.0, "street": "náměstí Kašpara Šternberka", "street_number": "242", "specialties": null, "care_form": null, "provider_ico": 45333009, "website": "http://www.zzspk.cz", "phone": "+420377672111", "latitude": 49.856792953300001, "longitude": 13.606214996779, "level": 3, "level_label": "Ambulance dispatch station (ZZS)" }, "geometry": { "type": "Point", "coordinates": [ -804318.167603269568644, -1060123.08058559964411 ] } },
{ "type": "Feature", "properties": { "name": "Zdravotnická záchranná služba Plzeňského kraje - výjezdové stanoviště Vlčice", "facility_type": "Zdravotnická zachranná služba", "city": "Blovice", "region": "Plzeňský kraj", "district": "Plzeň-jih", "postcode": 33601.0, "street": null, "street_number": "66", "specialties": null, "care_form": null, "provider_ico": 45333009, "website": "http://www.zzspk.cz", "phone": "+420377672111", "latitude": 49.569732370178997, "longitude": 13.542572855236999, "level": 3, "level_label": "Ambulance dispatch station (ZZS)" }, "geometry": { "type": "Point", "coordinates": [ -813567.539297043113038, -1091022.369633001508191 ] } },
{ "type": "Feature", "properties": { "name": "Zdravotnická záchranná služba Plzeňského kraje - výjezdové stanoviště Kralovice", "facility_type": "Zdravotnická zachranná služba", "city": "Kralovice", "region": "Plzeňský kraj", "district": "Plzeň-sever", "postcode": 33141.0, "street": "Manětínská", "street_number": "493", "specialties": null, "care_form": null, "provider_ico": 45333009, "website": "http://www.zzspk.cz", "phone": "+420377672111", "latitude": 49.980601731398998, "longitude": 13.479259171853, "level": 3, "level_label": "Ambulance dispatch station (ZZS)" }, "geometry": { "type": "Point", "coordinates": [ -811297.220297641237266, -1045155.98716728866566 ] } },
{ "type": "Feature", "properties": { "name": "Zdravotnická záchranná služba Plzeňského kraje - výjezdové stanoviště Stod", "facility_type": "Zdravotnická zachranná služba", "city": "Stod", "region": "Plzeňský kraj", "district": "Plzeň-jih", "postcode": 33301.0, "street": "28. října", "street_number": "377", "specialties": null, "care_form": null, "provider_ico": 45333009, "website": "http://www.zzspk.cz", "phone": "+420377672111", "latitude": 49.633131047938001, "longitude": 13.170142631174, "level": 3, "level_label": "Ambulance dispatch station (ZZS)" }, "geometry": { "type": "Point", "coordinates": [ -839121.336268005310558, -1080002.546320565743372 ] } },
{ "type": "Feature", "properties": { "name": "Zdravotnická záchranná služba Pardubického kraje, Územní odbor Pardubice", "facility_type": "Zdravotnická zachranná služba", "city": "Pardubice", "region": "Pardubický kraj", "district": "Pardubice", "postcode": 53003.0, "street": "Průmyslová", "street_number": "450", "specialties": "urgentní medicína", "care_form": null, "provider_ico": 69172196, "website": "http://www.zzspak.cz", "phone": "+420466034107", "latitude": 50.024870153275003, "longitude": 15.792493054864, "level": 3, "level_label": "Ambulance dispatch station (ZZS)" }, "geometry": { "type": "Point", "coordinates": [ -646305.61893303564284, -1062413.690524946432561 ] } },
{ "type": "Feature", "properties": { "name": "Zdravotnická záchranná služba Pardubického kraje, Územní odbor Pardubice", "facility_type": "Zdravotnická zachranná služba", "city": "Holice", "region": "Pardubický kraj", "district": "Pardubice", "postcode": 53401.0, "street": "Hradecká", "street_number": "1255", "specialties": "urgentní medicína", "care_form": null, "provider_ico": 69172196, "website": "http://www.zzspak.cz", "phone": "+420466034107", "latitude": 50.075196303196002, "longitude": 15.979981447670999, "level": 3, "level_label": "Ambulance dispatch station (ZZS)" }, "geometry": { "type": "Point", "coordinates": [ -632315.588392368634231, -1058425.243021999485791 ] } },
{ "type": "Feature", "properties": { "name": "Zdravotnická záchranná služba Pardubického kraje, Územní odbor Pardubice", "facility_type": "Zdravotnická zachranná služba", "city": "Přelouč", "region": "Pardubický kraj", "district": "Pardubice", "postcode": 53501.0, "street": "Studentská", "street_number": "1591", "specialties": "urgentní medicína", "care_form": null, "provider_ico": 69172196, "website": "http://www.zzspak.cz", "phone": "+420466034107", "latitude": 50.032677130238, "longitude": 15.558228490122, "level": 3, "level_label": "Ambulance dispatch station (ZZS)" }, "geometry": { "type": "Point", "coordinates": [ -662865.518733063479885, -1059541.600505448644981 ] } },
{ "type": "Feature", "properties": { "name": "Zdravotnická záchranná služba Libereckého kraje, příspěvková organizace", "facility_type": "Zdravotnická zachranná služba", "city": "Hrádek nad Nisou", "region": "Liberecký kraj", "district": "Liberec", "postcode": 46334.0, "street": "Oldřichovská", "street_number": "846", "specialties": null, "care_form": null, "provider_ico": 46744991, "website": "http://www.zzslk.cz", "phone": "+420485218511", "latitude": 50.861659388276998, "longitude": 14.848342953429, "level": 3, "level_label": "Ambulance dispatch station (ZZS)" }, "geometry": { "type": "Point", "coordinates": [ -701270.078980259830132, -961713.61587836756371 ] } },
{ "type": "Feature", "properties": { "name": "Zdravotnická záchranná služba Středočeského kraje, příspěvková organizace", "facility_type": "Zdravotnická zachranná služba", "city": "Vranov", "region": "Středočeský kraj", "district": "Benešov", "postcode": 25722.0, "street": null, "street_number": "58", "specialties": null, "care_form": null, "provider_ico": 75030926, "website": "www.zachranka.cz", "phone": "+420312256601", "latitude": 49.852927692146999, "longitude": 14.774224193946999, "level": 3, "level_label": "Ambulance dispatch station (ZZS)" }, "geometry": { "type": "Point", "coordinates": [ -721213.443091029883362, -1072255.02651375066489 ] } },
{ "type": "Feature", "properties": { "name": "Zdravotnická záchranná služba Středočeského kraje, příspěvková organizace", "facility_type": "Zdravotnická zachranná služba", "city": "Zdice", "region": "Středočeský kraj", "district": "Beroun", "postcode": 26751.0, "street": "Čs. armády", "street_number": "18", "specialties": null, "care_form": null, "provider_ico": 75030926, "website": "www.zachranka.cz", "phone": "+420312256601", "latitude": 49.908201024282, "longitude": 13.983459285067999, "level": 3, "level_label": "Ambulance dispatch station (ZZS)" }, "geometry": { "type": "Point", "coordinates": [ -776666.090410187025554, -1058386.381545779295266 ] } },
{ "type": "Feature", "properties": { "name": "Zdravotnická záchranná služba Jihočeského kraje", "facility_type": "Zdravotnická zachranná služba", "city": "Vacov", "region": "Jihočeský kraj", "district": "Prachatice", "postcode": 38486.0, "street": null, "street_number": "65", "specialties": null, "care_form": null, "provider_ico": 48199931, "website": "http://www.zzsjck.cz", "phone": null, "latitude": 49.136100368057001, "longitude": 13.727757505226, "level": 3, "level_label": "Ambulance dispatch station (ZZS)" }, "geometry": { "type": "Point", "coordinates": [ -807333.623791542486288, -1140700.562418601242825 ] } },
{ "type": "Feature", "properties": { "name": "Zdravotnická záchranná služba Jihočeského kraje", "facility_type": "Zdravotnická zachranná služba", "city": "Opařany", "region": "Jihočeský kraj", "district": "Tábor", "postcode": 39161.0, "street": null, "street_number": "229", "specialties": null, "care_form": null, "provider_ico": 48199931, "website": "http://www.zzsjck.cz", "phone": null, "latitude": 49.395067747852003, "longitude": 14.481695026804999, "level": 3, "level_label": "Ambulance dispatch station (ZZS)" }, "geometry": { "type": "Point", "coordinates": [ -748960.616151198977605, -1119894.754416652955115 ] } },
{ "type": "Feature", "properties": { "name": "Zdravotnická záchranná služba Středočeského kraje, příspěvková organizace", "facility_type": "Zdravotnická zachranná služba", "city": "Mnichovo Hradiště", "region": "Středočeský kraj", "district": "Mladá Boleslav", "postcode": 29501.0, "street": "Jiráskova", "street_number": "1533", "specialties": null, "care_form": null, "provider_ico": 75030926, "website": "www.zachranka.cz", "phone": "+420312256601", "latitude": 50.518420061396, "longitude": 14.985537798402, "level": 3, "level_label": "Ambulance dispatch station (ZZS)" }, "geometry": { "type": "Point", "coordinates": [ -696610.179734782781452, -1000831.866361601394601 ] } },
{ "type": "Feature", "properties": { "name": "Zdravotnická záchranná služba Středočeského kraje, příspěvková organizace", "facility_type": "Zdravotnická zachranná služba", "city": "Nové Strašecí", "region": "Středočeský kraj", "district": "Rakovník", "postcode": 27101.0, "street": "Čsl. armády", "street_number": "414", "specialties": null, "care_form": null, "provider_ico": 75030926, "website": "www.zachranka.cz", "phone": "+420312256601", "latitude": 50.149924453997002, "longitude": 13.903775610359, "level": 3, "level_label": "Ambulance dispatch station (ZZS)" }, "geometry": { "type": "Point", "coordinates": [ -778481.666517334175296, -1030962.706292534363456 ] } },
{ "type": "Feature", "properties": { "name": "Zdravotnická záchranná služba Jihočeského kraje", "facility_type": "Zdravotnická zachranná služba", "city": "Lhenice", "region": "Jihočeský kraj", "district": "Prachatice", "postcode": 38402.0, "street": "Krumlovská", "street_number": "293", "specialties": null, "care_form": null, "provider_ico": 48199931, "website": "http://www.zzsjck.cz", "phone": null, "latitude": 48.990745356735999, "longitude": 14.148137055065, "level": 3, "level_label": "Ambulance dispatch station (ZZS)" }, "geometry": { "type": "Point", "coordinates": [ -779232.592479434912093, -1161083.475017435848713 ] } },
{ "type": "Feature", "properties": { "name": "Zdravotnická záchranná služba Karlovarského kraje, příspěvková organizace", "facility_type": "Zdravotnická zachranná služba", "city": "Teplá", "region": "Karlovarský kraj", "district": "Cheb", "postcode": 36461.0, "street": "Pivovarská", "street_number": "333", "specialties": "urgentní medicína", "care_form": "ambulantní péče", "provider_ico": 574660, "website": "http://www.zzskvk.cz", "phone": "+420353362520", "latitude": 49.977760357318999, "longitude": 12.866727139171999, "level": 3, "level_label": "Ambulance dispatch station (ZZS)" }, "geometry": { "type": "Point", "coordinates": [ -854760.48558995872736, -1038752.804805173305795 ] } },
{ "type": "Feature", "properties": { "name": "Zdravotnická záchranná služba Jihočeského kraje", "facility_type": "Zdravotnická zachranná služba", "city": "Vyšší Brod", "region": "Jihočeský kraj", "district": "Český Krumlov", "postcode": 38273.0, "street": "5. května", "street_number": "22", "specialties": null, "care_form": null, "provider_ico": 48199931, "website": "http://www.zzsjck.cz", "phone": null, "latitude": 48.617125226010003, "longitude": 14.313277762462, "level": 3, "level_label": "Ambulance dispatch station (ZZS)" }, "geometry": { "type": "Point", "coordinates": [ -772984.269748394028284, -1203916.495303814299405 ] } },
{ "type": "Feature", "properties": { "name": "Zdravotnická záchranná služba Pardubického kraje, Územní odbor Chrudim", "facility_type": "Zdravotnická zachranná služba", "city": "Skuteč", "region": "Pardubický kraj", "district": "Chrudim", "postcode": 53973.0, "street": "Zvěřinova", "street_number": "1002", "specialties": "urgentní medicína", "care_form": null, "provider_ico": 69172196, "website": "http://www.zzspak.cz", "phone": "+420466034107", "latitude": 49.838713432025003, "longitude": 15.998858587358001, "level": 3, "level_label": "Ambulance dispatch station (ZZS)" }, "geometry": { "type": "Point", "coordinates": [ -634011.041103365831077, -1084707.449553241487592 ] } },
{ "type": "Feature", "properties": { "name": "Zdravotnická záchranná služba Ústeckého kraje, příspěvková organizace", "facility_type": "Zdravotnická zachranná služba", "city": "Klíny", "region": "Ústecký kraj", "district": "Most", "postcode": 43601.0, "street": null, "street_number": "41", "specialties": null, "care_form": null, "provider_ico": 829013, "website": "http://www.zzsuk.cz", "phone": "+420475234111", "latitude": 50.643516611682003, "longitude": 13.541563070305999, "level": 3, "level_label": "Ambulance dispatch station (ZZS)" }, "geometry": { "type": "Point", "coordinates": [ -795967.654112523188815, -972898.109761336236261 ] } },
{ "type": "Feature", "properties": { "name": "Výjezdové stanoviště ZZS Jčk", "facility_type": "Zdravotnická zachranná služba", "city": "Kunžak", "region": "Jihočeský kraj", "district": "Jindřichův Hradec", "postcode": 37862.0, "street": "Nerudova", "street_number": "509", "specialties": null, "care_form": null, "provider_ico": 48199931, "website": "http://www.zzsjck.cz", "phone": null, "latitude": 49.117319292600001, "longitude": 15.189418161238001, "level": 3, "level_label": "Ambulance dispatch station (ZZS)" }, "geometry": { "type": "Point", "coordinates": [ -701928.885702256462537, -1157256.774536228738725 ] } },
{ "type": "Feature", "properties": { "name": "Zdravotnická záchranná služba Kraje Vysočina, p.o.", "facility_type": "Zdravotnická zachranná služba", "city": "Habry", "region": "Kraj Vysočina", "district": "Havlíčkův Brod", "postcode": 58281.0, "street": "Pražská", "street_number": "456", "specialties": null, "care_form": null, "provider_ico": 47366630, "website": "https://www.zzsvysocina.cz/", "phone": null, "latitude": 49.763669306392998, "longitude": 15.481382708956, "level": 3, "level_label": "Ambulance dispatch station (ZZS)" }, "geometry": { "type": "Point", "coordinates": [ -671989.541496866615489, -1088564.824632338713855 ] } },
{ "type": "Feature", "properties": { "name": "Zdravotnická záchranná služba Jihočeského kraje", "facility_type": "Zdravotnická zachranná služba", "city": "Týn nad Vltavou", "region": "Jihočeský kraj", "district": "České Budějovice", "postcode": 37501.0, "street": "Sakařova", "street_number": "755", "specialties": null, "care_form": null, "provider_ico": 48199931, "website": "http://www.zzsjck.cz", "phone": null, "latitude": 49.226238909751999, "longitude": 14.417010332288999, "level": 3, "level_label": "Ambulance dispatch station (ZZS)" }, "geometry": { "type": "Point", "coordinates": [ -756172.523274091305211, -1137856.536162259522825 ] } },
{ "type": "Feature", "properties": { "name": "Zdravotnická záchranná služba Moravskoslezského kraje, příspěvková organizace", "facility_type": "Zdravotnická zachranná služba", "city": "Ostrava", "region": "Moravskoslezský kraj", "district": "Ostrava-město", "postcode": 70030.0, "street": "Výškovická", "street_number": "2995/40", "specialties": null, "care_form": null, "provider_ico": 48804525, "website": "http://www.zzsmsk.cz", "phone": "+420950730401", "latitude": 49.802290064307002, "longitude": 18.230648759529998, "level": 3, "level_label": "Ambulance dispatch station (ZZS)" }, "geometry": { "type": "Point", "coordinates": [ -474643.898363507934846, -1104928.081638055853546 ] } },
{ "type": "Feature", "properties": { "name": "Zdravotnická záchranná služba Středočeského kraje, příspěvková organizace", "facility_type": "Zdravotnická zachranná služba", "city": "Kladno", "region": "Středočeský kraj", "district": "Kladno", "postcode": 27201.0, "street": "Vančurova", "street_number": "1544", "specialties": null, "care_form": null, "provider_ico": 75030926, "website": "www.zachranka.cz", "phone": "+420312256601", "latitude": 50.140347628824998, "longitude": 14.088241225633, "level": 3, "level_label": "Ambulance dispatch station (ZZS)" }, "geometry": { "type": "Point", "coordinates": [ -765582.104164446820505, -1033888.647083069430664 ] } },
{ "type": "Feature", "properties": { "name": "Zdravotnická záchranná služba Plzeňského kraje, příspěvková organizace", "facility_type": "Zdravotnická zachranná služba", "city": "Přeštice", "region": "Plzeňský kraj", "district": "Plzeň-jih", "postcode": 33401.0, "street": "Sedláčkova", "street_number": "553", "specialties": null, "care_form": null, "provider_ico": 45333009, "website": "http://www.zzspk.cz", "phone": "+420377672111", "latitude": 49.573297746168997, "longitude": 13.325159738995, "level": 3, "level_label": "Ambulance dispatch station (ZZS)" }, "geometry": { "type": "Point", "coordinates": [ -829056.887225910671987, -1088281.300139209255576 ] } },
{ "type": "Feature", "properties": { "name": "Zdravotnická záchranná služba Plzeňského kraje, příspěvková organizace", "facility_type": "Zdravotnická zachranná služba", "city": "Modrava", "region": "Plzeňský kraj", "district": "Klatovy", "postcode": 34192.0, "street": null, "street_number": "35", "specialties": null, "care_form": null, "provider_ico": 45333009, "website": "http://www.zzspk.cz", "phone": "+420377672111", "latitude": 49.024016281361, "longitude": 13.499311004377001, "level": 3, "level_label": "Ambulance dispatch station (ZZS)" }, "geometry": { "type": "Point", "coordinates": [ -825674.050155869452283, -1150578.224248041631654 ] } },
{ "type": "Feature", "properties": { "name": "Zdravotnická záchranná služba Ústeckého kraje, příspěvková organizace", "facility_type": "Zdravotnická zachranná služba", "city": "Úštěk", "region": "Ústecký kraj", "district": "Litoměřice", "postcode": 41145.0, "street": "Polské lidové armády", "street_number": "272", "specialties": null, "care_form": null, "provider_ico": 829013, "website": "http://www.zzsuk.cz", "phone": "+420475234111", "latitude": 50.586399271875003, "longitude": 14.348023360208, "level": 3, "level_label": "Ambulance dispatch station (ZZS)" }, "geometry": { "type": "Point", "coordinates": [ -740382.050572208245285, -987326.336795822018757 ] } },
{ "type": "Feature", "properties": { "name": "Zdravotnická záchranná služba Jihomoravského kraje, příspěvková organizace", "facility_type": "Zdravotnická zachranná služba", "city": "Brno", "region": "Jihomoravský kraj", "district": "Brno-město", "postcode": 61200.0, "street": "Dělostřelecká", "street_number": "610/19", "specialties": null, "care_form": null, "provider_ico": 346292, "website": "http://zzsjmk.cz", "phone": "+420545113201", "latitude": 49.214012674472002, "longitude": 16.604881819117999, "level": 3, "level_label": "Ambulance dispatch station (ZZS)" }, "geometry": { "type": "Point", "coordinates": [ -598161.571165059111081, -1158638.70010663359426 ] } },
{ "type": "Feature", "properties": { "name": "Výjezdové stanoviště ZZS", "facility_type": "Zdravotnická zachranná služba", "city": "Morkovice-Slížany", "region": "Zlínský kraj", "district": "Kroměříž", "postcode": 76833.0, "street": "Nádražní", "street_number": "871", "specialties": null, "care_form": null, "provider_ico": 62182137, "website": "http://www.zzszk.cz", "phone": "+420577056935", "latitude": 49.253029452398003, "longitude": 17.211265337591001, "level": 3, "level_label": "Ambulance dispatch station (ZZS)" }, "geometry": { "type": "Point", "coordinates": [ -553792.250891281291842, -1158895.299157104454935 ] } },
{ "type": "Feature", "properties": { "name": "Zdravotnická záchranná služba Jihočeského kraje", "facility_type": "Zdravotnická zachranná služba", "city": "Horní Planá", "region": "Jihočeský kraj", "district": "Český Krumlov", "postcode": 38226.0, "street": "Komenského", "street_number": "6", "specialties": null, "care_form": null, "provider_ico": 48199931, "website": "http://www.zzsjck.cz", "phone": null, "latitude": 48.767780561309003, "longitude": 14.035063567844, "level": 3, "level_label": "Ambulance dispatch station (ZZS)" }, "geometry": { "type": "Point", "coordinates": [ -790931.197711830609478, -1184467.5797684059944 ] } },
{ "type": "Feature", "properties": { "name": "Zdravotnická záchranná služba Moravskoslezského kraje, příspěvková organizace", "facility_type": "Zdravotnická zachranná služba", "city": "Bílovec", "region": "Moravskoslezský kraj", "district": "Nový Jičín", "postcode": 74301.0, "street": "B. Němcové", "street_number": "1182/8", "specialties": null, "care_form": null, "provider_ico": 48804525, "website": "http://www.zzsmsk.cz", "phone": "+420950730401", "latitude": 49.757002549181998, "longitude": 18.025182595732002, "level": 3, "level_label": "Ambulance dispatch station (ZZS)" }, "geometry": { "type": "Point", "coordinates": [ -489826.273854654631577, -1108650.956357528921217 ] } },
{ "type": "Feature", "properties": { "name": "Zdravotnická záchranná služba Moravskoslezského kraje, příspěvková organizace", "facility_type": "Zdravotnická zachranná služba", "city": "Ostrava", "region": "Moravskoslezský kraj", "district": "Ostrava-město", "postcode": 72400.0, "street": "Kaminského", "street_number": "636/12", "specialties": null, "care_form": null, "provider_ico": 48804525, "website": "http://www.zzsmsk.cz", "phone": "+420950730401", "latitude": 49.770710657819002, "longitude": 18.254978921671, "level": 3, "level_label": "Ambulance dispatch station (ZZS)" }, "geometry": { "type": "Point", "coordinates": [ -473200.343962561164517, -1108578.214552276069298 ] } },
{ "type": "Feature", "properties": { "name": "Zdravotnická záchranná služba Moravskoslezského kraje, příspěvková organizace", "facility_type": "Zdravotnická zachranná služba", "city": "Mošnov", "region": "Moravskoslezský kraj", "district": "Nový Jičín", "postcode": 74251.0, "street": "Gen. Fajtla", "street_number": "418", "specialties": null, "care_form": null, "provider_ico": 48804525, "website": "http://www.zzsmsk.cz", "phone": "+420950730401", "latitude": 49.692357403099003, "longitude": 18.114177972269001, "level": 3, "level_label": "Ambulance dispatch station (ZZS)" }, "geometry": { "type": "Point", "coordinates": [ -484069.112026349524967, -1116379.337466152850538 ] } },
{ "type": "Feature", "properties": { "name": "Zdravotnická záchranná služba Zlínského kraje, příspěvková organizace", "facility_type": "Zdravotnická zachranná služba", "city": "Buchlovice", "region": "Zlínský kraj", "district": "Uherské Hradiště", "postcode": 68708.0, "street": "náměstí Svobody", "street_number": "881", "specialties": null, "care_form": null, "provider_ico": 62182137, "website": "http://www.zzszk.cz", "phone": "+420577056935", "latitude": 49.086845476435997, "longitude": 17.336465868169999, "level": 3, "level_label": "Ambulance dispatch station (ZZS)" }, "geometry": { "type": "Point", "coordinates": [ -546532.704346774029545, -1178186.433561745798215 ] } },
{ "type": "Feature", "properties": { "name": "Zdravotnická záchranná služba Plzeňského kraje", "facility_type": "Zdravotnická zachranná služba", "city": "Plzeň", "region": "Plzeňský kraj", "district": "Plzeň-město", "postcode": 30100.0, "street": "Klatovská třída", "street_number": "2960/200i", "specialties": null, "care_form": null, "provider_ico": 45333009, "website": "http://www.zzspk.cz", "phone": "+420377672111", "latitude": 49.725021201750998, "longitude": 13.363299936732, "level": 3, "level_label": "Ambulance dispatch station (ZZS)" }, "geometry": { "type": "Point", "coordinates": [ -823793.303355026058853, -1072014.19332769070752 ] } },
{ "type": "Feature", "properties": { "name": "Zdravotnická záchranná služba Libereckého kraje, p.o., pracoviště krizové připravenosti", "facility_type": "Zdravotnická zachranná služba", "city": "Liberec", "region": "Liberecký kraj", "district": "Liberec", "postcode": 46001.0, "street": "Husova", "street_number": "976/37", "specialties": null, "care_form": null, "provider_ico": 46744991, "website": "http://www.zzslk.cz", "phone": "+420485218511", "latitude": 50.771253232637001, "longitude": 15.067121395033, "level": 3, "level_label": "Ambulance dispatch station (ZZS)" }, "geometry": { "type": "Point", "coordinates": [ -687279.325454797944985, -973678.605052877566777 ] } },
{ "type": "Feature", "properties": { "name": "Zdravotnická záchranná služba Libereckého kraje, příspěvková organizace", "facility_type": "Zdravotnická zachranná služba", "city": "Frýdlant", "region": "Liberecký kraj", "district": "Liberec", "postcode": 46401.0, "street": "Fügnerova", "street_number": "1124", "specialties": null, "care_form": null, "provider_ico": 46744991, "website": "http://www.zzslk.cz", "phone": "+420485218511", "latitude": 50.925020729943, "longitude": 15.088519969628001, "level": 3, "level_label": "Ambulance dispatch station (ZZS)" }, "geometry": { "type": "Point", "coordinates": [ -683602.208191750454716, -956903.535607815138064 ] } },
{ "type": "Feature", "properties": { "name": "Zdravotnická záchranná služba Libereckého kraje, příspěvková organizace", "facility_type": "Zdravotnická zachranná služba", "city": "Český Dub", "region": "Liberecký kraj", "district": "Liberec", "postcode": 46343.0, "street": "Husova", "street_number": "13", "specialties": null, "care_form": null, "provider_ico": 46744991, "website": "http://www.zzslk.cz", "phone": "+420485218511", "latitude": 50.659418585182003, "longitude": 14.995669942306, "level": 3, "level_label": "Ambulance dispatch station (ZZS)" }, "geometry": { "type": "Point", "coordinates": [ -693879.143524787272327, -985370.135852673905902 ] } },
{ "type": "Feature", "properties": { "name": "Zdravotnická záchranná služba Libereckého kraje, příspěvková organizace, letecká výjezdová základna", "facility_type": "Zdravotnická zachranná služba", "city": "Liberec", "region": "Liberecký kraj", "district": "Liberec", "postcode": 46001.0, "street": "Partyzánská", "street_number": "575/40", "specialties": null, "care_form": null, "provider_ico": 46744991, "website": "http://www.zzslk.cz", "phone": "+420485218511", "latitude": 50.769377111983999, "longitude": 15.025222346868, "level": 3, "level_label": "Ambulance dispatch station (ZZS)" }, "geometry": { "type": "Point", "coordinates": [ -690237.570148690254427, -973507.263744890224189 ] } },
{ "type": "Feature", "properties": { "name": "Zdravotnická záchranná služba Kraje Vysočina, p.o.", "facility_type": "Zdravotnická zachranná služba", "city": "Jihlava", "region": "Kraj Vysočina", "district": "Jihlava", "postcode": 58601.0, "street": "Vrchlického", "street_number": "4843/61", "specialties": null, "care_form": null, "provider_ico": 47366630, "website": "https://www.zzsvysocina.cz/", "phone": null, "latitude": 49.399088305488, "longitude": 15.568892038622, "level": 3, "level_label": "Ambulance dispatch station (ZZS)" }, "geometry": { "type": "Point", "coordinates": [ -670645.178677741903812, -1129578.791591726709157 ] } },
{ "type": "Feature", "properties": { "name": "Zdravotnická záchranná služba Královéhradeckého kraje, /letecká výjezdová skupina/", "facility_type": "Zdravotnická zachranná služba", "city": "Hradec Králové", "region": "Královéhradecký kraj", "district": "Hradec Králové", "postcode": 50012.0, "street": "Hradecká", "street_number": "1690/2a", "specialties": "urgentní medicína", "care_form": null, "provider_ico": 48145122, "website": "http://www.zzskhk.cz", "phone": "+420495755221", "latitude": 50.198454535624997, "longitude": 15.833642707131, "level": 3, "level_label": "Ambulance dispatch station (ZZS)" }, "geometry": { "type": "Point", "coordinates": [ -641105.969932724372484, -1043588.396017706952989 ] } },
{ "type": "Feature", "properties": { "name": "Zdravotnická záchranná služba Jihočeského kraje", "facility_type": "Zdravotnická zachranná služba", "city": "České Budějovice", "region": "Jihočeský kraj", "district": "České Budějovice", "postcode": 37001.0, "street": "B. Němcové", "street_number": "1931/6", "specialties": null, "care_form": null, "provider_ico": 48199931, "website": "http://www.zzsjck.cz", "phone": null, "latitude": 48.966585502853, "longitude": 14.470036789161, "level": 3, "level_label": "Ambulance dispatch station (ZZS)" }, "geometry": { "type": "Point", "coordinates": [ -756263.002772842417471, -1166990.854693756904453 ] } },
{ "type": "Feature", "properties": { "name": "Zdravotnická záchranná služba Jihočeského kraje", "facility_type": "Zdravotnická zachranná služba", "city": "Trhové Sviny", "region": "Jihočeský kraj", "district": "České Budějovice", "postcode": 37401.0, "street": "Nábřeží Svat. Čecha", "street_number": "664", "specialties": null, "care_form": null, "provider_ico": 48199931, "website": "http://www.zzsjck.cz", "phone": null, "latitude": 48.838560789341997, "longitude": 14.636021053958, "level": 3, "level_label": "Ambulance dispatch station (ZZS)" }, "geometry": { "type": "Point", "coordinates": [ -746119.811436614021659, -1182736.134222008055076 ] } },
{ "type": "Feature", "properties": { "name": "Zdravotnická záchranná služba Libereckého kraje, příspěvková organizace", "facility_type": "Zdravotnická zachranná služba", "city": "Velké Hamry", "region": "Liberecký kraj", "district": "Jablonec nad Nisou", "postcode": 46845.0, "street": null, "street_number": "534", "specialties": null, "care_form": null, "provider_ico": 46744991, "website": "http://www.zzslk.cz", "phone": "+420485218511", "latitude": 50.720664610790003, "longitude": 15.315910048138999, "level": 3, "level_label": "Ambulance dispatch station (ZZS)" }, "geometry": { "type": "Point", "coordinates": [ -670568.546271721483208, -981475.592216940945946 ] } },
{ "type": "Feature", "properties": { "name": "Zdravotnická záchranná služba Plzeňského kraje, příspěvková organizace", "facility_type": "Zdravotnická zachranná služba", "city": "Plzeň", "region": "Plzeňský kraj", "district": "Plzeň-město", "postcode": 30100.0, "street": "Wenzigova", "street_number": "169/7", "specialties": null, "care_form": null, "provider_ico": 45333009, "website": "http://www.zzspk.cz", "phone": "+420377672111", "latitude": 49.745999261394999, "longitude": 13.389651956551001, "level": 3, "level_label": "Ambulance dispatch station (ZZS)" }, "geometry": { "type": "Point", "coordinates": [ -821564.964577511302195, -1069992.748498676344752 ] } },
{ "type": "Feature", "properties": { "name": "Zdravotnická záchranná služba Středočeského kraje, příspěvková organizace", "facility_type": "Zdravotnická zachranná služba", "city": "Slapy", "region": "Středočeský kraj", "district": "Praha-západ", "postcode": 25208.0, "street": null, "street_number": "270", "specialties": null, "care_form": null, "provider_ico": 75030926, "website": "www.zachranka.cz", "phone": "+420312256601", "latitude": 49.800446658231998, "longitude": 14.426907201143001, "level": 3, "level_label": "Ambulance dispatch station (ZZS)" }, "geometry": { "type": "Point", "coordinates": [ -746758.219908077735454, -1074691.774736602557823 ] } },
{ "type": "Feature", "properties": { "name": "Zdravotnická záchranná služba Středočeského kraje, příspěvková organizace", "facility_type": "Zdravotnická zachranná služba", "city": "Roztoky", "region": "Středočeský kraj", "district": "Rakovník", "postcode": 27023.0, "street": null, "street_number": "275", "specialties": null, "care_form": null, "provider_ico": 75030926, "website": "www.zachranka.cz", "phone": "+420312256601", "latitude": 50.021424366723998, "longitude": 13.867332904813001, "level": 3, "level_label": "Ambulance dispatch station (ZZS)" }, "geometry": { "type": "Point", "coordinates": [ -783112.31053155369591, -1044732.718561471789144 ] } },
{ "type": "Feature", "properties": { "name": "Výjezdové stanoviště ZZS Jčk, letecká výjezdová skupina RLP", "facility_type": "Zdravotnická zachranná služba", "city": "Planá", "region": "Jihočeský kraj", "district": "České Budějovice", "postcode": 37001.0, "street": null, "street_number": "96", "specialties": null, "care_form": null, "provider_ico": 48199931, "website": "http://www.zzsjck.cz", "phone": null, "latitude": 48.943874266944, "longitude": 14.444868433664, "level": 3, "level_label": "Ambulance dispatch station (ZZS)" }, "geometry": { "type": "Point", "coordinates": [ -758432.195649998728186, -1169242.861496912548319 ] } },
{ "type": "Feature", "properties": { "name": "Zdravotnická záchranná služba Jihomoravského kraje, příspěvková organizace", "facility_type": "Zdravotnická zachranná služba", "city": "Brno", "region": "Jihomoravský kraj", "district": "Brno-město", "postcode": 62700.0, "street": "Těžební", "street_number": "1284/1a", "specialties": null, "care_form": null, "provider_ico": 346292, "website": "http://zzsjmk.cz", "phone": "+420545113201", "latitude": 49.184179128067001, "longitude": 16.65759053771, "level": 3, "level_label": "Ambulance dispatch station (ZZS)" }, "geometry": { "type": "Point", "coordinates": [ -594698.265565208159387, -1162348.864376943325624 ] } },
{ "type": "Feature", "properties": { "name": "Zdravotnická záchranná služba Jihomoravského kraje, příspěvková organizace", "facility_type": "Zdravotnická zachranná služba", "city": "Brno", "region": "Jihomoravský kraj", "district": "Brno-město", "postcode": 62700.0, "street": "Letiště Brno-Tuřany", "street_number": "904/1", "specialties": null, "care_form": null, "provider_ico": 346292, "website": "http://zzsjmk.cz", "phone": "+420545113201", "latitude": 49.155581315543998, "longitude": 16.690757382883, "level": 3, "level_label": "Ambulance dispatch station (ZZS)" }, "geometry": { "type": "Point", "coordinates": [ -592632.735878144274466, -1165768.729996536625549 ] } },
{ "type": "Feature", "properties": { "name": "Zdravotnická záchranná služba Zlínského kraje, příspěvková organizace", "facility_type": "Zdravotnická zachranná služba", "city": "Suchá Loz", "region": "Zlínský kraj", "district": "Uherské Hradiště", "postcode": 68753.0, "street": null, "street_number": "396", "specialties": null, "care_form": null, "provider_ico": 62182137, "website": "http://www.zzszk.cz", "phone": "+420577056935", "latitude": 48.971947519068998, "longitude": 17.715443313832001, "level": 3, "level_label": "Ambulance dispatch station (ZZS)" }, "geometry": { "type": "Point", "coordinates": [ -520167.256338570849039, -1193549.39426061231643 ] } },
{ "type": "Feature", "properties": { "name": "Zdravotnická záchranná služba Královéhradeckého kraje", "facility_type": "Zdravotnická zachranná služba", "city": "Hradec Králové", "region": "Královéhradecký kraj", "district": "Hradec Králové", "postcode": 50004.0, "street": "Pražská třída", "street_number": "230/153z", "specialties": "urgentní medicína", "care_form": null, "provider_ico": 48145122, "website": "http://www.zzskhk.cz", "phone": "+420495755221", "latitude": 50.201333748926999, "longitude": 15.777928592913, "level": 3, "level_label": "Ambulance dispatch station (ZZS)" }, "geometry": { "type": "Point", "coordinates": [ -645018.130442562047392, -1042800.925511938519776 ] } },
{ "type": "Feature", "properties": { "name": "Zdravotnická záchranná služba Plzeňského kraje, příspěvková organizace", "facility_type": "Zdravotnická zachranná služba", "city": "Plzeň", "region": "Plzeňský kraj", "district": "Plzeň-město", "postcode": 31200.0, "street": "Hřbitovní", "street_number": "1545/3a", "specialties": null, "care_form": null, "provider_ico": 45333009, "website": "http://www.zzspk.cz", "phone": "+420377672111", "latitude": 49.757274942401999, "longitude": 13.424919484486001, "level": 3, "level_label": "Ambulance dispatch station (ZZS)" }, "geometry": { "type": "Point", "coordinates": [ -818864.466889838688076, -1069133.397229126654565 ] } },
{ "type": "Feature", "properties": { "name": "Zdravotnická záchranná služba Ústeckého kraje, příspěvková organizace", "facility_type": "Zdravotnická zachranná služba", "city": "Ústí nad Labem", "region": "Ústecký kraj", "district": "Ústí nad Labem", "postcode": 40011.0, "street": "Sociální péče", "street_number": "799/7a", "specialties": null, "care_form": null, "provider_ico": 829013, "website": "http://www.zzsuk.cz", "phone": "+420475234111", "latitude": 50.678292006710997, "longitude": 14.023491896241, "level": 3, "level_label": "Ambulance dispatch station (ZZS)" }, "geometry": { "type": "Point", "coordinates": [ -761692.548192418296821, -974003.426034763338976 ] } },
{ "type": "Feature", "properties": { "name": "Zdravotnická záchranná služba Olomouckého kraje, příspěvková organizace", "facility_type": "Zdravotnická zachranná služba", "city": "Olomouc", "region": "Olomoucký kraj", "district": "Olomouc", "postcode": 77900.0, "street": "Aksamitova", "street_number": "557/8", "specialties": null, "care_form": null, "provider_ico": 849103, "website": "http://zzsol.cz", "phone": null, "latitude": 49.588851224106001, "longitude": 17.253267417901998, "level": 3, "level_label": "Ambulance dispatch station (ZZS)" }, "geometry": { "type": "Point", "coordinates": [ -547052.106669730274007, -1122036.224237323272973 ] } },
{ "type": "Feature", "properties": { "name": "Zdravotnická záchranná služba Karlovarského kraje, příspěvková organizace", "facility_type": "Zdravotnická zachranná služba", "city": "Ostrov", "region": "Karlovarský kraj", "district": "Karlovy Vary", "postcode": 36301.0, "street": "Jáchymovská", "street_number": "1491", "specialties": null, "care_form": "ambulantní péče", "provider_ico": 574660, "website": "http://www.zzskvk.cz", "phone": "+420353362520", "latitude": 50.314285904433, "longitude": 12.944759218023, "level": 3, "level_label": "Ambulance dispatch station (ZZS)" }, "geometry": { "type": "Point", "coordinates": [ -843397.491885247523896, -1002656.654046145267785 ] } },
{ "type": "Feature", "properties": { "name": "Zdravotnická záchranná služba Plzeňského kraje, příspěvková organizace", "facility_type": "Zdravotnická zachranná služba", "city": "Bor", "region": "Plzeňský kraj", "district": "Tachov", "postcode": 34802.0, "street": "Požární", "street_number": "718", "specialties": null, "care_form": null, "provider_ico": 45333009, "website": "http://www.zzspk.cz", "phone": "+420377672111", "latitude": 49.714168837278997, "longitude": 12.775415159608, "level": 3, "level_label": "Ambulance dispatch station (ZZS)" }, "geometry": { "type": "Point", "coordinates": [ -865863.755776714882813, -1066669.115133013343439 ] } },
{ "type": "Feature", "properties": { "name": "Zdravotnická záchranná služba Libereckého kraje, příspěvková organizace", "facility_type": "Zdravotnická zachranná služba", "city": "Rokytnice nad Jizerou", "region": "Liberecký kraj", "district": "Semily", "postcode": 51244.0, "street": null, "street_number": "528", "specialties": null, "care_form": null, "provider_ico": 46744991, "website": "http://www.zzslk.cz", "phone": "+420485218511", "latitude": 50.721405776902003, "longitude": 15.419722325521001, "level": 3, "level_label": "Ambulance dispatch station (ZZS)" }, "geometry": { "type": "Point", "coordinates": [ -663283.26666011440102, -982301.018326504970901 ] } },
{ "type": "Feature", "properties": { "name": "Zdravotnická záchranná služba Olomouckého kraje, příspěvková organizace", "facility_type": "Zdravotnická zachranná služba", "city": "Jeseník", "region": "Olomoucký kraj", "district": "Jeseník", "postcode": 79001.0, "street": "Lipovská", "street_number": "371/103", "specialties": null, "care_form": null, "provider_ico": 849103, "website": "http://zzsol.cz", "phone": null, "latitude": 50.227098819627997, "longitude": 17.184633407062002, "level": 3, "level_label": "Ambulance dispatch station (ZZS)" }, "geometry": { "type": "Point", "coordinates": [ -544898.929210777278058, -1050908.001652066828683 ] } },
{ "type": "Feature", "properties": { "name": "Zdravotnická záchranná služba Středočeského kraje, příspěvková organizace", "facility_type": "Zdravotnická zachranná služba", "city": "Brandýs nad Labem-Stará Boleslav", "region": "Středočeský kraj", "district": "Praha-východ", "postcode": 25001.0, "street": "Františka Melichara", "street_number": "370", "specialties": null, "care_form": null, "provider_ico": 75030926, "website": "www.zachranka.cz", "phone": "+420312256601", "latitude": 50.180624758274, "longitude": 14.658405450442, "level": 3, "level_label": "Ambulance dispatch station (ZZS)" }, "geometry": { "type": "Point", "coordinates": [ -724614.084500021534041, -1035030.64660963229835 ] } },
{ "type": "Feature", "properties": { "name": "Zdravotnická záchranná služba Středočeského kraje, příspěvková organizace", "facility_type": "Zdravotnická zachranná služba", "city": "Hořovice", "region": "Středočeský kraj", "district": "Beroun", "postcode": 26801.0, "street": "Masarykova", "street_number": "1345/3a", "specialties": null, "care_form": null, "provider_ico": 75030926, "website": "www.zachranka.cz", "phone": "+420312256601", "latitude": 49.836260906296999, "longitude": 13.894053805304001, "level": 3, "level_label": "Ambulance dispatch station (ZZS)" }, "geometry": { "type": "Point", "coordinates": [ -784168.513672309112735, -1065388.288621988845989 ] } },
{ "type": "Feature", "properties": { "name": "Zdravotnická záchranná služba Jihočeského kraje", "facility_type": "Zdravotnická zachranná služba", "city": "České Budějovice", "region": "Jihočeský kraj", "district": "České Budějovice", "postcode": 37011.0, "street": "Bezdrevská", "street_number": "1118/1", "specialties": null, "care_form": null, "provider_ico": 48199931, "website": "http://www.zzsjck.cz", "phone": null, "latitude": 48.991631394542999, "longitude": 14.450549723045, "level": 3, "level_label": "Ambulance dispatch station (ZZS)" }, "geometry": { "type": "Point", "coordinates": [ -757298.156015292857774, -1164037.62753925123252 ] } },
{ "type": "Feature", "properties": { "name": "ZZS Pardubického kraje, Územní odbor Pardubice", "facility_type": "Zdravotnická zachranná služba", "city": "Pardubice", "region": "Pardubický kraj", "district": "Pardubice", "postcode": 53006.0, "street": "Na Štěpnici", "street_number": "408", "specialties": "urgentní medicína", "care_form": null, "provider_ico": 69172196, "website": "http://www.zzspak.cz", "phone": "+420466034107", "latitude": 50.017012204126999, "longitude": 15.686165209129999, "level": 3, "level_label": "Ambulance dispatch station (ZZS)" }, "geometry": { "type": "Point", "coordinates": [ -653974.952335729380138, -1062375.438997405581176 ] } },
{ "type": "Feature", "properties": { "name": "ZZS Pardubického kraje, Územní odbor Chrudim", "facility_type": "Zdravotnická zachranná služba", "city": "Seč", "region": "Pardubický kraj", "district": "Chrudim", "postcode": 53807.0, "street": null, "street_number": "400", "specialties": "urgentní medicína", "care_form": null, "provider_ico": 69172196, "website": "http://www.zzspak.cz", "phone": "+420466034107", "latitude": 49.844367802478999, "longitude": 15.648520567684001, "level": 3, "level_label": "Ambulance dispatch station (ZZS)" }, "geometry": { "type": "Point", "coordinates": [ -658959.668847155291587, -1081114.453839519293979 ] } },
{ "type": "Feature", "properties": { "name": "Zdravotnická záchranná služba Středočeského kraje, příspěvková organizace", "facility_type": "Zdravotnická zachranná služba", "city": "Kostelec nad Černými lesy", "region": "Středočeský kraj", "district": "Praha-východ", "postcode": 28163.0, "street": "Jevanská", "street_number": "1293", "specialties": null, "care_form": null, "provider_ico": 75030926, "website": "www.zachranka.cz", "phone": "+420312256601", "latitude": 49.988895101847, "longitude": 14.849760246941001, "level": 3, "level_label": "Ambulance dispatch station (ZZS)" }, "geometry": { "type": "Point", "coordinates": [ -713852.923548582009971, -1057975.174392875749618 ] } },
{ "type": "Feature", "properties": { "name": "Zdravotnická záchranná služba Královéhradeckého kraje", "facility_type": "Zdravotnická zachranná služba", "city": "Horní Maršov", "region": "Královéhradecký kraj", "district": "Trutnov", "postcode": 54226.0, "street": null, "street_number": "25", "specialties": "urgentní medicína", "care_form": null, "provider_ico": 48145122, "website": "http://www.zzskhk.cz", "phone": "+420495755221", "latitude": 50.674945731119998, "longitude": 15.793353572953, "level": 3, "level_label": "Ambulance dispatch station (ZZS)" }, "geometry": { "type": "Point", "coordinates": [ -637699.458879103302024, -990615.669592414284125 ] } },
{ "type": "Feature", "properties": { "name": "Zdravotnická záchranná služba Jihomoravského kraje, příspěvková organizace", "facility_type": "Zdravotnická zachranná služba", "city": "Brno", "region": "Jihomoravský kraj", "district": "Brno-město", "postcode": 62500.0, "street": "Kamenice", "street_number": "798/1d", "specialties": null, "care_form": null, "provider_ico": 346292, "website": "http://zzsjmk.cz", "phone": "+420545113201", "latitude": 49.176987063174003, "longitude": 16.575658374789001, "level": 3, "level_label": "Ambulance dispatch station (ZZS)" }, "geometry": { "type": "Point", "coordinates": [ -600722.45902438426856, -1162502.672409192891791 ] } },
{ "type": "Feature", "properties": { "name": "Zdravotnická záchranná služba hlavního města Prahy", "facility_type": "Zdravotnická zachranná služba", "city": "Praha 10", "region": "Hlavní město Praha", "district": "Hlavní město Praha", "postcode": 10100.0, "street": "Korunní", "street_number": "2456/98", "specialties": "urgentní medicína", "care_form": null, "provider_ico": 638927, "website": "http://www.zzshmp.cz", "phone": null, "latitude": 50.075290319324999, "longitude": 14.455089959672, "level": 3, "level_label": "Ambulance dispatch station (ZZS)" }, "geometry": { "type": "Point", "coordinates": [ -740594.878457013750449, -1044683.960272115073167 ] } },
{ "type": "Feature", "properties": { "name": "Zdravotnická záchranná služba Středočeského kraje, příspěvková organizace", "facility_type": "Zdravotnická zachranná služba", "city": "Benátky nad Jizerou", "region": "Středočeský kraj", "district": "Mladá Boleslav", "postcode": 29471.0, "street": "Pražská", "street_number": "123/78", "specialties": null, "care_form": null, "provider_ico": 75030926, "website": "www.zachranka.cz", "phone": "+420312256601", "latitude": 50.286678239220002, "longitude": 14.831333542858999, "level": 3, "level_label": "Ambulance dispatch station (ZZS)" }, "geometry": { "type": "Point", "coordinates": [ -710827.505564868100919, -1024967.048533154302277 ] } },
{ "type": "Feature", "properties": { "name": "Zdravotnická záchranná služba Jihomoravského kraje, příspěvková organizace", "facility_type": "Zdravotnická zachranná služba", "city": "Miroslav", "region": "Jihomoravský kraj", "district": "Znojmo", "postcode": 67172.0, "street": "Kostelní", "street_number": "182/1", "specialties": null, "care_form": null, "provider_ico": 346292, "website": "http://zzsjmk.cz", "phone": "+420545113201", "latitude": 48.948340853261001, "longitude": 16.312178604806999, "level": 3, "level_label": "Ambulance dispatch station (ZZS)" }, "geometry": { "type": "Point", "coordinates": [ -622647.561329126008786, -1185664.040848455624655 ] } },
{ "type": "Feature", "properties": { "name": "Zdravotnická záchranná služba Olomouckého kraje, příspěvková organizace", "facility_type": "Zdravotnická zachranná služba", "city": "Kojetín", "region": "Olomoucký kraj", "district": "Přerov", "postcode": 75201.0, "street": "6. května", "street_number": "1373", "specialties": null, "care_form": null, "provider_ico": 849103, "website": "http://zzsol.cz", "phone": null, "latitude": 49.348418222165002, "longitude": 17.301886131907001, "level": 3, "level_label": "Ambulance dispatch station (ZZS)" }, "geometry": { "type": "Point", "coordinates": [ -546184.480018376256339, -1148991.937878601485863 ] } },
{ "type": "Feature", "properties": { "name": "Zdravotnická záchranná služba Zlínského kraje, příspěvková organizace", "facility_type": "Zdravotnická zachranná služba", "city": "Otrokovice", "region": "Zlínský kraj", "district": "Zlín", "postcode": 76502.0, "street": "U Letiště", "street_number": "1583", "specialties": null, "care_form": null, "provider_ico": 62182137, "website": "http://www.zzszk.cz", "phone": "+420577056935", "latitude": 49.198597115597003, "longitude": 17.532595519899999, "level": 3, "level_label": "Ambulance dispatch station (ZZS)" }, "geometry": { "type": "Point", "coordinates": [ -531090.063871219870634, -1167200.437749502249062 ] } },
{ "type": "Feature", "properties": { "name": "Zdravotnická záchranná služba Středočeského kraje, příspěvková organizace", "facility_type": "Zdravotnická zachranná služba", "city": "Jesenice", "region": "Středočeský kraj", "district": "Rakovník", "postcode": 27033.0, "street": "Plzeňská", "street_number": "420", "specialties": null, "care_form": null, "provider_ico": 75030926, "website": "www.zachranka.cz", "phone": "+420312256601", "latitude": 50.094788910382, "longitude": 13.468543756999001, "level": 3, "level_label": "Ambulance dispatch station (ZZS)" }, "geometry": { "type": "Point", "coordinates": [ -810165.560389956226572, -1032483.386185757699423 ] } },
{ "type": "Feature", "properties": { "name": "ZZS Lib. kraje, p.o., pracoviště krizové připravenosti a vzdělávací a výcvikové středisko", "facility_type": "Zdravotnická zachranná služba", "city": "Liberec", "region": "Liberecký kraj", "district": "Liberec", "postcode": 46001.0, "street": "Chrastavská", "street_number": "231/32a", "specialties": null, "care_form": null, "provider_ico": 46744991, "website": "http://www.zzslk.cz", "phone": "+420485218511", "latitude": 50.772454551919999, "longitude": 15.048460774041001, "level": 3, "level_label": "Ambulance dispatch station (ZZS)" }, "geometry": { "type": "Point", "coordinates": [ -688567.843232575221919, -973377.762380313128233 ] } },
{ "type": "Feature", "properties": { "name": "Zdravotnická záchranná služba Středočeského kraje, příspěvková organizace", "facility_type": "Zdravotnická zachranná služba", "city": "Hradištko", "region": "Středočeský kraj", "district": "Praha-západ", "postcode": 25209.0, "street": "Ve Dvoře", "street_number": "3", "specialties": null, "care_form": null, "provider_ico": 75030926, "website": "www.zachranka.cz", "phone": "+420312256601", "latitude": 49.866536159364003, "longitude": 14.409465643698001, "level": 3, "level_label": "Ambulance dispatch station (ZZS)" }, "geometry": { "type": "Point", "coordinates": [ -746998.856366782914847, -1067239.182022855384275 ] } },
{ "type": "Feature", "properties": { "name": "Zdravotnická záchranná služba Olomouckého kraje, příspěvková organizace", "facility_type": "Zdravotnická zachranná služba", "city": "Loštice", "region": "Olomoucký kraj", "district": "Šumperk", "postcode": 78983.0, "street": "Moravičanská", "street_number": "833/27a", "specialties": null, "care_form": null, "provider_ico": 849103, "website": "http://zzsol.cz", "phone": null, "latitude": 49.749619894412, "longitude": 16.935110957492, "level": 3, "level_label": "Ambulance dispatch station (ZZS)" }, "geometry": { "type": "Point", "coordinates": [ -568091.841192493098788, -1101926.502570599317551 ] } },
{ "type": "Feature", "properties": { "name": "Výjezdová základna ZZSHMP Praha 10", "facility_type": "Výjezdová skupina záchranné služby", "city": "Praha 10", "region": "Hlavní město Praha", "district": "Hlavní město Praha", "postcode": 10100.0, "street": "28. pluku", "street_number": "1393/22a", "specialties": "urgentní medicína, Všeobecná sestra", "care_form": null, "provider_ico": 638927, "website": "http://www.zzshmp.cz", "phone": null, "latitude": 50.070686204558001, "longitude": 14.464454551735001, "level": 3, "level_label": "Ambulance dispatch station (ZZS)" }, "geometry": { "type": "Point", "coordinates": [ -740000.31454289809335, -1045282.326232433086261 ] } },
{ "type": "Feature", "properties": { "name": "Výjezdová základna ZZSHMP Praha 8", "facility_type": "Výjezdová skupina záchranné služby", "city": "Praha 8", "region": "Hlavní město Praha", "district": "Hlavní město Praha", "postcode": 18100.0, "street": "Ústavní", "street_number": "129", "specialties": "urgentní medicína, Všeobecná sestra", "care_form": null, "provider_ico": 638927, "website": "http://www.zzshmp.cz", "phone": null, "latitude": 50.134632527746, "longitude": 14.428083749235, "level": 3, "level_label": "Ambulance dispatch station (ZZS)" }, "geometry": { "type": "Point", "coordinates": [ -741610.768988717696629, -1037882.401910325163044 ] } },
{ "type": "Feature", "properties": { "name": "Výjezdová základna ZZSHMP Praha 5", "facility_type": "Výjezdová skupina záchranné služby", "city": "Praha 5", "region": "Hlavní město Praha", "district": "Hlavní město Praha", "postcode": 15000.0, "street": "Nádražní", "street_number": "1573/60", "specialties": "urgentní medicína, Všeobecná sestra", "care_form": null, "provider_ico": 638927, "website": "http://www.zzshmp.cz", "phone": null, "latitude": 50.063982778990997, "longitude": 14.408855986829, "level": 3, "level_label": "Ambulance dispatch station (ZZS)" }, "geometry": { "type": "Point", "coordinates": [ -744044.992718456313014, -1045479.143922284245491 ] } },
{ "type": "Feature", "properties": { "name": "Výjezdová základna ZZSHMP Praha 1", "facility_type": "Výjezdová skupina záchranné služby", "city": "Praha 1", "region": "Hlavní město Praha", "district": "Hlavní město Praha", "postcode": 11800.0, "street": "U Prašného mostu", "street_number": "55/3", "specialties": "urgentní medicína, Všeobecná sestra", "care_form": null, "provider_ico": 638927, "website": "http://www.zzshmp.cz", "phone": null, "latitude": 50.092856980421999, "longitude": 14.39810483154, "level": 3, "level_label": "Ambulance dispatch station (ZZS)" }, "geometry": { "type": "Point", "coordinates": [ -744368.71957061032299, -1042192.753138515399769 ] } },
{ "type": "Feature", "properties": { "name": "Výjezdová základna ZZSHMP Praha 1", "facility_type": "Výjezdová skupina záchranné služby", "city": "Praha 1", "region": "Hlavní město Praha", "district": "Hlavní město Praha", "postcode": 11800.0, "street": "Vlašská", "street_number": "337/38", "specialties": "urgentní medicína, Všeobecná sestra", "care_form": null, "provider_ico": 638927, "website": "http://www.zzshmp.cz", "phone": null, "latitude": 50.086576733724002, "longitude": 14.395699289611001, "level": 3, "level_label": "Ambulance dispatch station (ZZS)" }, "geometry": { "type": "Point", "coordinates": [ -744634.682122474187054, -1042861.171893514227122 ] } },
{ "type": "Feature", "properties": { "name": "Výjezdová základna ZZSHMP Praha 2", "facility_type": "Výjezdová skupina záchranné služby", "city": "Praha 2", "region": "Hlavní město Praha", "district": "Hlavní město Praha", "postcode": 12800.0, "street": "Na slupi", "street_number": "448/6", "specialties": "urgentní medicína, Všeobecná sestra", "care_form": null, "provider_ico": 638927, "website": "http://www.zzshmp.cz", "phone": null, "latitude": 50.069242948084998, "longitude": 14.420391148210999, "level": 3, "level_label": "Ambulance dispatch station (ZZS)" }, "geometry": { "type": "Point", "coordinates": [ -743147.104038026882336, -1045012.22757593577262 ] } },
{ "type": "Feature", "properties": { "name": "Zdravotnická záchranná služba Středočeského kraje, příspěvková organizace", "facility_type": "Zdravotnická zachranná služba", "city": "Praha 5", "region": "Hlavní město Praha", "district": "Hlavní město Praha", "postcode": 15600.0, "street": "Žitavského", "street_number": "497", "specialties": "urgentní medicína, Všeobecná sestra", "care_form": null, "provider_ico": 75030926, "website": "www.zachranka.cz", "phone": "+420312256601", "latitude": 49.973826224301, "longitude": 14.39543712443, "level": 3, "level_label": "Ambulance dispatch station (ZZS)" }, "geometry": { "type": "Point", "coordinates": [ -746367.083425648044795, -1055280.954529119189829 ] } }
]
}
