{
"type": "FeatureCollection",
"name": "POU_centroids",
"crs": { "type": "name", "properties": { "name": "urn:ogc:def:crs:EPSG::5514" } },
"features": [
{ "type": "Feature", "properties": { "OBJECTID": 1, "KOD": "60", "NAZEV": "Votice", "ORP_KOD": "43", "VUSC_KOD": "27", "NUTS3_KOD": "CZ020", "SPR_OB_KOD": "530905", "ORIG_FID": 1 }, "geometry": { "type": "Point", "coordinates": [ -732822.409808222088031, -1096670.383986488683149 ] } },
{ "type": "Feature", "properties": { "OBJECTID": 2, "KOD": "485", "NAZEV": "Březnice", "ORP_KOD": "256", "VUSC_KOD": "27", "NUTS3_KOD": "CZ020", "SPR_OB_KOD": "540013", "ORIG_FID": 2 }, "geometry": { "type": "Point", "coordinates": [ -787816.113079535891302, -1099369.27732974011451 ] } },
{ "type": "Feature", "properties": { "OBJECTID": 3, "KOD": "604", "NAZEV": "Nové Hrady", "ORP_KOD": "281", "VUSC_KOD": "35", "NUTS3_KOD": "CZ031", "SPR_OB_KOD": "544868", "ORIG_FID": 3 }, "geometry": { "type": "Point", "coordinates": [ -737459.052096831728704, -1190791.144870397867635 ] } },
{ "type": "Feature", "properties": { "OBJECTID": 4, "KOD": "612", "NAZEV": "Trhové Sviny", "ORP_KOD": "281", "VUSC_KOD": "35", "NUTS3_KOD": "CZ031", "SPR_OB_KOD": "545171", "ORIG_FID": 4 }, "geometry": { "type": "Point", "coordinates": [ -744019.948846943792887, -1180579.33604331780225 ] } },
{ "type": "Feature", "properties": { "OBJECTID": 5, "KOD": "621", "NAZEV": "Týn nad Vltavou", "ORP_KOD": "299", "VUSC_KOD": "35", "NUTS3_KOD": "CZ031", "SPR_OB_KOD": "545201", "ORIG_FID": 5 }, "geometry": { "type": "Point", "coordinates": [ -754587.41865656664595, -1139593.635180918965489 ] } },
{ "type": "Feature", "properties": { "OBJECTID": 6, "KOD": "582", "NAZEV": "Hluboká nad Vltavou", "ORP_KOD": "302", "VUSC_KOD": "35", "NUTS3_KOD": "CZ031", "SPR_OB_KOD": "544485", "ORIG_FID": 6 }, "geometry": { "type": "Point", "coordinates": [ -753928.402280155103654, -1148561.975999133661389 ] } },
{ "type": "Feature", "properties": { "OBJECTID": 7, "KOD": "591", "NAZEV": "Lišov", "ORP_KOD": "302", "VUSC_KOD": "35", "NUTS3_KOD": "CZ031", "SPR_OB_KOD": "544779", "ORIG_FID": 7 }, "geometry": { "type": "Point", "coordinates": [ -744149.735060025355779, -1162523.605423402972519 ] } },
{ "type": "Feature", "properties": { "OBJECTID": 8, "KOD": "639", "NAZEV": "Zliv", "ORP_KOD": "302", "VUSC_KOD": "35", "NUTS3_KOD": "CZ031", "SPR_OB_KOD": "545341", "ORIG_FID": 8 }, "geometry": { "type": "Point", "coordinates": [ -762079.234810379450209, -1155539.329030909342691 ] } },
{ "type": "Feature", "properties": { "OBJECTID": 9, "KOD": "647", "NAZEV": "České Budějovice", "ORP_KOD": "302", "VUSC_KOD": "35", "NUTS3_KOD": "CZ031", "SPR_OB_KOD": "544256", "ORIG_FID": 9 }, "geometry": { "type": "Point", "coordinates": [ -756338.585540309431963, -1169601.109325278317556 ] } },
{ "type": "Feature", "properties": { "OBJECTID": 10, "KOD": "663", "NAZEV": "Kaplice", "ORP_KOD": "311", "VUSC_KOD": "35", "NUTS3_KOD": "CZ031", "SPR_OB_KOD": "545562", "ORIG_FID": 10 }, "geometry": { "type": "Point", "coordinates": [ -755806.631627666996792, -1197257.8751785622444 ] } },
{ "type": "Feature", "properties": { "OBJECTID": 11, "KOD": "655", "NAZEV": "Horní Planá", "ORP_KOD": "329", "VUSC_KOD": "35", "NUTS3_KOD": "CZ031", "SPR_OB_KOD": "545511", "ORIG_FID": 11 }, "geometry": { "type": "Point", "coordinates": [ -788965.093629282200709, -1188466.029354615136981 ] } },
{ "type": "Feature", "properties": { "OBJECTID": 12, "KOD": "671", "NAZEV": "Vojenský újezd Boletice", "ORP_KOD": "329", "VUSC_KOD": "35", "NUTS3_KOD": "CZ031", "SPR_OB_KOD": "545422", "ORIG_FID": 12 }, "geometry": { "type": "Point", "coordinates": [ -785996.10169507691171, -1175549.569259208627045 ] } },
{ "type": "Feature", "properties": { "OBJECTID": 13, "KOD": "680", "NAZEV": "Vyšší Brod", "ORP_KOD": "329", "VUSC_KOD": "35", "NUTS3_KOD": "CZ031", "SPR_OB_KOD": "545848", "ORIG_FID": 13 }, "geometry": { "type": "Point", "coordinates": [ -778520.476698820479214, -1201500.04135420313105 ] } },
{ "type": "Feature", "properties": { "OBJECTID": 14, "KOD": "698", "NAZEV": "Český Krumlov", "ORP_KOD": "329", "VUSC_KOD": "35", "NUTS3_KOD": "CZ031", "SPR_OB_KOD": "545392", "ORIG_FID": 14 }, "geometry": { "type": "Point", "coordinates": [ -766324.165293127647601, -1181439.401860322104767 ] } },
{ "type": "Feature", "properties": { "OBJECTID": 15, "KOD": "701", "NAZEV": "Dačice", "ORP_KOD": "337", "VUSC_KOD": "35", "NUTS3_KOD": "CZ031", "SPR_OB_KOD": "546127", "ORIG_FID": 15 }, "geometry": { "type": "Point", "coordinates": [ -687435.249836170114577, -1162136.73134099226445 ] } },
{ "type": "Feature", "properties": { "OBJECTID": 16, "KOD": "736", "NAZEV": "Slavonice", "ORP_KOD": "337", "VUSC_KOD": "35", "NUTS3_KOD": "CZ031", "SPR_OB_KOD": "547166", "ORIG_FID": 16 }, "geometry": { "type": "Point", "coordinates": [ -687193.466760617331602, -1175440.522286569932476 ] } },
{ "type": "Feature", "properties": { "OBJECTID": 17, "KOD": "710", "NAZEV": "Jindřichův Hradec", "ORP_KOD": "345", "VUSC_KOD": "35", "NUTS3_KOD": "CZ031", "SPR_OB_KOD": "545881", "ORIG_FID": 17 }, "geometry": { "type": "Point", "coordinates": [ -714066.318097634706646, -1150622.976619757944718 ] } },
{ "type": "Feature", "properties": { "OBJECTID": 18, "KOD": "728", "NAZEV": "Nová Bystřice", "ORP_KOD": "345", "VUSC_KOD": "35", "NUTS3_KOD": "CZ031", "SPR_OB_KOD": "546798", "ORIG_FID": 18 }, "geometry": { "type": "Point", "coordinates": [ -705977.947390413144603, -1167074.433128737844527 ] } },
{ "type": "Feature", "properties": { "OBJECTID": 19, "KOD": "744", "NAZEV": "Suchdol nad Lužnicí", "ORP_KOD": "353", "VUSC_KOD": "35", "NUTS3_KOD": "CZ031", "SPR_OB_KOD": "547280", "ORIG_FID": 19 }, "geometry": { "type": "Point", "coordinates": [ -726535.963489328278229, -1181117.719286186154932 ] } },
{ "type": "Feature", "properties": { "OBJECTID": 20, "KOD": "752", "NAZEV": "Třeboň", "ORP_KOD": "353", "VUSC_KOD": "35", "NUTS3_KOD": "CZ031", "SPR_OB_KOD": "547336", "ORIG_FID": 20 }, "geometry": { "type": "Point", "coordinates": [ -730710.053184975055046, -1164966.817531394539401 ] } },
{ "type": "Feature", "properties": { "OBJECTID": 21, "KOD": "761", "NAZEV": "České Velenice", "ORP_KOD": "353", "VUSC_KOD": "35", "NUTS3_KOD": "CZ031", "SPR_OB_KOD": "546089", "ORIG_FID": 21 }, "geometry": { "type": "Point", "coordinates": [ -724935.088205805630423, -1190019.868242103606462 ] } },
{ "type": "Feature", "properties": { "OBJECTID": 22, "KOD": "825", "NAZEV": "Milevsko", "ORP_KOD": "396", "VUSC_KOD": "35", "NUTS3_KOD": "CZ031", "SPR_OB_KOD": "549576", "ORIG_FID": 22 }, "geometry": { "type": "Point", "coordinates": [ -758789.719649641308933, -1111569.100975138368085 ] } },
{ "type": "Feature", "properties": { "OBJECTID": 23, "KOD": "833", "NAZEV": "Mirotice", "ORP_KOD": "400", "VUSC_KOD": "35", "NUTS3_KOD": "CZ031", "SPR_OB_KOD": "549584", "ORIG_FID": 23 }, "geometry": { "type": "Point", "coordinates": [ -777236.460228919633664, -1110890.171698715072125 ] } },
{ "type": "Feature", "properties": { "OBJECTID": 24, "KOD": "841", "NAZEV": "Mirovice", "ORP_KOD": "400", "VUSC_KOD": "35", "NUTS3_KOD": "CZ031", "SPR_OB_KOD": "549592", "ORIG_FID": 24 }, "geometry": { "type": "Point", "coordinates": [ -773066.497606438351795, -1105428.731688308529556 ] } },
{ "type": "Feature", "properties": { "OBJECTID": 25, "KOD": "850", "NAZEV": "Protivín", "ORP_KOD": "400", "VUSC_KOD": "35", "NUTS3_KOD": "CZ031", "SPR_OB_KOD": "549771", "ORIG_FID": 25 }, "geometry": { "type": "Point", "coordinates": [ -769983.11369719740469, -1136484.695298758335412 ] } },
{ "type": "Feature", "properties": { "OBJECTID": 26, "KOD": "868", "NAZEV": "Písek", "ORP_KOD": "400", "VUSC_KOD": "35", "NUTS3_KOD": "CZ031", "SPR_OB_KOD": "549240", "ORIG_FID": 26 }, "geometry": { "type": "Point", "coordinates": [ -772363.212950650602579, -1124168.666326164966449 ] } },
{ "type": "Feature", "properties": { "OBJECTID": 27, "KOD": "876", "NAZEV": "Netolice", "ORP_KOD": "418", "VUSC_KOD": "35", "NUTS3_KOD": "CZ031", "SPR_OB_KOD": "550442", "ORIG_FID": 27 }, "geometry": { "type": "Point", "coordinates": [ -773791.014752794289961, -1154535.260104650165886 ] } },
{ "type": "Feature", "properties": { "OBJECTID": 28, "KOD": "884", "NAZEV": "Prachatice", "ORP_KOD": "418", "VUSC_KOD": "35", "NUTS3_KOD": "CZ031", "SPR_OB_KOD": "550094", "ORIG_FID": 28 }, "geometry": { "type": "Point", "coordinates": [ -786555.865339844720438, -1156976.354026480345055 ] } },
{ "type": "Feature", "properties": { "OBJECTID": 29, "KOD": "906", "NAZEV": "Volary", "ORP_KOD": "418", "VUSC_KOD": "35", "NUTS3_KOD": "CZ031", "SPR_OB_KOD": "550671", "ORIG_FID": 29 }, "geometry": { "type": "Point", "coordinates": [ -799833.749751436407678, -1170725.923670803196728 ] } },
{ "type": "Feature", "properties": { "OBJECTID": 30, "KOD": "892", "NAZEV": "Vimperk", "ORP_KOD": "426", "VUSC_KOD": "35", "NUTS3_KOD": "CZ031", "SPR_OB_KOD": "550647", "ORIG_FID": 30 }, "geometry": { "type": "Point", "coordinates": [ -809643.478453702176921, -1152261.510246764868498 ] } },
{ "type": "Feature", "properties": { "OBJECTID": 31, "KOD": "914", "NAZEV": "Blatná", "ORP_KOD": "434", "VUSC_KOD": "35", "NUTS3_KOD": "CZ031", "SPR_OB_KOD": "550850", "ORIG_FID": 31 }, "geometry": { "type": "Point", "coordinates": [ -791757.796961777377874, -1109420.144204592332244 ] } },
{ "type": "Feature", "properties": { "OBJECTID": 32, "KOD": "922", "NAZEV": "Strakonice", "ORP_KOD": "442", "VUSC_KOD": "35", "NUTS3_KOD": "CZ031", "SPR_OB_KOD": "550787", "ORIG_FID": 32 }, "geometry": { "type": "Point", "coordinates": [ -793602.994455214473419, -1127788.822562776040286 ] } },
{ "type": "Feature", "properties": { "OBJECTID": 33, "KOD": "949", "NAZEV": "Volyně", "ORP_KOD": "442", "VUSC_KOD": "35", "NUTS3_KOD": "CZ031", "SPR_OB_KOD": "551970", "ORIG_FID": 33 }, "geometry": { "type": "Point", "coordinates": [ -797790.560812052455731, -1138851.302984525216743 ] } },
{ "type": "Feature", "properties": { "OBJECTID": 34, "KOD": "931", "NAZEV": "Vodňany", "ORP_KOD": "451", "VUSC_KOD": "35", "NUTS3_KOD": "CZ031", "SPR_OB_KOD": "551953", "ORIG_FID": 34 }, "geometry": { "type": "Point", "coordinates": [ -778476.776277650962584, -1143808.989236119901761 ] } },
{ "type": "Feature", "properties": { "OBJECTID": 35, "KOD": "981", "NAZEV": "Soběslav", "ORP_KOD": "469", "VUSC_KOD": "35", "NUTS3_KOD": "CZ031", "SPR_OB_KOD": "553131", "ORIG_FID": 35 }, "geometry": { "type": "Point", "coordinates": [ -733010.630865571205504, -1136092.017376506933942 ] } },
{ "type": "Feature", "properties": { "OBJECTID": 36, "KOD": "1007", "NAZEV": "Veselí nad Lužnicí", "ORP_KOD": "469", "VUSC_KOD": "35", "NUTS3_KOD": "CZ031", "SPR_OB_KOD": "553271", "ORIG_FID": 36 }, "geometry": { "type": "Point", "coordinates": [ -736742.912817772245035, -1145121.320555265061557 ] } },
{ "type": "Feature", "properties": { "OBJECTID": 37, "KOD": "957", "NAZEV": "Bechyně", "ORP_KOD": "477", "VUSC_KOD": "35", "NUTS3_KOD": "CZ031", "SPR_OB_KOD": "552054", "ORIG_FID": 37 }, "geometry": { "type": "Point", "coordinates": [ -749321.176583138410933, -1130752.019891744712368 ] } },
{ "type": "Feature", "properties": { "OBJECTID": 38, "KOD": "965", "NAZEV": "Mladá Vožice", "ORP_KOD": "477", "VUSC_KOD": "35", "NUTS3_KOD": "CZ031", "SPR_OB_KOD": "552704", "ORIG_FID": 38 }, "geometry": { "type": "Point", "coordinates": [ -723566.292034558020532, -1106622.122545806225389 ] } },
{ "type": "Feature", "properties": { "OBJECTID": 39, "KOD": "973", "NAZEV": "Sezimovo Ústí", "ORP_KOD": "477", "VUSC_KOD": "35", "NUTS3_KOD": "CZ031", "SPR_OB_KOD": "553069", "ORIG_FID": 39 }, "geometry": { "type": "Point", "coordinates": [ -732301.939112381660379, -1127188.628891768399626 ] } },
{ "type": "Feature", "properties": { "OBJECTID": 40, "KOD": "990", "NAZEV": "Tábor", "ORP_KOD": "477", "VUSC_KOD": "35", "NUTS3_KOD": "CZ031", "SPR_OB_KOD": "552046", "ORIG_FID": 40 }, "geometry": { "type": "Point", "coordinates": [ -742893.745393807068467, -1117310.825629811035469 ] } },
{ "type": "Feature", "properties": { "OBJECTID": 41, "KOD": "1015", "NAZEV": "Domažlice", "ORP_KOD": "485", "VUSC_KOD": "43", "NUTS3_KOD": "CZ032", "SPR_OB_KOD": "553425", "ORIG_FID": 41 }, "geometry": { "type": "Point", "coordinates": [ -862117.15195637953002, -1099423.894458463415504 ] } },
{ "type": "Feature", "properties": { "OBJECTID": 42, "KOD": "1040", "NAZEV": "Kdyně", "ORP_KOD": "485", "VUSC_KOD": "43", "NUTS3_KOD": "CZ032", "SPR_OB_KOD": "553786", "ORIG_FID": 42 }, "geometry": { "type": "Point", "coordinates": [ -851763.063991115195677, -1107448.642569907009602 ] } },
{ "type": "Feature", "properties": { "OBJECTID": 43, "KOD": "1066", "NAZEV": "Staňkov", "ORP_KOD": "493", "VUSC_KOD": "43", "NUTS3_KOD": "CZ032", "SPR_OB_KOD": "554294", "ORIG_FID": 43 }, "geometry": { "type": "Point", "coordinates": [ -848553.509622039389797, -1089192.025815717643127 ] } },
{ "type": "Feature", "properties": { "OBJECTID": 44, "KOD": "1163", "NAZEV": "Horažďovice", "ORP_KOD": "558", "VUSC_KOD": "43", "NUTS3_KOD": "CZ032", "SPR_OB_KOD": "556254", "ORIG_FID": 44 }, "geometry": { "type": "Point", "coordinates": [ -810119.328265230171382, -1115742.416312282904983 ] } },
{ "type": "Feature", "properties": { "OBJECTID": 45, "KOD": "1180", "NAZEV": "Klatovy", "ORP_KOD": "566", "VUSC_KOD": "43", "NUTS3_KOD": "CZ032", "SPR_OB_KOD": "555771", "ORIG_FID": 45 }, "geometry": { "type": "Point", "coordinates": [ -835363.887454904033802, -1109465.343384738778695 ] } },
{ "type": "Feature", "properties": { "OBJECTID": 46, "KOD": "1198", "NAZEV": "Nýrsko", "ORP_KOD": "566", "VUSC_KOD": "43", "NUTS3_KOD": "CZ032", "SPR_OB_KOD": "556831", "ORIG_FID": 46 }, "geometry": { "type": "Point", "coordinates": [ -846072.785609989543445, -1124368.445152132771909 ] } },
{ "type": "Feature", "properties": { "OBJECTID": 47, "KOD": "1201", "NAZEV": "Plánice", "ORP_KOD": "566", "VUSC_KOD": "43", "NUTS3_KOD": "CZ032", "SPR_OB_KOD": "556955", "ORIG_FID": 47 }, "geometry": { "type": "Point", "coordinates": [ -821407.545394684420899, -1110652.317536670947447 ] } },
{ "type": "Feature", "properties": { "OBJECTID": 48, "KOD": "1171", "NAZEV": "Kašperské Hory", "ORP_KOD": "574", "VUSC_KOD": "43", "NUTS3_KOD": "CZ032", "SPR_OB_KOD": "556432", "ORIG_FID": 48 }, "geometry": { "type": "Point", "coordinates": [ -824370.899481621221639, -1146600.76505328528583 ] } },
{ "type": "Feature", "properties": { "OBJECTID": 49, "KOD": "1210", "NAZEV": "Sušice", "ORP_KOD": "574", "VUSC_KOD": "43", "NUTS3_KOD": "CZ032", "SPR_OB_KOD": "557153", "ORIG_FID": 49 }, "geometry": { "type": "Point", "coordinates": [ -822050.265219457098283, -1127258.143153945216909 ] } },
{ "type": "Feature", "properties": { "OBJECTID": 50, "KOD": "1236", "NAZEV": "Blovice", "ORP_KOD": "591", "VUSC_KOD": "43", "NUTS3_KOD": "CZ032", "SPR_OB_KOD": "557587", "ORIG_FID": 50 }, "geometry": { "type": "Point", "coordinates": [ -815540.327792938100174, -1090795.819271855521947 ] } },
{ "type": "Feature", "properties": { "OBJECTID": 51, "KOD": "1252", "NAZEV": "Nepomuk", "ORP_KOD": "604", "VUSC_KOD": "43", "NUTS3_KOD": "CZ032", "SPR_OB_KOD": "558109", "ORIG_FID": 51 }, "geometry": { "type": "Point", "coordinates": [ -808223.035385261289775, -1100669.432280320907012 ] } },
{ "type": "Feature", "properties": { "OBJECTID": 52, "KOD": "779", "NAZEV": "Humpolec", "ORP_KOD": "361", "VUSC_KOD": "108", "NUTS3_KOD": "CZ063", "SPR_OB_KOD": "547999", "ORIG_FID": 52 }, "geometry": { "type": "Point", "coordinates": [ -687810.095860192435794, -1109884.884751196252182 ] } },
{ "type": "Feature", "properties": { "OBJECTID": 53, "KOD": "795", "NAZEV": "Pacov", "ORP_KOD": "370", "VUSC_KOD": "108", "NUTS3_KOD": "CZ063", "SPR_OB_KOD": "548511", "ORIG_FID": 53 }, "geometry": { "type": "Point", "coordinates": [ -710375.077781612402759, -1114559.479151035659015 ] } },
{ "type": "Feature", "properties": { "OBJECTID": 54, "KOD": "787", "NAZEV": "Kamenice nad Lipou", "ORP_KOD": "388", "VUSC_KOD": "108", "NUTS3_KOD": "CZ063", "SPR_OB_KOD": "548111", "ORIG_FID": 54 }, "geometry": { "type": "Point", "coordinates": [ -711143.414130359888077, -1131547.669027993921191 ] } },
{ "type": "Feature", "properties": { "OBJECTID": 55, "KOD": "809", "NAZEV": "Pelhřimov", "ORP_KOD": "388", "VUSC_KOD": "108", "NUTS3_KOD": "CZ063", "SPR_OB_KOD": "547492", "ORIG_FID": 55 }, "geometry": { "type": "Point", "coordinates": [ -695785.0088142065797, -1122690.949242427479476 ] } },
{ "type": "Feature", "properties": { "OBJECTID": 56, "KOD": "817", "NAZEV": "Počátky", "ORP_KOD": "388", "VUSC_KOD": "108", "NUTS3_KOD": "CZ063", "SPR_OB_KOD": "548561", "ORIG_FID": 56 }, "geometry": { "type": "Point", "coordinates": [ -699219.302912821643986, -1139759.624171472387388 ] } },
{ "type": "Feature", "properties": { "OBJECTID": 57, "KOD": "2003", "NAZEV": "Ledeč nad Sázavou", "ORP_KOD": "957", "VUSC_KOD": "108", "NUTS3_KOD": "CZ063", "SPR_OB_KOD": "568988", "ORIG_FID": 57 }, "geometry": { "type": "Point", "coordinates": [ -687501.893727043876424, -1093703.798160334117711 ] } },
{ "type": "Feature", "properties": { "OBJECTID": 58, "KOD": "2020", "NAZEV": "Světlá nad Sázavou", "ORP_KOD": "957", "VUSC_KOD": "108", "NUTS3_KOD": "CZ063", "SPR_OB_KOD": "569569", "ORIG_FID": 58 }, "geometry": { "type": "Point", "coordinates": [ -679178.881009453791194, -1096186.716375953052193 ] } },
{ "type": "Feature", "properties": { "OBJECTID": 59, "KOD": "3042", "NAZEV": "Třešť", "ORP_KOD": "1503", "VUSC_KOD": "108", "NUTS3_KOD": "CZ063", "SPR_OB_KOD": "588032", "ORIG_FID": 59 }, "geometry": { "type": "Point", "coordinates": [ -682986.890037791454233, -1140419.544960462255403 ] } },
{ "type": "Feature", "properties": { "OBJECTID": 60, "KOD": "2488", "NAZEV": "Jevíčko", "ORP_KOD": "1171", "VUSC_KOD": "94", "NUTS3_KOD": "CZ053", "SPR_OB_KOD": "578193", "ORIG_FID": 60 }, "geometry": { "type": "Point", "coordinates": [ -584907.99961919686757, -1111552.06424424261786 ] } },
{ "type": "Feature", "properties": { "OBJECTID": 61, "KOD": "2500", "NAZEV": "Moravská Třebová", "ORP_KOD": "1171", "VUSC_KOD": "94", "NUTS3_KOD": "CZ053", "SPR_OB_KOD": "578444", "ORIG_FID": 61 }, "geometry": { "type": "Point", "coordinates": [ -586059.187473160796799, -1099277.180922916624695 ] } },
{ "type": "Feature", "properties": { "OBJECTID": 62, "KOD": "2518", "NAZEV": "Polička", "ORP_KOD": "1180", "VUSC_KOD": "94", "NUTS3_KOD": "CZ053", "SPR_OB_KOD": "578576", "ORIG_FID": 62 }, "geometry": { "type": "Point", "coordinates": [ -616668.622540094307624, -1103299.337137557100505 ] } },
{ "type": "Feature", "properties": { "OBJECTID": 63, "KOD": "2526", "NAZEV": "Svitavy", "ORP_KOD": "1198", "VUSC_KOD": "94", "NUTS3_KOD": "CZ053", "SPR_OB_KOD": "577731", "ORIG_FID": 63 }, "geometry": { "type": "Point", "coordinates": [ -601067.442259679664858, -1101456.649133844999596 ] } },
{ "type": "Feature", "properties": { "OBJECTID": 64, "KOD": "2011", "NAZEV": "Přibyslav", "ORP_KOD": "949", "VUSC_KOD": "108", "NUTS3_KOD": "CZ063", "SPR_OB_KOD": "569321", "ORIG_FID": 64 }, "geometry": { "type": "Point", "coordinates": [ -655379.572881942847744, -1109310.518046003067866 ] } },
{ "type": "Feature", "properties": { "OBJECTID": 65, "KOD": "3026", "NAZEV": "Polná", "ORP_KOD": "1503", "VUSC_KOD": "108", "NUTS3_KOD": "CZ063", "SPR_OB_KOD": "587711", "ORIG_FID": 65 }, "geometry": { "type": "Point", "coordinates": [ -657665.96347562468145, -1123625.728883295785636 ] } },
{ "type": "Feature", "properties": { "OBJECTID": 66, "KOD": "3191", "NAZEV": "Náměšť nad Oslavou", "ORP_KOD": "1589", "VUSC_KOD": "108", "NUTS3_KOD": "CZ063", "SPR_OB_KOD": "591211", "ORIG_FID": 66 }, "geometry": { "type": "Point", "coordinates": [ -630595.85379217157606, -1157693.248238545143977 ] } },
{ "type": "Feature", "properties": { "OBJECTID": 67, "KOD": "3158", "NAZEV": "Hrotovice", "ORP_KOD": "1597", "VUSC_KOD": "108", "NUTS3_KOD": "CZ063", "SPR_OB_KOD": "590673", "ORIG_FID": 67 }, "geometry": { "type": "Point", "coordinates": [ -638999.851615205639973, -1167123.261363149620593 ] } },
{ "type": "Feature", "properties": { "OBJECTID": 68, "KOD": "3166", "NAZEV": "Jaroměřice nad Rokytnou", "ORP_KOD": "1597", "VUSC_KOD": "108", "NUTS3_KOD": "CZ063", "SPR_OB_KOD": "590754", "ORIG_FID": 68 }, "geometry": { "type": "Point", "coordinates": [ -650497.943844291032292, -1165799.372640858404338 ] } },
{ "type": "Feature", "properties": { "OBJECTID": 69, "KOD": "3379", "NAZEV": "Bystřice nad Pernštejnem", "ORP_KOD": "1678", "VUSC_KOD": "108", "NUTS3_KOD": "CZ063", "SPR_OB_KOD": "595411", "ORIG_FID": 69 }, "geometry": { "type": "Point", "coordinates": [ -619046.054798394674435, -1122153.398915815865621 ] } },
{ "type": "Feature", "properties": { "OBJECTID": 70, "KOD": "3387", "NAZEV": "Nové Město na Moravě", "ORP_KOD": "1686", "VUSC_KOD": "108", "NUTS3_KOD": "CZ063", "SPR_OB_KOD": "596230", "ORIG_FID": 70 }, "geometry": { "type": "Point", "coordinates": [ -631878.689910694258288, -1115608.603078797692433 ] } },
{ "type": "Feature", "properties": { "OBJECTID": 71, "KOD": "3395", "NAZEV": "Velká Bíteš", "ORP_KOD": "1694", "VUSC_KOD": "108", "NUTS3_KOD": "CZ063", "SPR_OB_KOD": "596973", "ORIG_FID": 71 }, "geometry": { "type": "Point", "coordinates": [ -625785.685549518559128, -1143844.309832586441189 ] } },
{ "type": "Feature", "properties": { "OBJECTID": 72, "KOD": "3409", "NAZEV": "Velké Meziříčí", "ORP_KOD": "1694", "VUSC_KOD": "108", "NUTS3_KOD": "CZ063", "SPR_OB_KOD": "597007", "ORIG_FID": 72 }, "geometry": { "type": "Point", "coordinates": [ -638965.441871351678856, -1135727.775868857745081 ] } },
{ "type": "Feature", "properties": { "OBJECTID": 73, "KOD": "3417", "NAZEV": "Žďár nad Sázavou", "ORP_KOD": "1708", "VUSC_KOD": "108", "NUTS3_KOD": "CZ063", "SPR_OB_KOD": "595209", "ORIG_FID": 73 }, "geometry": { "type": "Point", "coordinates": [ -642978.947265699505806, -1114157.092959355330095 ] } },
{ "type": "Feature", "properties": { "OBJECTID": 74, "KOD": "2691", "NAZEV": "Adamov", "ORP_KOD": "1295", "VUSC_KOD": "116", "NUTS3_KOD": "CZ064", "SPR_OB_KOD": "581291", "ORIG_FID": 74 }, "geometry": { "type": "Point", "coordinates": [ -593307.589146277983673, -1149898.701979458099231 ] } },
{ "type": "Feature", "properties": { "OBJECTID": 75, "KOD": "2704", "NAZEV": "Blansko", "ORP_KOD": "1295", "VUSC_KOD": "116", "NUTS3_KOD": "CZ064", "SPR_OB_KOD": "581283", "ORIG_FID": 75 }, "geometry": { "type": "Point", "coordinates": [ -590837.217987123061903, -1141331.794741292251274 ] } },
{ "type": "Feature", "properties": { "OBJECTID": 76, "KOD": "2712", "NAZEV": "Boskovice", "ORP_KOD": "1309", "VUSC_KOD": "116", "NUTS3_KOD": "CZ064", "SPR_OB_KOD": "581372", "ORIG_FID": 76 }, "geometry": { "type": "Point", "coordinates": [ -595402.143767004599795, -1129045.391400698106736 ] } },
{ "type": "Feature", "properties": { "OBJECTID": 77, "KOD": "2721", "NAZEV": "Letovice", "ORP_KOD": "1309", "VUSC_KOD": "116", "NUTS3_KOD": "CZ064", "SPR_OB_KOD": "581917", "ORIG_FID": 77 }, "geometry": { "type": "Point", "coordinates": [ -597247.89635374234058, -1119599.186139638070017 ] } },
{ "type": "Feature", "properties": { "OBJECTID": 78, "KOD": "2739", "NAZEV": "Velké Opatovice", "ORP_KOD": "1309", "VUSC_KOD": "116", "NUTS3_KOD": "CZ064", "SPR_OB_KOD": "582646", "ORIG_FID": 78 }, "geometry": { "type": "Point", "coordinates": [ -587344.420854506082833, -1116856.65362771297805 ] } },
{ "type": "Feature", "properties": { "OBJECTID": 79, "KOD": "2747", "NAZEV": "Brno", "ORP_KOD": "1317", "VUSC_KOD": "116", "NUTS3_KOD": "CZ064", "SPR_OB_KOD": "582786", "ORIG_FID": 79 }, "geometry": { "type": "Point", "coordinates": [ -599410.375888483249582, -1159312.196284363977611 ] } },
{ "type": "Feature", "properties": { "OBJECTID": 80, "KOD": "2755", "NAZEV": "Ivančice", "ORP_KOD": "1325", "VUSC_KOD": "116", "NUTS3_KOD": "CZ064", "SPR_OB_KOD": "583120", "ORIG_FID": 80 }, "geometry": { "type": "Point", "coordinates": [ -616764.219116401043721, -1169066.376647957600653 ] } },
{ "type": "Feature", "properties": { "OBJECTID": 81, "KOD": "2763", "NAZEV": "Kuřim", "ORP_KOD": "1333", "VUSC_KOD": "116", "NUTS3_KOD": "CZ064", "SPR_OB_KOD": "583251", "ORIG_FID": 81 }, "geometry": { "type": "Point", "coordinates": [ -605531.66851841181051, -1148507.110104917781428 ] } },
{ "type": "Feature", "properties": { "OBJECTID": 82, "KOD": "2771", "NAZEV": "Rosice", "ORP_KOD": "1341", "VUSC_KOD": "116", "NUTS3_KOD": "CZ064", "SPR_OB_KOD": "583782", "ORIG_FID": 82 }, "geometry": { "type": "Point", "coordinates": [ -617137.118525497615337, -1156883.452550356509164 ] } },
{ "type": "Feature", "properties": { "OBJECTID": 83, "KOD": "2780", "NAZEV": "Tišnov", "ORP_KOD": "1350", "VUSC_KOD": "116", "NUTS3_KOD": "CZ064", "SPR_OB_KOD": "584002", "ORIG_FID": 83 }, "geometry": { "type": "Point", "coordinates": [ -612513.540070438408293, -1139754.043880651239306 ] } },
{ "type": "Feature", "properties": { "OBJECTID": 84, "KOD": "2798", "NAZEV": "Šlapanice", "ORP_KOD": "1368", "VUSC_KOD": "116", "NUTS3_KOD": "CZ064", "SPR_OB_KOD": "583952", "ORIG_FID": 84 }, "geometry": { "type": "Point", "coordinates": [ -588023.832521737902425, -1160512.937548506772146 ] } },
{ "type": "Feature", "properties": { "OBJECTID": 85, "KOD": "2801", "NAZEV": "Židlochovice", "ORP_KOD": "1376", "VUSC_KOD": "116", "NUTS3_KOD": "CZ064", "SPR_OB_KOD": "584282", "ORIG_FID": 85 }, "geometry": { "type": "Point", "coordinates": [ -597370.955549791571684, -1176829.251846527447924 ] } },
{ "type": "Feature", "properties": { "OBJECTID": 86, "KOD": "2852", "NAZEV": "Pohořelice", "ORP_KOD": "1414", "VUSC_KOD": "116", "NUTS3_KOD": "CZ064", "SPR_OB_KOD": "584801", "ORIG_FID": 86 }, "geometry": { "type": "Point", "coordinates": [ -607801.65631778317038, -1186513.96057662460953 ] } },
{ "type": "Feature", "properties": { "OBJECTID": 87, "KOD": "2810", "NAZEV": "Břeclav", "ORP_KOD": "1384", "VUSC_KOD": "116", "NUTS3_KOD": "CZ064", "SPR_OB_KOD": "584291", "ORIG_FID": 87 }, "geometry": { "type": "Point", "coordinates": [ -583623.99958536378108, -1208709.026653428561985 ] } },
{ "type": "Feature", "properties": { "OBJECTID": 88, "KOD": "2828", "NAZEV": "Hustopeče", "ORP_KOD": "1392", "VUSC_KOD": "116", "NUTS3_KOD": "CZ064", "SPR_OB_KOD": "584495", "ORIG_FID": 88 }, "geometry": { "type": "Point", "coordinates": [ -590311.036268965341151, -1189638.173239234136418 ] } },
{ "type": "Feature", "properties": { "OBJECTID": 89, "KOD": "2836", "NAZEV": "Klobouky u Brna", "ORP_KOD": "1392", "VUSC_KOD": "116", "NUTS3_KOD": "CZ064", "SPR_OB_KOD": "584550", "ORIG_FID": 89 }, "geometry": { "type": "Point", "coordinates": [ -582228.896503630443476, -1184622.074065660592169 ] } },
{ "type": "Feature", "properties": { "OBJECTID": 90, "KOD": "2844", "NAZEV": "Mikulov", "ORP_KOD": "1406", "VUSC_KOD": "116", "NUTS3_KOD": "CZ064", "SPR_OB_KOD": "584649", "ORIG_FID": 90 }, "geometry": { "type": "Point", "coordinates": [ -603784.451162678888068, -1199858.967752210097387 ] } },
{ "type": "Feature", "properties": { "OBJECTID": 91, "KOD": "2950", "NAZEV": "Hodonín", "ORP_KOD": "1473", "VUSC_KOD": "116", "NUTS3_KOD": "CZ064", "SPR_OB_KOD": "586021", "ORIG_FID": 91 }, "geometry": { "type": "Point", "coordinates": [ -568202.078880839166231, -1198753.98132567317225 ] } },
{ "type": "Feature", "properties": { "OBJECTID": 92, "KOD": "2941", "NAZEV": "Bzenec", "ORP_KOD": "1481", "VUSC_KOD": "116", "NUTS3_KOD": "CZ064", "SPR_OB_KOD": "586081", "ORIG_FID": 92 }, "geometry": { "type": "Point", "coordinates": [ -553884.176447493722662, -1190844.892981497105211 ] } },
{ "type": "Feature", "properties": { "OBJECTID": 93, "KOD": "2968", "NAZEV": "Kyjov", "ORP_KOD": "1481", "VUSC_KOD": "116", "NUTS3_KOD": "CZ064", "SPR_OB_KOD": "586307", "ORIG_FID": 93 }, "geometry": { "type": "Point", "coordinates": [ -563964.08047707809601, -1185298.21569574973546 ] } },
{ "type": "Feature", "properties": { "OBJECTID": 94, "KOD": "3000", "NAZEV": "Ždánice", "ORP_KOD": "1481", "VUSC_KOD": "116", "NUTS3_KOD": "CZ064", "SPR_OB_KOD": "586803", "ORIG_FID": 94 }, "geometry": { "type": "Point", "coordinates": [ -572367.649527203873731, -1179571.716194218955934 ] } },
{ "type": "Feature", "properties": { "OBJECTID": 95, "KOD": "2976", "NAZEV": "Strážnice", "ORP_KOD": "1490", "VUSC_KOD": "116", "NUTS3_KOD": "CZ064", "SPR_OB_KOD": "586587", "ORIG_FID": 95 }, "geometry": { "type": "Point", "coordinates": [ -548406.752466875128448, -1202434.807188718346879 ] } },
{ "type": "Feature", "properties": { "OBJECTID": 96, "KOD": "2984", "NAZEV": "Velká nad Veličkou", "ORP_KOD": "1490", "VUSC_KOD": "116", "NUTS3_KOD": "CZ064", "SPR_OB_KOD": "586714", "ORIG_FID": 96 }, "geometry": { "type": "Point", "coordinates": [ -535343.043594644172117, -1203100.686995835276321 ] } },
{ "type": "Feature", "properties": { "OBJECTID": 97, "KOD": "2992", "NAZEV": "Veselí nad Moravou", "ORP_KOD": "1490", "VUSC_KOD": "116", "NUTS3_KOD": "CZ064", "SPR_OB_KOD": "586722", "ORIG_FID": 97 }, "geometry": { "type": "Point", "coordinates": [ -543582.101090496289544, -1195685.231111203320324 ] } },
{ "type": "Feature", "properties": { "OBJECTID": 98, "KOD": "3263", "NAZEV": "Bučovice", "ORP_KOD": "1627", "VUSC_KOD": "116", "NUTS3_KOD": "CZ064", "SPR_OB_KOD": "592943", "ORIG_FID": 98 }, "geometry": { "type": "Point", "coordinates": [ -566517.110036546480842, -1168764.196725317044184 ] } },
{ "type": "Feature", "properties": { "OBJECTID": 99, "KOD": "3298", "NAZEV": "Slavkov u Brna", "ORP_KOD": "1635", "VUSC_KOD": "116", "NUTS3_KOD": "CZ064", "SPR_OB_KOD": "593583", "ORIG_FID": 99 }, "geometry": { "type": "Point", "coordinates": [ -580469.793441368499771, -1171380.269118808675557 ] } },
{ "type": "Feature", "properties": { "OBJECTID": 100, "KOD": "3271", "NAZEV": "Ivanovice na Hané", "ORP_KOD": "1643", "VUSC_KOD": "116", "NUTS3_KOD": "CZ064", "SPR_OB_KOD": "593117", "ORIG_FID": 100 }, "geometry": { "type": "Point", "coordinates": [ -561000.561885402421467, -1155941.494480087189004 ] } },
{ "type": "Feature", "properties": { "OBJECTID": 101, "KOD": "3280", "NAZEV": "Rousínov", "ORP_KOD": "1643", "VUSC_KOD": "116", "NUTS3_KOD": "CZ064", "SPR_OB_KOD": "593559", "ORIG_FID": 101 }, "geometry": { "type": "Point", "coordinates": [ -577942.701645279536024, -1160684.920104158809409 ] } },
{ "type": "Feature", "properties": { "OBJECTID": 102, "KOD": "3301", "NAZEV": "Vojenský újezd Březina", "ORP_KOD": "1643", "VUSC_KOD": "116", "NUTS3_KOD": "CZ064", "SPR_OB_KOD": "592935", "ORIG_FID": 102 }, "geometry": { "type": "Point", "coordinates": [ -571151.153594512492418, -1140716.994386345148087 ] } },
{ "type": "Feature", "properties": { "OBJECTID": 103, "KOD": "3310", "NAZEV": "Vyškov", "ORP_KOD": "1643", "VUSC_KOD": "116", "NUTS3_KOD": "CZ064", "SPR_OB_KOD": "592889", "ORIG_FID": 103 }, "geometry": { "type": "Point", "coordinates": [ -571075.163059259997681, -1154440.561827160418034 ] } },
{ "type": "Feature", "properties": { "OBJECTID": 104, "KOD": "3336", "NAZEV": "Miroslav", "ORP_KOD": "1651", "VUSC_KOD": "116", "NUTS3_KOD": "CZ064", "SPR_OB_KOD": "594458", "ORIG_FID": 104 }, "geometry": { "type": "Point", "coordinates": [ -622058.458731016260572, -1186048.439476212253794 ] } },
{ "type": "Feature", "properties": { "OBJECTID": 105, "KOD": "3344", "NAZEV": "Moravský Krumlov", "ORP_KOD": "1651", "VUSC_KOD": "116", "NUTS3_KOD": "CZ064", "SPR_OB_KOD": "594482", "ORIG_FID": 105 }, "geometry": { "type": "Point", "coordinates": [ -624198.477774272789247, -1176619.874590632272884 ] } },
{ "type": "Feature", "properties": { "OBJECTID": 106, "KOD": "3328", "NAZEV": "Hrušovany nad Jevišovkou", "ORP_KOD": "1660", "VUSC_KOD": "116", "NUTS3_KOD": "CZ064", "SPR_OB_KOD": "594156", "ORIG_FID": 106 }, "geometry": { "type": "Point", "coordinates": [ -621273.708116886438802, -1199207.04583812598139 ] } },
{ "type": "Feature", "properties": { "OBJECTID": 107, "KOD": "3361", "NAZEV": "Znojmo", "ORP_KOD": "1660", "VUSC_KOD": "116", "NUTS3_KOD": "CZ064", "SPR_OB_KOD": "593711", "ORIG_FID": 107 }, "geometry": { "type": "Point", "coordinates": [ -640933.681850217282772, -1190142.980296600610018 ] } },
{ "type": "Feature", "properties": { "OBJECTID": 108, "KOD": "3123", "NAZEV": "Konice", "ORP_KOD": "1554", "VUSC_KOD": "124", "NUTS3_KOD": "CZ071", "SPR_OB_KOD": "589624", "ORIG_FID": 108 }, "geometry": { "type": "Point", "coordinates": [ -574279.126716780359857, -1119317.804568908875808 ] } },
{ "type": "Feature", "properties": { "OBJECTID": 109, "KOD": "3131", "NAZEV": "Němčice nad Hanou", "ORP_KOD": "1562", "VUSC_KOD": "124", "NUTS3_KOD": "CZ071", "SPR_OB_KOD": "589756", "ORIG_FID": 109 }, "geometry": { "type": "Point", "coordinates": [ -554755.634098493959755, -1150142.6109083162155 ] } },
{ "type": "Feature", "properties": { "OBJECTID": 110, "KOD": "3140", "NAZEV": "Prostějov", "ORP_KOD": "1562", "VUSC_KOD": "124", "NUTS3_KOD": "CZ071", "SPR_OB_KOD": "589250", "ORIG_FID": 110 }, "geometry": { "type": "Point", "coordinates": [ -555965.892553917248733, -1135110.490746574243531 ] } },
{ "type": "Feature", "properties": { "OBJECTID": 111, "KOD": "3697", "NAZEV": "Litovel", "ORP_KOD": "1881", "VUSC_KOD": "124", "NUTS3_KOD": "CZ071", "SPR_OB_KOD": "503444", "ORIG_FID": 111 }, "geometry": { "type": "Point", "coordinates": [ -562511.67313289816957, -1110179.762183859013021 ] } },
{ "type": "Feature", "properties": { "OBJECTID": 112, "KOD": "3689", "NAZEV": "Hlubočky", "ORP_KOD": "1899", "VUSC_KOD": "124", "NUTS3_KOD": "CZ071", "SPR_OB_KOD": "502146", "ORIG_FID": 112 }, "geometry": { "type": "Point", "coordinates": [ -534942.233143718447536, -1115095.459788548760116 ] } },
{ "type": "Feature", "properties": { "OBJECTID": 113, "KOD": "3701", "NAZEV": "Olomouc", "ORP_KOD": "1899", "VUSC_KOD": "124", "NUTS3_KOD": "CZ071", "SPR_OB_KOD": "500496", "ORIG_FID": 113 }, "geometry": { "type": "Point", "coordinates": [ -544552.838205896201544, -1122527.115534992190078 ] } },
{ "type": "Feature", "properties": { "OBJECTID": 114, "KOD": "3727", "NAZEV": "Vojenský újezd Libavá", "ORP_KOD": "1899", "VUSC_KOD": "124", "NUTS3_KOD": "CZ071", "SPR_OB_KOD": "503941", "ORIG_FID": 114 }, "geometry": { "type": "Point", "coordinates": [ -525178.018850233755074, -1114807.701737291878089 ] } },
{ "type": "Feature", "properties": { "OBJECTID": 115, "KOD": "3719", "NAZEV": "Uničov", "ORP_KOD": "1902", "VUSC_KOD": "124", "NUTS3_KOD": "CZ071", "SPR_OB_KOD": "505587", "ORIG_FID": 115 }, "geometry": { "type": "Point", "coordinates": [ -553872.037627078243531, -1098178.090147888520733 ] } },
{ "type": "Feature", "properties": { "OBJECTID": 116, "KOD": "3450", "NAZEV": "Moravský Beroun", "ORP_KOD": "1911", "VUSC_KOD": "124", "NUTS3_KOD": "CZ071", "SPR_OB_KOD": "597678", "ORIG_FID": 116 }, "geometry": { "type": "Point", "coordinates": [ -529843.058137026266195, -1100473.227258591214195 ] } },
{ "type": "Feature", "properties": { "OBJECTID": 117, "KOD": "3735", "NAZEV": "Šternberk", "ORP_KOD": "1911", "VUSC_KOD": "124", "NUTS3_KOD": "CZ071", "SPR_OB_KOD": "505188", "ORIG_FID": 117 }, "geometry": { "type": "Point", "coordinates": [ -538997.361991011304781, -1104857.578185482649133 ] } },
{ "type": "Feature", "properties": { "OBJECTID": 118, "KOD": "3794", "NAZEV": "Hranice", "ORP_KOD": "1970", "VUSC_KOD": "124", "NUTS3_KOD": "CZ071", "SPR_OB_KOD": "513750", "ORIG_FID": 118 }, "geometry": { "type": "Point", "coordinates": [ -512051.209281666961033, -1127931.129998354706913 ] } },
{ "type": "Feature", "properties": { "OBJECTID": 119, "KOD": "3816", "NAZEV": "Lipník nad Bečvou", "ORP_KOD": "1988", "VUSC_KOD": "124", "NUTS3_KOD": "CZ071", "SPR_OB_KOD": "514705", "ORIG_FID": 119 }, "geometry": { "type": "Point", "coordinates": [ -523576.756057400198188, -1131983.519372624577954 ] } },
{ "type": "Feature", "properties": { "OBJECTID": 120, "KOD": "3808", "NAZEV": "Kojetín", "ORP_KOD": "1996", "VUSC_KOD": "124", "NUTS3_KOD": "CZ071", "SPR_OB_KOD": "514055", "ORIG_FID": 120 }, "geometry": { "type": "Point", "coordinates": [ -547049.835880072321743, -1145949.415428354172036 ] } },
{ "type": "Feature", "properties": { "OBJECTID": 121, "KOD": "3824", "NAZEV": "Přerov", "ORP_KOD": "1996", "VUSC_KOD": "124", "NUTS3_KOD": "CZ071", "SPR_OB_KOD": "511382", "ORIG_FID": 121 }, "geometry": { "type": "Point", "coordinates": [ -532844.592864226549864, -1138887.772770542884246 ] } },
{ "type": "Feature", "properties": { "OBJECTID": 122, "KOD": "3841", "NAZEV": "Mohelnice", "ORP_KOD": "2003", "VUSC_KOD": "124", "NUTS3_KOD": "CZ071", "SPR_OB_KOD": "540471", "ORIG_FID": 122 }, "geometry": { "type": "Point", "coordinates": [ -569480.625031737145036, -1099796.574304014910012 ] } },
{ "type": "Feature", "properties": { "OBJECTID": 123, "KOD": "3506", "NAZEV": "Frýdek-Místek", "ORP_KOD": "1741", "VUSC_KOD": "132", "NUTS3_KOD": "CZ080", "SPR_OB_KOD": "598003", "ORIG_FID": 123 }, "geometry": { "type": "Point", "coordinates": [ -463796.254414287570398, -1118404.827890002168715 ] } },
{ "type": "Feature", "properties": { "OBJECTID": 124, "KOD": "3514", "NAZEV": "Frýdlant nad Ostravicí", "ORP_KOD": "1759", "VUSC_KOD": "132", "NUTS3_KOD": "CZ080", "SPR_OB_KOD": "598143", "ORIG_FID": 124 }, "geometry": { "type": "Point", "coordinates": [ -465495.39185428788187, -1138284.415757283568382 ] } },
{ "type": "Feature", "properties": { "OBJECTID": 125, "KOD": "3522", "NAZEV": "Jablunkov", "ORP_KOD": "1767", "VUSC_KOD": "132", "NUTS3_KOD": "CZ080", "SPR_OB_KOD": "598259", "ORIG_FID": 125 }, "geometry": { "type": "Point", "coordinates": [ -440592.076548565528356, -1135788.842287970939651 ] } },
{ "type": "Feature", "properties": { "OBJECTID": 126, "KOD": "3531", "NAZEV": "Třinec", "ORP_KOD": "1775", "VUSC_KOD": "132", "NUTS3_KOD": "CZ080", "SPR_OB_KOD": "598810", "ORIG_FID": 126 }, "geometry": { "type": "Point", "coordinates": [ -445777.456432047416456, -1124580.697521063964814 ] } },
{ "type": "Feature", "properties": { "OBJECTID": 127, "KOD": "3557", "NAZEV": "Bohumín", "ORP_KOD": "1783", "VUSC_KOD": "132", "NUTS3_KOD": "CZ080", "SPR_OB_KOD": "599051", "ORIG_FID": 127 }, "geometry": { "type": "Point", "coordinates": [ -463012.370699111139402, -1095274.396034138277173 ] } },
{ "type": "Feature", "properties": { "OBJECTID": 128, "KOD": "3565", "NAZEV": "Havířov", "ORP_KOD": "1791", "VUSC_KOD": "132", "NUTS3_KOD": "CZ080", "SPR_OB_KOD": "555088", "ORIG_FID": 128 }, "geometry": { "type": "Point", "coordinates": [ -457348.707846659468487, -1109701.348212346667424 ] } },
{ "type": "Feature", "properties": { "OBJECTID": 129, "KOD": "3573", "NAZEV": "Karviná", "ORP_KOD": "1805", "VUSC_KOD": "132", "NUTS3_KOD": "CZ080", "SPR_OB_KOD": "598917", "ORIG_FID": 129 }, "geometry": { "type": "Point", "coordinates": [ -453071.235848816751968, -1100919.60136719676666 ] } },
{ "type": "Feature", "properties": { "OBJECTID": 130, "KOD": "3581", "NAZEV": "Orlová", "ORP_KOD": "1813", "VUSC_KOD": "132", "NUTS3_KOD": "CZ080", "SPR_OB_KOD": "599069", "ORIG_FID": 130 }, "geometry": { "type": "Point", "coordinates": [ -460247.095302213507239, -1101200.494771375088021 ] } },
{ "type": "Feature", "properties": { "OBJECTID": 131, "KOD": "3590", "NAZEV": "Český Těšín", "ORP_KOD": "1821", "VUSC_KOD": "132", "NUTS3_KOD": "CZ080", "SPR_OB_KOD": "598933", "ORIG_FID": 131 }, "geometry": { "type": "Point", "coordinates": [ -449996.814985288248863, -1113445.775908607756719 ] } },
{ "type": "Feature", "properties": { "OBJECTID": 132, "KOD": "3603", "NAZEV": "Bílovec", "ORP_KOD": "1830", "VUSC_KOD": "132", "NUTS3_KOD": "CZ080", "SPR_OB_KOD": "599247", "ORIG_FID": 132 }, "geometry": { "type": "Point", "coordinates": [ -489663.873411402513739, -1108373.969756367616355 ] } },
{ "type": "Feature", "properties": { "OBJECTID": 133, "KOD": "3671", "NAZEV": "Studénka", "ORP_KOD": "1830", "VUSC_KOD": "132", "NUTS3_KOD": "CZ080", "SPR_OB_KOD": "599921", "ORIG_FID": 133 }, "geometry": { "type": "Point", "coordinates": [ -487890.531392137170769, -1114095.473746221279725 ] } },
{ "type": "Feature", "properties": { "OBJECTID": 134, "KOD": "3611", "NAZEV": "Frenštát pod Radhoštěm", "ORP_KOD": "1848", "VUSC_KOD": "132", "NUTS3_KOD": "CZ080", "SPR_OB_KOD": "599344", "ORIG_FID": 134 }, "geometry": { "type": "Point", "coordinates": [ -479705.984935420390684, -1134256.102069758344442 ] } },
{ "type": "Feature", "properties": { "OBJECTID": 135, "KOD": "3638", "NAZEV": "Kopřivnice", "ORP_KOD": "1856", "VUSC_KOD": "132", "NUTS3_KOD": "CZ080", "SPR_OB_KOD": "599565", "ORIG_FID": 135 }, "geometry": { "type": "Point", "coordinates": [ -483283.700371584563982, -1127502.596135129220784 ] } },
{ "type": "Feature", "properties": { "OBJECTID": 136, "KOD": "3662", "NAZEV": "Příbor", "ORP_KOD": "1856", "VUSC_KOD": "132", "NUTS3_KOD": "CZ080", "SPR_OB_KOD": "599808", "ORIG_FID": 136 }, "geometry": { "type": "Point", "coordinates": [ -481878.342969854129478, -1119081.025747204432264 ] } },
{ "type": "Feature", "properties": { "OBJECTID": 137, "KOD": "3646", "NAZEV": "Nový Jičín", "ORP_KOD": "1864", "VUSC_KOD": "132", "NUTS3_KOD": "CZ080", "SPR_OB_KOD": "599191", "ORIG_FID": 137 }, "geometry": { "type": "Point", "coordinates": [ -493765.826933092204854, -1125214.073150498094037 ] } },
{ "type": "Feature", "properties": { "OBJECTID": 138, "KOD": "3620", "NAZEV": "Fulnek", "ORP_KOD": "1872", "VUSC_KOD": "132", "NUTS3_KOD": "CZ080", "SPR_OB_KOD": "599352", "ORIG_FID": 138 }, "geometry": { "type": "Point", "coordinates": [ -499481.136471239675302, -1110913.743580889422446 ] } },
{ "type": "Feature", "properties": { "OBJECTID": 139, "KOD": "3654", "NAZEV": "Odry", "ORP_KOD": "1872", "VUSC_KOD": "132", "NUTS3_KOD": "CZ080", "SPR_OB_KOD": "599701", "ORIG_FID": 139 }, "geometry": { "type": "Point", "coordinates": [ -506653.334225646103732, -1115820.887212391477078 ] } },
{ "type": "Feature", "properties": { "OBJECTID": 140, "KOD": "3743", "NAZEV": "Hlučín", "ORP_KOD": "1929", "VUSC_KOD": "132", "NUTS3_KOD": "CZ080", "SPR_OB_KOD": "507016", "ORIG_FID": 140 }, "geometry": { "type": "Point", "coordinates": [ -476106.184616798534989, -1091160.130782099906355 ] } },
{ "type": "Feature", "properties": { "OBJECTID": 141, "KOD": "3778", "NAZEV": "Vítkov", "ORP_KOD": "1953", "VUSC_KOD": "132", "NUTS3_KOD": "CZ080", "SPR_OB_KOD": "511021", "ORIG_FID": 141 }, "geometry": { "type": "Point", "coordinates": [ -511434.876437491737306, -1101816.871736503671855 ] } },
{ "type": "Feature", "properties": { "OBJECTID": 142, "KOD": "3549", "NAZEV": "Vratimov", "ORP_KOD": "1961", "VUSC_KOD": "132", "NUTS3_KOD": "CZ080", "SPR_OB_KOD": "598879", "ORIG_FID": 142 }, "geometry": { "type": "Point", "coordinates": [ -467963.164538529585116, -1109932.352236799662933 ] } },
{ "type": "Feature", "properties": { "OBJECTID": 143, "KOD": "3786", "NAZEV": "Ostrava", "ORP_KOD": "1961", "VUSC_KOD": "132", "NUTS3_KOD": "CZ080", "SPR_OB_KOD": "554821", "ORIG_FID": 143 }, "geometry": { "type": "Point", "coordinates": [ -475091.120939249289222, -1104270.199640363221988 ] } },
{ "type": "Feature", "properties": { "OBJECTID": 144, "KOD": "2879", "NAZEV": "Luhačovice", "ORP_KOD": "1422", "VUSC_KOD": "141", "NUTS3_KOD": "CZ072", "SPR_OB_KOD": "585459", "ORIG_FID": 144 }, "geometry": { "type": "Point", "coordinates": [ -510422.147103220166173, -1173980.896145332604647 ] } },
{ "type": "Feature", "properties": { "OBJECTID": 145, "KOD": "2909", "NAZEV": "Slavičín", "ORP_KOD": "1422", "VUSC_KOD": "141", "NUTS3_KOD": "CZ072", "SPR_OB_KOD": "585751", "ORIG_FID": 145 }, "geometry": { "type": "Point", "coordinates": [ -507412.248770015023183, -1181869.02783210715279 ] } },
{ "type": "Feature", "properties": { "OBJECTID": 146, "KOD": "2887", "NAZEV": "Napajedla", "ORP_KOD": "1431", "VUSC_KOD": "141", "NUTS3_KOD": "CZ072", "SPR_OB_KOD": "585513", "ORIG_FID": 146 }, "geometry": { "type": "Point", "coordinates": [ -533591.68579811626114, -1170139.500193543499336 ] } },
{ "type": "Feature", "properties": { "OBJECTID": 147, "KOD": "2895", "NAZEV": "Otrokovice", "ORP_KOD": "1431", "VUSC_KOD": "141", "NUTS3_KOD": "CZ072", "SPR_OB_KOD": "585599", "ORIG_FID": 147 }, "geometry": { "type": "Point", "coordinates": [ -531561.015858075581491, -1164015.42857575812377 ] } },
{ "type": "Feature", "properties": { "OBJECTID": 148, "KOD": "2861", "NAZEV": "Brumov-Bylnice", "ORP_KOD": "1449", "VUSC_KOD": "141", "NUTS3_KOD": "CZ072", "SPR_OB_KOD": "585114", "ORIG_FID": 148 }, "geometry": { "type": "Point", "coordinates": [ -496885.341147748171352, -1184073.206434573745355 ] } },
{ "type": "Feature", "properties": { "OBJECTID": 149, "KOD": "2917", "NAZEV": "Valašské Klobouky", "ORP_KOD": "1449", "VUSC_KOD": "141", "NUTS3_KOD": "CZ072", "SPR_OB_KOD": "585891", "ORIG_FID": 149 }, "geometry": { "type": "Point", "coordinates": [ -499749.154450321337208, -1175076.996014151722193 ] } },
{ "type": "Feature", "properties": { "OBJECTID": 150, "KOD": "2925", "NAZEV": "Vizovice", "ORP_KOD": "1457", "VUSC_KOD": "141", "NUTS3_KOD": "CZ072", "SPR_OB_KOD": "585939", "ORIG_FID": 150 }, "geometry": { "type": "Point", "coordinates": [ -507380.236216179037001, -1164035.813690759707242 ] } },
{ "type": "Feature", "properties": { "OBJECTID": 151, "KOD": "2933", "NAZEV": "Zlín", "ORP_KOD": "1465", "VUSC_KOD": "141", "NUTS3_KOD": "CZ072", "SPR_OB_KOD": "585068", "ORIG_FID": 151 }, "geometry": { "type": "Point", "coordinates": [ -519536.426106578903273, -1164496.467227179091424 ] } },
{ "type": "Feature", "properties": { "OBJECTID": 152, "KOD": "3051", "NAZEV": "Bystřice pod Hostýnem", "ORP_KOD": "1520", "VUSC_KOD": "141", "NUTS3_KOD": "CZ072", "SPR_OB_KOD": "588393", "ORIG_FID": 152 }, "geometry": { "type": "Point", "coordinates": [ -515074.263544340908993, -1146932.246176461223513 ] } },
{ "type": "Feature", "properties": { "OBJECTID": 153, "KOD": "3077", "NAZEV": "Holešov", "ORP_KOD": "1538", "VUSC_KOD": "141", "NUTS3_KOD": "CZ072", "SPR_OB_KOD": "588458", "ORIG_FID": 153 }, "geometry": { "type": "Point", "coordinates": [ -527342.366024393239059, -1152376.884255140088499 ] } },
{ "type": "Feature", "properties": { "OBJECTID": 154, "KOD": "3069", "NAZEV": "Chropyně", "ORP_KOD": "1546", "VUSC_KOD": "141", "NUTS3_KOD": "CZ072", "SPR_OB_KOD": "588512", "ORIG_FID": 154 }, "geometry": { "type": "Point", "coordinates": [ -539828.178577535436489, -1147467.36095906351693 ] } },
{ "type": "Feature", "properties": { "OBJECTID": 155, "KOD": "3085", "NAZEV": "Hulín", "ORP_KOD": "1546", "VUSC_KOD": "141", "NUTS3_KOD": "CZ072", "SPR_OB_KOD": "588491", "ORIG_FID": 155 }, "geometry": { "type": "Point", "coordinates": [ -534508.227979913819581, -1153561.899429687298834 ] } },
{ "type": "Feature", "properties": { "OBJECTID": 156, "KOD": "3093", "NAZEV": "Koryčany", "ORP_KOD": "1546", "VUSC_KOD": "141", "NUTS3_KOD": "CZ072", "SPR_OB_KOD": "588601", "ORIG_FID": 156 }, "geometry": { "type": "Point", "coordinates": [ -555675.303077498218045, -1172543.246276146965101 ] } },
{ "type": "Feature", "properties": { "OBJECTID": 157, "KOD": "3107", "NAZEV": "Kroměříž", "ORP_KOD": "1546", "VUSC_KOD": "141", "NUTS3_KOD": "CZ072", "SPR_OB_KOD": "588296", "ORIG_FID": 157 }, "geometry": { "type": "Point", "coordinates": [ -543049.540712625952438, -1160056.705493138637394 ] } },
{ "type": "Feature", "properties": { "OBJECTID": 158, "KOD": "3115", "NAZEV": "Morkovice-Slížany", "ORP_KOD": "1546", "VUSC_KOD": "141", "NUTS3_KOD": "CZ072", "SPR_OB_KOD": "588768", "ORIG_FID": 158 }, "geometry": { "type": "Point", "coordinates": [ -554744.044302336522378, -1160803.424560642568395 ] } },
{ "type": "Feature", "properties": { "OBJECTID": 159, "KOD": "3221", "NAZEV": "Staré Město", "ORP_KOD": "1601", "VUSC_KOD": "141", "NUTS3_KOD": "CZ072", "SPR_OB_KOD": "550752", "ORIG_FID": 159 }, "geometry": { "type": "Point", "coordinates": [ -545740.167933252640069, -1170877.574525301344693 ] } },
{ "type": "Feature", "properties": { "OBJECTID": 160, "KOD": "3239", "NAZEV": "Uherské Hradiště", "ORP_KOD": "1601", "VUSC_KOD": "141", "NUTS3_KOD": "CZ072", "SPR_OB_KOD": "592005", "ORIG_FID": 160 }, "geometry": { "type": "Point", "coordinates": [ -547345.797283898456953, -1179711.397448742762208 ] } },
{ "type": "Feature", "properties": { "OBJECTID": 161, "KOD": "3255", "NAZEV": "Uherský Ostroh", "ORP_KOD": "1601", "VUSC_KOD": "141", "NUTS3_KOD": "CZ072", "SPR_OB_KOD": "592749", "ORIG_FID": 161 }, "geometry": { "type": "Point", "coordinates": [ -540836.072664139210247, -1189217.503617871319875 ] } },
{ "type": "Feature", "properties": { "OBJECTID": 162, "KOD": "3212", "NAZEV": "Bojkovice", "ORP_KOD": "1619", "VUSC_KOD": "141", "NUTS3_KOD": "CZ072", "SPR_OB_KOD": "592048", "ORIG_FID": 162 }, "geometry": { "type": "Point", "coordinates": [ -512143.517399055534042, -1188808.135703079402447 ] } },
{ "type": "Feature", "properties": { "OBJECTID": 163, "KOD": "3247", "NAZEV": "Uherský Brod", "ORP_KOD": "1619", "VUSC_KOD": "141", "NUTS3_KOD": "CZ072", "SPR_OB_KOD": "592731", "ORIG_FID": 163 }, "geometry": { "type": "Point", "coordinates": [ -522460.719749675714411, -1193318.511688044061884 ] } },
{ "type": "Feature", "properties": { "OBJECTID": 164, "KOD": "3891", "NAZEV": "Rožnov pod Radhoštěm", "ORP_KOD": "2038", "VUSC_KOD": "141", "NUTS3_KOD": "CZ072", "SPR_OB_KOD": "544841", "ORIG_FID": 164 }, "geometry": { "type": "Point", "coordinates": [ -480646.983047205838375, -1144490.738985189469531 ] } },
{ "type": "Feature", "properties": { "OBJECTID": 165, "KOD": "3905", "NAZEV": "Valašské Meziříčí", "ORP_KOD": "2046", "VUSC_KOD": "141", "NUTS3_KOD": "CZ072", "SPR_OB_KOD": "545058", "ORIG_FID": 165 }, "geometry": { "type": "Point", "coordinates": [ -499445.782435566186905, -1140221.912430648924783 ] } },
{ "type": "Feature", "properties": { "OBJECTID": 166, "KOD": "3875", "NAZEV": "Horní Lideč", "ORP_KOD": "2054", "VUSC_KOD": "141", "NUTS3_KOD": "CZ072", "SPR_OB_KOD": "542725", "ORIG_FID": 166 }, "geometry": { "type": "Point", "coordinates": [ -491436.351663038949482, -1170018.134034310933203 ] } },
{ "type": "Feature", "properties": { "OBJECTID": 167, "KOD": "3883", "NAZEV": "Karolinka", "ORP_KOD": "2054", "VUSC_KOD": "141", "NUTS3_KOD": "CZ072", "SPR_OB_KOD": "542911", "ORIG_FID": 167 }, "geometry": { "type": "Point", "coordinates": [ -477542.357140947133303, -1155307.689570601563901 ] } },
{ "type": "Feature", "properties": { "OBJECTID": 168, "KOD": "3913", "NAZEV": "Vsetín", "ORP_KOD": "2054", "VUSC_KOD": "141", "NUTS3_KOD": "CZ072", "SPR_OB_KOD": "541630", "ORIG_FID": 168 }, "geometry": { "type": "Point", "coordinates": [ -496265.301773227285594, -1156419.581249101553112 ] } },
{ "type": "Feature", "properties": { "OBJECTID": 169, "KOD": "19", "NAZEV": "Hlavní město Praha", "ORP_KOD": "19", "VUSC_KOD": "19", "NUTS3_KOD": "CZ010", "SPR_OB_KOD": "554782", "ORIG_FID": 169 }, "geometry": { "type": "Point", "coordinates": [ -736116.956302770995535, -1039488.36285613256041 ] } },
{ "type": "Feature", "properties": { "OBJECTID": 170, "KOD": "35", "NAZEV": "Sázava", "ORP_KOD": "27", "VUSC_KOD": "27", "NUTS3_KOD": "CZ020", "SPR_OB_KOD": "534382", "ORIG_FID": 170 }, "geometry": { "type": "Point", "coordinates": [ -715343.791347320773639, -1072681.495129761984572 ] } },
{ "type": "Feature", "properties": { "OBJECTID": 171, "KOD": "43", "NAZEV": "Týnec nad Sázavou", "ORP_KOD": "27", "VUSC_KOD": "27", "NUTS3_KOD": "CZ020", "SPR_OB_KOD": "530841", "ORIG_FID": 171 }, "geometry": { "type": "Point", "coordinates": [ -738788.930172809865326, -1072472.392184720141813 ] } },
{ "type": "Feature", "properties": { "OBJECTID": 172, "KOD": "78", "NAZEV": "Beroun", "ORP_KOD": "51", "VUSC_KOD": "27", "NUTS3_KOD": "CZ020", "SPR_OB_KOD": "531057", "ORIG_FID": 172 }, "geometry": { "type": "Point", "coordinates": [ -770324.401852789334953, -1054451.219740142347291 ] } },
{ "type": "Feature", "properties": { "OBJECTID": 173, "KOD": "86", "NAZEV": "Hořovice", "ORP_KOD": "60", "VUSC_KOD": "27", "NUTS3_KOD": "CZ020", "SPR_OB_KOD": "531189", "ORIG_FID": 173 }, "geometry": { "type": "Point", "coordinates": [ -782422.70025015831925, -1066290.270486389985308 ] } },
{ "type": "Feature", "properties": { "OBJECTID": 174, "KOD": "94", "NAZEV": "Kladno", "ORP_KOD": "78", "VUSC_KOD": "27", "NUTS3_KOD": "CZ020", "SPR_OB_KOD": "532053", "ORIG_FID": 174 }, "geometry": { "type": "Point", "coordinates": [ -765400.638247567694634, -1032532.37662605708465 ] } },
{ "type": "Feature", "properties": { "OBJECTID": 175, "KOD": "116", "NAZEV": "Unhošť", "ORP_KOD": "78", "VUSC_KOD": "27", "NUTS3_KOD": "CZ020", "SPR_OB_KOD": "533017", "ORIG_FID": 175 }, "geometry": { "type": "Point", "coordinates": [ -765061.695404103607871, -1040771.102956082671881 ] } },
{ "type": "Feature", "properties": { "OBJECTID": 176, "KOD": "108", "NAZEV": "Slaný", "ORP_KOD": "86", "VUSC_KOD": "27", "NUTS3_KOD": "CZ020", "SPR_OB_KOD": "532819", "ORIG_FID": 176 }, "geometry": { "type": "Point", "coordinates": [ -767178.184172077802941, -1020691.457792007131502 ] } },
{ "type": "Feature", "properties": { "OBJECTID": 177, "KOD": "124", "NAZEV": "Velvary", "ORP_KOD": "86", "VUSC_KOD": "27", "NUTS3_KOD": "CZ020", "SPR_OB_KOD": "533041", "ORIG_FID": 177 }, "geometry": { "type": "Point", "coordinates": [ -754563.056467956514098, -1018269.034461842267774 ] } },
{ "type": "Feature", "properties": { "OBJECTID": 178, "KOD": "132", "NAZEV": "Kolín", "ORP_KOD": "94", "VUSC_KOD": "27", "NUTS3_KOD": "CZ020", "SPR_OB_KOD": "533165", "ORIG_FID": 178 }, "geometry": { "type": "Point", "coordinates": [ -690403.649827832006849, -1057065.264016908127815 ] } },
{ "type": "Feature", "properties": { "OBJECTID": 179, "KOD": "159", "NAZEV": "Kouřim", "ORP_KOD": "94", "VUSC_KOD": "27", "NUTS3_KOD": "CZ020", "SPR_OB_KOD": "533424", "ORIG_FID": 179 }, "geometry": { "type": "Point", "coordinates": [ -704845.107129127951339, -1059780.190934667363763 ] } },
{ "type": "Feature", "properties": { "OBJECTID": 180, "KOD": "167", "NAZEV": "Pečky", "ORP_KOD": "94", "VUSC_KOD": "27", "NUTS3_KOD": "CZ020", "SPR_OB_KOD": "537641", "ORIG_FID": 180 }, "geometry": { "type": "Point", "coordinates": [ -699780.92670184513554, -1050620.179827141342685 ] } },
{ "type": "Feature", "properties": { "OBJECTID": 181, "KOD": "175", "NAZEV": "Týnec nad Labem", "ORP_KOD": "94", "VUSC_KOD": "27", "NUTS3_KOD": "CZ020", "SPR_OB_KOD": "533807", "ORIG_FID": 181 }, "geometry": { "type": "Point", "coordinates": [ -675960.901521043502726, -1052321.691337093710899 ] } },
{ "type": "Feature", "properties": { "OBJECTID": 182, "KOD": "183", "NAZEV": "Český Brod", "ORP_KOD": "108", "VUSC_KOD": "27", "NUTS3_KOD": "CZ020", "SPR_OB_KOD": "533271", "ORIG_FID": 182 }, "geometry": { "type": "Point", "coordinates": [ -712331.865787024609745, -1050348.450920027680695 ] } },
{ "type": "Feature", "properties": { "OBJECTID": 183, "KOD": "230", "NAZEV": "Kralupy nad Vltavou", "ORP_KOD": "132", "VUSC_KOD": "27", "NUTS3_KOD": "CZ020", "SPR_OB_KOD": "534951", "ORIG_FID": 183 }, "geometry": { "type": "Point", "coordinates": [ -746089.247564213932492, -1021991.060824735206552 ] } },
{ "type": "Feature", "properties": { "OBJECTID": 184, "KOD": "248", "NAZEV": "Mšeno", "ORP_KOD": "141", "VUSC_KOD": "27", "NUTS3_KOD": "CZ020", "SPR_OB_KOD": "535052", "ORIG_FID": 184 }, "geometry": { "type": "Point", "coordinates": [ -721603.315523356897756, -1007333.913433624547906 ] } },
{ "type": "Feature", "properties": { "OBJECTID": 185, "KOD": "256", "NAZEV": "Mělník", "ORP_KOD": "141", "VUSC_KOD": "27", "NUTS3_KOD": "CZ020", "SPR_OB_KOD": "534676", "ORIG_FID": 185 }, "geometry": { "type": "Point", "coordinates": [ -731578.56739926955197, -1011554.304250685381703 ] } },
{ "type": "Feature", "properties": { "OBJECTID": 186, "KOD": "264", "NAZEV": "Neratovice", "ORP_KOD": "159", "VUSC_KOD": "27", "NUTS3_KOD": "CZ020", "SPR_OB_KOD": "535087", "ORIG_FID": 186 }, "geometry": { "type": "Point", "coordinates": [ -733119.74085592571646, -1025582.807886746595614 ] } },
{ "type": "Feature", "properties": { "OBJECTID": 187, "KOD": "272", "NAZEV": "Benátky nad Jizerou", "ORP_KOD": "167", "VUSC_KOD": "27", "NUTS3_KOD": "CZ020", "SPR_OB_KOD": "535451", "ORIG_FID": 187 }, "geometry": { "type": "Point", "coordinates": [ -714592.072182490606792, -1025948.112637070589699 ] } },
{ "type": "Feature", "properties": { "OBJECTID": 188, "KOD": "281", "NAZEV": "Bělá pod Bezdězem", "ORP_KOD": "167", "VUSC_KOD": "27", "NUTS3_KOD": "CZ020", "SPR_OB_KOD": "535443", "ORIG_FID": 188 }, "geometry": { "type": "Point", "coordinates": [ -710531.501856660470366, -1000995.744343683007173 ] } },
{ "type": "Feature", "properties": { "OBJECTID": 189, "KOD": "299", "NAZEV": "Mladá Boleslav", "ORP_KOD": "167", "VUSC_KOD": "27", "NUTS3_KOD": "CZ020", "SPR_OB_KOD": "535419", "ORIG_FID": 189 }, "geometry": { "type": "Point", "coordinates": [ -703445.4243752527982, -1014622.371359803713858 ] } },
{ "type": "Feature", "properties": { "OBJECTID": 190, "KOD": "302", "NAZEV": "Mnichovo Hradiště", "ORP_KOD": "175", "VUSC_KOD": "27", "NUTS3_KOD": "CZ020", "SPR_OB_KOD": "536326", "ORIG_FID": 190 }, "geometry": { "type": "Point", "coordinates": [ -696217.777261380571872, -999280.885730128269643 ] } },
{ "type": "Feature", "properties": { "OBJECTID": 191, "KOD": "311", "NAZEV": "Lysá nad Labem", "ORP_KOD": "183", "VUSC_KOD": "27", "NUTS3_KOD": "CZ020", "SPR_OB_KOD": "537454", "ORIG_FID": 191 }, "geometry": { "type": "Point", "coordinates": [ -710788.811517802882008, -1035661.031440365826711 ] } },
{ "type": "Feature", "properties": { "OBJECTID": 192, "KOD": "337", "NAZEV": "Nymburk", "ORP_KOD": "191", "VUSC_KOD": "27", "NUTS3_KOD": "CZ020", "SPR_OB_KOD": "537004", "ORIG_FID": 192 }, "geometry": { "type": "Point", "coordinates": [ -694660.551733957021497, -1031640.140900677419268 ] } },
{ "type": "Feature", "properties": { "OBJECTID": 193, "KOD": "353", "NAZEV": "Sadská", "ORP_KOD": "191", "VUSC_KOD": "27", "NUTS3_KOD": "CZ020", "SPR_OB_KOD": "537764", "ORIG_FID": 193 }, "geometry": { "type": "Point", "coordinates": [ -704171.771140436409041, -1043026.493749897461385 ] } },
{ "type": "Feature", "properties": { "OBJECTID": 194, "KOD": "329", "NAZEV": "Městec Králové", "ORP_KOD": "205", "VUSC_KOD": "27", "NUTS3_KOD": "CZ020", "SPR_OB_KOD": "537489", "ORIG_FID": 194 }, "geometry": { "type": "Point", "coordinates": [ -679653.343144863261841, -1036316.689362514996901 ] } },
{ "type": "Feature", "properties": { "OBJECTID": 195, "KOD": "345", "NAZEV": "Poděbrady", "ORP_KOD": "205", "VUSC_KOD": "27", "NUTS3_KOD": "CZ020", "SPR_OB_KOD": "537683", "ORIG_FID": 195 }, "geometry": { "type": "Point", "coordinates": [ -690029.105178028577939, -1043735.851286409888417 ] } },
{ "type": "Feature", "properties": { "OBJECTID": 196, "KOD": "361", "NAZEV": "Brandýs nad Labem-Stará Boleslav", "ORP_KOD": "213", "VUSC_KOD": "27", "NUTS3_KOD": "CZ020", "SPR_OB_KOD": "538094", "ORIG_FID": 196 }, "geometry": { "type": "Point", "coordinates": [ -725420.333323002560064, -1031955.639647460309789 ] } },
{ "type": "Feature", "properties": { "OBJECTID": 197, "KOD": "388", "NAZEV": "Odolena Voda", "ORP_KOD": "213", "VUSC_KOD": "27", "NUTS3_KOD": "CZ020", "SPR_OB_KOD": "538574", "ORIG_FID": 197 }, "geometry": { "type": "Point", "coordinates": [ -739992.389278406393714, -1030490.038945875829086 ] } },
{ "type": "Feature", "properties": { "OBJECTID": 198, "KOD": "396", "NAZEV": "Čelákovice", "ORP_KOD": "213", "VUSC_KOD": "27", "NUTS3_KOD": "CZ020", "SPR_OB_KOD": "538132", "ORIG_FID": 198 }, "geometry": { "type": "Point", "coordinates": [ -719529.49820316885598, -1039832.105050959042273 ] } },
{ "type": "Feature", "properties": { "OBJECTID": 199, "KOD": "418", "NAZEV": "Úvaly", "ORP_KOD": "213", "VUSC_KOD": "27", "NUTS3_KOD": "CZ020", "SPR_OB_KOD": "538957", "ORIG_FID": 199 }, "geometry": { "type": "Point", "coordinates": [ -723088.028005465865135, -1050000.878862048266456 ] } },
{ "type": "Feature", "properties": { "OBJECTID": 200, "KOD": "141", "NAZEV": "Kostelec nad Černými lesy", "ORP_KOD": "221", "VUSC_KOD": "27", "NUTS3_KOD": "CZ020", "SPR_OB_KOD": "533416", "ORIG_FID": 200 }, "geometry": { "type": "Point", "coordinates": [ -714429.628765796427615, -1061766.689916061004624 ] } },
{ "type": "Feature", "properties": { "OBJECTID": 201, "KOD": "370", "NAZEV": "Kamenice", "ORP_KOD": "221", "VUSC_KOD": "27", "NUTS3_KOD": "CZ020", "SPR_OB_KOD": "538299", "ORIG_FID": 201 }, "geometry": { "type": "Point", "coordinates": [ -734583.974304464180022, -1063378.615832725306973 ] } },
{ "type": "Feature", "properties": { "OBJECTID": 202, "KOD": "400", "NAZEV": "Říčany", "ORP_KOD": "221", "VUSC_KOD": "27", "NUTS3_KOD": "CZ020", "SPR_OB_KOD": "538728", "ORIG_FID": 202 }, "geometry": { "type": "Point", "coordinates": [ -725620.580135996104218, -1060394.639446974499151 ] } },
{ "type": "Feature", "properties": { "OBJECTID": 203, "KOD": "426", "NAZEV": "Hostivice", "ORP_KOD": "230", "VUSC_KOD": "27", "NUTS3_KOD": "CZ020", "SPR_OB_KOD": "539244", "ORIG_FID": 203 }, "geometry": { "type": "Point", "coordinates": [ -757207.921345151728019, -1045108.626033601933159 ] } },
{ "type": "Feature", "properties": { "OBJECTID": 204, "KOD": "434", "NAZEV": "Jesenice (okres Praha-západ)", "ORP_KOD": "230", "VUSC_KOD": "27", "NUTS3_KOD": "CZ020", "SPR_OB_KOD": "539325", "ORIG_FID": 204 }, "geometry": { "type": "Point", "coordinates": [ -740572.182236914522946, -1057054.067125814734027 ] } },
{ "type": "Feature", "properties": { "OBJECTID": 205, "KOD": "442", "NAZEV": "Jílové u Prahy", "ORP_KOD": "230", "VUSC_KOD": "27", "NUTS3_KOD": "CZ020", "SPR_OB_KOD": "539333", "ORIG_FID": 205 }, "geometry": { "type": "Point", "coordinates": [ -748099.789060050854459, -1069277.176157012116164 ] } },
{ "type": "Feature", "properties": { "OBJECTID": 206, "KOD": "451", "NAZEV": "Mníšek pod Brdy", "ORP_KOD": "230", "VUSC_KOD": "27", "NUTS3_KOD": "CZ020", "SPR_OB_KOD": "540765", "ORIG_FID": 206 }, "geometry": { "type": "Point", "coordinates": [ -754444.565649532480165, -1065028.28561640274711 ] } },
{ "type": "Feature", "properties": { "OBJECTID": 207, "KOD": "469", "NAZEV": "Roztoky", "ORP_KOD": "230", "VUSC_KOD": "27", "NUTS3_KOD": "CZ020", "SPR_OB_KOD": "539627", "ORIG_FID": 207 }, "geometry": { "type": "Point", "coordinates": [ -748894.209824191289954, -1033233.755521808168851 ] } },
{ "type": "Feature", "properties": { "OBJECTID": 208, "KOD": "477", "NAZEV": "Černošice", "ORP_KOD": "230", "VUSC_KOD": "27", "NUTS3_KOD": "CZ020", "SPR_OB_KOD": "539139", "ORIG_FID": 208 }, "geometry": { "type": "Point", "coordinates": [ -755087.575080003007315, -1057475.628754291916266 ] } },
{ "type": "Feature", "properties": { "OBJECTID": 209, "KOD": "540", "NAZEV": "Jesenice (okres Rakovník)", "ORP_KOD": "272", "VUSC_KOD": "27", "NUTS3_KOD": "CZ020", "SPR_OB_KOD": "541834", "ORIG_FID": 209 }, "geometry": { "type": "Point", "coordinates": [ -807069.158842872129753, -1031655.278850172762759 ] } },
{ "type": "Feature", "properties": { "OBJECTID": 210, "KOD": "558", "NAZEV": "Křivoklát", "ORP_KOD": "272", "VUSC_KOD": "27", "NUTS3_KOD": "CZ020", "SPR_OB_KOD": "541982", "ORIG_FID": 210 }, "geometry": { "type": "Point", "coordinates": [ -782491.20738179446198, -1044437.187999661429785 ] } },
{ "type": "Feature", "properties": { "OBJECTID": 211, "KOD": "566", "NAZEV": "Nové Strašecí", "ORP_KOD": "272", "VUSC_KOD": "27", "NUTS3_KOD": "CZ020", "SPR_OB_KOD": "542164", "ORIG_FID": 211 }, "geometry": { "type": "Point", "coordinates": [ -781661.037111304351129, -1026795.756462274701335 ] } },
{ "type": "Feature", "properties": { "OBJECTID": 212, "KOD": "574", "NAZEV": "Rakovník", "ORP_KOD": "272", "VUSC_KOD": "27", "NUTS3_KOD": "CZ020", "SPR_OB_KOD": "541656", "ORIG_FID": 212 }, "geometry": { "type": "Point", "coordinates": [ -794870.567281249212101, -1035761.020285933278501 ] } },
{ "type": "Feature", "properties": { "OBJECTID": 213, "KOD": "1228", "NAZEV": "Plzeň", "ORP_KOD": "582", "VUSC_KOD": "43", "NUTS3_KOD": "CZ032", "SPR_OB_KOD": "554791", "ORIG_FID": 213 }, "geometry": { "type": "Point", "coordinates": [ -821357.447289199801162, -1070040.085099535994232 ] } },
{ "type": "Feature", "properties": { "OBJECTID": 214, "KOD": "1309", "NAZEV": "Kralovice", "ORP_KOD": "639", "VUSC_KOD": "43", "NUTS3_KOD": "CZ032", "SPR_OB_KOD": "559075", "ORIG_FID": 214 }, "geometry": { "type": "Point", "coordinates": [ -811995.704902312252671, -1043427.820401928387582 ] } },
{ "type": "Feature", "properties": { "OBJECTID": 215, "KOD": "1317", "NAZEV": "Manětín", "ORP_KOD": "639", "VUSC_KOD": "43", "NUTS3_KOD": "CZ032", "SPR_OB_KOD": "559202", "ORIG_FID": 215 }, "geometry": { "type": "Point", "coordinates": [ -833426.050283211865462, -1043389.268152873963118 ] } },
{ "type": "Feature", "properties": { "OBJECTID": 216, "KOD": "1341", "NAZEV": "Plasy", "ORP_KOD": "639", "VUSC_KOD": "43", "NUTS3_KOD": "CZ032", "SPR_OB_KOD": "559351", "ORIG_FID": 216 }, "geometry": { "type": "Point", "coordinates": [ -820261.934234128217213, -1051472.955904384842142 ] } },
{ "type": "Feature", "properties": { "OBJECTID": 217, "KOD": "1325", "NAZEV": "Město Touškov", "ORP_KOD": "647", "VUSC_KOD": "43", "NUTS3_KOD": "CZ032", "SPR_OB_KOD": "559211", "ORIG_FID": 217 }, "geometry": { "type": "Point", "coordinates": [ -834514.178102537174709, -1063059.448005078593269 ] } },
{ "type": "Feature", "properties": { "OBJECTID": 218, "KOD": "1333", "NAZEV": "Nýřany", "ORP_KOD": "647", "VUSC_KOD": "43", "NUTS3_KOD": "CZ032", "SPR_OB_KOD": "559300", "ORIG_FID": 218 }, "geometry": { "type": "Point", "coordinates": [ -837337.082047883654013, -1070182.850221832981333 ] } },
{ "type": "Feature", "properties": { "OBJECTID": 219, "KOD": "1350", "NAZEV": "Třemošná", "ORP_KOD": "647", "VUSC_KOD": "43", "NUTS3_KOD": "CZ032", "SPR_OB_KOD": "559521", "ORIG_FID": 219 }, "geometry": { "type": "Point", "coordinates": [ -819082.640382971381769, -1059970.219732145778835 ] } },
{ "type": "Feature", "properties": { "OBJECTID": 220, "KOD": "1368", "NAZEV": "Všeruby", "ORP_KOD": "647", "VUSC_KOD": "43", "NUTS3_KOD": "CZ032", "SPR_OB_KOD": "559628", "ORIG_FID": 220 }, "geometry": { "type": "Point", "coordinates": [ -843066.379867090261541, -1047862.004137533251196 ] } },
{ "type": "Feature", "properties": { "OBJECTID": 221, "KOD": "1376", "NAZEV": "Radnice", "ORP_KOD": "655", "VUSC_KOD": "43", "NUTS3_KOD": "CZ032", "SPR_OB_KOD": "560120", "ORIG_FID": 221 }, "geometry": { "type": "Point", "coordinates": [ -803819.409965695580468, -1058457.211741879815236 ] } },
{ "type": "Feature", "properties": { "OBJECTID": 222, "KOD": "1392", "NAZEV": "Zbiroh", "ORP_KOD": "655", "VUSC_KOD": "43", "NUTS3_KOD": "CZ032", "SPR_OB_KOD": "560260", "ORIG_FID": 222 }, "geometry": { "type": "Point", "coordinates": [ -794008.497399184736423, -1058710.419225768884644 ] } },
{ "type": "Feature", "properties": { "OBJECTID": 223, "KOD": "1465", "NAZEV": "Bezdružice", "ORP_KOD": "680", "VUSC_KOD": "43", "NUTS3_KOD": "CZ032", "SPR_OB_KOD": "560740", "ORIG_FID": 223 }, "geometry": { "type": "Point", "coordinates": [ -849811.909416043199599, -1051216.103919948916882 ] } },
{ "type": "Feature", "properties": { "OBJECTID": 224, "KOD": "1490", "NAZEV": "Stříbro", "ORP_KOD": "680", "VUSC_KOD": "43", "NUTS3_KOD": "CZ032", "SPR_OB_KOD": "561215", "ORIG_FID": 224 }, "geometry": { "type": "Point", "coordinates": [ -852102.779587360564619, -1064858.00668361550197 ] } },
{ "type": "Feature", "properties": { "OBJECTID": 225, "KOD": "1473", "NAZEV": "Bor", "ORP_KOD": "698", "VUSC_KOD": "43", "NUTS3_KOD": "CZ032", "SPR_OB_KOD": "560758", "ORIG_FID": 225 }, "geometry": { "type": "Point", "coordinates": [ -870438.284014476230368, -1069586.67182716797106 ] } },
{ "type": "Feature", "properties": { "OBJECTID": 226, "KOD": "1481", "NAZEV": "Planá", "ORP_KOD": "698", "VUSC_KOD": "43", "NUTS3_KOD": "CZ032", "SPR_OB_KOD": "561134", "ORIG_FID": 226 }, "geometry": { "type": "Point", "coordinates": [ -865970.735070150345564, -1048966.432292900746688 ] } },
{ "type": "Feature", "properties": { "OBJECTID": 227, "KOD": "1503", "NAZEV": "Tachov", "ORP_KOD": "698", "VUSC_KOD": "43", "NUTS3_KOD": "CZ032", "SPR_OB_KOD": "560715", "ORIG_FID": 227 }, "geometry": { "type": "Point", "coordinates": [ -879496.781409045448527, -1057888.919149348046631 ] } },
{ "type": "Feature", "properties": { "OBJECTID": 228, "KOD": "1074", "NAZEV": "Aš", "ORP_KOD": "507", "VUSC_KOD": "51", "NUTS3_KOD": "CZ041", "SPR_OB_KOD": "554499", "ORIG_FID": 228 }, "geometry": { "type": "Point", "coordinates": [ -896958.64152571989689, -1003314.220516689820215 ] } },
{ "type": "Feature", "properties": { "OBJECTID": 229, "KOD": "1082", "NAZEV": "Cheb", "ORP_KOD": "515", "VUSC_KOD": "51", "NUTS3_KOD": "CZ041", "SPR_OB_KOD": "554481", "ORIG_FID": 229 }, "geometry": { "type": "Point", "coordinates": [ -884275.20810828381218, -1018348.372603946714662 ] } },
{ "type": "Feature", "properties": { "OBJECTID": 230, "KOD": "1091", "NAZEV": "Mariánské Lázně", "ORP_KOD": "523", "VUSC_KOD": "51", "NUTS3_KOD": "CZ041", "SPR_OB_KOD": "554642", "ORIG_FID": 230 }, "geometry": { "type": "Point", "coordinates": [ -865612.255539054051042, -1034758.449927521753125 ] } },
{ "type": "Feature", "properties": { "OBJECTID": 231, "KOD": "1104", "NAZEV": "Karlovy Vary", "ORP_KOD": "531", "VUSC_KOD": "51", "NUTS3_KOD": "CZ041", "SPR_OB_KOD": "554961", "ORIG_FID": 231 }, "geometry": { "type": "Point", "coordinates": [ -846759.752210985054262, -1015502.109151391894557 ] } },
{ "type": "Feature", "properties": { "OBJECTID": 232, "KOD": "1112", "NAZEV": "Nejdek", "ORP_KOD": "531", "VUSC_KOD": "51", "NUTS3_KOD": "CZ041", "SPR_OB_KOD": "555380", "ORIG_FID": 232 }, "geometry": { "type": "Point", "coordinates": [ -858401.999904891708866, -997462.836392523371615 ] } },
{ "type": "Feature", "properties": { "OBJECTID": 233, "KOD": "1139", "NAZEV": "Toužim", "ORP_KOD": "531", "VUSC_KOD": "51", "NUTS3_KOD": "CZ041", "SPR_OB_KOD": "555657", "ORIG_FID": 233 }, "geometry": { "type": "Point", "coordinates": [ -847516.83877072588075, -1031478.989176512463018 ] } },
{ "type": "Feature", "properties": { "OBJECTID": 234, "KOD": "1147", "NAZEV": "Vojenský újezd Hradiště", "ORP_KOD": "531", "VUSC_KOD": "51", "NUTS3_KOD": "CZ041", "SPR_OB_KOD": "555177", "ORIG_FID": 234 }, "geometry": { "type": "Point", "coordinates": [ -831189.546131873852573, -1010496.20052773214411 ] } },
{ "type": "Feature", "properties": { "OBJECTID": 235, "KOD": "1155", "NAZEV": "Žlutice", "ORP_KOD": "531", "VUSC_KOD": "51", "NUTS3_KOD": "CZ041", "SPR_OB_KOD": "555762", "ORIG_FID": 235 }, "geometry": { "type": "Point", "coordinates": [ -830237.743109155097045, -1029289.034951757173985 ] } },
{ "type": "Feature", "properties": { "OBJECTID": 236, "KOD": "1121", "NAZEV": "Ostrov", "ORP_KOD": "540", "VUSC_KOD": "51", "NUTS3_KOD": "CZ041", "SPR_OB_KOD": "555428", "ORIG_FID": 236 }, "geometry": { "type": "Point", "coordinates": [ -845408.661987738218158, -997893.760954870143905 ] } },
{ "type": "Feature", "properties": { "OBJECTID": 237, "KOD": "1422", "NAZEV": "Kraslice", "ORP_KOD": "663", "VUSC_KOD": "51", "NUTS3_KOD": "CZ041", "SPR_OB_KOD": "560472", "ORIG_FID": 237 }, "geometry": { "type": "Point", "coordinates": [ -870668.289815559168346, -997496.061690924456343 ] } },
{ "type": "Feature", "properties": { "OBJECTID": 238, "KOD": "1406", "NAZEV": "Chodov", "ORP_KOD": "671", "VUSC_KOD": "51", "NUTS3_KOD": "CZ041", "SPR_OB_KOD": "560383", "ORIG_FID": 238 }, "geometry": { "type": "Point", "coordinates": [ -860946.663778831600212, -1008211.105846889084205 ] } },
{ "type": "Feature", "properties": { "OBJECTID": 239, "KOD": "1414", "NAZEV": "Horní Slavkov", "ORP_KOD": "671", "VUSC_KOD": "51", "NUTS3_KOD": "CZ041", "SPR_OB_KOD": "560367", "ORIG_FID": 239 }, "geometry": { "type": "Point", "coordinates": [ -857710.532328834058717, -1023203.044134776340798 ] } },
{ "type": "Feature", "properties": { "OBJECTID": 240, "KOD": "1431", "NAZEV": "Kynšperk nad Ohří", "ORP_KOD": "671", "VUSC_KOD": "51", "NUTS3_KOD": "CZ041", "SPR_OB_KOD": "560499", "ORIG_FID": 240 }, "geometry": { "type": "Point", "coordinates": [ -874765.755505427834578, -1020267.649824436055496 ] } },
{ "type": "Feature", "properties": { "OBJECTID": 241, "KOD": "1449", "NAZEV": "Loket", "ORP_KOD": "671", "VUSC_KOD": "51", "NUTS3_KOD": "CZ041", "SPR_OB_KOD": "560537", "ORIG_FID": 241 }, "geometry": { "type": "Point", "coordinates": [ -858688.806709302356467, -1015620.059614691417664 ] } },
{ "type": "Feature", "properties": { "OBJECTID": 242, "KOD": "1457", "NAZEV": "Sokolov", "ORP_KOD": "671", "VUSC_KOD": "51", "NUTS3_KOD": "CZ041", "SPR_OB_KOD": "560286", "ORIG_FID": 242 }, "geometry": { "type": "Point", "coordinates": [ -869037.925691361306235, -1015746.798993899603374 ] } },
{ "type": "Feature", "properties": { "OBJECTID": 243, "KOD": "1571", "NAZEV": "Benešov nad Ploučnicí", "ORP_KOD": "728", "VUSC_KOD": "60", "NUTS3_KOD": "CZ042", "SPR_OB_KOD": "562351", "ORIG_FID": 243 }, "geometry": { "type": "Point", "coordinates": [ -740855.927177997655235, -973109.082245743717067 ] } },
{ "type": "Feature", "properties": { "OBJECTID": 244, "KOD": "1589", "NAZEV": "Děčín", "ORP_KOD": "728", "VUSC_KOD": "60", "NUTS3_KOD": "CZ042", "SPR_OB_KOD": "562335", "ORIG_FID": 244 }, "geometry": { "type": "Point", "coordinates": [ -747162.66938051127363, -963307.845364985056221 ] } },
{ "type": "Feature", "properties": { "OBJECTID": 245, "KOD": "1627", "NAZEV": "Česká Kamenice", "ORP_KOD": "728", "VUSC_KOD": "60", "NUTS3_KOD": "CZ042", "SPR_OB_KOD": "562394", "ORIG_FID": 245 }, "geometry": { "type": "Point", "coordinates": [ -731801.247140214429237, -961510.582973230397329 ] } },
{ "type": "Feature", "properties": { "OBJECTID": 246, "KOD": "1597", "NAZEV": "Rumburk", "ORP_KOD": "736", "VUSC_KOD": "60", "NUTS3_KOD": "CZ042", "SPR_OB_KOD": "562777", "ORIG_FID": 246 }, "geometry": { "type": "Point", "coordinates": [ -724964.720131183159538, -949831.620114195160568 ] } },
{ "type": "Feature", "properties": { "OBJECTID": 247, "KOD": "1619", "NAZEV": "Šluknov", "ORP_KOD": "736", "VUSC_KOD": "60", "NUTS3_KOD": "CZ042", "SPR_OB_KOD": "562858", "ORIG_FID": 247 }, "geometry": { "type": "Point", "coordinates": [ -730513.96983622724656, -943547.892551740747876 ] } },
{ "type": "Feature", "properties": { "OBJECTID": 248, "KOD": "1601", "NAZEV": "Varnsdorf", "ORP_KOD": "744", "VUSC_KOD": "60", "NUTS3_KOD": "CZ042", "SPR_OB_KOD": "562882", "ORIG_FID": 248 }, "geometry": { "type": "Point", "coordinates": [ -721196.032421914627776, -956934.504717931500636 ] } },
{ "type": "Feature", "properties": { "OBJECTID": 249, "KOD": "1651", "NAZEV": "Kadaň", "ORP_KOD": "761", "VUSC_KOD": "60", "NUTS3_KOD": "CZ042", "SPR_OB_KOD": "563102", "ORIG_FID": 249 }, "geometry": { "type": "Point", "coordinates": [ -817329.138097407878377, -1005034.791940683382563 ] } },
{ "type": "Feature", "properties": { "OBJECTID": 250, "KOD": "1660", "NAZEV": "Klášterec nad Ohří", "ORP_KOD": "761", "VUSC_KOD": "60", "NUTS3_KOD": "CZ042", "SPR_OB_KOD": "563129", "ORIG_FID": 250 }, "geometry": { "type": "Point", "coordinates": [ -826690.449085947009735, -996021.949953983305022 ] } },
{ "type": "Feature", "properties": { "OBJECTID": 251, "KOD": "1678", "NAZEV": "Vejprty", "ORP_KOD": "761", "VUSC_KOD": "60", "NUTS3_KOD": "CZ042", "SPR_OB_KOD": "563404", "ORIG_FID": 251 }, "geometry": { "type": "Point", "coordinates": [ -831301.847852368489839, -988908.02258792379871 ] } },
{ "type": "Feature", "properties": { "OBJECTID": 252, "KOD": "1635", "NAZEV": "Chomutov", "ORP_KOD": "752", "VUSC_KOD": "60", "NUTS3_KOD": "CZ042", "SPR_OB_KOD": "562971", "ORIG_FID": 252 }, "geometry": { "type": "Point", "coordinates": [ -812061.461512967944145, -989579.34287746110931 ] } },
{ "type": "Feature", "properties": { "OBJECTID": 253, "KOD": "1643", "NAZEV": "Jirkov", "ORP_KOD": "752", "VUSC_KOD": "60", "NUTS3_KOD": "CZ042", "SPR_OB_KOD": "563099", "ORIG_FID": 253 }, "geometry": { "type": "Point", "coordinates": [ -803355.289028505212627, -987269.524742374313064 ] } },
{ "type": "Feature", "properties": { "OBJECTID": 254, "KOD": "1821", "NAZEV": "Štětí", "ORP_KOD": "825", "VUSC_KOD": "60", "NUTS3_KOD": "CZ042", "SPR_OB_KOD": "565709", "ORIG_FID": 254 }, "geometry": { "type": "Point", "coordinates": [ -738451.967630003462546, -998830.298001969698817 ] } },
{ "type": "Feature", "properties": { "OBJECTID": 255, "KOD": "1830", "NAZEV": "Úštěk", "ORP_KOD": "825", "VUSC_KOD": "60", "NUTS3_KOD": "CZ042", "SPR_OB_KOD": "565814", "ORIG_FID": 255 }, "geometry": { "type": "Point", "coordinates": [ -742685.403053592075594, -986501.319538178038783 ] } },
{ "type": "Feature", "properties": { "OBJECTID": 256, "KOD": "1791", "NAZEV": "Litoměřice", "ORP_KOD": "825", "VUSC_KOD": "60", "NUTS3_KOD": "CZ042", "SPR_OB_KOD": "564567", "ORIG_FID": 256 }, "geometry": { "type": "Point", "coordinates": [ -753457.214511517318897, -991454.877837038598955 ] } },
{ "type": "Feature", "properties": { "OBJECTID": 257, "KOD": "1783", "NAZEV": "Libochovice", "ORP_KOD": "833", "VUSC_KOD": "60", "NUTS3_KOD": "CZ042", "SPR_OB_KOD": "565164", "ORIG_FID": 257 }, "geometry": { "type": "Point", "coordinates": [ -765686.142970382003114, -1002641.836313281790353 ] } },
{ "type": "Feature", "properties": { "OBJECTID": 258, "KOD": "1805", "NAZEV": "Lovosice", "ORP_KOD": "833", "VUSC_KOD": "60", "NUTS3_KOD": "CZ042", "SPR_OB_KOD": "565229", "ORIG_FID": 258 }, "geometry": { "type": "Point", "coordinates": [ -767186.359952591708861, -993074.97958989883773 ] } },
{ "type": "Feature", "properties": { "OBJECTID": 259, "KOD": "1813", "NAZEV": "Roudnice nad Labem", "ORP_KOD": "841", "VUSC_KOD": "60", "NUTS3_KOD": "CZ042", "SPR_OB_KOD": "565555", "ORIG_FID": 259 }, "geometry": { "type": "Point", "coordinates": [ -752245.018527753767557, -1006181.589200886781327 ] } },
{ "type": "Feature", "properties": { "OBJECTID": 260, "KOD": "1881", "NAZEV": "Litvínov", "ORP_KOD": "884", "VUSC_KOD": "60", "NUTS3_KOD": "CZ042", "SPR_OB_KOD": "567256", "ORIG_FID": 260 }, "geometry": { "type": "Point", "coordinates": [ -795968.073293939931318, -976799.596809423528612 ] } },
{ "type": "Feature", "properties": { "OBJECTID": 261, "KOD": "1899", "NAZEV": "Most", "ORP_KOD": "892", "VUSC_KOD": "60", "NUTS3_KOD": "CZ042", "SPR_OB_KOD": "567027", "ORIG_FID": 261 }, "geometry": { "type": "Point", "coordinates": [ -790633.678824093425646, -991405.725584023748524 ] } },
{ "type": "Feature", "properties": { "OBJECTID": 262, "KOD": "1902", "NAZEV": "Bílina", "ORP_KOD": "906", "VUSC_KOD": "60", "NUTS3_KOD": "CZ042", "SPR_OB_KOD": "567451", "ORIG_FID": 262 }, "geometry": { "type": "Point", "coordinates": [ -779199.33394086943008, -987026.372157431673259 ] } },
{ "type": "Feature", "properties": { "OBJECTID": 263, "KOD": "1911", "NAZEV": "Duchcov", "ORP_KOD": "914", "VUSC_KOD": "60", "NUTS3_KOD": "CZ042", "SPR_OB_KOD": "567515", "ORIG_FID": 263 }, "geometry": { "type": "Point", "coordinates": [ -784205.442775618983433, -972977.258989429683425 ] } },
{ "type": "Feature", "properties": { "OBJECTID": 264, "KOD": "1929", "NAZEV": "Krupka", "ORP_KOD": "914", "VUSC_KOD": "60", "NUTS3_KOD": "CZ042", "SPR_OB_KOD": "567639", "ORIG_FID": 264 }, "geometry": { "type": "Point", "coordinates": [ -772025.95338202745188, -969921.184366146568209 ] } },
{ "type": "Feature", "properties": { "OBJECTID": 265, "KOD": "1937", "NAZEV": "Teplice", "ORP_KOD": "914", "VUSC_KOD": "60", "NUTS3_KOD": "CZ042", "SPR_OB_KOD": "567442", "ORIG_FID": 265 }, "geometry": { "type": "Point", "coordinates": [ -774167.339147455757484, -977563.947864784160629 ] } },
{ "type": "Feature", "properties": { "OBJECTID": 266, "KOD": "1945", "NAZEV": "Libouchec", "ORP_KOD": "922", "VUSC_KOD": "60", "NUTS3_KOD": "CZ042", "SPR_OB_KOD": "568058", "ORIG_FID": 266 }, "geometry": { "type": "Point", "coordinates": [ -762260.739806708879769, -964540.163187727332115 ] } },
{ "type": "Feature", "properties": { "OBJECTID": 267, "KOD": "1953", "NAZEV": "Velké Březno", "ORP_KOD": "922", "VUSC_KOD": "60", "NUTS3_KOD": "CZ042", "SPR_OB_KOD": "568350", "ORIG_FID": 267 }, "geometry": { "type": "Point", "coordinates": [ -750907.116592225967906, -978336.792937500053085 ] } },
{ "type": "Feature", "properties": { "OBJECTID": 268, "KOD": "1961", "NAZEV": "Ústí nad Labem", "ORP_KOD": "922", "VUSC_KOD": "60", "NUTS3_KOD": "CZ042", "SPR_OB_KOD": "554804", "ORIG_FID": 268 }, "geometry": { "type": "Point", "coordinates": [ -761197.74291883292608, -976376.105168336653151 ] } },
{ "type": "Feature", "properties": { "OBJECTID": 269, "KOD": "1848", "NAZEV": "Louny", "ORP_KOD": "850", "VUSC_KOD": "60", "NUTS3_KOD": "CZ042", "SPR_OB_KOD": "565971", "ORIG_FID": 269 }, "geometry": { "type": "Point", "coordinates": [ -779892.401706250268035, -1008485.395831360248849 ] } },
{ "type": "Feature", "properties": { "OBJECTID": 270, "KOD": "1864", "NAZEV": "Postoloprty", "ORP_KOD": "850", "VUSC_KOD": "60", "NUTS3_KOD": "CZ042", "SPR_OB_KOD": "566624", "ORIG_FID": 270 }, "geometry": { "type": "Point", "coordinates": [ -790075.248847200651653, -1005053.749538893345743 ] } },
{ "type": "Feature", "properties": { "OBJECTID": 271, "KOD": "1856", "NAZEV": "Podbořany", "ORP_KOD": "868", "VUSC_KOD": "60", "NUTS3_KOD": "CZ042", "SPR_OB_KOD": "566616", "ORIG_FID": 271 }, "geometry": { "type": "Point", "coordinates": [ -813830.858379060635343, -1021116.902425958542153 ] } },
{ "type": "Feature", "properties": { "OBJECTID": 272, "KOD": "1872", "NAZEV": "Žatec", "ORP_KOD": "876", "VUSC_KOD": "60", "NUTS3_KOD": "CZ042", "SPR_OB_KOD": "566985", "ORIG_FID": 272 }, "geometry": { "type": "Point", "coordinates": [ -799025.218988576671109, -1009836.396983802202158 ] } },
{ "type": "Feature", "properties": { "OBJECTID": 273, "KOD": "1511", "NAZEV": "Cvikov", "ORP_KOD": "701", "VUSC_KOD": "78", "NUTS3_KOD": "CZ051", "SPR_OB_KOD": "561479", "ORIG_FID": 273 }, "geometry": { "type": "Point", "coordinates": [ -716590.243855523411185, -967213.503096023341641 ] } },
{ "type": "Feature", "properties": { "OBJECTID": 274, "KOD": "1554", "NAZEV": "Nový Bor", "ORP_KOD": "701", "VUSC_KOD": "78", "NUTS3_KOD": "CZ051", "SPR_OB_KOD": "561860", "ORIG_FID": 274 }, "geometry": { "type": "Point", "coordinates": [ -724859.275858267443255, -969858.484760686638765 ] } },
{ "type": "Feature", "properties": { "OBJECTID": 275, "KOD": "1520", "NAZEV": "Doksy", "ORP_KOD": "710", "VUSC_KOD": "78", "NUTS3_KOD": "CZ051", "SPR_OB_KOD": "561495", "ORIG_FID": 275 }, "geometry": { "type": "Point", "coordinates": [ -723321.50127950462047, -994002.017746588331647 ] } },
{ "type": "Feature", "properties": { "OBJECTID": 276, "KOD": "1546", "NAZEV": "Mimoň", "ORP_KOD": "710", "VUSC_KOD": "78", "NUTS3_KOD": "CZ051", "SPR_OB_KOD": "561835", "ORIG_FID": 276 }, "geometry": { "type": "Point", "coordinates": [ -708485.644616504549049, -984189.818770612240769 ] } },
{ "type": "Feature", "properties": { "OBJECTID": 277, "KOD": "1562", "NAZEV": "Česká Lípa", "ORP_KOD": "710", "VUSC_KOD": "78", "NUTS3_KOD": "CZ051", "SPR_OB_KOD": "561380", "ORIG_FID": 277 }, "geometry": { "type": "Point", "coordinates": [ -727593.025385052664205, -980349.178342008031905 ] } },
{ "type": "Feature", "properties": { "OBJECTID": 278, "KOD": "1686", "NAZEV": "Jablonec nad Nisou", "ORP_KOD": "779", "VUSC_KOD": "78", "NUTS3_KOD": "CZ051", "SPR_OB_KOD": "563510", "ORIG_FID": 278 }, "geometry": { "type": "Point", "coordinates": [ -680284.39432110148482, -977939.060046931845136 ] } },
{ "type": "Feature", "properties": { "OBJECTID": 279, "KOD": "1708", "NAZEV": "Železný Brod", "ORP_KOD": "795", "VUSC_KOD": "78", "NUTS3_KOD": "CZ051", "SPR_OB_KOD": "563871", "ORIG_FID": 279 }, "geometry": { "type": "Point", "coordinates": [ -675401.605258682160638, -986917.536717022070661 ] } },
{ "type": "Feature", "properties": { "OBJECTID": 280, "KOD": "1724", "NAZEV": "Frýdlant", "ORP_KOD": "809", "VUSC_KOD": "78", "NUTS3_KOD": "CZ051", "SPR_OB_KOD": "564028", "ORIG_FID": 280 }, "geometry": { "type": "Point", "coordinates": [ -681173.563504572142847, -957540.146635524579324 ] } },
{ "type": "Feature", "properties": { "OBJECTID": 281, "KOD": "1767", "NAZEV": "Nové Město pod Smrkem", "ORP_KOD": "809", "VUSC_KOD": "78", "NUTS3_KOD": "CZ051", "SPR_OB_KOD": "564265", "ORIG_FID": 281 }, "geometry": { "type": "Point", "coordinates": [ -673727.938139790087007, -959452.879480024450459 ] } },
{ "type": "Feature", "properties": { "OBJECTID": 282, "KOD": "1538", "NAZEV": "Jablonné v Podještědí", "ORP_KOD": "817", "VUSC_KOD": "78", "NUTS3_KOD": "CZ051", "SPR_OB_KOD": "561631", "ORIG_FID": 282 }, "geometry": { "type": "Point", "coordinates": [ -708226.670975047280081, -969864.117595322080888 ] } },
{ "type": "Feature", "properties": { "OBJECTID": 283, "KOD": "1716", "NAZEV": "Chrastava", "ORP_KOD": "817", "VUSC_KOD": "78", "NUTS3_KOD": "CZ051", "SPR_OB_KOD": "564117", "ORIG_FID": 283 }, "geometry": { "type": "Point", "coordinates": [ -690586.575570607208647, -965821.089060031459667 ] } },
{ "type": "Feature", "properties": { "OBJECTID": 284, "KOD": "1732", "NAZEV": "Hodkovice nad Mohelkou", "ORP_KOD": "817", "VUSC_KOD": "78", "NUTS3_KOD": "CZ051", "SPR_OB_KOD": "564061", "ORIG_FID": 284 }, "geometry": { "type": "Point", "coordinates": [ -687241.6512467720313, -984950.468557802261785 ] } },
{ "type": "Feature", "properties": { "OBJECTID": 285, "KOD": "1741", "NAZEV": "Hrádek nad Nisou", "ORP_KOD": "817", "VUSC_KOD": "78", "NUTS3_KOD": "CZ051", "SPR_OB_KOD": "564095", "ORIG_FID": 285 }, "geometry": { "type": "Point", "coordinates": [ -702940.399487365619279, -966107.523124679457396 ] } },
{ "type": "Feature", "properties": { "OBJECTID": 286, "KOD": "1759", "NAZEV": "Liberec", "ORP_KOD": "817", "VUSC_KOD": "78", "NUTS3_KOD": "CZ051", "SPR_OB_KOD": "563889", "ORIG_FID": 286 }, "geometry": { "type": "Point", "coordinates": [ -688452.337183902040124, -974986.478194889612496 ] } },
{ "type": "Feature", "properties": { "OBJECTID": 287, "KOD": "1775", "NAZEV": "Český Dub", "ORP_KOD": "817", "VUSC_KOD": "78", "NUTS3_KOD": "CZ051", "SPR_OB_KOD": "563960", "ORIG_FID": 287 }, "geometry": { "type": "Point", "coordinates": [ -696545.896490548737347, -981721.711559102172032 ] } },
{ "type": "Feature", "properties": { "OBJECTID": 288, "KOD": "2470", "NAZEV": "Turnov", "ORP_KOD": "1155", "VUSC_KOD": "78", "NUTS3_KOD": "CZ051", "SPR_OB_KOD": "577626", "ORIG_FID": 288 }, "geometry": { "type": "Point", "coordinates": [ -683393.538574379868805, -995589.193603939842433 ] } },
{ "type": "Feature", "properties": { "OBJECTID": 289, "KOD": "2186", "NAZEV": "Kopidlno", "ORP_KOD": "1015", "VUSC_KOD": "86", "NUTS3_KOD": "CZ052", "SPR_OB_KOD": "573060", "ORIG_FID": 289 }, "geometry": { "type": "Point", "coordinates": [ -681376.629120940342546, -1021851.635206056642346 ] } },
{ "type": "Feature", "properties": { "OBJECTID": 290, "KOD": "2216", "NAZEV": "Sobotka", "ORP_KOD": "1015", "VUSC_KOD": "86", "NUTS3_KOD": "CZ052", "SPR_OB_KOD": "573493", "ORIG_FID": 290 }, "geometry": { "type": "Point", "coordinates": [ -682462.417470256914385, -1008931.56230481248349 ] } },
{ "type": "Feature", "properties": { "OBJECTID": 291, "KOD": "", "NAZEV": "Úřad městské části Praha 19 - Stavební úřad", "ORP_KOD": "19", "VUSC_KOD": "19", "NUTS3_KOD": "CZ010", "SPR_OB_KOD": "", "ORIG_FID": 291 }, "geometry": { "type": "Point", "coordinates": [ -731925.481346464948729, -1039274.378889301791787 ] } },
{ "type": "Feature", "properties": { "OBJECTID": 292, "KOD": "", "NAZEV": "Úřad městské části Praha 8 - Stavební úřad", "ORP_KOD": "19", "VUSC_KOD": "19", "NUTS3_KOD": "CZ010", "SPR_OB_KOD": "", "ORIG_FID": 292 }, "geometry": { "type": "Point", "coordinates": [ -739489.581343933357857, -1038014.257281079888344 ] } },
{ "type": "Feature", "properties": { "OBJECTID": 293, "KOD": "", "NAZEV": "Úřad městské části Praha 9 - Stavební úřad", "ORP_KOD": "19", "VUSC_KOD": "19", "NUTS3_KOD": "CZ010", "SPR_OB_KOD": "", "ORIG_FID": 293 }, "geometry": { "type": "Point", "coordinates": [ -736410.59995894820895, -1041506.249163526576012 ] } },
{ "type": "Feature", "properties": { "OBJECTID": 294, "KOD": "", "NAZEV": "Úřad městské části Praha 21 - Stavební úřad", "ORP_KOD": "19", "VUSC_KOD": "19", "NUTS3_KOD": "CZ010", "SPR_OB_KOD": "", "ORIG_FID": 294 }, "geometry": { "type": "Point", "coordinates": [ -726566.024570344947278, -1045962.747855208581313 ] } },
{ "type": "Feature", "properties": { "OBJECTID": 295, "KOD": "", "NAZEV": "Úřad městské části Praha 3 - Stavební úřad", "ORP_KOD": "19", "VUSC_KOD": "19", "NUTS3_KOD": "CZ010", "SPR_OB_KOD": "", "ORIG_FID": 295 }, "geometry": { "type": "Point", "coordinates": [ -739383.797272276831791, -1043589.656014754320495 ] } },
{ "type": "Feature", "properties": { "OBJECTID": 296, "KOD": "", "NAZEV": "Úřad městské části Praha 11 - Stavební úřad", "ORP_KOD": "19", "VUSC_KOD": "19", "NUTS3_KOD": "CZ010", "SPR_OB_KOD": "", "ORIG_FID": 296 }, "geometry": { "type": "Point", "coordinates": [ -736587.526129134465009, -1051145.826278383145109 ] } },
{ "type": "Feature", "properties": { "OBJECTID": 297, "KOD": "", "NAZEV": "Úřad městské části Praha 16 - Stavební úřad", "ORP_KOD": "19", "VUSC_KOD": "19", "NUTS3_KOD": "CZ010", "SPR_OB_KOD": "", "ORIG_FID": 297 }, "geometry": { "type": "Point", "coordinates": [ -748192.116494155256078, -1053947.913992580492049 ] } },
{ "type": "Feature", "properties": { "OBJECTID": 298, "KOD": "", "NAZEV": "Úřad městské části Praha 7 - Stavební úřad", "ORP_KOD": "19", "VUSC_KOD": "19", "NUTS3_KOD": "CZ010", "SPR_OB_KOD": "", "ORIG_FID": 298 }, "geometry": { "type": "Point", "coordinates": [ -742058.512267531361431, -1040660.14484947512392 ] } },
{ "type": "Feature", "properties": { "OBJECTID": 299, "KOD": "", "NAZEV": "Úřad městské části Praha 13 - Stavební úřad", "ORP_KOD": "19", "VUSC_KOD": "19", "NUTS3_KOD": "CZ010", "SPR_OB_KOD": "", "ORIG_FID": 299 }, "geometry": { "type": "Point", "coordinates": [ -751156.850842051790096, -1047625.399941757670604 ] } },
{ "type": "Feature", "properties": { "OBJECTID": 300, "KOD": "", "NAZEV": "Úřad městské části Praha 14 - Stavební úřad", "ORP_KOD": "19", "VUSC_KOD": "19", "NUTS3_KOD": "CZ010", "SPR_OB_KOD": "", "ORIG_FID": 300 }, "geometry": { "type": "Point", "coordinates": [ -732493.514465514221229, -1043229.814884819323197 ] } },
{ "type": "Feature", "properties": { "OBJECTID": 301, "KOD": "", "NAZEV": "Úřad městské části Praha 6 - Stavební úřad", "ORP_KOD": "19", "VUSC_KOD": "19", "NUTS3_KOD": "CZ010", "SPR_OB_KOD": "", "ORIG_FID": 301 }, "geometry": { "type": "Point", "coordinates": [ -749649.462326755514368, -1041014.118714658659883 ] } },
{ "type": "Feature", "properties": { "OBJECTID": 302, "KOD": "", "NAZEV": "Úřad městské části Praha 2 - Stavební úřad", "ORP_KOD": "19", "VUSC_KOD": "19", "NUTS3_KOD": "CZ010", "SPR_OB_KOD": "", "ORIG_FID": 302 }, "geometry": { "type": "Point", "coordinates": [ -742379.585277392645366, -1044736.438806482823566 ] } },
{ "type": "Feature", "properties": { "OBJECTID": 303, "KOD": "", "NAZEV": "Úřad městské části Praha 18 - Stavební úřad", "ORP_KOD": "19", "VUSC_KOD": "19", "NUTS3_KOD": "CZ010", "SPR_OB_KOD": "", "ORIG_FID": 303 }, "geometry": { "type": "Point", "coordinates": [ -734627.202694345498458, -1037077.318733433028683 ] } },
{ "type": "Feature", "properties": { "OBJECTID": 304, "KOD": "", "NAZEV": "Úřad městské části Praha 22 - Stavební úřad", "ORP_KOD": "19", "VUSC_KOD": "19", "NUTS3_KOD": "CZ010", "SPR_OB_KOD": "", "ORIG_FID": 304 }, "geometry": { "type": "Point", "coordinates": [ -729648.382844157051295, -1051535.518440227024257 ] } },
{ "type": "Feature", "properties": { "OBJECTID": 305, "KOD": "", "NAZEV": "Úřad městské části Praha 5 - Stavební úřad", "ORP_KOD": "19", "VUSC_KOD": "19", "NUTS3_KOD": "CZ010", "SPR_OB_KOD": "", "ORIG_FID": 305 }, "geometry": { "type": "Point", "coordinates": [ -747048.483657802920789, -1046868.788461337448098 ] } },
{ "type": "Feature", "properties": { "OBJECTID": 306, "KOD": "", "NAZEV": "Úřad městské části Praha 17 - Stavební úřad", "ORP_KOD": "19", "VUSC_KOD": "19", "NUTS3_KOD": "CZ010", "SPR_OB_KOD": "", "ORIG_FID": 306 }, "geometry": { "type": "Point", "coordinates": [ -752688.222733385977335, -1044228.33376778406091 ] } },
{ "type": "Feature", "properties": { "OBJECTID": 307, "KOD": "", "NAZEV": "Úřad městské části Praha 4 - Stavební úřad", "ORP_KOD": "19", "VUSC_KOD": "19", "NUTS3_KOD": "CZ010", "SPR_OB_KOD": "", "ORIG_FID": 307 }, "geometry": { "type": "Point", "coordinates": [ -741877.001345180091448, -1048193.534570041461848 ] } },
{ "type": "Feature", "properties": { "OBJECTID": 308, "KOD": "", "NAZEV": "Úřad městské části Praha 12 - Stavební úřad", "ORP_KOD": "19", "VUSC_KOD": "19", "NUTS3_KOD": "CZ010", "SPR_OB_KOD": "", "ORIG_FID": 308 }, "geometry": { "type": "Point", "coordinates": [ -743198.542426842730492, -1053506.602289046626538 ] } },
{ "type": "Feature", "properties": { "OBJECTID": 309, "KOD": "", "NAZEV": "Úřad městské části Praha 15 - Stavební úřad", "ORP_KOD": "19", "VUSC_KOD": "19", "NUTS3_KOD": "CZ010", "SPR_OB_KOD": "", "ORIG_FID": 309 }, "geometry": { "type": "Point", "coordinates": [ -733389.307744764140807, -1047642.705043954658322 ] } },
{ "type": "Feature", "properties": { "OBJECTID": 310, "KOD": "", "NAZEV": "Úřad městské části Praha 1 - Stavební úřad", "ORP_KOD": "19", "VUSC_KOD": "19", "NUTS3_KOD": "CZ010", "SPR_OB_KOD": "", "ORIG_FID": 310 }, "geometry": { "type": "Point", "coordinates": [ -743354.364583833958022, -1043029.66682958509773 ] } },
{ "type": "Feature", "properties": { "OBJECTID": 311, "KOD": "", "NAZEV": "Úřad městské části Praha 20 - Stavební úřad", "ORP_KOD": "19", "VUSC_KOD": "19", "NUTS3_KOD": "CZ010", "SPR_OB_KOD": "", "ORIG_FID": 311 }, "geometry": { "type": "Point", "coordinates": [ -728288.902849442209117, -1042351.6634680373827 ] } },
{ "type": "Feature", "properties": { "OBJECTID": 312, "KOD": "", "NAZEV": "Úřad městské části Praha 10 - Stavební úřad", "ORP_KOD": "19", "VUSC_KOD": "19", "NUTS3_KOD": "CZ010", "SPR_OB_KOD": "", "ORIG_FID": 312 }, "geometry": { "type": "Point", "coordinates": [ -737900.519037730875425, -1045698.648403250379488 ] } },
{ "type": "Feature", "properties": { "OBJECTID": 313, "KOD": "", "NAZEV": "Městský úřad Úvaly - Stavební úřad", "ORP_KOD": "213", "VUSC_KOD": "27", "NUTS3_KOD": "CZ020", "SPR_OB_KOD": "", "ORIG_FID": 313 }, "geometry": { "type": "Point", "coordinates": [ -724340.237124321982265, -1043937.000721837859601 ] } },
{ "type": "Feature", "properties": { "OBJECTID": 314, "KOD": "", "NAZEV": "Městský úřad Rudná - Stavební úřad", "ORP_KOD": "230", "VUSC_KOD": "27", "NUTS3_KOD": "CZ020", "SPR_OB_KOD": "", "ORIG_FID": 314 }, "geometry": { "type": "Point", "coordinates": [ -754179.289062511175871, -1046281.723801558720879 ] } },
{ "type": "Feature", "properties": { "OBJECTID": 315, "KOD": "", "NAZEV": "Městský úřad Hostivice - Stavební úřad", "ORP_KOD": "230", "VUSC_KOD": "27", "NUTS3_KOD": "CZ020", "SPR_OB_KOD": "", "ORIG_FID": 315 }, "geometry": { "type": "Point", "coordinates": [ -752293.797118982532993, -1038260.958421776769683 ] } },
{ "type": "Feature", "properties": { "OBJECTID": 316, "KOD": "", "NAZEV": "Obecní úřad Dolní Břežany - Stavební úřad", "ORP_KOD": "230", "VUSC_KOD": "27", "NUTS3_KOD": "CZ020", "SPR_OB_KOD": "", "ORIG_FID": 316 }, "geometry": { "type": "Point", "coordinates": [ -745916.421569762169383, -1055702.631625304929912 ] } },
{ "type": "Feature", "properties": { "OBJECTID": 317, "KOD": "", "NAZEV": "Obecní úřad Jesenice - Stavební úřad", "ORP_KOD": "230", "VUSC_KOD": "27", "NUTS3_KOD": "CZ020", "SPR_OB_KOD": "", "ORIG_FID": 317 }, "geometry": { "type": "Point", "coordinates": [ -738030.781519098090939, -1053884.816171324346215 ] } },
{ "type": "Feature", "properties": { "OBJECTID": 318, "KOD": "", "NAZEV": "Městský úřad Mníšek pod Brdy - Stavební úřad", "ORP_KOD": "230", "VUSC_KOD": "27", "NUTS3_KOD": "CZ020", "SPR_OB_KOD": "", "ORIG_FID": 318 }, "geometry": { "type": "Point", "coordinates": [ -746967.680032396689057, -1058662.206803878070787 ] } },
{ "type": "Feature", "properties": { "OBJECTID": 319, "KOD": "2437", "NAZEV": "Jilemnice", "ORP_KOD": "1139", "VUSC_KOD": "78", "NUTS3_KOD": "CZ051", "SPR_OB_KOD": "577197", "ORIG_FID": 319 }, "geometry": { "type": "Point", "coordinates": [ -657441.711928181932308, -994599.038239278364927 ] } },
{ "type": "Feature", "properties": { "OBJECTID": 320, "KOD": "2453", "NAZEV": "Rokytnice nad Jizerou", "ORP_KOD": "1139", "VUSC_KOD": "78", "NUTS3_KOD": "CZ051", "SPR_OB_KOD": "577456", "ORIG_FID": 320 }, "geometry": { "type": "Point", "coordinates": [ -660483.450778576079756, -983167.874435810372233 ] } },
{ "type": "Feature", "properties": { "OBJECTID": 321, "KOD": "2046", "NAZEV": "Hradec Králové", "ORP_KOD": "965", "VUSC_KOD": "86", "NUTS3_KOD": "CZ052", "SPR_OB_KOD": "569810", "ORIG_FID": 321 }, "geometry": { "type": "Point", "coordinates": [ -643964.523966584703885, -1040961.070446797064506 ] } },
{ "type": "Feature", "properties": { "OBJECTID": 322, "KOD": "2054", "NAZEV": "Nechanice", "ORP_KOD": "965", "VUSC_KOD": "86", "NUTS3_KOD": "CZ052", "SPR_OB_KOD": "570451", "ORIG_FID": 322 }, "geometry": { "type": "Point", "coordinates": [ -653883.907749047735706, -1036500.382561879581772 ] } },
{ "type": "Feature", "properties": { "OBJECTID": 323, "KOD": "2071", "NAZEV": "Smiřice", "ORP_KOD": "965", "VUSC_KOD": "86", "NUTS3_KOD": "CZ052", "SPR_OB_KOD": "570877", "ORIG_FID": 323 }, "geometry": { "type": "Point", "coordinates": [ -639912.661642461665906, -1031445.519516157917678 ] } },
{ "type": "Feature", "properties": { "OBJECTID": 324, "KOD": "2089", "NAZEV": "Třebechovice pod Orebem", "ORP_KOD": "965", "VUSC_KOD": "86", "NUTS3_KOD": "CZ052", "SPR_OB_KOD": "571041", "ORIG_FID": 324 }, "geometry": { "type": "Point", "coordinates": [ -630133.299458921188489, -1043995.226259896997362 ] } },
{ "type": "Feature", "properties": { "OBJECTID": 325, "KOD": "2160", "NAZEV": "Hořice", "ORP_KOD": "1007", "VUSC_KOD": "86", "NUTS3_KOD": "CZ052", "SPR_OB_KOD": "572926", "ORIG_FID": 325 }, "geometry": { "type": "Point", "coordinates": [ -655752.477226712158881, -1025200.226068267947994 ] } },
{ "type": "Feature", "properties": { "OBJECTID": 326, "KOD": "2194", "NAZEV": "Lázně Bělohrad", "ORP_KOD": "1015", "VUSC_KOD": "86", "NUTS3_KOD": "CZ052", "SPR_OB_KOD": "573094", "ORIG_FID": 326 }, "geometry": { "type": "Point", "coordinates": [ -657562.034035220160149, -1015740.36846864328254 ] } },
{ "type": "Feature", "properties": { "OBJECTID": 327, "KOD": "2208", "NAZEV": "Nová Paka", "ORP_KOD": "1023", "VUSC_KOD": "86", "NUTS3_KOD": "CZ052", "SPR_OB_KOD": "573248", "ORIG_FID": 327 }, "geometry": { "type": "Point", "coordinates": [ -658383.476186268148012, -1008875.979544808040373 ] } },
{ "type": "Feature", "properties": { "OBJECTID": 328, "KOD": "2224", "NAZEV": "Broumov", "ORP_KOD": "1031", "VUSC_KOD": "86", "NUTS3_KOD": "CZ052", "SPR_OB_KOD": "573922", "ORIG_FID": 328 }, "geometry": { "type": "Point", "coordinates": [ -600523.952952296240255, -1005072.54550464625936 ] } },
{ "type": "Feature", "properties": { "OBJECTID": 329, "KOD": "2283", "NAZEV": "Teplice nad Metují", "ORP_KOD": "1031", "VUSC_KOD": "86", "NUTS3_KOD": "CZ052", "SPR_OB_KOD": "574538", "ORIG_FID": 329 }, "geometry": { "type": "Point", "coordinates": [ -606578.057830918347463, -997727.439390642684884 ] } },
{ "type": "Feature", "properties": { "OBJECTID": 330, "KOD": "2241", "NAZEV": "Jaroměř", "ORP_KOD": "1040", "VUSC_KOD": "86", "NUTS3_KOD": "CZ052", "SPR_OB_KOD": "574121", "ORIG_FID": 330 }, "geometry": { "type": "Point", "coordinates": [ -631850.590356937493198, -1027059.037666503456421 ] } },
{ "type": "Feature", "properties": { "OBJECTID": 331, "KOD": "2259", "NAZEV": "Nové Město nad Metují", "ORP_KOD": "1058", "VUSC_KOD": "86", "NUTS3_KOD": "CZ052", "SPR_OB_KOD": "574279", "ORIG_FID": 331 }, "geometry": { "type": "Point", "coordinates": [ -618882.050388983800076, -1029215.567748055094853 ] } },
{ "type": "Feature", "properties": { "OBJECTID": 332, "KOD": "2232", "NAZEV": "Hronov", "ORP_KOD": "1066", "VUSC_KOD": "86", "NUTS3_KOD": "CZ052", "SPR_OB_KOD": "574082", "ORIG_FID": 332 }, "geometry": { "type": "Point", "coordinates": [ -612660.127145599923097, -1014490.347120955120772 ] } },
{ "type": "Feature", "properties": { "OBJECTID": 333, "KOD": "2267", "NAZEV": "Náchod", "ORP_KOD": "1066", "VUSC_KOD": "86", "NUTS3_KOD": "CZ052", "SPR_OB_KOD": "573868", "ORIG_FID": 333 }, "geometry": { "type": "Point", "coordinates": [ -614198.666423341375776, -1023400.049416366615333 ] } },
{ "type": "Feature", "properties": { "OBJECTID": 334, "KOD": "2275", "NAZEV": "Police nad Metují", "ORP_KOD": "1066", "VUSC_KOD": "86", "NUTS3_KOD": "CZ052", "SPR_OB_KOD": "574341", "ORIG_FID": 334 }, "geometry": { "type": "Point", "coordinates": [ -608207.520422131172381, -1009839.006113036186434 ] } },
{ "type": "Feature", "properties": { "OBJECTID": 335, "KOD": "2291", "NAZEV": "Červený Kostelec", "ORP_KOD": "1066", "VUSC_KOD": "86", "NUTS3_KOD": "CZ052", "SPR_OB_KOD": "573965", "ORIG_FID": 335 }, "geometry": { "type": "Point", "coordinates": [ -619453.934186462895013, -1016151.348396486020647 ] } },
{ "type": "Feature", "properties": { "OBJECTID": 336, "KOD": "2305", "NAZEV": "Česká Skalice", "ORP_KOD": "1066", "VUSC_KOD": "86", "NUTS3_KOD": "CZ052", "SPR_OB_KOD": "573990", "ORIG_FID": 336 }, "geometry": { "type": "Point", "coordinates": [ -623436.9459408512339, -1023436.151851934380829 ] } },
{ "type": "Feature", "properties": { "OBJECTID": 337, "KOD": "2364", "NAZEV": "Dobruška", "ORP_KOD": "1104", "VUSC_KOD": "86", "NUTS3_KOD": "CZ052", "SPR_OB_KOD": "576271", "ORIG_FID": 337 }, "geometry": { "type": "Point", "coordinates": [ -609237.348124423995614, -1034833.570021474151872 ] } },
{ "type": "Feature", "properties": { "OBJECTID": 338, "KOD": "2381", "NAZEV": "Opočno", "ORP_KOD": "1104", "VUSC_KOD": "86", "NUTS3_KOD": "CZ052", "SPR_OB_KOD": "576590", "ORIG_FID": 338 }, "geometry": { "type": "Point", "coordinates": [ -622571.74043276719749, -1038731.00477581541054 ] } },
{ "type": "Feature", "properties": { "OBJECTID": 339, "KOD": "2372", "NAZEV": "Kostelec nad Orlicí", "ORP_KOD": "1112", "VUSC_KOD": "86", "NUTS3_KOD": "CZ052", "SPR_OB_KOD": "576361", "ORIG_FID": 339 }, "geometry": { "type": "Point", "coordinates": [ -616020.379259011009708, -1056910.284423343837261 ] } },
{ "type": "Feature", "properties": { "OBJECTID": 340, "KOD": "2411", "NAZEV": "Týniště nad Orlicí", "ORP_KOD": "1112", "VUSC_KOD": "86", "NUTS3_KOD": "CZ052", "SPR_OB_KOD": "576859", "ORIG_FID": 340 }, "geometry": { "type": "Point", "coordinates": [ -624255.894539613742381, -1051385.372888435609639 ] } },
{ "type": "Feature", "properties": { "OBJECTID": 341, "KOD": "2399", "NAZEV": "Rokytnice v Orlických horách", "ORP_KOD": "1121", "VUSC_KOD": "86", "NUTS3_KOD": "CZ052", "SPR_OB_KOD": "576701", "ORIG_FID": 341 }, "geometry": { "type": "Point", "coordinates": [ -595191.918395226006396, -1047805.720060175633989 ] } },
{ "type": "Feature", "properties": { "OBJECTID": 342, "KOD": "2402", "NAZEV": "Rychnov nad Kněžnou", "ORP_KOD": "1121", "VUSC_KOD": "86", "NUTS3_KOD": "CZ052", "SPR_OB_KOD": "576069", "ORIG_FID": 342 }, "geometry": { "type": "Point", "coordinates": [ -607698.738369951606728, -1046719.669563413481228 ] } },
{ "type": "Feature", "properties": { "OBJECTID": 343, "KOD": "2429", "NAZEV": "Vamberk", "ORP_KOD": "1121", "VUSC_KOD": "86", "NUTS3_KOD": "CZ052", "SPR_OB_KOD": "576883", "ORIG_FID": 343 }, "geometry": { "type": "Point", "coordinates": [ -608290.745091008022428, -1058623.56076803104952 ] } },
{ "type": "Feature", "properties": { "OBJECTID": 344, "KOD": "2534", "NAZEV": "Dvůr Králové nad Labem", "ORP_KOD": "1201", "VUSC_KOD": "86", "NUTS3_KOD": "CZ052", "SPR_OB_KOD": "579203", "ORIG_FID": 344 }, "geometry": { "type": "Point", "coordinates": [ -641429.855706941219978, -1016848.214745892910287 ] } },
{ "type": "Feature", "properties": { "OBJECTID": 345, "KOD": "2551", "NAZEV": "Svoboda nad Úpou", "ORP_KOD": "1210", "VUSC_KOD": "86", "NUTS3_KOD": "CZ052", "SPR_OB_KOD": "579734", "ORIG_FID": 345 }, "geometry": { "type": "Point", "coordinates": [ -638639.076965523185208, -988963.379870594013482 ] } },
{ "type": "Feature", "properties": { "OBJECTID": 346, "KOD": "2569", "NAZEV": "Trutnov", "ORP_KOD": "1210", "VUSC_KOD": "86", "NUTS3_KOD": "CZ052", "SPR_OB_KOD": "579025", "ORIG_FID": 346 }, "geometry": { "type": "Point", "coordinates": [ -632985.13635988056194, -1004847.229171618586406 ] } },
{ "type": "Feature", "properties": { "OBJECTID": 347, "KOD": "2585", "NAZEV": "Žacléř", "ORP_KOD": "1210", "VUSC_KOD": "86", "NUTS3_KOD": "CZ052", "SPR_OB_KOD": "579874", "ORIG_FID": 347 }, "geometry": { "type": "Point", "coordinates": [ -628226.500495147076435, -993422.908360427245498 ] } },
{ "type": "Feature", "properties": { "OBJECTID": 348, "KOD": "2593", "NAZEV": "Úpice", "ORP_KOD": "1210", "VUSC_KOD": "86", "NUTS3_KOD": "CZ052", "SPR_OB_KOD": "579777", "ORIG_FID": 348 }, "geometry": { "type": "Point", "coordinates": [ -623337.208309974754229, -1010040.47255018458236 ] } },
{ "type": "Feature", "properties": { "OBJECTID": 349, "KOD": "2542", "NAZEV": "Hostinné", "ORP_KOD": "1228", "VUSC_KOD": "86", "NUTS3_KOD": "CZ052", "SPR_OB_KOD": "579297", "ORIG_FID": 349 }, "geometry": { "type": "Point", "coordinates": [ -643129.212750580394641, -1000772.270385439973325 ] } },
{ "type": "Feature", "properties": { "OBJECTID": 350, "KOD": "2577", "NAZEV": "Vrchlabí", "ORP_KOD": "1228", "VUSC_KOD": "86", "NUTS3_KOD": "CZ052", "SPR_OB_KOD": "579858", "ORIG_FID": 350 }, "geometry": { "type": "Point", "coordinates": [ -648971.785503247519955, -990541.661456174682826 ] } },
{ "type": "Feature", "properties": { "OBJECTID": 351, "KOD": "2119", "NAZEV": "Heřmanův Městec", "ORP_KOD": "981", "VUSC_KOD": "94", "NUTS3_KOD": "CZ053", "SPR_OB_KOD": "571385", "ORIG_FID": 351 }, "geometry": { "type": "Point", "coordinates": [ -658253.809619761770591, -1072997.976458754157647 ] } },
{ "type": "Feature", "properties": { "OBJECTID": 352, "KOD": "2321", "NAZEV": "Holice", "ORP_KOD": "1074", "VUSC_KOD": "94", "NUTS3_KOD": "CZ053", "SPR_OB_KOD": "574988", "ORIG_FID": 352 }, "geometry": { "type": "Point", "coordinates": [ -630367.759538275538944, -1059588.834303149254993 ] } },
{ "type": "Feature", "properties": { "OBJECTID": 353, "KOD": "2330", "NAZEV": "Lázně Bohdaneč", "ORP_KOD": "1082", "VUSC_KOD": "94", "NUTS3_KOD": "CZ053", "SPR_OB_KOD": "574767", "ORIG_FID": 353 }, "geometry": { "type": "Point", "coordinates": [ -655217.036201871698722, -1052616.368407411966473 ] } },
{ "type": "Feature", "properties": { "OBJECTID": 354, "KOD": "2348", "NAZEV": "Pardubice", "ORP_KOD": "1082", "VUSC_KOD": "94", "NUTS3_KOD": "CZ053", "SPR_OB_KOD": "555134", "ORIG_FID": 354 }, "geometry": { "type": "Point", "coordinates": [ -644790.073661540984176, -1059768.692238818388432 ] } },
{ "type": "Feature", "properties": { "OBJECTID": 355, "KOD": "2623", "NAZEV": "Králíky", "ORP_KOD": "1236", "VUSC_KOD": "94", "NUTS3_KOD": "CZ053", "SPR_OB_KOD": "580481", "ORIG_FID": 355 }, "geometry": { "type": "Point", "coordinates": [ -577130.764695463352837, -1062665.138982540462166 ] } },
{ "type": "Feature", "properties": { "OBJECTID": 356, "KOD": "2607", "NAZEV": "Choceň", "ORP_KOD": "1252", "VUSC_KOD": "94", "NUTS3_KOD": "CZ053", "SPR_OB_KOD": "580350", "ORIG_FID": 356 }, "geometry": { "type": "Point", "coordinates": [ -616575.704303265083581, -1067592.071604566648602 ] } },
{ "type": "Feature", "properties": { "OBJECTID": 357, "KOD": "2615", "NAZEV": "Jablonné nad Orlicí", "ORP_KOD": "1261", "VUSC_KOD": "94", "NUTS3_KOD": "CZ053", "SPR_OB_KOD": "580376", "ORIG_FID": 357 }, "geometry": { "type": "Point", "coordinates": [ -587074.240031457738951, -1067717.256637294776738 ] } },
{ "type": "Feature", "properties": { "OBJECTID": 358, "KOD": "2640", "NAZEV": "Letohrad", "ORP_KOD": "1261", "VUSC_KOD": "94", "NUTS3_KOD": "CZ053", "SPR_OB_KOD": "580538", "ORIG_FID": 358 }, "geometry": { "type": "Point", "coordinates": [ -593295.901650202111341, -1067538.534691269043833 ] } },
{ "type": "Feature", "properties": { "OBJECTID": 359, "KOD": "2666", "NAZEV": "Žamberk", "ORP_KOD": "1261", "VUSC_KOD": "94", "NUTS3_KOD": "CZ053", "SPR_OB_KOD": "581259", "ORIG_FID": 359 }, "geometry": { "type": "Point", "coordinates": [ -596125.141141239088029, -1059732.242750126169994 ] } },
{ "type": "Feature", "properties": { "OBJECTID": 360, "KOD": "2682", "NAZEV": "Ústí nad Orlicí", "ORP_KOD": "1287", "VUSC_KOD": "94", "NUTS3_KOD": "CZ053", "SPR_OB_KOD": "579891", "ORIG_FID": 360 }, "geometry": { "type": "Point", "coordinates": [ -603489.72696757898666, -1071263.777046564267948 ] } },
{ "type": "Feature", "properties": { "OBJECTID": 361, "KOD": "3832", "NAZEV": "Hanušovice", "ORP_KOD": "2020", "VUSC_KOD": "124", "NUTS3_KOD": "CZ071", "SPR_OB_KOD": "535532", "ORIG_FID": 361 }, "geometry": { "type": "Point", "coordinates": [ -563388.299825879046693, -1059863.375253876904026 ] } },
{ "type": "Feature", "properties": { "OBJECTID": 362, "KOD": "3921", "NAZEV": "Javorník", "ORP_KOD": "2062", "VUSC_KOD": "124", "NUTS3_KOD": "CZ071", "SPR_OB_KOD": "536148", "ORIG_FID": 362 }, "geometry": { "type": "Point", "coordinates": [ -552436.09694469475653, -1037536.043945707497187 ] } },
{ "type": "Feature", "properties": { "OBJECTID": 363, "KOD": "3930", "NAZEV": "Jeseník", "ORP_KOD": "2062", "VUSC_KOD": "124", "NUTS3_KOD": "CZ071", "SPR_OB_KOD": "536385", "ORIG_FID": 363 }, "geometry": { "type": "Point", "coordinates": [ -545530.107035532360896, -1053001.131310397526249 ] } },
{ "type": "Feature", "properties": { "OBJECTID": 364, "KOD": "3948", "NAZEV": "Zlaté Hory", "ORP_KOD": "2062", "VUSC_KOD": "124", "NUTS3_KOD": "CZ071", "SPR_OB_KOD": "597996", "ORIG_FID": 364 }, "geometry": { "type": "Point", "coordinates": [ -533848.657350007328205, -1049763.357468070695177 ] } },
{ "type": "Feature", "properties": { "OBJECTID": 365, "KOD": "3492", "NAZEV": "Vrbno pod Pradědem", "ORP_KOD": "1716", "VUSC_KOD": "132", "NUTS3_KOD": "CZ080", "SPR_OB_KOD": "597961", "ORIG_FID": 365 }, "geometry": { "type": "Point", "coordinates": [ -532146.853458064375445, -1065937.04400345007889 ] } },
{ "type": "Feature", "properties": { "OBJECTID": 366, "KOD": "3441", "NAZEV": "Krnov", "ORP_KOD": "1724", "VUSC_KOD": "132", "NUTS3_KOD": "CZ080", "SPR_OB_KOD": "597520", "ORIG_FID": 366 }, "geometry": { "type": "Point", "coordinates": [ -515980.075419049186166, -1071228.867343680700287 ] } },
{ "type": "Feature", "properties": { "OBJECTID": 367, "KOD": "3468", "NAZEV": "Město Albrechtice", "ORP_KOD": "1724", "VUSC_KOD": "132", "NUTS3_KOD": "CZ080", "SPR_OB_KOD": "597635", "ORIG_FID": 367 }, "geometry": { "type": "Point", "coordinates": [ -522889.617452720820438, -1056384.882019605254754 ] } },
{ "type": "Feature", "properties": { "OBJECTID": 368, "KOD": "3476", "NAZEV": "Osoblaha", "ORP_KOD": "1724", "VUSC_KOD": "132", "NUTS3_KOD": "CZ080", "SPR_OB_KOD": "597716", "ORIG_FID": 368 }, "geometry": { "type": "Point", "coordinates": [ -508976.878958470944781, -1052566.479682689998299 ] } },
{ "type": "Feature", "properties": { "OBJECTID": 369, "KOD": "27", "NAZEV": "Benešov", "ORP_KOD": "27", "VUSC_KOD": "27", "NUTS3_KOD": "CZ020", "SPR_OB_KOD": "529303", "ORIG_FID": 369 }, "geometry": { "type": "Point", "coordinates": [ -728833.800462609855458, -1080104.397683369461447 ] } },
{ "type": "Feature", "properties": { "OBJECTID": 370, "KOD": "51", "NAZEV": "Vlašim", "ORP_KOD": "35", "VUSC_KOD": "27", "NUTS3_KOD": "CZ020", "SPR_OB_KOD": "530883", "ORIG_FID": 370 }, "geometry": { "type": "Point", "coordinates": [ -708523.180758983944543, -1094503.116988774156198 ] } },
{ "type": "Feature", "properties": { "OBJECTID": 371, "KOD": "191", "NAZEV": "Kutná Hora", "ORP_KOD": "116", "VUSC_KOD": "27", "NUTS3_KOD": "CZ020", "SPR_OB_KOD": "533955", "ORIG_FID": 371 }, "geometry": { "type": "Point", "coordinates": [ -687153.592038095346652, -1072850.779496365226805 ] } },
{ "type": "Feature", "properties": { "OBJECTID": 372, "KOD": "205", "NAZEV": "Uhlířské Janovice", "ORP_KOD": "116", "VUSC_KOD": "27", "NUTS3_KOD": "CZ020", "SPR_OB_KOD": "534498", "ORIG_FID": 372 }, "geometry": { "type": "Point", "coordinates": [ -702191.21290745085571, -1074828.436552359489724 ] } },
{ "type": "Feature", "properties": { "OBJECTID": 373, "KOD": "213", "NAZEV": "Zruč nad Sázavou", "ORP_KOD": "116", "VUSC_KOD": "27", "NUTS3_KOD": "CZ020", "SPR_OB_KOD": "534633", "ORIG_FID": 373 }, "geometry": { "type": "Point", "coordinates": [ -698548.552183690597303, -1087302.30726675176993 ] } },
{ "type": "Feature", "properties": { "OBJECTID": 374, "KOD": "221", "NAZEV": "Čáslav", "ORP_KOD": "124", "VUSC_KOD": "27", "NUTS3_KOD": "CZ020", "SPR_OB_KOD": "534005", "ORIG_FID": 374 }, "geometry": { "type": "Point", "coordinates": [ -675644.712611442315392, -1073544.31995501415804 ] } },
{ "type": "Feature", "properties": { "OBJECTID": 375, "KOD": "493", "NAZEV": "Dobříš", "ORP_KOD": "248", "VUSC_KOD": "27", "NUTS3_KOD": "CZ020", "SPR_OB_KOD": "540111", "ORIG_FID": 375 }, "geometry": { "type": "Point", "coordinates": [ -760912.677757930243388, -1075954.690817687660456 ] } },
{ "type": "Feature", "properties": { "OBJECTID": 376, "KOD": "507", "NAZEV": "Příbram", "ORP_KOD": "256", "VUSC_KOD": "27", "NUTS3_KOD": "CZ020", "SPR_OB_KOD": "539911", "ORIG_FID": 376 }, "geometry": { "type": "Point", "coordinates": [ -775638.553774838568643, -1084612.066788844997063 ] } },
{ "type": "Feature", "properties": { "OBJECTID": 377, "KOD": "515", "NAZEV": "Rožmitál pod Třemšínem", "ORP_KOD": "256", "VUSC_KOD": "27", "NUTS3_KOD": "CZ020", "SPR_OB_KOD": "541231", "ORIG_FID": 377 }, "geometry": { "type": "Point", "coordinates": [ -791518.85101125924848, -1088473.69463486247696 ] } },
{ "type": "Feature", "properties": { "OBJECTID": 378, "KOD": "523", "NAZEV": "Sedlčany", "ORP_KOD": "264", "VUSC_KOD": "27", "NUTS3_KOD": "CZ020", "SPR_OB_KOD": "541281", "ORIG_FID": 378 }, "geometry": { "type": "Point", "coordinates": [ -752387.835047709755599, -1094235.901746579678729 ] } },
{ "type": "Feature", "properties": { "OBJECTID": 379, "KOD": "1058", "NAZEV": "Poběžovice", "ORP_KOD": "485", "VUSC_KOD": "43", "NUTS3_KOD": "CZ032", "SPR_OB_KOD": "554111", "ORIG_FID": 379 }, "geometry": { "type": "Point", "coordinates": [ -872466.676342923776247, -1085173.86104497872293 ] } },
{ "type": "Feature", "properties": { "OBJECTID": 380, "KOD": "1031", "NAZEV": "Horšovský Týn", "ORP_KOD": "493", "VUSC_KOD": "43", "NUTS3_KOD": "CZ032", "SPR_OB_KOD": "553671", "ORIG_FID": 380 }, "geometry": { "type": "Point", "coordinates": [ -858027.556822557235137, -1086107.259486249648035 ] } },
{ "type": "Feature", "properties": { "OBJECTID": 381, "KOD": "1287", "NAZEV": "Starý Plzenec", "ORP_KOD": "582", "VUSC_KOD": "43", "NUTS3_KOD": "CZ032", "SPR_OB_KOD": "558371", "ORIG_FID": 381 }, "geometry": { "type": "Point", "coordinates": [ -815516.8179091445636, -1078461.92866179975681 ] } },
{ "type": "Feature", "properties": { "OBJECTID": 382, "KOD": "1279", "NAZEV": "Spálené Poříčí", "ORP_KOD": "591", "VUSC_KOD": "43", "NUTS3_KOD": "CZ032", "SPR_OB_KOD": "558362", "ORIG_FID": 382 }, "geometry": { "type": "Point", "coordinates": [ -806422.287598542985506, -1087373.187460997374728 ] } },
{ "type": "Feature", "properties": { "OBJECTID": 383, "KOD": "1261", "NAZEV": "Přeštice", "ORP_KOD": "612", "VUSC_KOD": "43", "NUTS3_KOD": "CZ032", "SPR_OB_KOD": "558249", "ORIG_FID": 383 }, "geometry": { "type": "Point", "coordinates": [ -828568.161639004712924, -1088410.764747164212167 ] } },
{ "type": "Feature", "properties": { "OBJECTID": 384, "KOD": "1023", "NAZEV": "Holýšov", "ORP_KOD": "621", "VUSC_KOD": "43", "NUTS3_KOD": "CZ032", "SPR_OB_KOD": "553654", "ORIG_FID": 384 }, "geometry": { "type": "Point", "coordinates": [ -847429.261186715564691, -1082254.337982955155894 ] } },
{ "type": "Feature", "properties": { "OBJECTID": 385, "KOD": "1244", "NAZEV": "Dobřany", "ORP_KOD": "621", "VUSC_KOD": "43", "NUTS3_KOD": "CZ032", "SPR_OB_KOD": "557676", "ORIG_FID": 385 }, "geometry": { "type": "Point", "coordinates": [ -831371.062278119730763, -1080404.036447223043069 ] } },
{ "type": "Feature", "properties": { "OBJECTID": 386, "KOD": "1295", "NAZEV": "Stod", "ORP_KOD": "621", "VUSC_KOD": "43", "NUTS3_KOD": "CZ032", "SPR_OB_KOD": "558389", "ORIG_FID": 386 }, "geometry": { "type": "Point", "coordinates": [ -840998.175900292349979, -1079041.600791814737022 ] } },
{ "type": "Feature", "properties": { "OBJECTID": 387, "KOD": "1384", "NAZEV": "Rokycany", "ORP_KOD": "655", "VUSC_KOD": "43", "NUTS3_KOD": "CZ032", "SPR_OB_KOD": "559717", "ORIG_FID": 387 }, "geometry": { "type": "Point", "coordinates": [ -801821.343776305555366, -1074330.875024828827009 ] } },
{ "type": "Feature", "properties": { "OBJECTID": 388, "KOD": "1970", "NAZEV": "Chotěboř", "ORP_KOD": "931", "VUSC_KOD": "108", "NUTS3_KOD": "CZ063", "SPR_OB_KOD": "568759", "ORIG_FID": 388 }, "geometry": { "type": "Point", "coordinates": [ -657770.576022098190151, -1093319.263657393399626 ] } },
{ "type": "Feature", "properties": { "OBJECTID": 389, "KOD": "1988", "NAZEV": "Golčův Jeníkov", "ORP_KOD": "949", "VUSC_KOD": "108", "NUTS3_KOD": "CZ063", "SPR_OB_KOD": "568635", "ORIG_FID": 389 }, "geometry": { "type": "Point", "coordinates": [ -672987.062166359391995, -1083441.798195421462879 ] } },
{ "type": "Feature", "properties": { "OBJECTID": 390, "KOD": "1996", "NAZEV": "Havlíčkův Brod", "ORP_KOD": "949", "VUSC_KOD": "108", "NUTS3_KOD": "CZ063", "SPR_OB_KOD": "568414", "ORIG_FID": 390 }, "geometry": { "type": "Point", "coordinates": [ -669192.135458167875186, -1106499.873824273934588 ] } },
{ "type": "Feature", "properties": { "OBJECTID": 391, "KOD": "3018", "NAZEV": "Jihlava", "ORP_KOD": "1503", "VUSC_KOD": "108", "NUTS3_KOD": "CZ063", "SPR_OB_KOD": "586846", "ORIG_FID": 391 }, "geometry": { "type": "Point", "coordinates": [ -670134.53864005592186, -1132664.315491886576638 ] } },
{ "type": "Feature", "properties": { "OBJECTID": 392, "KOD": "3034", "NAZEV": "Telč", "ORP_KOD": "1511", "VUSC_KOD": "108", "NUTS3_KOD": "CZ063", "SPR_OB_KOD": "588024", "ORIG_FID": 392 }, "geometry": { "type": "Point", "coordinates": [ -679349.951443741447292, -1153024.581168184289709 ] } },
{ "type": "Feature", "properties": { "OBJECTID": 393, "KOD": "3174", "NAZEV": "Jemnice", "ORP_KOD": "1571", "VUSC_KOD": "108", "NUTS3_KOD": "CZ063", "SPR_OB_KOD": "590789", "ORIG_FID": 393 }, "geometry": { "type": "Point", "coordinates": [ -672618.243896532803774, -1172146.89886116841808 ] } },
{ "type": "Feature", "properties": { "OBJECTID": 394, "KOD": "3182", "NAZEV": "Moravské Budějovice", "ORP_KOD": "1571", "VUSC_KOD": "108", "NUTS3_KOD": "CZ063", "SPR_OB_KOD": "591181", "ORIG_FID": 394 }, "geometry": { "type": "Point", "coordinates": [ -661996.327198793762363, -1167876.798143634805456 ] } },
{ "type": "Feature", "properties": { "OBJECTID": 395, "KOD": "3204", "NAZEV": "Třebíč", "ORP_KOD": "1597", "VUSC_KOD": "108", "NUTS3_KOD": "CZ063", "SPR_OB_KOD": "590266", "ORIG_FID": 395 }, "geometry": { "type": "Point", "coordinates": [ -651320.776901156874374, -1150237.286018768325448 ] } },
{ "type": "Feature", "properties": { "OBJECTID": 396, "KOD": "3352", "NAZEV": "Vranov nad Dyjí", "ORP_KOD": "1660", "VUSC_KOD": "116", "NUTS3_KOD": "CZ064", "SPR_OB_KOD": "595098", "ORIG_FID": 396 }, "geometry": { "type": "Point", "coordinates": [ -664997.604130614199676, -1186164.437487433897331 ] } },
{ "type": "Feature", "properties": { "OBJECTID": 397, "KOD": "2097", "NAZEV": "Chrast", "ORP_KOD": "981", "VUSC_KOD": "94", "NUTS3_KOD": "CZ053", "SPR_OB_KOD": "571539", "ORIG_FID": 397 }, "geometry": { "type": "Point", "coordinates": [ -636381.908305545919575, -1074808.1479554225225 ] } },
{ "type": "Feature", "properties": { "OBJECTID": 398, "KOD": "2101", "NAZEV": "Chrudim", "ORP_KOD": "981", "VUSC_KOD": "94", "NUTS3_KOD": "CZ053", "SPR_OB_KOD": "571164", "ORIG_FID": 398 }, "geometry": { "type": "Point", "coordinates": [ -647227.200784109998494, -1073653.204070423962548 ] } },
{ "type": "Feature", "properties": { "OBJECTID": 399, "KOD": "2135", "NAZEV": "Nasavrky", "ORP_KOD": "981", "VUSC_KOD": "94", "NUTS3_KOD": "CZ053", "SPR_OB_KOD": "571911", "ORIG_FID": 399 }, "geometry": { "type": "Point", "coordinates": [ -651127.474113799864426, -1083410.93802941404283 ] } },
{ "type": "Feature", "properties": { "OBJECTID": 400, "KOD": "2143", "NAZEV": "Skuteč", "ORP_KOD": "981", "VUSC_KOD": "94", "NUTS3_KOD": "CZ053", "SPR_OB_KOD": "572241", "ORIG_FID": 400 }, "geometry": { "type": "Point", "coordinates": [ -630779.493268225691281, -1084980.060157344210893 ] } },
{ "type": "Feature", "properties": { "OBJECTID": 401, "KOD": "2151", "NAZEV": "Třemošnice", "ORP_KOD": "981", "VUSC_KOD": "94", "NUTS3_KOD": "CZ053", "SPR_OB_KOD": "572411", "ORIG_FID": 401 }, "geometry": { "type": "Point", "coordinates": [ -662560.933690583216958, -1079104.372004467993975 ] } },
{ "type": "Feature", "properties": { "OBJECTID": 402, "KOD": "2127", "NAZEV": "Hlinsko", "ORP_KOD": "990", "VUSC_KOD": "94", "NUTS3_KOD": "CZ053", "SPR_OB_KOD": "571393", "ORIG_FID": 402 }, "geometry": { "type": "Point", "coordinates": [ -639782.317030733567663, -1091809.47706606448628 ] } },
{ "type": "Feature", "properties": { "OBJECTID": 403, "KOD": "2496", "NAZEV": "Litomyšl", "ORP_KOD": "1163", "VUSC_KOD": "94", "NUTS3_KOD": "CZ053", "SPR_OB_KOD": "578347", "ORIG_FID": 403 }, "geometry": { "type": "Point", "coordinates": [ -613411.441234520054422, -1086702.588165063643828 ] } },
{ "type": "Feature", "properties": { "OBJECTID": 404, "KOD": "2631", "NAZEV": "Lanškroun", "ORP_KOD": "1244", "VUSC_KOD": "94", "NUTS3_KOD": "CZ053", "SPR_OB_KOD": "580511", "ORIG_FID": 404 }, "geometry": { "type": "Point", "coordinates": [ -587725.549058281583712, -1080679.821860339492559 ] } },
{ "type": "Feature", "properties": { "OBJECTID": 405, "KOD": "2658", "NAZEV": "Vysoké Mýto", "ORP_KOD": "1252", "VUSC_KOD": "94", "NUTS3_KOD": "CZ053", "SPR_OB_KOD": "581186", "ORIG_FID": 405 }, "geometry": { "type": "Point", "coordinates": [ -622776.588605885743164, -1075581.464269108371809 ] } },
{ "type": "Feature", "properties": { "OBJECTID": 406, "KOD": "2674", "NAZEV": "Česká Třebová", "ORP_KOD": "1279", "VUSC_KOD": "94", "NUTS3_KOD": "CZ053", "SPR_OB_KOD": "580031", "ORIG_FID": 406 }, "geometry": { "type": "Point", "coordinates": [ -600457.716118345037103, -1082051.865906246704981 ] } },
{ "type": "Feature", "properties": { "OBJECTID": 407, "KOD": "3859", "NAZEV": "Zábřeh", "ORP_KOD": "2011", "VUSC_KOD": "124", "NUTS3_KOD": "CZ071", "SPR_OB_KOD": "541354", "ORIG_FID": 407 }, "geometry": { "type": "Point", "coordinates": [ -569616.681633966974914, -1088096.462656699353829 ] } },
{ "type": "Feature", "properties": { "OBJECTID": 408, "KOD": "3867", "NAZEV": "Šumperk", "ORP_KOD": "2020", "VUSC_KOD": "124", "NUTS3_KOD": "CZ071", "SPR_OB_KOD": "523704", "ORIG_FID": 408 }, "geometry": { "type": "Point", "coordinates": [ -558103.633785940241069, -1075077.429672007681802 ] } },
{ "type": "Feature", "properties": { "OBJECTID": 409, "KOD": "3425", "NAZEV": "Bruntál", "ORP_KOD": "1716", "VUSC_KOD": "132", "NUTS3_KOD": "CZ080", "SPR_OB_KOD": "597180", "ORIG_FID": 409 }, "geometry": { "type": "Point", "coordinates": [ -528325.114147447049618, -1083812.581407716032118 ] } },
{ "type": "Feature", "properties": { "OBJECTID": 410, "KOD": "3433", "NAZEV": "Horní Benešov", "ORP_KOD": "1716", "VUSC_KOD": "132", "NUTS3_KOD": "CZ080", "SPR_OB_KOD": "597350", "ORIG_FID": 410 }, "geometry": { "type": "Point", "coordinates": [ -516252.948912727704737, -1084266.766300820978358 ] } },
{ "type": "Feature", "properties": { "OBJECTID": 411, "KOD": "3484", "NAZEV": "Rýmařov", "ORP_KOD": "1732", "VUSC_KOD": "132", "NUTS3_KOD": "CZ080", "SPR_OB_KOD": "597783", "ORIG_FID": 411 }, "geometry": { "type": "Point", "coordinates": [ -541901.742494581616484, -1082855.199547543888912 ] } },
{ "type": "Feature", "properties": { "OBJECTID": 412, "KOD": "3751", "NAZEV": "Kravaře", "ORP_KOD": "1937", "VUSC_KOD": "132", "NUTS3_KOD": "CZ080", "SPR_OB_KOD": "507580", "ORIG_FID": 412 }, "geometry": { "type": "Point", "coordinates": [ -485279.129731873224955, -1084012.521177275804803 ] } },
{ "type": "Feature", "properties": { "OBJECTID": 413, "KOD": "3760", "NAZEV": "Opava", "ORP_KOD": "1945", "VUSC_KOD": "132", "NUTS3_KOD": "CZ080", "SPR_OB_KOD": "505927", "ORIG_FID": 413 }, "geometry": { "type": "Point", "coordinates": [ -500677.925750348891597, -1090132.183807276887819 ] } },
{ "type": "Feature", "properties": { "OBJECTID": 414, "KOD": "1694", "NAZEV": "Tanvald", "ORP_KOD": "787", "VUSC_KOD": "78", "NUTS3_KOD": "CZ051", "SPR_OB_KOD": "563820", "ORIG_FID": 414 }, "geometry": { "type": "Point", "coordinates": [ -668254.939037152333185, -976418.012388883158565 ] } },
{ "type": "Feature", "properties": { "OBJECTID": 415, "KOD": "2445", "NAZEV": "Lomnice nad Popelkou", "ORP_KOD": "1147", "VUSC_KOD": "78", "NUTS3_KOD": "CZ051", "SPR_OB_KOD": "577308", "ORIG_FID": 415 }, "geometry": { "type": "Point", "coordinates": [ -667838.218365443986841, -1001752.610210468294099 ] } },
{ "type": "Feature", "properties": { "OBJECTID": 416, "KOD": "2461", "NAZEV": "Semily", "ORP_KOD": "1147", "VUSC_KOD": "78", "NUTS3_KOD": "CZ051", "SPR_OB_KOD": "576964", "ORIG_FID": 416 }, "geometry": { "type": "Point", "coordinates": [ -668639.461082763387822, -991438.916633400018327 ] } },
{ "type": "Feature", "properties": { "OBJECTID": 417, "KOD": "2038", "NAZEV": "Chlumec nad Cidlinou", "ORP_KOD": "965", "VUSC_KOD": "86", "NUTS3_KOD": "CZ052", "SPR_OB_KOD": "570109", "ORIG_FID": 417 }, "geometry": { "type": "Point", "coordinates": [ -667544.013495162595063, -1046999.186774682835676 ] } },
{ "type": "Feature", "properties": { "OBJECTID": 418, "KOD": "2062", "NAZEV": "Nový Bydžov", "ORP_KOD": "973", "VUSC_KOD": "86", "NUTS3_KOD": "CZ052", "SPR_OB_KOD": "570508", "ORIG_FID": 418 }, "geometry": { "type": "Point", "coordinates": [ -664442.750529450015165, -1034737.432238047244027 ] } },
{ "type": "Feature", "properties": { "OBJECTID": 419, "KOD": "2178", "NAZEV": "Jičín", "ORP_KOD": "1015", "VUSC_KOD": "86", "NUTS3_KOD": "CZ052", "SPR_OB_KOD": "572659", "ORIG_FID": 419 }, "geometry": { "type": "Point", "coordinates": [ -670869.065278244554065, -1016367.122201778460294 ] } },
{ "type": "Feature", "properties": { "OBJECTID": 420, "KOD": "2313", "NAZEV": "Chvaletice", "ORP_KOD": "1091", "VUSC_KOD": "94", "NUTS3_KOD": "CZ053", "SPR_OB_KOD": "575071", "ORIG_FID": 420 }, "geometry": { "type": "Point", "coordinates": [ -670881.628228602581657, -1059052.505467123119161 ] } },
{ "type": "Feature", "properties": { "OBJECTID": 421, "KOD": "2356", "NAZEV": "Přelouč", "ORP_KOD": "1091", "VUSC_KOD": "94", "NUTS3_KOD": "CZ053", "SPR_OB_KOD": "575500", "ORIG_FID": 421 }, "geometry": { "type": "Point", "coordinates": [ -663696.819778115372173, -1059496.787792950868607 ] } }
]
}
