{
  "type": "FeatureCollection",
  "generator": "overpass-turbo",
  "copyright": "The data included in this document is from www.openstreetmap.org. The data is made available under ODbL.",
  "timestamp": "2026-05-15T14:41:40Z",
  "features": [
    {
      "type": "Feature",
      "properties": {
        "@id": "relation/337169",
        "amenity": "hospital",
        "healthcare": "hospital",
        "name": "Vojenská nemocnice",
        "type": "multipolygon",
        "wikidata": "Q11088520",
        "wikipedia": "cs:Ústřední vojenská nemocnice"
      },
      "geometry": {
        "type": "Polygon",
        "coordinates": [
          [
            [
              14.3635263,
              50.090521
            ],
            [
              14.3634754,
              50.0914769
            ],
            [
              14.3634504,
              50.0915664
            ],
            [
              14.3633559,
              50.0916193
            ],
            [
              14.3623836,
              50.0916262
            ],
            [
              14.362239,
              50.0916272
            ],
            [
              14.3603679,
              50.091636
            ],
            [
              14.3595969,
              50.0916287
            ],
            [
              14.3590671,
              50.0915926
            ],
            [
              14.3586068,
              50.0915325
            ],
            [
              14.3582964,
              50.0914621
            ],
            [
              14.3582298,
              50.0914456
            ],
            [
              14.3581669,
              50.0914083
            ],
            [
              14.3581216,
              50.0913722
            ],
            [
              14.3581011,
              50.0913265
            ],
            [
              14.3580934,
              50.0912847
            ],
            [
              14.3581152,
              50.0912402
            ],
            [
              14.3582964,
              50.0908664
            ],
            [
              14.3583383,
              50.0907571
            ],
            [
              14.3583571,
              50.0907297
            ],
            [
              14.3583948,
              50.0907039
            ],
            [
              14.3584236,
              50.0906951
            ],
            [
              14.3584251,
              50.0906551
            ],
            [
              14.3584261,
              50.0906219
            ],
            [
              14.3584119,
              50.0905993
            ],
            [
              14.3584463,
              50.0903274
            ],
            [
              14.3584563,
              50.0900941
            ],
            [
              14.3584904,
              50.0900643
            ],
            [
              14.3585306,
              50.0900574
            ],
            [
              14.3585806,
              50.089432
            ],
            [
              14.3585829,
              50.0894019
            ],
            [
              14.3585887,
              50.0893258
            ],
            [
              14.3585926,
              50.0892576
            ],
            [
              14.3585228,
              50.0892157
            ],
            [
              14.3585444,
              50.0886097
            ],
            [
              14.3585453,
              50.0885859
            ],
            [
              14.3585626,
              50.0881036
            ],
            [
              14.358639,
              50.0880335
            ],
            [
              14.3590066,
              50.0879424
            ],
            [
              14.3596471,
              50.0878094
            ],
            [
              14.3600984,
              50.0877416
            ],
            [
              14.3606552,
              50.0876996
            ],
            [
              14.3611538,
              50.0876949
            ],
            [
              14.3616742,
              50.0877253
            ],
            [
              14.3622637,
              50.0877883
            ],
            [
              14.3629443,
              50.0879004
            ],
            [
              14.3639263,
              50.0881121
            ],
            [
              14.3640278,
              50.0882079
            ],
            [
              14.3640047,
              50.088487
            ],
            [
              14.3637959,
              50.0894158
            ],
            [
              14.3637597,
              50.0894309
            ],
            [
              14.3635838,
              50.0894267
            ],
            [
              14.3635661,
              50.0896642
            ],
            [
              14.3634364,
              50.0896587
            ],
            [
              14.3634317,
              50.0897166
            ],
            [
              14.3634561,
              50.0897192
            ],
            [
              14.3634717,
              50.0897264
            ],
            [
              14.363484,
              50.0897376
            ],
            [
              14.3634858,
              50.0897506
            ],
            [
              14.3634829,
              50.089758
            ],
            [
              14.3634701,
              50.089771
            ],
            [
              14.3634527,
              50.0897786
            ],
            [
              14.3634343,
              50.0897804
            ],
            [
              14.363434,
              50.0897842
            ],
            [
              14.3634299,
              50.0898342
            ],
            [
              14.3634255,
              50.0898891
            ],
            [
              14.3634249,
              50.0898961
            ],
            [
              14.3634661,
              50.0899023
            ],
            [
              14.3634674,
              50.0899515
            ],
            [
              14.3634112,
              50.0899638
            ],
            [
              14.3634114,
              50.0899755
            ],
            [
              14.3634119,
              50.0900161
            ],
            [
              14.3635347,
              50.0900214
            ],
            [
              14.3635148,
              50.0902597
            ],
            [
              14.3635543,
              50.090298
            ],
            [
              14.3635521,
              50.0903255
            ],
            [
              14.363551,
              50.0903398
            ],
            [
              14.3635538,
              50.0903398
            ],
            [
              14.3635465,
              50.0904383
            ],
            [
              14.3635435,
              50.0904383
            ],
            [
              14.3635381,
              50.0905102
            ],
            [
              14.3635374,
              50.0905129
            ],
            [
              14.3635358,
              50.0905155
            ],
            [
              14.3635333,
              50.0905178
            ],
            [
              14.3635301,
              50.0905197
            ],
            [
              14.3635263,
              50.090521
            ]
          ]
        ]
      },
      "id": "relation/337169"
    },
    {
      "type": "Feature",
      "properties": {
        "@id": "relation/1561811",
        "alt_name": "VFN Praha",
        "amenity": "hospital",
        "healthcare": "hospital",
        "layer": "-1",
        "name": "Všeobecná fakultní nemocnice",
        "name:en": "General University Hospital Prague",
        "official_name": "Všeobecná fakutlní nemocnice Praha",
        "source": "cuzk:km",
        "type": "multipolygon",
        "website": "https://www.vfn.cz/",
        "wikidata": "Q11863284",
        "wikimedia_commons": "Category:Všeobecná fakultní nemocnice v Praze",
        "wikipedia": "cs:Všeobecná fakultní nemocnice v Praze"
      },
      "geometry": {
        "type": "MultiPolygon",
        "coordinates": [
          [
            [
              [
                14.4228059,
                50.0737548
              ],
              [
                14.4229412,
                50.0737573
              ],
              [
                14.4232587,
                50.0737703
              ],
              [
                14.4233162,
                50.0737747
              ],
              [
                14.4236292,
                50.0738089
              ],
              [
                14.4236286,
                50.0738161
              ],
              [
                14.4237606,
                50.0738263
              ],
              [
                14.4237433,
                50.0739268
              ],
              [
                14.423738,
                50.0739273
              ],
              [
                14.4236637,
                50.0743651
              ],
              [
                14.4235215,
                50.0743578
              ],
              [
                14.4235223,
                50.0743537
              ],
              [
                14.4228526,
                50.0743202
              ],
              [
                14.4228518,
                50.0743236
              ],
              [
                14.4227035,
                50.074316
              ],
              [
                14.422589,
                50.0743071
              ],
              [
                14.4225884,
                50.0743102
              ],
              [
                14.4225263,
                50.0743056
              ],
              [
                14.4224153,
                50.0742987
              ],
              [
                14.422411,
                50.0743013
              ],
              [
                14.4223919,
                50.0744015
              ],
              [
                14.422199,
                50.0743911
              ],
              [
                14.4221622,
                50.0743891
              ],
              [
                14.4220827,
                50.0749453
              ],
              [
                14.4220801,
                50.0749823
              ],
              [
                14.4220893,
                50.0749823
              ],
              [
                14.4220703,
                50.0751627
              ],
              [
                14.4219732,
                50.0751676
              ],
              [
                14.4217055,
                50.0751825
              ],
              [
                14.4214941,
                50.0752111
              ],
              [
                14.4214677,
                50.0750893
              ],
              [
                14.4213597,
                50.0750981
              ],
              [
                14.4213793,
                50.0752244
              ],
              [
                14.421365,
                50.0752251
              ],
              [
                14.4213109,
                50.0752312
              ],
              [
                14.4212964,
                50.0752318
              ],
              [
                14.4213165,
                50.0753105
              ],
              [
                14.4213175,
                50.0753145
              ],
              [
                14.4209724,
                50.0753499
              ],
              [
                14.420958,
                50.0752884
              ],
              [
                14.4208288,
                50.0752988
              ],
              [
                14.4208472,
                50.075364
              ],
              [
                14.4207769,
                50.0753722
              ],
              [
                14.4207751,
                50.0753691
              ],
              [
                14.4207443,
                50.0752786
              ],
              [
                14.4207288,
                50.0752671
              ],
              [
                14.4207344,
                50.075258
              ],
              [
                14.420738,
                50.0752574
              ],
              [
                14.4207305,
                50.0752362
              ],
              [
                14.4207264,
                50.0752367
              ],
              [
                14.4207139,
                50.0752302
              ],
              [
                14.4207186,
                50.0752219
              ],
              [
                14.4207205,
                50.0752164
              ],
              [
                14.4206093,
                50.074905
              ],
              [
                14.4206066,
                50.0749049
              ],
              [
                14.4206042,
                50.0749042
              ],
              [
                14.4206024,
                50.0749029
              ],
              [
                14.4206014,
                50.0749014
              ],
              [
                14.4206014,
                50.0748997
              ],
              [
                14.4206023,
                50.0748981
              ],
              [
                14.4206041,
                50.0748968
              ],
              [
                14.4206061,
                50.0748962
              ],
              [
                14.4206009,
                50.074882
              ],
              [
                14.4205957,
                50.0748678
              ],
              [
                14.4205941,
                50.0748675
              ],
              [
                14.4205917,
                50.0748668
              ],
              [
                14.4205897,
                50.0748657
              ],
              [
                14.4205885,
                50.0748641
              ],
              [
                14.4205882,
                50.0748624
              ],
              [
                14.4205888,
                50.0748608
              ],
              [
                14.4205902,
                50.0748593
              ],
              [
                14.4205923,
                50.0748583
              ],
              [
                14.4205042,
                50.074616
              ],
              [
                14.4204738,
                50.0746196
              ],
              [
                14.4204458,
                50.0745384
              ],
              [
                14.4204738,
                50.0745342
              ],
              [
                14.4201911,
                50.0737352
              ],
              [
                14.4201609,
                50.0737399
              ],
              [
                14.4201422,
                50.0736857
              ],
              [
                14.420122,
                50.0736272
              ],
              [
                14.4201789,
                50.0736196
              ],
              [
                14.4201789,
                50.0736235
              ],
              [
                14.4204136,
                50.0735898
              ],
              [
                14.4204319,
                50.0735891
              ],
              [
                14.42045,
                50.073591
              ],
              [
                14.4204671,
                50.0735952
              ],
              [
                14.4205593,
                50.0736002
              ],
              [
                14.4206826,
                50.0736082
              ],
              [
                14.4210927,
                50.0736319
              ],
              [
                14.4210923,
                50.0736337
              ],
              [
                14.4212709,
                50.073644
              ],
              [
                14.4213312,
                50.0736482
              ],
              [
                14.421505,
                50.0736603
              ],
              [
                14.421707,
                50.0736743
              ],
              [
                14.4217441,
                50.0736769
              ],
              [
                14.4217444,
                50.0736751
              ],
              [
                14.4218934,
                50.0736862
              ],
              [
                14.4218895,
                50.0737101
              ],
              [
                14.4223592,
                50.0737454
              ],
              [
                14.4223645,
                50.0737214
              ],
              [
                14.422513,
                50.0737323
              ],
              [
                14.4225127,
                50.0737343
              ],
              [
                14.4228059,
                50.0737548
              ]
            ]
          ],
          [
            [
              [
                14.4253369,
                50.0692216
              ],
              [
                14.4255714,
                50.0692757
              ],
              [
                14.4259759,
                50.0693754
              ],
              [
                14.4259802,
                50.0693686
              ],
              [
                14.4259909,
                50.0693712
              ],
              [
                14.4259486,
                50.0694389
              ],
              [
                14.4257913,
                50.0697102
              ],
              [
                14.4258796,
                50.0697737
              ],
              [
                14.4258226,
                50.0698842
              ],
              [
                14.4257777,
                50.0698932
              ],
              [
                14.4257456,
                50.0699535
              ],
              [
                14.4257013,
                50.0700102
              ],
              [
                14.425639,
                50.0700687
              ],
              [
                14.425568,
                50.0701135
              ],
              [
                14.4254648,
                50.0701625
              ],
              [
                14.4253717,
                50.0701926
              ],
              [
                14.4252825,
                50.0702163
              ],
              [
                14.4251478,
                50.0702279
              ],
              [
                14.4251421,
                50.070192
              ],
              [
                14.425016,
                50.0701893
              ],
              [
                14.4249241,
                50.0701744
              ],
              [
                14.4246788,
                50.0701171
              ],
              [
                14.4247283,
                50.0700259
              ],
              [
                14.4248338,
                50.0698385
              ],
              [
                14.4248512,
                50.0698426
              ],
              [
                14.4248596,
                50.0698252
              ],
              [
                14.4249769,
                50.069624
              ],
              [
                14.4251698,
                50.069278
              ],
              [
                14.4251966,
                50.0692777
              ],
              [
                14.4252393,
                50.0692722
              ],
              [
                14.4252856,
                50.0692561
              ],
              [
                14.425318,
                50.0692388
              ],
              [
                14.4253369,
                50.0692216
              ]
            ]
          ],
          [
            [
              [
                14.4281035,
                50.0706027
              ],
              [
                14.4281266,
                50.0706036
              ],
              [
                14.4281263,
                50.0706075
              ],
              [
                14.4281811,
                50.0706086
              ],
              [
                14.4281815,
                50.0706044
              ],
              [
                14.4282216,
                50.0706043
              ],
              [
                14.4281963,
                50.0707312
              ],
              [
                14.4281225,
                50.0710835
              ],
              [
                14.4280719,
                50.0712277
              ],
              [
                14.4279139,
                50.0716001
              ],
              [
                14.4271354,
                50.0714948
              ],
              [
                14.4271333,
                50.0714998
              ],
              [
                14.4269451,
                50.0714746
              ],
              [
                14.4269476,
                50.071467
              ],
              [
                14.4269537,
                50.0714529
              ],
              [
                14.4268159,
                50.0714349
              ],
              [
                14.4268151,
                50.0714385
              ],
              [
                14.4268275,
                50.0714497
              ],
              [
                14.4268151,
                50.0714544
              ],
              [
                14.4268025,
                50.0714415
              ],
              [
                14.4267731,
                50.0714379
              ],
              [
                14.4267467,
                50.0714347
              ],
              [
                14.4267383,
                50.0714583
              ],
              [
                14.4267116,
                50.0714551
              ],
              [
                14.4267189,
                50.0714306
              ],
              [
                14.4266631,
                50.0714232
              ],
              [
                14.4266444,
                50.0714308
              ],
              [
                14.4266367,
                50.0714239
              ],
              [
                14.426655,
                50.0714169
              ],
              [
                14.4266558,
                50.0714141
              ],
              [
                14.4265188,
                50.0713962
              ],
              [
                14.4265163,
                50.0714102
              ],
              [
                14.426514,
                50.071417
              ],
              [
                14.4263306,
                50.0713924
              ],
              [
                14.4263317,
                50.0713885
              ],
              [
                14.4257047,
                50.0713029
              ],
              [
                14.4255861,
                50.0712867
              ],
              [
                14.4254724,
                50.0712712
              ],
              [
                14.4255411,
                50.0710602
              ],
              [
                14.4255372,
                50.0710594
              ],
              [
                14.4255399,
                50.0710503
              ],
              [
                14.4255443,
                50.0710505
              ],
              [
                14.4255537,
                50.0710209
              ],
              [
                14.425561,
                50.0709985
              ],
              [
                14.4255865,
                50.0709211
              ],
              [
                14.42559,
                50.0709155
              ],
              [
                14.4254246,
                50.0706872
              ],
              [
                14.425345,
                50.0705826
              ],
              [
                14.4253449,
                50.0705797
              ],
              [
                14.426043,
                50.0703709
              ],
              [
                14.4261643,
                50.0703501
              ],
              [
                14.4265665,
                50.0702305
              ],
              [
                14.4270264,
                50.0702624
              ],
              [
                14.4274156,
                50.0702794
              ],
              [
                14.4274724,
                50.0702842
              ],
              [
                14.4277803,
                50.0703234
              ],
              [
                14.4277873,
                50.0703256
              ],
              [
                14.4278101,
                50.0703369
              ],
              [
                14.4278142,
                50.0703402
              ],
              [
                14.427814,
                50.0703968
              ],
              [
                14.427814,
                50.0704072
              ],
              [
                14.4278141,
                50.0705599
              ],
              [
                14.4278117,
                50.0706001
              ],
              [
                14.4280096,
                50.0706009
              ],
              [
                14.4281035,
                50.0706027
              ]
            ]
          ],
          [
            [
              [
                14.4227901,
                50.0733491
              ],
              [
                14.4229939,
                50.0728516
              ],
              [
                14.4231012,
                50.0728533
              ],
              [
                14.4237315,
                50.0734902
              ],
              [
                14.4237127,
                50.0736917
              ],
              [
                14.4233641,
                50.0736796
              ],
              [
                14.4230717,
                50.0736624
              ],
              [
                14.4227471,
                50.0736176
              ],
              [
                14.4227096,
                50.0735643
              ],
              [
                14.4227901,
                50.0733491
              ]
            ],
            [
              [
                14.4231165,
                50.0736419
              ],
              [
                14.4232128,
                50.0736502
              ],
              [
                14.423309,
                50.0736584
              ],
              [
                14.4233161,
                50.0736241
              ],
              [
                14.4236569,
                50.0736529
              ],
              [
                14.4236926,
                50.0734911
              ],
              [
                14.4233508,
                50.0734624
              ],
              [
                14.4233494,
                50.0734463
              ],
              [
                14.4233406,
                50.0734328
              ],
              [
                14.4233279,
                50.0734193
              ],
              [
                14.423309,
                50.0734091
              ],
              [
                14.4232862,
                50.0734007
              ],
              [
                14.4232617,
                50.0733977
              ],
              [
                14.4232514,
                50.0733973
              ],
              [
                14.4232264,
                50.0733993
              ],
              [
                14.4232029,
                50.0734056
              ],
              [
                14.423183,
                50.0734149
              ],
              [
                14.4231669,
                50.0734281
              ],
              [
                14.4231555,
                50.0734459
              ],
              [
                14.4228199,
                50.0734177
              ],
              [
                14.4228159,
                50.0734174
              ],
              [
                14.4227824,
                50.0735791
              ],
              [
                14.4231236,
                50.0736079
              ],
              [
                14.4231165,
                50.0736419
              ]
            ]
          ],
          [
            [
              [
                14.4272536,
                50.0733092
              ],
              [
                14.4272188,
                50.0732986
              ],
              [
                14.4271862,
                50.0733371
              ],
              [
                14.4272788,
                50.0733682
              ],
              [
                14.4272851,
                50.0733626
              ],
              [
                14.4273432,
                50.0733832
              ],
              [
                14.4273515,
                50.0733745
              ],
              [
                14.4274094,
                50.0733953
              ],
              [
                14.4274025,
                50.0734036
              ],
              [
                14.4274613,
                50.0734243
              ],
              [
                14.4274553,
                50.0734307
              ],
              [
                14.4275814,
                50.0734752
              ],
              [
                14.4276244,
                50.0734904
              ],
              [
                14.4276442,
                50.0734997
              ],
              [
                14.4276152,
                50.0735347
              ],
              [
                14.4276199,
                50.0735361
              ],
              [
                14.4276261,
                50.0735577
              ],
              [
                14.4276079,
                50.0735792
              ],
              [
                14.4275747,
                50.0735887
              ],
              [
                14.4275705,
                50.073587
              ],
              [
                14.4275433,
                50.0736225
              ],
              [
                14.4275395,
                50.073626
              ],
              [
                14.4269618,
                50.0734249
              ],
              [
                14.4270687,
                50.0733037
              ],
              [
                14.4272583,
                50.073075
              ],
              [
                14.4274006,
                50.0732153
              ],
              [
                14.4273799,
                50.0732404
              ],
              [
                14.4273726,
                50.0732377
              ],
              [
                14.4273278,
                50.0732916
              ],
              [
                14.427311,
                50.0732858
              ],
              [
                14.4272914,
                50.0733079
              ],
              [
                14.4272629,
                50.0732983
              ],
              [
                14.4272536,
                50.0733092
              ]
            ]
          ],
          [
            [
              [
                14.4271649,
                50.0729078
              ],
              [
                14.4269624,
                50.0732229
              ],
              [
                14.4269095,
                50.0733053
              ],
              [
                14.4268054,
                50.073424
              ],
              [
                14.4268036,
                50.0734233
              ],
              [
                14.4267659,
                50.0734627
              ],
              [
                14.4266865,
                50.0735494
              ],
              [
                14.4260461,
                50.073359
              ],
              [
                14.4263827,
                50.0729819
              ],
              [
                14.426455,
                50.0729827
              ],
              [
                14.4265663,
                50.0730426
              ],
              [
                14.4266225,
                50.0730219
              ],
              [
                14.4265799,
                50.0729977
              ],
              [
                14.4265755,
                50.0729999
              ],
              [
                14.4264726,
                50.0728812
              ],
              [
                14.4264237,
                50.0728973
              ],
              [
                14.4254727,
                50.0717829
              ],
              [
                14.4255223,
                50.0717655
              ],
              [
                14.4253979,
                50.0716204
              ],
              [
                14.425366,
                50.0716337
              ],
              [
                14.4253265,
                50.0715839
              ],
              [
                14.4251785,
                50.0714528
              ],
              [
                14.4250915,
                50.0713813
              ],
              [
                14.4250817,
                50.0713725
              ],
              [
                14.4250883,
                50.0713494
              ],
              [
                14.4253023,
                50.0713557
              ],
              [
                14.4259536,
                50.0714438
              ],
              [
                14.4278731,
                50.0717049
              ],
              [
                14.4278126,
                50.0718343
              ],
              [
                14.4278173,
                50.0718354
              ],
              [
                14.4277938,
                50.0718809
              ],
              [
                14.4277313,
                50.0719945
              ],
              [
                14.4276793,
                50.0720835
              ],
              [
                14.4276139,
                50.0721955
              ],
              [
                14.4275833,
                50.0722421
              ],
              [
                14.4274812,
                50.0723965
              ],
              [
                14.4272621,
                50.0727559
              ],
              [
                14.4272104,
                50.0728371
              ],
              [
                14.4271649,
                50.0729078
              ]
            ],
            [
              [
                14.425521,
                50.0717666
              ],
              [
                14.4256044,
                50.0718659
              ],
              [
                14.425606,
                50.0718653
              ],
              [
                14.4263866,
                50.0727832
              ],
              [
                14.4263845,
                50.0727838
              ],
              [
                14.4264706,
                50.0728809
              ],
              [
                14.426472,
                50.0728804
              ],
              [
                14.426546,
                50.0728545
              ],
              [
                14.4266199,
                50.0728285
              ],
              [
                14.4269457,
                50.0727143
              ],
              [
                14.4268624,
                50.0726198
              ],
              [
                14.426539,
                50.0727335
              ],
              [
                14.426532,
                50.0727252
              ],
              [
                14.4264741,
                50.0726565
              ],
              [
                14.4264061,
                50.0725772
              ],
              [
                14.4263152,
                50.0724697
              ],
              [
                14.4264067,
                50.0724367
              ],
              [
                14.4262388,
                50.0722391
              ],
              [
                14.4260709,
                50.0720414
              ],
              [
                14.4259766,
                50.0720737
              ],
              [
                14.4257511,
                50.0718077
              ],
              [
                14.4260737,
                50.0716947
              ],
              [
                14.4259984,
                50.0716035
              ],
              [
                14.4259935,
                50.0715976
              ],
              [
                14.4256723,
                50.0717121
              ],
              [
                14.4255973,
                50.0717388
              ],
              [
                14.4255236,
                50.0717657
              ],
              [
                14.425521,
                50.0717666
              ]
            ]
          ],
          [
            [
              [
                14.425183,
                50.073681
              ],
              [
                14.4251758,
                50.0736877
              ],
              [
                14.4248996,
                50.0739227
              ],
              [
                14.4251971,
                50.0740601
              ],
              [
                14.4254221,
                50.0738711
              ],
              [
                14.4253406,
                50.0738333
              ],
              [
                14.4254298,
                50.0737587
              ],
              [
                14.4254336,
                50.073754
              ],
              [
                14.4255316,
                50.0737816
              ],
              [
                14.4256165,
                50.073822
              ],
              [
                14.4256714,
                50.0738481
              ],
              [
                14.4255195,
                50.0739763
              ],
              [
                14.4255206,
                50.0739867
              ],
              [
                14.4253978,
                50.0740902
              ],
              [
                14.4253826,
                50.0740922
              ],
              [
                14.4253689,
                50.0741042
              ],
              [
                14.425255,
                50.074202
              ],
              [
                14.425244,
                50.0742116
              ],
              [
                14.4249095,
                50.0740586
              ],
              [
                14.4246593,
                50.0739399
              ],
              [
                14.4247602,
                50.0738602
              ],
              [
                14.4248108,
                50.0738163
              ],
              [
                14.424806,
                50.0738137
              ],
              [
                14.4248064,
                50.0738063
              ],
              [
                14.424931,
                50.0737006
              ],
              [
                14.4249394,
                50.0736994
              ],
              [
                14.4249449,
                50.0737016
              ],
              [
                14.4250182,
                50.0736389
              ],
              [
                14.4249988,
                50.0736288
              ],
              [
                14.4250071,
                50.0736198
              ],
              [
                14.425183,
                50.073681
              ]
            ]
          ],
          [
            [
              [
                14.4244096,
                50.0730909
              ],
              [
                14.4243938,
                50.0734721
              ],
              [
                14.4242315,
                50.0736714
              ],
              [
                14.4241381,
                50.0736774
              ],
              [
                14.4240353,
                50.0736477
              ],
              [
                14.4239615,
                50.0735854
              ],
              [
                14.4240434,
                50.0735563
              ],
              [
                14.4240556,
                50.0735469
              ],
              [
                14.4241502,
                50.0734828
              ],
              [
                14.4241539,
                50.0734803
              ],
              [
                14.4241891,
                50.0734565
              ],
              [
                14.4242138,
                50.0734418
              ],
              [
                14.4242508,
                50.0734181
              ],
              [
                14.4242637,
                50.0734096
              ],
              [
                14.4242749,
                50.0734022
              ],
              [
                14.4242955,
                50.0734075
              ],
              [
                14.4243,
                50.0733407
              ],
              [
                14.4243175,
                50.0733416
              ],
              [
                14.4243199,
                50.073303
              ],
              [
                14.4242586,
                50.0732346
              ],
              [
                14.4242337,
                50.0732068
              ],
              [
                14.4242246,
                50.0731966
              ],
              [
                14.4242162,
                50.073187
              ],
              [
                14.4244096,
                50.0730909
              ]
            ]
          ],
          [
            [
              [
                14.4199794,
                50.0733958
              ],
              [
                14.4197839,
                50.0733886
              ],
              [
                14.4197847,
                50.073383
              ],
              [
                14.4194452,
                50.0733747
              ],
              [
                14.4194427,
                50.0733812
              ],
              [
                14.4192496,
                50.073376
              ],
              [
                14.4192273,
                50.0733754
              ],
              [
                14.4192339,
                50.0732461
              ],
              [
                14.4192355,
                50.0732105
              ],
              [
                14.4192469,
                50.0730358
              ],
              [
                14.4192521,
                50.0729884
              ],
              [
                14.4192458,
                50.0729882
              ],
              [
                14.4192536,
                50.0729053
              ],
              [
                14.4188022,
                50.0728951
              ],
              [
                14.418795,
                50.0729003
              ],
              [
                14.4187912,
                50.0731447
              ],
              [
                14.4187876,
                50.0731468
              ],
              [
                14.4187912,
                50.0731489
              ],
              [
                14.418791,
                50.0731641
              ],
              [
                14.4187873,
                50.0731664
              ],
              [
                14.4187909,
                50.0731687
              ],
              [
                14.4187889,
                50.0733055
              ],
              [
                14.4187621,
                50.0733057
              ],
              [
                14.4187578,
                50.073307
              ],
              [
                14.4187539,
                50.0733088
              ],
              [
                14.4187505,
                50.0733113
              ],
              [
                14.4187483,
                50.0733138
              ],
              [
                14.4187468,
                50.0733167
              ],
              [
                14.4187462,
                50.0733197
              ],
              [
                14.4187499,
                50.07333
              ],
              [
                14.4187403,
                50.0733336
              ],
              [
                14.4187207,
                50.0733539
              ],
              [
                14.4186845,
                50.0733575
              ],
              [
                14.4186818,
                50.0733526
              ],
              [
                14.4186743,
                50.0733532
              ],
              [
                14.4186681,
                50.0732898
              ],
              [
                14.4186004,
                50.07257
              ],
              [
                14.4188094,
                50.0725553
              ],
              [
                14.4188159,
                50.0725545
              ],
              [
                14.4188183,
                50.0724637
              ],
              [
                14.4188206,
                50.0723772
              ],
              [
                14.418821,
                50.0723631
              ],
              [
                14.4188107,
                50.0723615
              ],
              [
                14.4188227,
                50.0722009
              ],
              [
                14.418826,
                50.0722006
              ],
              [
                14.4188636,
                50.0721728
              ],
              [
                14.4189659,
                50.0720971
              ],
              [
                14.4192093,
                50.072129
              ],
              [
                14.4192629,
                50.0720695
              ],
              [
                14.4192307,
                50.0720584
              ],
              [
                14.4192093,
                50.0719766
              ],
              [
                14.4189612,
                50.0718785
              ],
              [
                14.4189926,
                50.0718162
              ],
              [
                14.4190249,
                50.0717471
              ],
              [
                14.4190484,
                50.071697
              ],
              [
                14.4190569,
                50.0716788
              ],
              [
                14.4194736,
                50.0718299
              ],
              [
                14.4195715,
                50.0718662
              ],
              [
                14.4196693,
                50.0719025
              ],
              [
                14.4194609,
                50.0721414
              ],
              [
                14.419545,
                50.0721725
              ],
              [
                14.4197618,
                50.0719357
              ],
              [
                14.4198439,
                50.0719671
              ],
              [
                14.4200254,
                50.0717711
              ],
              [
                14.4202745,
                50.071502
              ],
              [
                14.4206359,
                50.0716401
              ],
              [
                14.4207586,
                50.071687
              ],
              [
                14.4208736,
                50.0717304
              ],
              [
                14.4212307,
                50.0718652
              ],
              [
                14.4213122,
                50.071896
              ],
              [
                14.4225461,
                50.0723559
              ],
              [
                14.4226608,
                50.0724903
              ],
              [
                14.422628,
                50.0725049
              ],
              [
                14.4226604,
                50.0725332
              ],
              [
                14.4226924,
                50.0725667
              ],
              [
                14.4227361,
                50.0725475
              ],
              [
                14.4228871,
                50.0727028
              ],
              [
                14.4227831,
                50.0729991
              ],
              [
                14.4226174,
                50.0734463
              ],
              [
                14.4225744,
                50.0735622
              ],
              [
                14.4225333,
                50.0735596
              ],
              [
                14.422388,
                50.0735502
              ],
              [
                14.4217607,
                50.0735081
              ],
              [
                14.4217603,
                50.0735095
              ],
              [
                14.4215388,
                50.0734974
              ],
              [
                14.4215387,
                50.0734956
              ],
              [
                14.421152,
                50.0734733
              ],
              [
                14.4210893,
                50.0734683
              ],
              [
                14.4210608,
                50.0734658
              ],
              [
                14.4210603,
                50.0734677
              ],
              [
                14.4208366,
                50.0734512
              ],
              [
                14.420837,
                50.0734494
              ],
              [
                14.4201689,
                50.0734073
              ],
              [
                14.4200159,
                50.0733976
              ],
              [
                14.4200158,
                50.0734002
              ],
              [
                14.4199794,
                50.0733958
              ]
            ]
          ]
        ]
      },
      "id": "relation/1561811"
    },
    {
      "type": "Feature",
      "properties": {
        "@id": "relation/5455652",
        "alt_name": "Klinika dětského a dorostového lékařství VFN a 1. LF UK v Praze",
        "amenity": "hospital",
        "healthcare": "hospital",
        "name": "Dětský areál Karlov",
        "source": "cuzk:km",
        "type": "multipolygon"
      },
      "geometry": {
        "type": "Polygon",
        "coordinates": [
          [
            [
              14.4293685,
              50.0702747
            ],
            [
              14.429371,
              50.0702748
            ],
            [
              14.429364,
              50.0703569
            ],
            [
              14.4293618,
              50.0703569
            ],
            [
              14.4293471,
              50.0705358
            ],
            [
              14.4293506,
              50.0705361
            ],
            [
              14.4293432,
              50.07062
            ],
            [
              14.4293402,
              50.07062
            ],
            [
              14.4293353,
              50.0706614
            ],
            [
              14.4283448,
              50.0706674
            ],
            [
              14.4284494,
              50.0702328
            ],
            [
              14.428478,
              50.070106
            ],
            [
              14.4284833,
              50.0700837
            ],
            [
              14.4285079,
              50.0699779
            ],
            [
              14.4285138,
              50.0699555
            ],
            [
              14.4286449,
              50.069404
            ],
            [
              14.4294392,
              50.0694319
            ],
            [
              14.429433,
              50.0694732
            ],
            [
              14.4294388,
              50.0694737
            ],
            [
              14.4294288,
              50.0695559
            ],
            [
              14.4294269,
              50.0695558
            ],
            [
              14.4294105,
              50.0697349
            ],
            [
              14.429417,
              50.0697356
            ],
            [
              14.4294095,
              50.0698181
            ],
            [
              14.4294062,
              50.069818
            ],
            [
              14.4293773,
              50.0701746
            ],
            [
              14.4293754,
              50.0701975
            ],
            [
              14.4293791,
              50.0701978
            ],
            [
              14.4293735,
              50.07025
            ],
            [
              14.4293714,
              50.0702498
            ],
            [
              14.4293685,
              50.0702747
            ]
          ]
        ]
      },
      "id": "relation/5455652"
    },
    {
      "type": "Feature",
      "properties": {
        "@id": "relation/5860685",
        "amenity": "hospital",
        "contact:facebook": "https://www.facebook.com/p/nemocnice-havl%C3%AD%C4%8Dk%C5%AFv-brod-100057146962636/",
        "healthcare": "hospital",
        "name": "Nemocnice Havlíčkův Brod",
        "phone": "569 472 111",
        "source": "cuzk:ruian",
        "type": "multipolygon",
        "website": "https://www.nemhb.cz/"
      },
      "geometry": {
        "type": "MultiPolygon",
        "coordinates": [
          [
            [
              [
                15.5724766,
                49.6103598
              ],
              [
                15.5723449,
                49.6103846
              ],
              [
                15.5723428,
                49.6103798
              ],
              [
                15.5722001,
                49.6104057
              ],
              [
                15.5719335,
                49.6102654
              ],
              [
                15.5720005,
                49.6102127
              ],
              [
                15.5719093,
                49.6099956
              ],
              [
                15.5732039,
                49.6097662
              ],
              [
                15.5733595,
                49.6101866
              ],
              [
                15.5731507,
                49.6102265
              ],
              [
                15.5732006,
                49.610311
              ],
              [
                15.57321,
                49.6103328
              ],
              [
                15.5732048,
                49.6103351
              ],
              [
                15.5732293,
                49.6103994
              ],
              [
                15.5729621,
                49.610445
              ],
              [
                15.5729588,
                49.6104367
              ],
              [
                15.5726462,
                49.610491
              ],
              [
                15.5726241,
                49.6104333
              ],
              [
                15.5726013,
                49.6103739
              ],
              [
                15.5724897,
                49.6103928
              ],
              [
                15.5724766,
                49.6103598
              ]
            ]
          ],
          [
            [
              [
                15.5689969,
                49.6098997
              ],
              [
                15.5693408,
                49.6097473
              ],
              [
                15.5698632,
                49.609564
              ],
              [
                15.5701897,
                49.6095262
              ],
              [
                15.5702991,
                49.6095591
              ],
              [
                15.57041,
                49.6095543
              ],
              [
                15.5705541,
                49.6095733
              ],
              [
                15.5714673,
                49.6098996
              ],
              [
                15.5717266,
                49.6099286
              ],
              [
                15.5717292,
                49.6100267
              ],
              [
                15.571649,
                49.6101364
              ],
              [
                15.5715375,
                49.6101729
              ],
              [
                15.5714591,
                49.6102099
              ],
              [
                15.5711615,
                49.6104238
              ],
              [
                15.5708905,
                49.6106032
              ],
              [
                15.5705416,
                49.6107978
              ],
              [
                15.5700246,
                49.6110686
              ],
              [
                15.5698437,
                49.6111828
              ],
              [
                15.5697107,
                49.6111816
              ],
              [
                15.5694049,
                49.6110116
              ],
              [
                15.5689466,
                49.6105838
              ],
              [
                15.5689075,
                49.6104408
              ],
              [
                15.5689505,
                49.6102837
              ],
              [
                15.5690276,
                49.6099216
              ],
              [
                15.5689969,
                49.6098997
              ]
            ]
          ],
          [
            [
              [
                15.5725519,
                49.6084797
              ],
              [
                15.5728543,
                49.609279
              ],
              [
                15.5730207,
                49.6096703
              ],
              [
                15.5721782,
                49.6098167
              ],
              [
                15.5716717,
                49.6098414
              ],
              [
                15.5714562,
                49.6098122
              ],
              [
                15.5704942,
                49.6094725
              ],
              [
                15.5702773,
                49.6093956
              ],
              [
                15.5702504,
                49.609374
              ],
              [
                15.5700705,
                49.608921
              ],
              [
                15.5700912,
                49.6088971
              ],
              [
                15.5710053,
                49.6087406
              ],
              [
                15.5725519,
                49.6084797
              ]
            ]
          ]
        ]
      },
      "id": "relation/5860685"
    },
    {
      "type": "Feature",
      "properties": {
        "@id": "relation/6158328",
        "amenity": "hospital",
        "building": "yes",
        "emergency": "yes",
        "name": "Nemocnice Znojmo",
        "source": "cuzk:km",
        "type": "multipolygon",
        "wheelchair": "yes"
      },
      "geometry": {
        "type": "Polygon",
        "coordinates": [
          [
            [
              16.050904,
              48.870109
            ],
            [
              16.0509399,
              48.8701437
            ],
            [
              16.0508391,
              48.8701856
            ],
            [
              16.0508168,
              48.8701621
            ],
            [
              16.0503902,
              48.8703395
            ],
            [
              16.0504134,
              48.8703602
            ],
            [
              16.0503212,
              48.8703984
            ],
            [
              16.0503077,
              48.8703848
            ],
            [
              16.0503,
              48.8703771
            ],
            [
              16.0502897,
              48.8703792
            ],
            [
              16.0502674,
              48.8703561
            ],
            [
              16.0501331,
              48.8702176
            ],
            [
              16.0501449,
              48.8702183
            ],
            [
              16.0502883,
              48.869793
            ],
            [
              16.050774,
              48.869864
            ],
            [
              16.050788,
              48.869811
            ],
            [
              16.050721,
              48.869765
            ],
            [
              16.050851,
              48.869685
            ],
            [
              16.0508647,
              48.869643
            ],
            [
              16.050876,
              48.869608
            ],
            [
              16.0505397,
              48.8695589
            ],
            [
              16.0503723,
              48.8695353
            ],
            [
              16.050474,
              48.869231
            ],
            [
              16.050483,
              48.869206
            ],
            [
              16.050498,
              48.8691605
            ],
            [
              16.050983,
              48.869231
            ],
            [
              16.050988,
              48.869228
            ],
            [
              16.0510195,
              48.869127
            ],
            [
              16.050863,
              48.869104
            ],
            [
              16.050908,
              48.8689685
            ],
            [
              16.051065,
              48.868991
            ],
            [
              16.05107,
              48.868988
            ],
            [
              16.051083,
              48.868951
            ],
            [
              16.0508934,
              48.8688398
            ],
            [
              16.0508425,
              48.86881
            ],
            [
              16.050783,
              48.86885
            ],
            [
              16.050718,
              48.8689
            ],
            [
              16.0504692,
              48.8687518
            ],
            [
              16.050452,
              48.8687645
            ],
            [
              16.050424,
              48.868759
            ],
            [
              16.05045,
              48.86874
            ],
            [
              16.050291,
              48.868648
            ],
            [
              16.050256,
              48.8686235
            ],
            [
              16.0503393,
              48.8685615
            ],
            [
              16.050551,
              48.868404
            ],
            [
              16.050664,
              48.868468
            ],
            [
              16.05062,
              48.868499
            ],
            [
              16.050609,
              48.868511
            ],
            [
              16.0507978,
              48.8686294
            ],
            [
              16.05095,
              48.868724
            ],
            [
              16.051031,
              48.868769
            ],
            [
              16.051058,
              48.868801
            ],
            [
              16.051078,
              48.868794
            ],
            [
              16.051119,
              48.86884
            ],
            [
              16.05114,
              48.86883
            ],
            [
              16.0511594,
              48.868853
            ],
            [
              16.051178,
              48.868875
            ],
            [
              16.051195,
              48.868869
            ],
            [
              16.051246,
              48.868901
            ],
            [
              16.051259,
              48.868893
            ],
            [
              16.051288,
              48.868888
            ],
            [
              16.051339,
              48.868898
            ],
            [
              16.051353,
              48.868898
            ],
            [
              16.051435,
              48.868908
            ],
            [
              16.051475,
              48.868778
            ],
            [
              16.051494,
              48.868723
            ],
            [
              16.051501,
              48.868704
            ],
            [
              16.05151,
              48.868674
            ],
            [
              16.051518,
              48.868656
            ],
            [
              16.05153,
              48.868615
            ],
            [
              16.051535,
              48.868613
            ],
            [
              16.051654,
              48.868631
            ],
            [
              16.051744,
              48.868646
            ],
            [
              16.051872,
              48.868663
            ],
            [
              16.05181,
              48.868854
            ],
            [
              16.0518719,
              48.8688639
            ],
            [
              16.0518848,
              48.8688714
            ],
            [
              16.05188,
              48.868886
            ],
            [
              16.05187,
              48.86889
            ],
            [
              16.0517955,
              48.868883
            ],
            [
              16.051763,
              48.868995
            ],
            [
              16.051811,
              48.869004
            ],
            [
              16.051993,
              48.869026
            ],
            [
              16.052,
              48.869009
            ],
            [
              16.0524008,
              48.8690687
            ],
            [
              16.052399,
              48.869073
            ],
            [
              16.052363,
              48.869191
            ],
            [
              16.0526804,
              48.8692384
            ],
            [
              16.052682,
              48.869229
            ],
            [
              16.0527173,
              48.8692349
            ],
            [
              16.0526782,
              48.8693559
            ],
            [
              16.052406,
              48.869315
            ],
            [
              16.0519,
              48.869245
            ],
            [
              16.051839,
              48.869234
            ],
            [
              16.051849,
              48.869204
            ],
            [
              16.05169,
              48.86918
            ],
            [
              16.051675,
              48.869224
            ],
            [
              16.051625,
              48.869216
            ],
            [
              16.051626,
              48.869199
            ],
            [
              16.051148,
              48.869129
            ],
            [
              16.051128,
              48.869195
            ],
            [
              16.051091,
              48.869191
            ],
            [
              16.051073,
              48.869245
            ],
            [
              16.051259,
              48.86927
            ],
            [
              16.05117,
              48.8694978
            ],
            [
              16.050959,
              48.8700856
            ],
            [
              16.050904,
              48.870109
            ]
          ],
          [
            [
              16.0506917,
              48.8700319
            ],
            [
              16.0506888,
              48.8700254
            ],
            [
              16.050718,
              48.870014
            ],
            [
              16.050731,
              48.869974
            ],
            [
              16.050416,
              48.869926
            ],
            [
              16.050411,
              48.869928
            ],
            [
              16.050325,
              48.870184
            ],
            [
              16.0506917,
              48.8700319
            ]
          ]
        ]
      },
      "id": "relation/6158328"
    },
    {
      "type": "Feature",
      "properties": {
        "@id": "relation/6399939",
        "amenity": "hospital",
        "emergency": "yes",
        "healthcare": "hospital",
        "name": "Nemocnice Jičín",
        "type": "multipolygon",
        "website": "https://www.nemjc.cz/"
      },
      "geometry": {
        "type": "Polygon",
        "coordinates": [
          [
            [
              15.3557816,
              50.4414123
            ],
            [
              15.354721,
              50.4406601
            ],
            [
              15.3543765,
              50.4404158
            ],
            [
              15.3551901,
              50.4398894
            ],
            [
              15.3552139,
              50.4398792
            ],
            [
              15.3552379,
              50.4398767
            ],
            [
              15.35526,
              50.4398813
            ],
            [
              15.3552744,
              50.4398912
            ],
            [
              15.3553034,
              50.4398728
            ],
            [
              15.3553442,
              50.4398463
            ],
            [
              15.3553631,
              50.439834
            ],
            [
              15.3553558,
              50.4398227
            ],
            [
              15.3553514,
              50.4398101
            ],
            [
              15.3553575,
              50.4397941
            ],
            [
              15.3553677,
              50.4397766
            ],
            [
              15.3563036,
              50.4391609
            ],
            [
              15.3568912,
              50.4387876
            ],
            [
              15.3586336,
              50.4397086
            ],
            [
              15.3584017,
              50.43986
            ],
            [
              15.3583794,
              50.4398458
            ],
            [
              15.3579185,
              50.4401409
            ],
            [
              15.3579113,
              50.4401362
            ],
            [
              15.3578698,
              50.4401628
            ],
            [
              15.3578771,
              50.4401675
            ],
            [
              15.3576966,
              50.440282
            ],
            [
              15.3577193,
              50.4402965
            ],
            [
              15.3575666,
              50.4403944
            ],
            [
              15.3559559,
              50.4414273
            ],
            [
              15.3557816,
              50.4414123
            ]
          ],
          [
            [
              15.355296,
              50.4405248
            ],
            [
              15.3558519,
              50.4408618
            ],
            [
              15.3564143,
              50.4405409
            ],
            [
              15.3565559,
              50.4404508
            ],
            [
              15.355797,
              50.4399738
            ],
            [
              15.3556499,
              50.4400723
            ],
            [
              15.3555406,
              50.4403095
            ],
            [
              15.3553888,
              50.4404402
            ],
            [
              15.355296,
              50.4405248
            ]
          ]
        ]
      },
      "id": "relation/6399939"
    },
    {
      "type": "Feature",
      "properties": {
        "@id": "relation/7363356",
        "amenity": "hospital",
        "healthcare": "hospital",
        "name": "Nemocnice Domažlice",
        "type": "multipolygon",
        "website": "http://www.donem.cz/"
      },
      "geometry": {
        "type": "Polygon",
        "coordinates": [
          [
            [
              12.9078453,
              49.4385687
            ],
            [
              12.9077409,
              49.4387968
            ],
            [
              12.9077353,
              49.438809
            ],
            [
              12.9077262,
              49.4388289
            ],
            [
              12.9077038,
              49.4388779
            ],
            [
              12.9071993,
              49.4387714
            ],
            [
              12.9064972,
              49.4386164
            ],
            [
              12.9065091,
              49.438591
            ],
            [
              12.9063133,
              49.4383331
            ],
            [
              12.9062946,
              49.4380463
            ],
            [
              12.9063616,
              49.4378931
            ],
            [
              12.9064909,
              49.4377255
            ],
            [
              12.90669,
              49.4375089
            ],
            [
              12.9068249,
              49.4374191
            ],
            [
              12.9072991,
              49.4373008
            ],
            [
              12.9079093,
              49.4371969
            ],
            [
              12.9083848,
              49.4371289
            ],
            [
              12.908712,
              49.4371048
            ],
            [
              12.9091231,
              49.4371455
            ],
            [
              12.9095711,
              49.437168
            ],
            [
              12.9098992,
              49.4372038
            ],
            [
              12.909616,
              49.4380614
            ],
            [
              12.9095542,
              49.4380478
            ],
            [
              12.9095409,
              49.4380803
            ],
            [
              12.9095038,
              49.4381706
            ],
            [
              12.9094329,
              49.4381581
            ],
            [
              12.9093669,
              49.4383017
            ],
            [
              12.9093938,
              49.438307
            ],
            [
              12.9093648,
              49.4383701
            ],
            [
              12.9093379,
              49.4383649
            ],
            [
              12.9093335,
              49.4383744
            ],
            [
              12.9091255,
              49.4383339
            ],
            [
              12.9091193,
              49.4383475
            ],
            [
              12.9090198,
              49.4383281
            ],
            [
              12.909026,
              49.4383146
            ],
            [
              12.908527,
              49.4382177
            ],
            [
              12.9083632,
              49.4381865
            ],
            [
              12.908258,
              49.4381661
            ],
            [
              12.9082565,
              49.4381696
            ],
            [
              12.9082486,
              49.438168
            ],
            [
              12.9082502,
              49.4381646
            ],
            [
              12.9081549,
              49.4381461
            ],
            [
              12.9081533,
              49.4381495
            ],
            [
              12.9081455,
              49.4381479
            ],
            [
              12.908147,
              49.4381445
            ],
            [
              12.9080524,
              49.4381261
            ],
            [
              12.9080508,
              49.4381296
            ],
            [
              12.9080428,
              49.4381281
            ],
            [
              12.9080237,
              49.4381745
            ],
            [
              12.9080197,
              49.4381841
            ],
            [
              12.908019,
              49.4381918
            ],
            [
              12.9080117,
              49.4381903
            ],
            [
              12.9079992,
              49.438218
            ],
            [
              12.9079866,
              49.4382456
            ],
            [
              12.9079939,
              49.438247
            ],
            [
              12.9079886,
              49.4382531
            ],
            [
              12.9079602,
              49.4383154
            ],
            [
              12.9078453,
              49.4385687
            ]
          ]
        ]
      },
      "id": "relation/7363356"
    },
    {
      "type": "Feature",
      "properties": {
        "@id": "relation/7367094",
        "amenity": "hospital",
        "emergency": "yes",
        "healthcare": "hospital",
        "name": "Nemocnice Frýdlant",
        "type": "multipolygon",
        "website": "https://www.eucnemocnice.cz/frydlant",
        "wikidata": "Q15211163",
        "wikipedia": "cs:Nemocnice Frýdlant"
      },
      "geometry": {
        "type": "Polygon",
        "coordinates": [
          [
            [
              15.0878493,
              50.9254479
            ],
            [
              15.0878766,
              50.9254521
            ],
            [
              15.0879459,
              50.9254629
            ],
            [
              15.0879643,
              50.9253957
            ],
            [
              15.0881864,
              50.9254154
            ],
            [
              15.0885462,
              50.9254328
            ],
            [
              15.0893242,
              50.9261643
            ],
            [
              15.0892694,
              50.926187
            ],
            [
              15.0890683,
              50.9262702
            ],
            [
              15.0897766,
              50.9268828
            ],
            [
              15.0895244,
              50.9269431
            ],
            [
              15.0885048,
              50.9271867
            ],
            [
              15.0866347,
              50.9270857
            ],
            [
              15.0866631,
              50.9268169
            ],
            [
              15.0865494,
              50.9268087
            ],
            [
              15.0867006,
              50.926258
            ],
            [
              15.0866231,
              50.9262499
            ],
            [
              15.0867123,
              50.9257668
            ],
            [
              15.086739,
              50.9257072
            ],
            [
              15.0868579,
              50.9254158
            ],
            [
              15.0869794,
              50.9253647
            ],
            [
              15.0878493,
              50.9254479
            ]
          ]
        ]
      },
      "id": "relation/7367094"
    },
    {
      "type": "Feature",
      "properties": {
        "@id": "relation/8304344",
        "addr:city": "Blansko",
        "addr:conscriptionnumber": "1596",
        "addr:country": "CZ",
        "addr:housenumber": "1596/33",
        "addr:place": "Blansko",
        "addr:postcode": "67801",
        "addr:street": "Sadová",
        "addr:streetnumber": "33",
        "amenity": "hospital",
        "area": "yes",
        "email": "info@nemobk.cz",
        "emergency": "yes",
        "healthcare": "hospital",
        "name": "Nemocnice Blansko",
        "phone": "+420 516 838 111",
        "ref:ruian:addr": "15236811",
        "type": "multipolygon",
        "website": "https://www.nemobk.cz/",
        "wikidata": "Q41567456"
      },
      "geometry": {
        "type": "Polygon",
        "coordinates": [
          [
            [
              16.652771,
              49.3611727
            ],
            [
              16.6527858,
              49.3610681
            ],
            [
              16.6534634,
              49.3611059
            ],
            [
              16.6535208,
              49.3611104
            ],
            [
              16.6538827,
              49.3610899
            ],
            [
              16.654006,
              49.3610711
            ],
            [
              16.6538997,
              49.3617068
            ],
            [
              16.6538442,
              49.3620388
            ],
            [
              16.6538425,
              49.362049
            ],
            [
              16.6538578,
              49.3620901
            ],
            [
              16.6539037,
              49.3621051
            ],
            [
              16.6558067,
              49.362256
            ],
            [
              16.6558057,
              49.3622822
            ],
            [
              16.6557891,
              49.3624429
            ],
            [
              16.655078,
              49.3624385
            ],
            [
              16.6550797,
              49.3628604
            ],
            [
              16.6548421,
              49.3629183
            ],
            [
              16.6543883,
              49.3631905
            ],
            [
              16.6542609,
              49.3632478
            ],
            [
              16.6539994,
              49.3632016
            ],
            [
              16.6539327,
              49.3631231
            ],
            [
              16.6538302,
              49.3628548
            ],
            [
              16.6531826,
              49.3628187
            ],
            [
              16.6530935,
              49.3627969
            ],
            [
              16.6526149,
              49.3624329
            ],
            [
              16.6522627,
              49.3622704
            ],
            [
              16.6518688,
              49.3621456
            ],
            [
              16.6518901,
              49.3620149
            ],
            [
              16.6519664,
              49.3620209
            ],
            [
              16.6519838,
              49.3619313
            ],
            [
              16.6519034,
              49.3619253
            ],
            [
              16.6519215,
              49.3618252
            ],
            [
              16.6522308,
              49.3618488
            ],
            [
              16.6522501,
              49.3617417
            ],
            [
              16.6519428,
              49.3617182
            ],
            [
              16.6520013,
              49.3613933
            ],
            [
              16.6522367,
              49.3614113
            ],
            [
              16.6522827,
              49.3614148
            ],
            [
              16.6524645,
              49.3614287
            ],
            [
              16.6524556,
              49.3614779
            ],
            [
              16.6525237,
              49.3614831
            ],
            [
              16.6525822,
              49.3611583
            ],
            [
              16.652771,
              49.3611727
            ]
          ]
        ]
      },
      "id": "relation/8304344"
    },
    {
      "type": "Feature",
      "properties": {
        "@id": "relation/8456973",
        "amenity": "hospital",
        "healthcare": "hospital",
        "healthcare:speciality": "paediatrics",
        "name": "Dětská nemocnice",
        "operator": "FN Bohunice",
        "type": "multipolygon",
        "wheelchair": "yes",
        "wikidata": "Q28092878"
      },
      "geometry": {
        "type": "MultiPolygon",
        "coordinates": [
          [
            [
              [
                16.6177626,
                49.2049975
              ],
              [
                16.6175621,
                49.2050334
              ],
              [
                16.6175635,
                49.2050367
              ],
              [
                16.6174523,
                49.2050566
              ],
              [
                16.6174509,
                49.2050534
              ],
              [
                16.617233,
                49.2050924
              ],
              [
                16.6163559,
                49.2044771
              ],
              [
                16.6160689,
                49.204277
              ],
              [
                16.6162212,
                49.2038604
              ],
              [
                16.6161092,
                49.2038354
              ],
              [
                16.6160094,
                49.2038132
              ],
              [
                16.6160001,
                49.2038409
              ],
              [
                16.6157848,
                49.2038039
              ],
              [
                16.6156041,
                49.2037166
              ],
              [
                16.6153593,
                49.2036363
              ],
              [
                16.6152709,
                49.2036073
              ],
              [
                16.6154583,
                49.2031583
              ],
              [
                16.6153999,
                49.2031372
              ],
              [
                16.6162734,
                49.2020018
              ],
              [
                16.6183167,
                49.2028451
              ],
              [
                16.6183528,
                49.2028708
              ],
              [
                16.6183827,
                49.2029064
              ],
              [
                16.6183934,
                49.2029499
              ],
              [
                16.6183887,
                49.2030002
              ],
              [
                16.618327,
                49.2031967
              ],
              [
                16.6182596,
                49.2034229
              ],
              [
                16.6182432,
                49.2034346
              ],
              [
                16.6182204,
                49.2034406
              ],
              [
                16.6181819,
                49.2034371
              ],
              [
                16.6181216,
                49.2036305
              ],
              [
                16.6180613,
                49.2038209
              ],
              [
                16.6181008,
                49.2038416
              ],
              [
                16.6181173,
                49.2038626
              ],
              [
                16.6178678,
                49.2046651
              ],
              [
                16.6177626,
                49.2049975
              ]
            ]
          ],
          [
            [
              [
                16.617908,
                49.2052019
              ],
              [
                16.6179679,
                49.2050153
              ],
              [
                16.6180672,
                49.2046988
              ],
              [
                16.6181852,
                49.204317
              ],
              [
                16.6185207,
                49.2043533
              ],
              [
                16.6188949,
                49.2043995
              ],
              [
                16.6188798,
                49.2045249
              ],
              [
                16.6188742,
                49.2045731
              ],
              [
                16.6187912,
                49.2052879
              ],
              [
                16.6184104,
                49.2052711
              ],
              [
                16.6182442,
                49.2052485
              ],
              [
                16.6181477,
                49.2052349
              ],
              [
                16.6179761,
                49.2052115
              ],
              [
                16.617908,
                49.2052019
              ]
            ]
          ]
        ]
      },
      "id": "relation/8456973"
    },
    {
      "type": "Feature",
      "properties": {
        "@id": "relation/9344368",
        "amenity": "hospital",
        "emergency": "yes",
        "healthcare": "hospital",
        "healthcare:speciality": "orthopaedics;surgery;ophthalmology;urology;oncology;geriatrics",
        "name": "Fakultní nemocnice u svaté Anny",
        "old_name": "klášter dominikánek",
        "short_name": "FN u sv. Anny",
        "type": "multipolygon",
        "website": "https://www.fnusa.cz/",
        "wikidata": "Q12016624",
        "wikipedia": "cs:Fakultní nemocnice u sv. Anny v Brně"
      },
      "geometry": {
        "type": "MultiPolygon",
        "coordinates": [
          [
            [
              [
                16.599044,
                49.1899579
              ],
              [
                16.5992618,
                49.1901816
              ],
              [
                16.5993316,
                49.1902535
              ],
              [
                16.5993355,
                49.1902567
              ],
              [
                16.5995958,
                49.1902171
              ],
              [
                16.5996795,
                49.1901909
              ],
              [
                16.5997764,
                49.1901611
              ],
              [
                16.6005302,
                49.1899624
              ],
              [
                16.6005997,
                49.1899448
              ],
              [
                16.6005974,
                49.1899376
              ],
              [
                16.6008511,
                49.1898777
              ],
              [
                16.600856,
                49.189887
              ],
              [
                16.601263,
                49.1898374
              ],
              [
                16.601141,
                49.189491
              ],
              [
                16.6011374,
                49.189481
              ],
              [
                16.6013933,
                49.1894511
              ],
              [
                16.6014192,
                49.1894481
              ],
              [
                16.6017091,
                49.1894148
              ],
              [
                16.6017116,
                49.1894094
              ],
              [
                16.6017802,
                49.1894005
              ],
              [
                16.6017816,
                49.1894037
              ],
              [
                16.6020272,
                49.1893741
              ],
              [
                16.6020254,
                49.1893705
              ],
              [
                16.6020966,
                49.1893614
              ],
              [
                16.6020984,
                49.1893677
              ],
              [
                16.6021499,
                49.1893623
              ],
              [
                16.6021911,
                49.1893591
              ],
              [
                16.6021908,
                49.1893535
              ],
              [
                16.6024148,
                49.1893414
              ],
              [
                16.6024188,
                49.1893833
              ],
              [
                16.6024138,
                49.1893838
              ],
              [
                16.6024241,
                49.1895785
              ],
              [
                16.6024292,
                49.1895786
              ],
              [
                16.6024317,
                49.1896205
              ],
              [
                16.6024251,
                49.1896209
              ],
              [
                16.6024314,
                49.189752
              ],
              [
                16.6024346,
                49.1898078
              ],
              [
                16.6024383,
                49.189808
              ],
              [
                16.6024422,
                49.1898823
              ],
              [
                16.602436,
                49.1898826
              ],
              [
                16.6024593,
                49.1906387
              ],
              [
                16.6024637,
                49.19093
              ],
              [
                16.6022628,
                49.1909308
              ],
              [
                16.6022622,
                49.1909343
              ],
              [
                16.6020787,
                49.190937
              ],
              [
                16.6020771,
                49.1909318
              ],
              [
                16.6019969,
                49.1909328
              ],
              [
                16.6019188,
                49.1909338
              ],
              [
                16.6013681,
                49.1909483
              ],
              [
                16.6011434,
                49.1909835
              ],
              [
                16.601115,
                49.190988
              ],
              [
                16.6010401,
                49.1910115
              ],
              [
                16.6009273,
                49.1910442
              ],
              [
                16.6008176,
                49.1910778
              ],
              [
                16.600106,
                49.1913024
              ],
              [
                16.6000981,
                49.1913053
              ],
              [
                16.6000988,
                49.1913105
              ],
              [
                16.5995478,
                49.1913327
              ],
              [
                16.5995458,
                49.1913165
              ],
              [
                16.5995234,
                49.1913169
              ],
              [
                16.5995236,
                49.1913139
              ],
              [
                16.5995053,
                49.1913139
              ],
              [
                16.5994828,
                49.1913204
              ],
              [
                16.5994617,
                49.1913207
              ],
              [
                16.5994542,
                49.1913171
              ],
              [
                16.5994401,
                49.1913171
              ],
              [
                16.5994181,
                49.1913225
              ],
              [
                16.599396,
                49.1913225
              ],
              [
                16.5993891,
                49.1913201
              ],
              [
                16.5993563,
                49.1913204
              ],
              [
                16.599344,
                49.1913259
              ],
              [
                16.5993226,
                49.1913265
              ],
              [
                16.5993125,
                49.1913231
              ],
              [
                16.5992977,
                49.1913228
              ],
              [
                16.5992738,
                49.1913274
              ],
              [
                16.5992555,
                49.1913276
              ],
              [
                16.5992431,
                49.1913246
              ],
              [
                16.5992288,
                49.1913254
              ],
              [
                16.5992,
                49.1913309
              ],
              [
                16.5992002,
                49.1913384
              ],
              [
                16.5992037,
                49.1913729
              ],
              [
                16.5991048,
                49.1913785
              ],
              [
                16.5989953,
                49.1913847
              ],
              [
                16.5989905,
                49.191352
              ],
              [
                16.5989896,
                49.1913416
              ],
              [
                16.5989817,
                49.191342
              ],
              [
                16.59897,
                49.1913397
              ],
              [
                16.5989419,
                49.1913411
              ],
              [
                16.5989362,
                49.1913467
              ],
              [
                16.5989075,
                49.1913472
              ],
              [
                16.5988999,
                49.1913451
              ],
              [
                16.5988772,
                49.1913461
              ],
              [
                16.5988639,
                49.1913527
              ],
              [
                16.5988431,
                49.1913535
              ],
              [
                16.5988319,
                49.1913506
              ],
              [
                16.5988064,
                49.1913516
              ],
              [
                16.5987963,
                49.1913576
              ],
              [
                16.5987745,
                49.1913591
              ],
              [
                16.5987664,
                49.1913568
              ],
              [
                16.5987362,
                49.1913581
              ],
              [
                16.5987248,
                49.1913645
              ],
              [
                16.5987036,
                49.1913656
              ],
              [
                16.5986903,
                49.1913617
              ],
              [
                16.5986678,
                49.1913633
              ],
              [
                16.5986513,
                49.1913702
              ],
              [
                16.5986533,
                49.1913823
              ],
              [
                16.5981346,
                49.1914716
              ],
              [
                16.598122,
                49.1914725
              ],
              [
                16.5981209,
                49.1914689
              ],
              [
                16.5980653,
                49.1914762
              ],
              [
                16.5980658,
                49.1914785
              ],
              [
                16.5980463,
                49.1914805
              ],
              [
                16.5980453,
                49.1914785
              ],
              [
                16.5979947,
                49.1914836
              ],
              [
                16.5979959,
                49.1914866
              ],
              [
                16.5979845,
                49.1914878
              ],
              [
                16.5979838,
                49.1914853
              ],
              [
                16.5979261,
                49.1914924
              ],
              [
                16.597927,
                49.1914954
              ],
              [
                16.5979147,
                49.1914966
              ],
              [
                16.5979146,
                49.1914937
              ],
              [
                16.5978615,
                49.1915005
              ],
              [
                16.5978624,
                49.191503
              ],
              [
                16.5978473,
                49.1915046
              ],
              [
                16.5978463,
                49.1915024
              ],
              [
                16.597791,
                49.1915088
              ],
              [
                16.5977912,
                49.1915107
              ],
              [
                16.5977779,
                49.1915118
              ],
              [
                16.5977768,
                49.1915097
              ],
              [
                16.5977191,
                49.1915176
              ],
              [
                16.5977196,
                49.1915198
              ],
              [
                16.597709,
                49.1915209
              ],
              [
                16.5977072,
                49.1915175
              ],
              [
                16.5976691,
                49.1915236
              ],
              [
                16.5974303,
                49.191552
              ],
              [
                16.597138,
                49.1915865
              ],
              [
                16.5969005,
                49.1916136
              ],
              [
                16.5968901,
                49.1915754
              ],
              [
                16.5968247,
                49.1915825
              ],
              [
                16.596816,
                49.1915717
              ],
              [
                16.5967489,
                49.1913042
              ],
              [
                16.5967461,
                49.1913046
              ],
              [
                16.5967447,
                49.1912975
              ],
              [
                16.596747,
                49.1912975
              ],
              [
                16.5967319,
                49.191233
              ],
              [
                16.5967283,
                49.1912338
              ],
              [
                16.596727,
                49.1912267
              ],
              [
                16.5967296,
                49.1912264
              ],
              [
                16.5966744,
                49.191022
              ],
              [
                16.5964756,
                49.1906698
              ],
              [
                16.5964536,
                49.1906323
              ],
              [
                16.5962935,
                49.1905474
              ],
              [
                16.5961497,
                49.1904787
              ],
              [
                16.5960911,
                49.1904496
              ],
              [
                16.5961972,
                49.1903694
              ],
              [
                16.5962418,
                49.1903347
              ],
              [
                16.5964154,
                49.1902665
              ],
              [
                16.596669,
                49.1901784
              ],
              [
                16.5968138,
                49.1901369
              ],
              [
                16.5968626,
                49.190123
              ],
              [
                16.5971865,
                49.1900413
              ],
              [
                16.597206,
                49.1900364
              ],
              [
                16.5972255,
                49.1900315
              ],
              [
                16.5979543,
                49.1898434
              ],
              [
                16.5979811,
                49.1898776
              ],
              [
                16.5980002,
                49.1899019
              ],
              [
                16.598011,
                49.189915
              ],
              [
                16.5982195,
                49.190178
              ],
              [
                16.5982541,
                49.1901701
              ],
              [
                16.598382,
                49.1901463
              ],
              [
                16.5986816,
                49.1900938
              ],
              [
                16.5986523,
                49.1900506
              ],
              [
                16.5986083,
                49.1899885
              ],
              [
                16.5985134,
                49.1898447
              ],
              [
                16.5985892,
                49.1898233
              ],
              [
                16.5986612,
                49.189803
              ],
              [
                16.5987669,
                49.1899511
              ],
              [
                16.5988096,
                49.1899371
              ],
              [
                16.5988926,
                49.1898986
              ],
              [
                16.5987529,
                49.189765
              ],
              [
                16.5988186,
                49.1897355
              ],
              [
                16.598995,
                49.189907
              ],
              [
                16.599044,
                49.1899579
              ]
            ]
          ],
          [
            [
              [
                16.5910527,
                49.1892634
              ],
              [
                16.5909058,
                49.18939
              ],
              [
                16.5907529,
                49.189493
              ],
              [
                16.5907422,
                49.189488
              ],
              [
                16.5907128,
                49.1895229
              ],
              [
                16.5906497,
                49.1895967
              ],
              [
                16.5906116,
                49.1896409
              ],
              [
                16.5906096,
                49.1896454
              ],
              [
                16.5900414,
                49.1894323
              ],
              [
                16.5893569,
                49.1891773
              ],
              [
                16.5893981,
                49.1891213
              ],
              [
                16.5894702,
                49.189018
              ],
              [
                16.5894951,
                49.1889834
              ],
              [
                16.5894915,
                49.1889434
              ],
              [
                16.5894526,
                49.1889374
              ],
              [
                16.5894383,
                49.1889342
              ],
              [
                16.5894373,
                49.1888842
              ],
              [
                16.5898054,
                49.1888404
              ],
              [
                16.5900261,
                49.1888434
              ],
              [
                16.5900362,
                49.1888281
              ],
              [
                16.5900979,
                49.1888357
              ],
              [
                16.5901802,
                49.1888517
              ],
              [
                16.5902703,
                49.1888778
              ],
              [
                16.5908584,
                49.1891115
              ],
              [
                16.5909436,
                49.1891407
              ],
              [
                16.5909889,
                49.1891586
              ],
              [
                16.5910967,
                49.1892114
              ],
              [
                16.5910527,
                49.1892634
              ]
            ]
          ]
        ]
      },
      "id": "relation/9344368"
    },
    {
      "type": "Feature",
      "properties": {
        "@id": "relation/11729365",
        "amenity": "hospital",
        "healthcare": "hospital",
        "name": "Orlickoústecká Nemocnice",
        "phone": "+420465710111",
        "type": "multipolygon",
        "website": "https://www.ou-nem.cz/"
      },
      "geometry": {
        "type": "Polygon",
        "coordinates": [
          [
            [
              16.4020539,
              49.969514
            ],
            [
              16.4020727,
              49.9693907
            ],
            [
              16.4022327,
              49.9693687
            ],
            [
              16.4022378,
              49.9693315
            ],
            [
              16.4023695,
              49.9693407
            ],
            [
              16.4025063,
              49.9693204
            ],
            [
              16.4025844,
              49.9693187
            ],
            [
              16.4026417,
              49.9692522
            ],
            [
              16.4033861,
              49.9693255
            ],
            [
              16.4034539,
              49.9693398
            ],
            [
              16.403459,
              49.9693095
            ],
            [
              16.4034667,
              49.9692632
            ],
            [
              16.4035632,
              49.9692706
            ],
            [
              16.4035977,
              49.9690878
            ],
            [
              16.4046228,
              49.9692606
            ],
            [
              16.404803,
              49.969291
            ],
            [
              16.405011,
              49.969489
            ],
            [
              16.404954,
              49.969738
            ],
            [
              16.404714,
              49.969795
            ],
            [
              16.404499,
              49.970984
            ],
            [
              16.4044915,
              49.9709908
            ],
            [
              16.4044584,
              49.9711646
            ],
            [
              16.4013275,
              49.9708873
            ],
            [
              16.4014162,
              49.9704792
            ],
            [
              16.4014723,
              49.9704537
            ],
            [
              16.4017395,
              49.970479
            ],
            [
              16.4017415,
              49.9704691
            ],
            [
              16.4017525,
              49.9704146
            ],
            [
              16.4017584,
              49.9703851
            ],
            [
              16.401683,
              49.970378
            ],
            [
              16.4016864,
              49.9703612
            ],
            [
              16.4015993,
              49.9703516
            ],
            [
              16.4014925,
              49.9703188
            ],
            [
              16.4013327,
              49.9701718
            ],
            [
              16.4013709,
              49.9701184
            ],
            [
              16.401425,
              49.9700539
            ],
            [
              16.4016874,
              49.9697262
            ],
            [
              16.4017359,
              49.9696974
            ],
            [
              16.4018394,
              49.9695818
            ],
            [
              16.4019653,
              49.9695043
            ],
            [
              16.4020223,
              49.9695105
            ],
            [
              16.4020539,
              49.969514
            ]
          ]
        ]
      },
      "id": "relation/11729365"
    },
    {
      "type": "Feature",
      "properties": {
        "@id": "relation/13062842",
        "amenity": "hospital",
        "emergency": "yes",
        "healthcare": "hospital",
        "language:physicians:cs": "yes",
        "language:physicians:en": "yes",
        "name": "Fakultní Nemocnice Motol a Homolka",
        "name:de": "Universitätskrankenhaus Motol und Homolka",
        "short_name": "FN Motol a Homolka",
        "start_date": "2026-01-01",
        "type": "multipolygon",
        "website": "https://fnmotol.cz/",
        "wheelchair": "yes",
        "wikidata": "Q11989409",
        "wikipedia": "cs:Fakultní nemocnice Motol a Homolka"
      },
      "geometry": {
        "type": "MultiPolygon",
        "coordinates": [
          [
            [
              [
                14.3493189,
                50.0750089
              ],
              [
                14.348464,
                50.0752452
              ],
              [
                14.3479007,
                50.0753874
              ],
              [
                14.3475074,
                50.0754407
              ],
              [
                14.3474436,
                50.0754442
              ],
              [
                14.3458281,
                50.0755112
              ],
              [
                14.3457979,
                50.0755124
              ],
              [
                14.3456749,
                50.0755314
              ],
              [
                14.3455541,
                50.0755724
              ],
              [
                14.3454317,
                50.0756243
              ],
              [
                14.3453702,
                50.075657
              ],
              [
                14.3453174,
                50.0757007
              ],
              [
                14.3448679,
                50.0756559
              ],
              [
                14.3442878,
                50.07557
              ],
              [
                14.3440607,
                50.0755179
              ],
              [
                14.3439986,
                50.0756138
              ],
              [
                14.3434682,
                50.075466
              ],
              [
                14.3434212,
                50.0755362
              ],
              [
                14.342724,
                50.0753491
              ],
              [
                14.3426715,
                50.0754243
              ],
              [
                14.3418173,
                50.0751979
              ],
              [
                14.3412668,
                50.0750274
              ],
              [
                14.3411123,
                50.0749513
              ],
              [
                14.3410002,
                50.0748966
              ],
              [
                14.3409653,
                50.0748789
              ],
              [
                14.3409573,
                50.0748479
              ],
              [
                14.3405673,
                50.0746588
              ],
              [
                14.3405376,
                50.0746814
              ],
              [
                14.3400523,
                50.0744493
              ],
              [
                14.3400228,
                50.0744752
              ],
              [
                14.3399008,
                50.074408
              ],
              [
                14.3398241,
                50.0743657
              ],
              [
                14.3394709,
                50.074131
              ],
              [
                14.3391589,
                50.0739366
              ],
              [
                14.3391353,
                50.0739526
              ],
              [
                14.3391221,
                50.0739427
              ],
              [
                14.3390717,
                50.073908
              ],
              [
                14.3390306,
                50.0738795
              ],
              [
                14.3390158,
                50.0738694
              ],
              [
                14.3389722,
                50.0738561
              ],
              [
                14.3386404,
                50.0736338
              ],
              [
                14.3385349,
                50.073556
              ],
              [
                14.3385759,
                50.0735335
              ],
              [
                14.3385073,
                50.0734844
              ],
              [
                14.3384127,
                50.0734145
              ],
              [
                14.3383801,
                50.0733912
              ],
              [
                14.3383323,
                50.0734198
              ],
              [
                14.3381946,
                50.0733209
              ],
              [
                14.3380063,
                50.0731654
              ],
              [
                14.3378392,
                50.0730167
              ],
              [
                14.3376746,
                50.072864
              ],
              [
                14.3374675,
                50.072621
              ],
              [
                14.3369474,
                50.0720467
              ],
              [
                14.3365465,
                50.071599
              ],
              [
                14.336525,
                50.0715749
              ],
              [
                14.3363513,
                50.0713795
              ],
              [
                14.3360774,
                50.0710711
              ],
              [
                14.3357247,
                50.0706775
              ],
              [
                14.335699,
                50.0706486
              ],
              [
                14.3356894,
                50.0706118
              ],
              [
                14.3357535,
                50.0705099
              ],
              [
                14.3357741,
                50.0704618
              ],
              [
                14.335796,
                50.0704098
              ],
              [
                14.3358052,
                50.0703632
              ],
              [
                14.3358003,
                50.0703302
              ],
              [
                14.3357742,
                50.070222
              ],
              [
                14.3357468,
                50.0701708
              ],
              [
                14.3357055,
                50.0701102
              ],
              [
                14.3356555,
                50.070065
              ],
              [
                14.335544,
                50.0699892
              ],
              [
                14.335522,
                50.0699716
              ],
              [
                14.3357498,
                50.0698359
              ],
              [
                14.3357909,
                50.0698683
              ],
              [
                14.3358902,
                50.0698139
              ],
              [
                14.3359802,
                50.0697672
              ],
              [
                14.3362611,
                50.0696156
              ],
              [
                14.3369159,
                50.0697088
              ],
              [
                14.3376118,
                50.0698084
              ],
              [
                14.3378426,
                50.0699232
              ],
              [
                14.3385546,
                50.070069
              ],
              [
                14.3391634,
                50.0701632
              ],
              [
                14.3393439,
                50.0702508
              ],
              [
                14.339419,
                50.0702716
              ],
              [
                14.3395029,
                50.0703157
              ],
              [
                14.3396622,
                50.0703667
              ],
              [
                14.3397978,
                50.0704248
              ],
              [
                14.3403639,
                50.0706885
              ],
              [
                14.3404214,
                50.0707155
              ],
              [
                14.3412706,
                50.0711107
              ],
              [
                14.3413319,
                50.0711392
              ],
              [
                14.3422406,
                50.0715709
              ],
              [
                14.3428774,
                50.0718993
              ],
              [
                14.3436391,
                50.0722867
              ],
              [
                14.3436341,
                50.0724392
              ],
              [
                14.3437269,
                50.072448
              ],
              [
                14.3437977,
                50.072444
              ],
              [
                14.3438047,
                50.0724311
              ],
              [
                14.3439381,
                50.072436
              ],
              [
                14.34407,
                50.0724847
              ],
              [
                14.3445,
                50.0726336
              ],
              [
                14.3449689,
                50.0727489
              ],
              [
                14.345461,
                50.072841
              ],
              [
                14.346034,
                50.0729466
              ],
              [
                14.3460231,
                50.0729769
              ],
              [
                14.3499515,
                50.073707
              ],
              [
                14.3500119,
                50.073665
              ],
              [
                14.3500353,
                50.0736615
              ],
              [
                14.3500511,
                50.0736592
              ],
              [
                14.3510333,
                50.0737058
              ],
              [
                14.3514752,
                50.0736976
              ],
              [
                14.3521407,
                50.0736349
              ],
              [
                14.3522986,
                50.0736153
              ],
              [
                14.3524196,
                50.0736018
              ],
              [
                14.3524488,
                50.0736089
              ],
              [
                14.3524893,
                50.0736272
              ],
              [
                14.3524989,
                50.0736514
              ],
              [
                14.3525083,
                50.0737533
              ],
              [
                14.3525195,
                50.0738732
              ],
              [
                14.3525434,
                50.0741069
              ],
              [
                14.3525472,
                50.0742913
              ],
              [
                14.3525047,
                50.0744662
              ],
              [
                14.3524121,
                50.0745805
              ],
              [
                14.3523655,
                50.0746381
              ],
              [
                14.3521896,
                50.0747532
              ],
              [
                14.3521168,
                50.0747711
              ],
              [
                14.3519194,
                50.0748196
              ],
              [
                14.3518088,
                50.0748294
              ],
              [
                14.3515155,
                50.0748554
              ],
              [
                14.3504155,
                50.0749094
              ],
              [
                14.3498642,
                50.0749426
              ],
              [
                14.3493602,
                50.0750038
              ],
              [
                14.3493189,
                50.0750089
              ]
            ]
          ],
          [
            [
              [
                14.3562621,
                50.0743249
              ],
              [
                14.3563592,
                50.0743337
              ],
              [
                14.3575229,
                50.0744397
              ],
              [
                14.3576819,
                50.0744919
              ],
              [
                14.3577285,
                50.0745359
              ],
              [
                14.3577593,
                50.074617
              ],
              [
                14.357761,
                50.0747858
              ],
              [
                14.3576854,
                50.0750776
              ],
              [
                14.3574649,
                50.0759285
              ],
              [
                14.3556224,
                50.0757436
              ],
              [
                14.3554992,
                50.0756211
              ],
              [
                14.3551663,
                50.0755883
              ],
              [
                14.355117,
                50.0755765
              ],
              [
                14.3550244,
                50.0755674
              ],
              [
                14.3550269,
                50.0755512
              ],
              [
                14.3549843,
                50.0755142
              ],
              [
                14.3548892,
                50.0755053
              ],
              [
                14.3547928,
                50.0754962
              ],
              [
                14.3547325,
                50.0755256
              ],
              [
                14.3546125,
                50.0755148
              ],
              [
                14.3545473,
                50.0755487
              ],
              [
                14.3545108,
                50.0755476
              ],
              [
                14.3544759,
                50.0755635
              ],
              [
                14.3544001,
                50.075495
              ],
              [
                14.3543206,
                50.075488
              ],
              [
                14.3540021,
                50.0754549
              ],
              [
                14.3539176,
                50.0754457
              ],
              [
                14.3538652,
                50.0754716
              ],
              [
                14.35376,
                50.075461
              ],
              [
                14.3537196,
                50.0754246
              ],
              [
                14.3517333,
                50.0752281
              ],
              [
                14.3517882,
                50.0749606
              ],
              [
                14.351952,
                50.0749415
              ],
              [
                14.352106,
                50.0749083
              ],
              [
                14.3521671,
                50.074891
              ],
              [
                14.352328,
                50.074821
              ],
              [
                14.3524865,
                50.0747185
              ],
              [
                14.3525842,
                50.0746175
              ],
              [
                14.3526366,
                50.074547
              ],
              [
                14.3526714,
                50.0744622
              ],
              [
                14.3527091,
                50.0742866
              ],
              [
                14.3527005,
                50.0741124
              ],
              [
                14.352782,
                50.0740536
              ],
              [
                14.3527858,
                50.0740269
              ],
              [
                14.3527867,
                50.0740012
              ],
              [
                14.3527874,
                50.0739822
              ],
              [
                14.3527504,
                50.0739808
              ],
              [
                14.3527465,
                50.0739356
              ],
              [
                14.3527235,
                50.0736681
              ],
              [
                14.3530716,
                50.073548
              ],
              [
                14.3535637,
                50.0735148
              ],
              [
                14.3541279,
                50.0735044
              ],
              [
                14.3547706,
                50.0735142
              ],
              [
                14.3557312,
                50.0735936
              ],
              [
                14.355895,
                50.0737069
              ],
              [
                14.3558356,
                50.0739508
              ],
              [
                14.3562621,
                50.0743249
              ]
            ]
          ]
        ]
      },
      "id": "relation/13062842"
    },
    {
      "type": "Feature",
      "properties": {
        "@id": "relation/15919979",
        "amenity": "hospital",
        "healthcare": "hospital",
        "name": "Nemocnice Cheb",
        "type": "multipolygon",
        "website": "https://nemcheb.cz/"
      },
      "geometry": {
        "type": "Polygon",
        "coordinates": [
          [
            [
              12.3662895,
              50.0691941
            ],
            [
              12.3664031,
              50.0691849
            ],
            [
              12.3664216,
              50.0691834
            ],
            [
              12.3663219,
              50.0686729
            ],
            [
              12.3665277,
              50.0686553
            ],
            [
              12.3678527,
              50.0685517
            ],
            [
              12.3679125,
              50.0689036
            ],
            [
              12.3685455,
              50.0688464
            ],
            [
              12.3687185,
              50.0697188
            ],
            [
              12.3686743,
              50.0697226
            ],
            [
              12.3686901,
              50.0698121
            ],
            [
              12.3687028,
              50.0698109
            ],
            [
              12.3688241,
              50.0704147
            ],
            [
              12.3687973,
              50.0704634
            ],
            [
              12.3687544,
              50.0704948
            ],
            [
              12.3686659,
              50.0705316
            ],
            [
              12.3672071,
              50.0706489
            ],
            [
              12.3672312,
              50.0707459
            ],
            [
              12.3667392,
              50.0707924
            ],
            [
              12.3667357,
              50.0707737
            ],
            [
              12.3666202,
              50.0707819
            ],
            [
              12.3664487,
              50.0707948
            ],
            [
              12.3664245,
              50.0706888
            ],
            [
              12.3664097,
              50.0706239
            ],
            [
              12.3640686,
              50.0708088
            ],
            [
              12.3632782,
              50.069427
            ],
            [
              12.3631641,
              50.0692656
            ],
            [
              12.3636016,
              50.0691375
            ],
            [
              12.3639775,
              50.0690648
            ],
            [
              12.3639608,
              50.0689701
            ],
            [
              12.3652201,
              50.0688663
            ],
            [
              12.3652523,
              50.0692055
            ],
            [
              12.3652618,
              50.0692776
            ],
            [
              12.3662895,
              50.0691941
            ]
          ]
        ]
      },
      "id": "relation/15919979"
    },
    {
      "type": "Feature",
      "properties": {
        "@id": "relation/17333566",
        "amenity": "hospital",
        "emergency": "yes",
        "healthcare": "hospital",
        "internet_access": "wlan",
        "internet_access:fee": "no",
        "internet_access:ssid": "bulovkafree",
        "name": "Fakultní nemocnice Bulovka",
        "old_name": "Nemocnice Na Bulovce",
        "start_date": "1931-06-21",
        "type": "multipolygon",
        "website": "https://bulovka.cz/",
        "wikidata": "Q12040654",
        "wikipedia": "cs:Fakultní nemocnice Bulovka"
      },
      "geometry": {
        "type": "Polygon",
        "coordinates": [
          [
            [
              14.4644448,
              50.1149649
            ],
            [
              14.4645139,
              50.1149819
            ],
            [
              14.4648122,
              50.1150553
            ],
            [
              14.4649369,
              50.1150886
            ],
            [
              14.4646953,
              50.115515
            ],
            [
              14.4646782,
              50.1155455
            ],
            [
              14.4647485,
              50.1155821
            ],
            [
              14.4647226,
              50.1157102
            ],
            [
              14.4647834,
              50.1157166
            ],
            [
              14.464796,
              50.1157706
            ],
            [
              14.4648123,
              50.1158409
            ],
            [
              14.4647442,
              50.1161012
            ],
            [
              14.4647663,
              50.1161051
            ],
            [
              14.464734,
              50.1162222
            ],
            [
              14.465019,
              50.1162678
            ],
            [
              14.4656447,
              50.1163725
            ],
            [
              14.4668937,
              50.1165815
            ],
            [
              14.4666841,
              50.1167404
            ],
            [
              14.4663184,
              50.1169965
            ],
            [
              14.46617,
              50.1171256
            ],
            [
              14.4660817,
              50.1171705
            ],
            [
              14.4660391,
              50.1171619
            ],
            [
              14.4660453,
              50.1171362
            ],
            [
              14.4659961,
              50.1171126
            ],
            [
              14.4659752,
              50.1171025
            ],
            [
              14.4659393,
              50.1171385
            ],
            [
              14.4658027,
              50.1171196
            ],
            [
              14.4651023,
              50.1170224
            ],
            [
              14.4650294,
              50.1172334
            ],
            [
              14.4650559,
              50.1174611
            ],
            [
              14.4648416,
              50.1174686
            ],
            [
              14.4643719,
              50.1174826
            ],
            [
              14.4641225,
              50.11749
            ],
            [
              14.4630691,
              50.1175207
            ],
            [
              14.4623206,
              50.1175491
            ],
            [
              14.4622531,
              50.1174973
            ],
            [
              14.4618149,
              50.117157
            ],
            [
              14.4615436,
              50.1170024
            ],
            [
              14.4613528,
              50.1169077
            ],
            [
              14.4611537,
              50.1168089
            ],
            [
              14.4611982,
              50.1167651
            ],
            [
              14.4612406,
              50.1167967
            ],
            [
              14.4612534,
              50.1167915
            ],
            [
              14.4613023,
              50.1167715
            ],
            [
              14.4613466,
              50.1167533
            ],
            [
              14.4613136,
              50.116721
            ],
            [
              14.4612865,
              50.1167026
            ],
            [
              14.4612541,
              50.1166886
            ],
            [
              14.4612236,
              50.1166769
            ],
            [
              14.4611858,
              50.1166676
            ],
            [
              14.4611516,
              50.1166623
            ],
            [
              14.4611177,
              50.1166639
            ],
            [
              14.461062,
              50.1166777
            ],
            [
              14.4610201,
              50.1166969
            ],
            [
              14.4609824,
              50.1167188
            ],
            [
              14.4609597,
              50.1167078
            ],
            [
              14.4609455,
              50.1167204
            ],
            [
              14.4607032,
              50.1166088
            ],
            [
              14.4605921,
              50.1165649
            ],
            [
              14.4603757,
              50.1164925
            ],
            [
              14.4602785,
              50.1164665
            ],
            [
              14.4602584,
              50.1164305
            ],
            [
              14.4602529,
              50.1164041
            ],
            [
              14.4602541,
              50.1163813
            ],
            [
              14.4601051,
              50.1163646
            ],
            [
              14.459989,
              50.1164096
            ],
            [
              14.4599337,
              50.1164008
            ],
            [
              14.459553,
              50.1163671
            ],
            [
              14.4591815,
              50.1163938
            ],
            [
              14.458919,
              50.1164371
            ],
            [
              14.458864,
              50.1164487
            ],
            [
              14.4586615,
              50.1164441
            ],
            [
              14.4586545,
              50.1164928
            ],
            [
              14.458456,
              50.1165333
            ],
            [
              14.4583872,
              50.1165416
            ],
            [
              14.4582897,
              50.116512
            ],
            [
              14.4582452,
              50.1165181
            ],
            [
              14.4581977,
              50.1165199
            ],
            [
              14.4581474,
              50.1165654
            ],
            [
              14.4579498,
              50.1165624
            ],
            [
              14.4578536,
              50.1165356
            ],
            [
              14.4578451,
              50.116547
            ],
            [
              14.457834,
              50.1165582
            ],
            [
              14.4578171,
              50.1165573
            ],
            [
              14.4575939,
              50.1165518
            ],
            [
              14.4570937,
              50.1165498
            ],
            [
              14.4561795,
              50.1166165
            ],
            [
              14.456314,
              50.1162787
            ],
            [
              14.4565735,
              50.1156355
            ],
            [
              14.4568578,
              50.1152366
            ],
            [
              14.4569532,
              50.115065
            ],
            [
              14.4569829,
              50.1149169
            ],
            [
              14.4575089,
              50.1146576
            ],
            [
              14.4575452,
              50.1144593
            ],
            [
              14.4578882,
              50.1143877
            ],
            [
              14.4581783,
              50.114232
            ],
            [
              14.4593405,
              50.1139095
            ],
            [
              14.4598134,
              50.1136979
            ],
            [
              14.4600797,
              50.11359
            ],
            [
              14.4602564,
              50.1137709
            ],
            [
              14.4605124,
              50.1138695
            ],
            [
              14.4612258,
              50.1140328
            ],
            [
              14.4614009,
              50.1140699
            ],
            [
              14.4619473,
              50.1141838
            ],
            [
              14.4621865,
              50.1142317
            ],
            [
              14.4624538,
              50.1142825
            ],
            [
              14.462472,
              50.1142979
            ],
            [
              14.4625044,
              50.1143252
            ],
            [
              14.4625842,
              50.1142991
            ],
            [
              14.4625635,
              50.1143541
            ],
            [
              14.4625486,
              50.1144198
            ],
            [
              14.4626198,
              50.1144173
            ],
            [
              14.4626208,
              50.1144468
            ],
            [
              14.4626272,
              50.1145135
            ],
            [
              14.4629994,
              50.1145015
            ],
            [
              14.4630364,
              50.1144894
            ],
            [
              14.4632657,
              50.1144026
            ],
            [
              14.4634757,
              50.1144428
            ],
            [
              14.4638085,
              50.1145199
            ],
            [
              14.464076,
              50.1146237
            ],
            [
              14.4641609,
              50.114673
            ],
            [
              14.464165,
              50.1146861
            ],
            [
              14.4641566,
              50.1147004
            ],
            [
              14.4642764,
              50.1147313
            ],
            [
              14.4641851,
              50.1149009
            ],
            [
              14.4642657,
              50.1149207
            ],
            [
              14.4644448,
              50.1149649
            ]
          ]
        ]
      },
      "id": "relation/17333566"
    },
    {
      "type": "Feature",
      "properties": {
        "@id": "way/4645713",
        "amenity": "hospital",
        "emergency": "yes",
        "healthcare": "hospital",
        "name": "Fakultní nemocnice Olomouc",
        "short_name": "FNOL",
        "website": "https://www.fnol.cz/",
        "wikidata": "Q26935593",
        "wikimedia_commons": "Category:Fakultní nemocnice Olomouc",
        "wikipedia": "cs:Fakultní nemocnice Olomouc"
      },
      "geometry": {
        "type": "Polygon",
        "coordinates": [
          [
            [
              17.2401479,
              49.5818652
            ],
            [
              17.2403906,
              49.5823121
            ],
            [
              17.2405071,
              49.5825291
            ],
            [
              17.2404924,
              49.5825324
            ],
            [
              17.2405136,
              49.5825803
            ],
            [
              17.2405333,
              49.5825768
            ],
            [
              17.2405964,
              49.5826928
            ],
            [
              17.2405778,
              49.5826966
            ],
            [
              17.2406271,
              49.5827827
            ],
            [
              17.2406365,
              49.5827809
            ],
            [
              17.2407089,
              49.5829087
            ],
            [
              17.2406944,
              49.5829135
            ],
            [
              17.2407217,
              49.5830044
            ],
            [
              17.2407351,
              49.5830078
            ],
            [
              17.2407606,
              49.5831173
            ],
            [
              17.2407762,
              49.5831182
            ],
            [
              17.240796,
              49.5832539
            ],
            [
              17.2407831,
              49.5832549
            ],
            [
              17.240796,
              49.5833663
            ],
            [
              17.2408102,
              49.5833665
            ],
            [
              17.2408286,
              49.5835891
            ],
            [
              17.240854,
              49.5835886
            ],
            [
              17.2408387,
              49.5837231
            ],
            [
              17.2408111,
              49.5838028
            ],
            [
              17.240786,
              49.5837983
            ],
            [
              17.2407663,
              49.5838349
            ],
            [
              17.2407847,
              49.5838435
            ],
            [
              17.240643,
              49.5839753
            ],
            [
              17.240626,
              49.5839672
            ],
            [
              17.2404796,
              49.58407
            ],
            [
              17.240473,
              49.5840664
            ],
            [
              17.2404772,
              49.5841655
            ],
            [
              17.2404936,
              49.5841668
            ],
            [
              17.2404722,
              49.5842776
            ],
            [
              17.2404875,
              49.5842786
            ],
            [
              17.2404538,
              49.5844133
            ],
            [
              17.2404463,
              49.5844134
            ],
            [
              17.2404266,
              49.5845155
            ],
            [
              17.2404414,
              49.5845166
            ],
            [
              17.240416,
              49.5846531
            ],
            [
              17.2402181,
              49.5857615
            ],
            [
              17.2401289,
              49.5861794
            ],
            [
              17.2400257,
              49.5867536
            ],
            [
              17.2399177,
              49.5871918
            ],
            [
              17.2398787,
              49.5873684
            ],
            [
              17.2398512,
              49.5874736
            ],
            [
              17.2398263,
              49.5875933
            ],
            [
              17.2398054,
              49.5876748
            ],
            [
              17.2397556,
              49.5877801
            ],
            [
              17.239745,
              49.5877906
            ],
            [
              17.2396651,
              49.5878698
            ],
            [
              17.2395175,
              49.5879241
            ],
            [
              17.2394528,
              49.5879305
            ],
            [
              17.2393147,
              49.5879051
            ],
            [
              17.2390963,
              49.5878596
            ],
            [
              17.2388124,
              49.5878032
            ],
            [
              17.2387555,
              49.5877905
            ],
            [
              17.2384269,
              49.5877229
            ],
            [
              17.2384012,
              49.587717
            ],
            [
              17.2380516,
              49.5876437
            ],
            [
              17.2380026,
              49.5876338
            ],
            [
              17.237969,
              49.5876272
            ],
            [
              17.2379583,
              49.5876251
            ],
            [
              17.2377489,
              49.5875837
            ],
            [
              17.2374187,
              49.5875177
            ],
            [
              17.2371809,
              49.5874701
            ],
            [
              17.2367456,
              49.5873833
            ],
            [
              17.2366228,
              49.5873244
            ],
            [
              17.2366079,
              49.5873163
            ],
            [
              17.2365656,
              49.587341
            ],
            [
              17.2365846,
              49.5873546
            ],
            [
              17.2365955,
              49.5873713
            ],
            [
              17.2365953,
              49.587385
            ],
            [
              17.2364216,
              49.5873514
            ],
            [
              17.2360174,
              49.5871972
            ],
            [
              17.2359685,
              49.5871215
            ],
            [
              17.2358295,
              49.5871894
            ],
            [
              17.2357714,
              49.5872043
            ],
            [
              17.2357238,
              49.58721
            ],
            [
              17.2356479,
              49.5871988
            ],
            [
              17.235542,
              49.5871701
            ],
            [
              17.2344926,
              49.5868574
            ],
            [
              17.2345284,
              49.586809
            ],
            [
              17.2344444,
              49.5867843
            ],
            [
              17.2330276,
              49.5863539
            ],
            [
              17.2322336,
              49.5861085
            ],
            [
              17.2320963,
              49.5860664
            ],
            [
              17.2299554,
              49.5854008
            ],
            [
              17.2298897,
              49.5854152
            ],
            [
              17.2298647,
              49.5854549
            ],
            [
              17.2297797,
              49.5854277
            ],
            [
              17.2298178,
              49.5853615
            ],
            [
              17.2284757,
              49.5849724
            ],
            [
              17.228349,
              49.5849258
            ],
            [
              17.2286573,
              49.5847045
            ],
            [
              17.2286931,
              49.58469
            ],
            [
              17.2287311,
              49.5846818
            ],
            [
              17.2298783,
              49.5838649
            ],
            [
              17.230525,
              49.5843617
            ],
            [
              17.2307977,
              49.5845725
            ],
            [
              17.2310746,
              49.5847852
            ],
            [
              17.2312964,
              49.5849559
            ],
            [
              17.2316113,
              49.5851969
            ],
            [
              17.2319869,
              49.5854835
            ],
            [
              17.2325175,
              49.5856264
            ],
            [
              17.2328916,
              49.585423
            ],
            [
              17.2332655,
              49.5852199
            ],
            [
              17.2332857,
              49.585207
            ],
            [
              17.2333018,
              49.5852196
            ],
            [
              17.2333257,
              49.5852082
            ],
            [
              17.2334227,
              49.585036
            ],
            [
              17.2332665,
              49.5850314
            ],
            [
              17.2331438,
              49.5850058
            ],
            [
              17.2330547,
              49.5849518
            ],
            [
              17.2330223,
              49.5848778
            ],
            [
              17.2330192,
              49.5847975
            ],
            [
              17.2330717,
              49.5847339
            ],
            [
              17.2324155,
              49.5842489
            ],
            [
              17.2326475,
              49.5839659
            ],
            [
              17.2326084,
              49.5839519
            ],
            [
              17.2324437,
              49.5838915
            ],
            [
              17.2324524,
              49.5838209
            ],
            [
              17.2322395,
              49.5837054
            ],
            [
              17.232323,
              49.5836393
            ],
            [
              17.2322302,
              49.5835899
            ],
            [
              17.2322953,
              49.583541
            ],
            [
              17.2322708,
              49.5835292
            ],
            [
              17.232256,
              49.5835159
            ],
            [
              17.2322561,
              49.5834983
            ],
            [
              17.2322649,
              49.5834892
            ],
            [
              17.2322769,
              49.5834796
            ],
            [
              17.2322459,
              49.5834632
            ],
            [
              17.2321402,
              49.5834059
            ],
            [
              17.2323452,
              49.5832435
            ],
            [
              17.2322629,
              49.5831999
            ],
            [
              17.2322815,
              49.5831865
            ],
            [
              17.2323088,
              49.583179
            ],
            [
              17.2323362,
              49.5831837
            ],
            [
              17.232365,
              49.5832001
            ],
            [
              17.2324039,
              49.5831724
            ],
            [
              17.2323691,
              49.583154
            ],
            [
              17.2323613,
              49.5831367
            ],
            [
              17.2323716,
              49.5831181
            ],
            [
              17.2323787,
              49.5831118
            ],
            [
              17.2324427,
              49.5831446
            ],
            [
              17.2326644,
              49.5829776
            ],
            [
              17.2326236,
              49.5829552
            ],
            [
              17.2326563,
              49.5829425
            ],
            [
              17.2326999,
              49.5829456
            ],
            [
              17.2327091,
              49.5829514
            ],
            [
              17.2327493,
              49.5829194
            ],
            [
              17.2326961,
              49.5828904
            ],
            [
              17.2326718,
              49.5828681
            ],
            [
              17.2326722,
              49.5828402
            ],
            [
              17.2326861,
              49.5828296
            ],
            [
              17.2329047,
              49.5829472
            ],
            [
              17.2330854,
              49.5828057
            ],
            [
              17.2331969,
              49.5828658
            ],
            [
              17.2332164,
              49.5828568
            ],
            [
              17.2332294,
              49.5828537
            ],
            [
              17.2332605,
              49.5828544
            ],
            [
              17.2332845,
              49.5828606
            ],
            [
              17.2333239,
              49.5828288
            ],
            [
              17.2333022,
              49.5828046
            ],
            [
              17.2333047,
              49.5827875
            ],
            [
              17.2333146,
              49.5827732
            ],
            [
              17.2334769,
              49.5828573
            ],
            [
              17.2337722,
              49.5826284
            ],
            [
              17.2338124,
              49.5826522
            ],
            [
              17.2338362,
              49.5826293
            ],
            [
              17.2338725,
              49.5826439
            ],
            [
              17.234025,
              49.5827055
            ],
            [
              17.2341204,
              49.5827435
            ],
            [
              17.2342257,
              49.5827848
            ],
            [
              17.2343221,
              49.5828236
            ],
            [
              17.2344143,
              49.5828614
            ],
            [
              17.2344625,
              49.5828807
            ],
            [
              17.2345076,
              49.5828992
            ],
            [
              17.2346599,
              49.582961
            ],
            [
              17.2348134,
              49.5830224
            ],
            [
              17.2349661,
              49.5830836
            ],
            [
              17.2351064,
              49.5831399
            ],
            [
              17.235125,
              49.5831473
            ],
            [
              17.2352814,
              49.5832097
            ],
            [
              17.2356449,
              49.5833547
            ],
            [
              17.2357868,
              49.5832011
            ],
            [
              17.2360357,
              49.5829349
            ],
            [
              17.2361798,
              49.5827811
            ],
            [
              17.2359747,
              49.5826711
            ],
            [
              17.2358643,
              49.5827534
            ],
            [
              17.2357981,
              49.5827182
            ],
            [
              17.2357603,
              49.5826975
            ],
            [
              17.2357591,
              49.5826985
            ],
            [
              17.235674,
              49.5826522
            ],
            [
              17.2356157,
              49.582621
            ],
            [
              17.2355892,
              49.5826067
            ],
            [
              17.2356236,
              49.5825799
            ],
            [
              17.2355988,
              49.582566
            ],
            [
              17.236015,
              49.5822392
            ],
            [
              17.236087,
              49.5820711
            ],
            [
              17.2363226,
              49.5818795
            ],
            [
              17.2364813,
              49.581744
            ],
            [
              17.2365294,
              49.5816924
            ],
            [
              17.2358668,
              49.5813396
            ],
            [
              17.236221,
              49.5811267
            ],
            [
              17.2355996,
              49.5808113
            ],
            [
              17.2360001,
              49.5806168
            ],
            [
              17.2366693,
              49.5802644
            ],
            [
              17.2373071,
              49.5800216
            ],
            [
              17.2379891,
              49.5798042
            ],
            [
              17.2381299,
              49.5797638
            ],
            [
              17.2381553,
              49.5797563
            ],
            [
              17.238165,
              49.5797537
            ],
            [
              17.2382633,
              49.5797275
            ],
            [
              17.2382744,
              49.5797239
            ],
            [
              17.2382837,
              49.5797209
            ],
            [
              17.2385085,
              49.5796535
            ],
            [
              17.2390722,
              49.5798616
            ],
            [
              17.2391332,
              49.5799762
            ],
            [
              17.2392614,
              49.5802018
            ],
            [
              17.2393674,
              49.5804305
            ],
            [
              17.2394116,
              49.5806296
            ],
            [
              17.2392963,
              49.5809913
            ],
            [
              17.2393467,
              49.5810078
            ],
            [
              17.2393785,
              49.5810182
            ],
            [
              17.2395068,
              49.5808913
            ],
            [
              17.2396316,
              49.5811087
            ],
            [
              17.2398287,
              49.5813009
            ],
            [
              17.2399092,
              49.5814217
            ],
            [
              17.2401479,
              49.5818652
            ]
          ]
        ]
      },
      "id": "way/4645713"
    },
    {
      "type": "Feature",
      "properties": {
        "@id": "way/17251100",
        "amenity": "hospital",
        "healthcare": "hospital",
        "name": "Fakultní nemocnice Bohunice",
        "source": "uhul:ortofoto"
      },
      "geometry": {
        "type": "Polygon",
        "coordinates": [
          [
            [
              16.5787082,
              49.176304
            ],
            [
              16.5774907,
              49.1767353
            ],
            [
              16.5771766,
              49.1768449
            ],
            [
              16.5771565,
              49.1768544
            ],
            [
              16.5767829,
              49.1769828
            ],
            [
              16.576391,
              49.177114
            ],
            [
              16.5761181,
              49.1771964
            ],
            [
              16.5758271,
              49.1772731
            ],
            [
              16.5756239,
              49.177324
            ],
            [
              16.5756447,
              49.1773463
            ],
            [
              16.5755858,
              49.1773623
            ],
            [
              16.5755394,
              49.1773582
            ],
            [
              16.5755233,
              49.1773538
            ],
            [
              16.5755059,
              49.177349
            ],
            [
              16.5754804,
              49.1773236
            ],
            [
              16.5754727,
              49.1773053
            ],
            [
              16.5754099,
              49.1767149
            ],
            [
              16.5754073,
              49.1766902
            ],
            [
              16.5753081,
              49.1766963
            ],
            [
              16.5746173,
              49.1767345
            ],
            [
              16.5735937,
              49.1767883
            ],
            [
              16.5733541,
              49.1767989
            ],
            [
              16.5731014,
              49.1768128
            ],
            [
              16.5729977,
              49.1768185
            ],
            [
              16.5728916,
              49.1768243
            ],
            [
              16.5728671,
              49.1768256
            ],
            [
              16.5728743,
              49.176882
            ],
            [
              16.5726956,
              49.1768926
            ],
            [
              16.5726717,
              49.1767074
            ],
            [
              16.57127,
              49.1762711
            ],
            [
              16.5677377,
              49.1764598
            ],
            [
              16.5677765,
              49.176403
            ],
            [
              16.567672,
              49.1755664
            ],
            [
              16.5689071,
              49.1754966
            ],
            [
              16.5693679,
              49.1753148
            ],
            [
              16.5692902,
              49.1745557
            ],
            [
              16.5694911,
              49.1742175
            ],
            [
              16.5738232,
              49.1738694
            ],
            [
              16.5740557,
              49.1739366
            ],
            [
              16.5746105,
              49.1739082
            ],
            [
              16.5750263,
              49.1738869
            ],
            [
              16.5752108,
              49.1738101
            ],
            [
              16.5752575,
              49.1737906
            ],
            [
              16.5783964,
              49.1736229
            ],
            [
              16.5784365,
              49.1740392
            ],
            [
              16.5787082,
              49.176304
            ]
          ]
        ]
      },
      "id": "way/17251100"
    },
    {
      "type": "Feature",
      "properties": {
        "@id": "way/17254055",
        "addr:city": "Brno",
        "addr:housenumber": "20",
        "addr:postcode": "62500",
        "addr:street": "Jihlavská",
        "amenity": "hospital",
        "check_date": "2024-07-17",
        "healthcare": "hospital",
        "name": "Porodnice Obilní trh",
        "old_name": "Zemská porodnice",
        "operator": "FN Bohunice",
        "source": "cuzk:km",
        "wikidata": "Q30091778"
      },
      "geometry": {
        "type": "Polygon",
        "coordinates": [
          [
            [
              16.5970307,
              49.1986284
            ],
            [
              16.5970223,
              49.1986275
            ],
            [
              16.5969621,
              49.1988121
            ],
            [
              16.5969729,
              49.1988136
            ],
            [
              16.5969452,
              49.1988922
            ],
            [
              16.5969505,
              49.1988933
            ],
            [
              16.5969485,
              49.1988998
            ],
            [
              16.5969524,
              49.1989008
            ],
            [
              16.5969416,
              49.1989327
            ],
            [
              16.5969377,
              49.1989322
            ],
            [
              16.5969348,
              49.1989416
            ],
            [
              16.5969304,
              49.1989409
            ],
            [
              16.5969063,
              49.1990181
            ],
            [
              16.596894,
              49.1990167
            ],
            [
              16.596829,
              49.1992043
            ],
            [
              16.596836,
              49.19921
            ],
            [
              16.5968053,
              49.1993038
            ],
            [
              16.5967578,
              49.1994879
            ],
            [
              16.5963161,
              49.1994243
            ],
            [
              16.5948013,
              49.1992084
            ],
            [
              16.5945441,
              49.1991728
            ],
            [
              16.5945832,
              49.1990596
            ],
            [
              16.5946253,
              49.1989035
            ],
            [
              16.5946766,
              49.1987422
            ],
            [
              16.5948273,
              49.198735
            ],
            [
              16.5949887,
              49.1987267
            ],
            [
              16.5949556,
              49.1984558
            ],
            [
              16.5952019,
              49.1984446
            ],
            [
              16.5952409,
              49.1984427
            ],
            [
              16.5952912,
              49.1984403
            ],
            [
              16.5963193,
              49.1983878
            ],
            [
              16.5965555,
              49.198376
            ],
            [
              16.5966283,
              49.1983729
            ],
            [
              16.5966943,
              49.19837
            ],
            [
              16.5971197,
              49.1983479
            ],
            [
              16.5970633,
              49.1985299
            ],
            [
              16.5970307,
              49.1986284
            ]
          ]
        ]
      },
      "id": "way/17254055"
    },
    {
      "type": "Feature",
      "properties": {
        "@id": "way/23093458",
        "addr:city": "Praha",
        "addr:housenumber": "1958/9",
        "addr:postcode": "140 21",
        "addr:street": "Vídeňská",
        "alt_name": "Institut Klinické a Experimentální Medicíny",
        "amenity": "hospital",
        "healthcare": "hospital",
        "layer": "-1",
        "name": "IKEM",
        "name:etymology:wikidata": "Q12021666",
        "phone": "+420 23 605 1111",
        "website": "https://www.ikem.cz/cs/",
        "wikidata": "Q12021666",
        "wikipedia": "cs:IKEM"
      },
      "geometry": {
        "type": "Polygon",
        "coordinates": [
          [
            [
              14.4661331,
              50.0234508
            ],
            [
              14.4638861,
              50.0242775
            ],
            [
              14.4628878,
              50.0248925
            ],
            [
              14.4623307,
              50.0247152
            ],
            [
              14.4616615,
              50.0245445
            ],
            [
              14.4620288,
              50.0237275
            ],
            [
              14.4617783,
              50.0235978
            ],
            [
              14.4609898,
              50.0234071
            ],
            [
              14.4617914,
              50.0222849
            ],
            [
              14.4618779,
              50.0222192
            ],
            [
              14.4622832,
              50.0219113
            ],
            [
              14.4625944,
              50.0216749
            ],
            [
              14.4628318,
              50.0214102
            ],
            [
              14.4628926,
              50.0214463
            ],
            [
              14.4647375,
              50.0225401
            ],
            [
              14.4659797,
              50.023351
            ],
            [
              14.4661331,
              50.0234508
            ]
          ]
        ]
      },
      "id": "way/23093458"
    },
    {
      "type": "Feature",
      "properties": {
        "@id": "way/24376651",
        "addr:city": "Praha 4",
        "addr:housenumber": "157",
        "addr:postcode": "14700",
        "addr:street": "Podolské nábřeží",
        "alt_name": "ÚPMD",
        "amenity": "hospital",
        "emergency": "yes",
        "healthcare": "hospital",
        "healthcare:speciality": "maternity",
        "name": "Ústav pro péči o matku a dítě",
        "name:ru": "Институт здоровья матери и ребенка Подоли",
        "phone": "+420 296 511 111",
        "start_date": "1914",
        "website": "https://www.upmd.cz/",
        "wikidata": "Q11087656",
        "wikipedia": "cs:Ústav pro péči o matku a dítě"
      },
      "geometry": {
        "type": "Polygon",
        "coordinates": [
          [
            [
              14.4195431,
              50.0615624
            ],
            [
              14.4195414,
              50.0615348
            ],
            [
              14.4196143,
              50.0615134
            ],
            [
              14.4199996,
              50.0614661
            ],
            [
              14.4202174,
              50.0614576
            ],
            [
              14.4206996,
              50.0614111
            ],
            [
              14.4216389,
              50.0614044
            ],
            [
              14.4220638,
              50.0614619
            ],
            [
              14.4223784,
              50.06154
            ],
            [
              14.4223418,
              50.0615947
            ],
            [
              14.4221713,
              50.0618496
            ],
            [
              14.4221574,
              50.0618704
            ],
            [
              14.4221162,
              50.0618592
            ],
            [
              14.4219762,
              50.0618212
            ],
            [
              14.4216624,
              50.0618806
            ],
            [
              14.421279,
              50.0620523
            ],
            [
              14.4213232,
              50.062093
            ],
            [
              14.4201867,
              50.0625748
            ],
            [
              14.4203118,
              50.0628973
            ],
            [
              14.4184732,
              50.0632039
            ],
            [
              14.4183459,
              50.0628827
            ],
            [
              14.4170922,
              50.0627811
            ],
            [
              14.4171436,
              50.0624759
            ],
            [
              14.4177856,
              50.0621929
            ],
            [
              14.4180111,
              50.0620423
            ],
            [
              14.4183397,
              50.0617494
            ],
            [
              14.4185296,
              50.0616435
            ],
            [
              14.4185812,
              50.0616279
            ],
            [
              14.4186086,
              50.0616313
            ],
            [
              14.4186364,
              50.0616352
            ],
            [
              14.418734,
              50.0616418
            ],
            [
              14.4187253,
              50.0616838
            ],
            [
              14.4188767,
              50.0616722
            ],
            [
              14.4190562,
              50.0616291
            ],
            [
              14.4193142,
              50.0615878
            ],
            [
              14.4193446,
              50.0615838
            ],
            [
              14.4193719,
              50.0615783
            ],
            [
              14.4195431,
              50.0615624
            ]
          ]
        ]
      },
      "id": "way/24376651"
    },
    {
      "type": "Feature",
      "properties": {
        "@id": "way/24647122",
        "amenity": "hospital",
        "healthcare": "hospital",
        "name": "Oblastní Nemocnice Trutnov a.s."
      },
      "geometry": {
        "type": "Polygon",
        "coordinates": [
          [
            [
              15.9185065,
              50.5607969
            ],
            [
              15.9182784,
              50.5608313
            ],
            [
              15.9181875,
              50.5607274
            ],
            [
              15.9181087,
              50.5606773
            ],
            [
              15.9182856,
              50.5604738
            ],
            [
              15.9185241,
              50.5602175
            ],
            [
              15.9186361,
              50.5600996
            ],
            [
              15.9185269,
              50.5599918
            ],
            [
              15.9184502,
              50.5598745
            ],
            [
              15.9183966,
              50.5594315
            ],
            [
              15.9183172,
              50.559329
            ],
            [
              15.919072,
              50.5589198
            ],
            [
              15.9197834,
              50.5593482
            ],
            [
              15.9208194,
              50.5589775
            ],
            [
              15.9208819,
              50.559012
            ],
            [
              15.9209818,
              50.5592214
            ],
            [
              15.9212515,
              50.559776
            ],
            [
              15.9216292,
              50.5605616
            ],
            [
              15.9185065,
              50.5607969
            ]
          ]
        ]
      },
      "id": "way/24647122"
    },
    {
      "type": "Feature",
      "properties": {
        "@id": "way/26277142",
        "addr:city": "Ivančice",
        "addr:housenumber": "16",
        "addr:postcode": "66491",
        "addr:street": "Široká",
        "amenity": "hospital",
        "emergency": "yes",
        "healthcare": "hospital",
        "name": "Nemocnice Ivančice",
        "website": "https://www.nspiv.cz/",
        "wikidata": "Q27048766"
      },
      "geometry": {
        "type": "Polygon",
        "coordinates": [
          [
            [
              16.3714762,
              49.1018213
            ],
            [
              16.3727166,
              49.1017369
            ],
            [
              16.3727438,
              49.1019169
            ],
            [
              16.3740134,
              49.101851
            ],
            [
              16.3741629,
              49.1029795
            ],
            [
              16.3737068,
              49.1030069
            ],
            [
              16.3737385,
              49.1032337
            ],
            [
              16.3728524,
              49.1031881
            ],
            [
              16.3727723,
              49.1027943
            ],
            [
              16.3717535,
              49.1029768
            ],
            [
              16.3714762,
              49.1018213
            ]
          ]
        ]
      },
      "id": "way/26277142"
    },
    {
      "type": "Feature",
      "properties": {
        "@id": "way/27463082",
        "amenity": "hospital",
        "barrier": "wall",
        "emergency": "yes",
        "healthcare": "hospital",
        "name": "Fakultní nemocnice Plzeň",
        "website": "https://www.fnplzen.cz/"
      },
      "geometry": {
        "type": "Polygon",
        "coordinates": [
          [
            [
              13.3747185,
              49.7334454
            ],
            [
              13.3754785,
              49.7319395
            ],
            [
              13.375497,
              49.7319028
            ],
            [
              13.3755163,
              49.7318652
            ],
            [
              13.3765493,
              49.7298542
            ],
            [
              13.3765818,
              49.7297909
            ],
            [
              13.3766238,
              49.7297092
            ],
            [
              13.3767458,
              49.7294977
            ],
            [
              13.3769388,
              49.72948
            ],
            [
              13.3774753,
              49.7295388
            ],
            [
              13.3780582,
              49.7296786
            ],
            [
              13.378718,
              49.7297947
            ],
            [
              13.3788206,
              49.7298196
            ],
            [
              13.3788866,
              49.7298681
            ],
            [
              13.3789141,
              49.7299179
            ],
            [
              13.3789059,
              49.7299567
            ],
            [
              13.3788002,
              49.7301629
            ],
            [
              13.3787634,
              49.7301704
            ],
            [
              13.3787266,
              49.7301778
            ],
            [
              13.3782139,
              49.7311903
            ],
            [
              13.3775976,
              49.7324399
            ],
            [
              13.3774024,
              49.7329055
            ],
            [
              13.3773567,
              49.7330144
            ],
            [
              13.3773397,
              49.7330591
            ],
            [
              13.3769083,
              49.733641
            ],
            [
              13.3768675,
              49.7336782
            ],
            [
              13.3764837,
              49.7340274
            ],
            [
              13.3765302,
              49.7340421
            ],
            [
              13.3761445,
              49.7345752
            ],
            [
              13.3756367,
              49.7352401
            ],
            [
              13.3753363,
              49.7356423
            ],
            [
              13.3747826,
              49.7363564
            ],
            [
              13.3746479,
              49.7363135
            ],
            [
              13.3745398,
              49.7362791
            ],
            [
              13.3743251,
              49.7365763
            ],
            [
              13.372677,
              49.7360289
            ],
            [
              13.3729719,
              49.7356556
            ],
            [
              13.3730081,
              49.7356098
            ],
            [
              13.3747185,
              49.7334454
            ]
          ]
        ]
      },
      "id": "way/27463082"
    },
    {
      "type": "Feature",
      "properties": {
        "@id": "way/27471099",
        "addr:city": "Pardubice",
        "addr:housenumber": "44",
        "addr:postcode": "53003",
        "addr:street": "Kyjevská",
        "amenity": "hospital",
        "barrier": "fence",
        "check_date:website": "2024-09-15",
        "email": "info@nempk.cz",
        "emergency": "yes",
        "healthcare": "hospital",
        "name": "Pardubická krajská nemocnice",
        "phone": "+420 466 011 111",
        "website": "https://www.nempk.cz",
        "wikidata": "Q30258599"
      },
      "geometry": {
        "type": "Polygon",
        "coordinates": [
          [
            [
              15.7901673,
              50.029344
            ],
            [
              15.7900875,
              50.0293356
            ],
            [
              15.7900752,
              50.0293822
            ],
            [
              15.7900202,
              50.0293762
            ],
            [
              15.7900157,
              50.029393
            ],
            [
              15.7900244,
              50.029394
            ],
            [
              15.7900198,
              50.0294105
            ],
            [
              15.7900131,
              50.0294328
            ],
            [
              15.7900059,
              50.0294559
            ],
            [
              15.7900225,
              50.0294578
            ],
            [
              15.7900014,
              50.0295328
            ],
            [
              15.7899997,
              50.0295396
            ],
            [
              15.7900187,
              50.0295416
            ],
            [
              15.7900118,
              50.0295695
            ],
            [
              15.7899314,
              50.0295601
            ],
            [
              15.7899243,
              50.0295845
            ],
            [
              15.7899177,
              50.0296064
            ],
            [
              15.7899148,
              50.0296167
            ],
            [
              15.7899126,
              50.0296242
            ],
            [
              15.7899433,
              50.0296277
            ],
            [
              15.789888,
              50.0298225
            ],
            [
              15.7899026,
              50.0298241
            ],
            [
              15.7898688,
              50.0299401
            ],
            [
              15.7898402,
              50.0300506
            ],
            [
              15.789807,
              50.0301696
            ],
            [
              15.7897828,
              50.0302564
            ],
            [
              15.7897449,
              50.0303926
            ],
            [
              15.7897006,
              50.0305383
            ],
            [
              15.7896317,
              50.0306038
            ],
            [
              15.7895875,
              50.0307069
            ],
            [
              15.7895221,
              50.0307739
            ],
            [
              15.7894489,
              50.0307997
            ],
            [
              15.7893606,
              50.0308117
            ],
            [
              15.7889811,
              50.0308126
            ],
            [
              15.7887077,
              50.0308125
            ],
            [
              15.7883572,
              50.0308124
            ],
            [
              15.7883337,
              50.0308124
            ],
            [
              15.7876305,
              50.0308125
            ],
            [
              15.787534,
              50.0308126
            ],
            [
              15.7874903,
              50.0308128
            ],
            [
              15.7874195,
              50.030813
            ],
            [
              15.7873541,
              50.0307911
            ],
            [
              15.7865884,
              50.030796
            ],
            [
              15.7865883,
              50.0308143
            ],
            [
              15.7861596,
              50.0308154
            ],
            [
              15.7861005,
              50.0307969
            ],
            [
              15.7860695,
              50.0307952
            ],
            [
              15.7860267,
              50.030791
            ],
            [
              15.785857,
              50.0307761
            ],
            [
              15.7856802,
              50.030731
            ],
            [
              15.785593,
              50.0306267
            ],
            [
              15.7853971,
              50.0301816
            ],
            [
              15.7852477,
              50.0298423
            ],
            [
              15.7852328,
              50.0298028
            ],
            [
              15.7852359,
              50.0297734
            ],
            [
              15.785247,
              50.0297557
            ],
            [
              15.7853184,
              50.0296414
            ],
            [
              15.7852463,
              50.0295094
            ],
            [
              15.7857029,
              50.0295278
            ],
            [
              15.7856592,
              50.0294109
            ],
            [
              15.7857149,
              50.0292793
            ],
            [
              15.7857064,
              50.0291831
            ],
            [
              15.7857797,
              50.0289419
            ],
            [
              15.7859651,
              50.0288418
            ],
            [
              15.785987,
              50.0288126
            ],
            [
              15.7859997,
              50.0287964
            ],
            [
              15.7860222,
              50.0287676
            ],
            [
              15.7863423,
              50.0283469
            ],
            [
              15.7863439,
              50.0283216
            ],
            [
              15.7863524,
              50.0281883
            ],
            [
              15.7864112,
              50.0280534
            ],
            [
              15.7864977,
              50.0279007
            ],
            [
              15.7867626,
              50.0276178
            ],
            [
              15.7868588,
              50.0275396
            ],
            [
              15.7869463,
              50.0274779
            ],
            [
              15.7871189,
              50.0273971
            ],
            [
              15.7872384,
              50.0273556
            ],
            [
              15.7872777,
              50.0273556
            ],
            [
              15.7874584,
              50.0273555
            ],
            [
              15.787708,
              50.0273554
            ],
            [
              15.787968,
              50.027344
            ],
            [
              15.7882851,
              50.0272591
            ],
            [
              15.7883373,
              50.0272881
            ],
            [
              15.7883708,
              50.0273021
            ],
            [
              15.7884124,
              50.0272644
            ],
            [
              15.788985,
              50.0271145
            ],
            [
              15.7896505,
              50.0271699
            ],
            [
              15.7896579,
              50.0272041
            ],
            [
              15.7896694,
              50.0272576
            ],
            [
              15.7893219,
              50.0275992
            ],
            [
              15.7893801,
              50.0276226
            ],
            [
              15.7891746,
              50.0278313
            ],
            [
              15.7891731,
              50.0278391
            ],
            [
              15.7891716,
              50.0278469
            ],
            [
              15.7891886,
              50.0278649
            ],
            [
              15.7891784,
              50.0279018
            ],
            [
              15.7892735,
              50.0279137
            ],
            [
              15.7892685,
              50.0279309
            ],
            [
              15.7895523,
              50.0279651
            ],
            [
              15.7897224,
              50.0279853
            ],
            [
              15.7905273,
              50.0280808
            ],
            [
              15.7904341,
              50.0284088
            ],
            [
              15.7901673,
              50.029344
            ]
          ]
        ]
      },
      "id": "way/27471099"
    },
    {
      "type": "Feature",
      "properties": {
        "@id": "way/27953023",
        "amenity": "hospital",
        "healthcare": "hospital",
        "name": "Nemocnice Nový Bydžov"
      },
      "geometry": {
        "type": "Polygon",
        "coordinates": [
          [
            [
              15.4804126,
              50.2441356
            ],
            [
              15.4789493,
              50.2432879
            ],
            [
              15.4785893,
              50.243044
            ],
            [
              15.4792598,
              50.2419649
            ],
            [
              15.480703,
              50.2422541
            ],
            [
              15.4810949,
              50.2414579
            ],
            [
              15.4832581,
              50.2418926
            ],
            [
              15.4840305,
              50.2419878
            ],
            [
              15.484107,
              50.2422151
            ],
            [
              15.4838414,
              50.2423309
            ],
            [
              15.4825499,
              50.2428637
            ],
            [
              15.4824325,
              50.2428393
            ],
            [
              15.4818695,
              50.2431257
            ],
            [
              15.4818424,
              50.2432022
            ],
            [
              15.4804126,
              50.2441356
            ]
          ]
        ]
      },
      "id": "way/27953023"
    },
    {
      "type": "Feature",
      "properties": {
        "@id": "way/28609420",
        "amenity": "hospital",
        "healthcare": "hospital",
        "name": "Oblastní nemocnice Náchod - Nemocnice Jaroměř",
        "source": "uhul:ortofoto"
      },
      "geometry": {
        "type": "Polygon",
        "coordinates": [
          [
            [
              15.9054005,
              50.3586233
            ],
            [
              15.9052031,
              50.3580796
            ],
            [
              15.9051309,
              50.3578806
            ],
            [
              15.9050682,
              50.3576165
            ],
            [
              15.9056803,
              50.3575786
            ],
            [
              15.9056348,
              50.3571719
            ],
            [
              15.9056128,
              50.3566625
            ],
            [
              15.9049061,
              50.3567018
            ],
            [
              15.9050391,
              50.3566543
            ],
            [
              15.9053365,
              50.3564596
            ],
            [
              15.9055031,
              50.356434
            ],
            [
              15.90778,
              50.3562801
            ],
            [
              15.9077074,
              50.357059
            ],
            [
              15.9076916,
              50.3572291
            ],
            [
              15.9075984,
              50.3582297
            ],
            [
              15.9075711,
              50.3585218
            ],
            [
              15.9054005,
              50.3586233
            ]
          ]
        ]
      },
      "id": "way/28609420"
    },
    {
      "type": "Feature",
      "properties": {
        "@id": "way/28880993",
        "amenity": "hospital",
        "barrier": "fence",
        "healthcare": "hospital"
      },
      "geometry": {
        "type": "Polygon",
        "coordinates": [
          [
            [
              16.150282,
              50.3599441
            ],
            [
              16.1492842,
              50.3598039
            ],
            [
              16.1485872,
              50.3597065
            ],
            [
              16.1485719,
              50.3597019
            ],
            [
              16.1485643,
              50.3596972
            ],
            [
              16.1485562,
              50.3596904
            ],
            [
              16.1485515,
              50.3596809
            ],
            [
              16.1485505,
              50.3596704
            ],
            [
              16.1485919,
              50.3594958
            ],
            [
              16.1486386,
              50.3593335
            ],
            [
              16.1487165,
              50.359106
            ],
            [
              16.1487585,
              50.3589961
            ],
            [
              16.1487656,
              50.3589854
            ],
            [
              16.1487771,
              50.3589777
            ],
            [
              16.1487902,
              50.3589742
            ],
            [
              16.1488053,
              50.3589717
            ],
            [
              16.1488142,
              50.3589723
            ],
            [
              16.1488412,
              50.3588988
            ],
            [
              16.1488255,
              50.3588925
            ],
            [
              16.148817,
              50.3588859
            ],
            [
              16.1488111,
              50.3588722
            ],
            [
              16.1488104,
              50.3588594
            ],
            [
              16.1490213,
              50.358377
            ],
            [
              16.1490349,
              50.3583641
            ],
            [
              16.1490481,
              50.3583591
            ],
            [
              16.1490599,
              50.3583559
            ],
            [
              16.1490829,
              50.3583559
            ],
            [
              16.1508097,
              50.3587498
            ],
            [
              16.1506592,
              50.3590034
            ],
            [
              16.1504996,
              50.3593478
            ],
            [
              16.1504186,
              50.3595176
            ],
            [
              16.150282,
              50.3599441
            ]
          ]
        ]
      },
      "id": "way/28880993"
    },
    {
      "type": "Feature",
      "properties": {
        "@id": "way/28922217",
        "amenity": "hospital",
        "contact:website": "https://www.fnhk.cz/",
        "emergency": "yes",
        "healthcare": "hospital",
        "name": "Fakultní nemocnice"
      },
      "geometry": {
        "type": "Polygon",
        "coordinates": [
          [
            [
              15.8251208,
              50.2018676
            ],
            [
              15.8246837,
              50.2011307
            ],
            [
              15.8243581,
              50.2006932
            ],
            [
              15.8239097,
              50.2000853
            ],
            [
              15.8238998,
              50.2000019
            ],
            [
              15.8236156,
              50.1997062
            ],
            [
              15.823313,
              50.1988334
            ],
            [
              15.8232448,
              50.1985513
            ],
            [
              15.8232149,
              50.1984865
            ],
            [
              15.8231916,
              50.1984361
            ],
            [
              15.8227888,
              50.1975503
            ],
            [
              15.8227801,
              50.1970301
            ],
            [
              15.8226848,
              50.1968048
            ],
            [
              15.8235729,
              50.1947538
            ],
            [
              15.8236059,
              50.1942892
            ],
            [
              15.8235978,
              50.1939114
            ],
            [
              15.8259454,
              50.1934403
            ],
            [
              15.8263123,
              50.1942683
            ],
            [
              15.8299945,
              50.1936205
            ],
            [
              15.8307292,
              50.1954079
            ],
            [
              15.8282011,
              50.1959505
            ],
            [
              15.8294354,
              50.1988108
            ],
            [
              15.829696,
              50.1987629
            ],
            [
              15.829708,
              50.1987913
            ],
            [
              15.8297235,
              50.198828
            ],
            [
              15.8297357,
              50.1988569
            ],
            [
              15.8297616,
              50.1989137
            ],
            [
              15.8297687,
              50.1989305
            ],
            [
              15.8298914,
              50.1992069
            ],
            [
              15.8300091,
              50.1993066
            ],
            [
              15.8301007,
              50.1994967
            ],
            [
              15.8301808,
              50.1994783
            ],
            [
              15.8302358,
              50.199602
            ],
            [
              15.8301557,
              50.199618
            ],
            [
              15.8302936,
              50.1999304
            ],
            [
              15.8302564,
              50.1999364
            ],
            [
              15.8302686,
              50.1999608
            ],
            [
              15.8303947,
              50.1999388
            ],
            [
              15.8306374,
              50.2004769
            ],
            [
              15.8305645,
              50.2004903
            ],
            [
              15.8305674,
              50.2004968
            ],
            [
              15.8305408,
              50.2005017
            ],
            [
              15.8305381,
              50.2004939
            ],
            [
              15.8304246,
              50.2005161
            ],
            [
              15.8303992,
              50.2005206
            ],
            [
              15.8302418,
              50.2005485
            ],
            [
              15.8301261,
              50.2005689
            ],
            [
              15.8302695,
              50.2009246
            ],
            [
              15.8284692,
              50.2012586
            ],
            [
              15.8284635,
              50.2012451
            ],
            [
              15.8283932,
              50.2012268
            ],
            [
              15.828332,
              50.2012359
            ],
            [
              15.8282866,
              50.2012441
            ],
            [
              15.8281718,
              50.2013115
            ],
            [
              15.8276423,
              50.2014053
            ],
            [
              15.8265912,
              50.2015985
            ],
            [
              15.8265692,
              50.2015475
            ],
            [
              15.8264445,
              50.2015706
            ],
            [
              15.8263215,
              50.2015929
            ],
            [
              15.8263418,
              50.2016394
            ],
            [
              15.8260787,
              50.2016921
            ],
            [
              15.8251208,
              50.2018676
            ]
          ]
        ]
      },
      "id": "way/28922217"
    },
    {
      "type": "Feature",
      "properties": {
        "@id": "way/28986420",
        "amenity": "hospital",
        "healthcare": "hospital",
        "name": "Oblastní nemocnice Náchod"
      },
      "geometry": {
        "type": "Polygon",
        "coordinates": [
          [
            [
              16.1654248,
              50.4106109
            ],
            [
              16.165166,
              50.4099901
            ],
            [
              16.1654647,
              50.4098786
            ],
            [
              16.1663207,
              50.4095589
            ],
            [
              16.1668338,
              50.4092412
            ],
            [
              16.1674496,
              50.4089189
            ],
            [
              16.1677846,
              50.4086372
            ],
            [
              16.1681822,
              50.4086102
            ],
            [
              16.1684334,
              50.4091653
            ],
            [
              16.169064,
              50.4090223
            ],
            [
              16.1696456,
              50.4102344
            ],
            [
              16.1684863,
              50.4107081
            ],
            [
              16.1680882,
              50.4108633
            ],
            [
              16.1677301,
              50.4110029
            ],
            [
              16.1674849,
              50.4110357
            ],
            [
              16.1667383,
              50.4110725
            ],
            [
              16.1654248,
              50.4106109
            ]
          ]
        ]
      },
      "id": "way/28986420"
    },
    {
      "type": "Feature",
      "properties": {
        "@id": "way/30803368",
        "amenity": "hospital",
        "barrier": "fence",
        "healthcare": "hospital",
        "name": "Domov pod Kuňkou"
      },
      "geometry": {
        "type": "Polygon",
        "coordinates": [
          [
            [
              15.8038157,
              50.0710662
            ],
            [
              15.8039595,
              50.0706457
            ],
            [
              15.8041995,
              50.0705322
            ],
            [
              15.8070215,
              50.0713223
            ],
            [
              15.8070161,
              50.0713402
            ],
            [
              15.8052516,
              50.0712941
            ],
            [
              15.804383,
              50.0712746
            ],
            [
              15.8041677,
              50.0712469
            ],
            [
              15.8042128,
              50.0711209
            ],
            [
              15.8041652,
              50.0711149
            ],
            [
              15.8041593,
              50.0711338
            ],
            [
              15.8041025,
              50.071126
            ],
            [
              15.8041084,
              50.0711069
            ],
            [
              15.8040112,
              50.0710933
            ],
            [
              15.8038157,
              50.0710662
            ]
          ]
        ]
      },
      "id": "way/30803368"
    },
    {
      "type": "Feature",
      "properties": {
        "@id": "way/31990951",
        "amenity": "hospital",
        "healthcare": "hospital",
        "name": "Nemocnice Třebíč",
        "source": "cuzk:km",
        "toilets:wheelchair": "yes",
        "website": "https://www.nem-tr.cz/",
        "wheelchair": "yes",
        "wikidata": "Q12040656"
      },
      "geometry": {
        "type": "Polygon",
        "coordinates": [
          [
            [
              15.8884389,
              49.2131406
            ],
            [
              15.8886569,
              49.2127521
            ],
            [
              15.8891145,
              49.2122069
            ],
            [
              15.8892588,
              49.2120266
            ],
            [
              15.889349,
              49.2119314
            ],
            [
              15.8896115,
              49.2117932
            ],
            [
              15.8904372,
              49.2116802
            ],
            [
              15.8907479,
              49.2116479
            ],
            [
              15.8913182,
              49.2116225
            ],
            [
              15.8927665,
              49.2119206
            ],
            [
              15.8933468,
              49.2120433
            ],
            [
              15.8938259,
              49.2121516
            ],
            [
              15.8948337,
              49.2123677
            ],
            [
              15.8958096,
              49.212574
            ],
            [
              15.8958768,
              49.2125781
            ],
            [
              15.8959478,
              49.2125927
            ],
            [
              15.8962487,
              49.2126567
            ],
            [
              15.8962225,
              49.2127027
            ],
            [
              15.8961007,
              49.2129256
            ],
            [
              15.8960364,
              49.2130398
            ],
            [
              15.8960283,
              49.2130393
            ],
            [
              15.8960184,
              49.2130559
            ],
            [
              15.8960042,
              49.2130798
            ],
            [
              15.8959872,
              49.2131084
            ],
            [
              15.8959207,
              49.21311
            ],
            [
              15.89591,
              49.2131103
            ],
            [
              15.8958673,
              49.2131104
            ],
            [
              15.8958248,
              49.2131104
            ],
            [
              15.8956992,
              49.2131106
            ],
            [
              15.8956488,
              49.2131107
            ],
            [
              15.8955991,
              49.2131102
            ],
            [
              15.8955542,
              49.2131096
            ],
            [
              15.8955091,
              49.2131091
            ],
            [
              15.8954644,
              49.2131086
            ],
            [
              15.8953713,
              49.213102
            ],
            [
              15.8953169,
              49.2131012
            ],
            [
              15.8952725,
              49.2131006
            ],
            [
              15.8952251,
              49.2130999
            ],
            [
              15.895187,
              49.2130994
            ],
            [
              15.8951322,
              49.2130984
            ],
            [
              15.895087,
              49.2130977
            ],
            [
              15.8950411,
              49.2130982
            ],
            [
              15.8947747,
              49.2130932
            ],
            [
              15.8945882,
              49.2130904
            ],
            [
              15.8943387,
              49.2130854
            ],
            [
              15.8940006,
              49.2130786
            ],
            [
              15.8940007,
              49.2130764
            ],
            [
              15.8939233,
              49.2130753
            ],
            [
              15.8936601,
              49.2130736
            ],
            [
              15.8934268,
              49.2129671
            ],
            [
              15.8933034,
              49.2129253
            ],
            [
              15.8931666,
              49.2129094
            ],
            [
              15.893116,
              49.2129099
            ],
            [
              15.8930309,
              49.2129168
            ],
            [
              15.8929152,
              49.2129483
            ],
            [
              15.8928045,
              49.2129926
            ],
            [
              15.8926006,
              49.2130543
            ],
            [
              15.8925333,
              49.2130696
            ],
            [
              15.8918364,
              49.2131574
            ],
            [
              15.8910283,
              49.2130832
            ],
            [
              15.8909749,
              49.2130793
            ],
            [
              15.8909707,
              49.2131589
            ],
            [
              15.8909391,
              49.213203
            ],
            [
              15.8908601,
              49.2132454
            ],
            [
              15.8907782,
              49.2132611
            ],
            [
              15.8904621,
              49.2132876
            ],
            [
              15.8902534,
              49.2132943
            ],
            [
              15.8901253,
              49.213269
            ],
            [
              15.8899564,
              49.2132265
            ],
            [
              15.889885,
              49.2132126
            ],
            [
              15.8896713,
              49.2131931
            ],
            [
              15.8894326,
              49.2131924
            ],
            [
              15.8889367,
              49.2132133
            ],
            [
              15.8885354,
              49.2132346
            ],
            [
              15.8884966,
              49.2132205
            ],
            [
              15.8884389,
              49.2131406
            ]
          ]
        ]
      },
      "id": "way/31990951"
    },
    {
      "type": "Feature",
      "properties": {
        "@id": "way/32306964",
        "amenity": "hospital",
        "healthcare": "hospital",
        "name": "Rehabilitační ústav",
        "wheelchair": "yes"
      },
      "geometry": {
        "type": "Polygon",
        "coordinates": [
          [
            [
              16.2803815,
              50.0040164
            ],
            [
              16.2806596,
              50.0036154
            ],
            [
              16.2807885,
              50.0034746
            ],
            [
              16.28095,
              50.0033675
            ],
            [
              16.2810464,
              50.003316
            ],
            [
              16.2811503,
              50.0032726
            ],
            [
              16.2814102,
              50.003276
            ],
            [
              16.28152,
              50.0032914
            ],
            [
              16.2819179,
              50.0036075
            ],
            [
              16.2822842,
              50.003945
            ],
            [
              16.2823169,
              50.0039752
            ],
            [
              16.2821723,
              50.0040113
            ],
            [
              16.2821723,
              50.0041952
            ],
            [
              16.2821479,
              50.0042094
            ],
            [
              16.2818581,
              50.0043109
            ],
            [
              16.281152,
              50.0042881
            ],
            [
              16.2806915,
              50.0042756
            ],
            [
              16.2806152,
              50.0041796
            ],
            [
              16.2803815,
              50.0040164
            ]
          ]
        ]
      },
      "id": "way/32306964"
    },
    {
      "type": "Feature",
      "properties": {
        "@id": "way/32449772",
        "amenity": "hospital",
        "healthcare": "hospital",
        "name": "Hamzova dětská léčebna",
        "source": "uhul:ortofoto"
      },
      "geometry": {
        "type": "Polygon",
        "coordinates": [
          [
            [
              16.0309868,
              49.8894985
            ],
            [
              16.030773,
              49.8890024
            ],
            [
              16.030294,
              49.8890366
            ],
            [
              16.0301204,
              49.8889742
            ],
            [
              16.0298267,
              49.8889046
            ],
            [
              16.029697,
              49.8883537
            ],
            [
              16.0291735,
              49.8864877
            ],
            [
              16.0290921,
              49.8862643
            ],
            [
              16.0292885,
              49.8858738
            ],
            [
              16.0295428,
              49.8855097
            ],
            [
              16.0299946,
              49.8850732
            ],
            [
              16.030845,
              49.8844323
            ],
            [
              16.0310279,
              49.8843474
            ],
            [
              16.0318789,
              49.8839679
            ],
            [
              16.0320516,
              49.8838959
            ],
            [
              16.0324246,
              49.8837537
            ],
            [
              16.0331161,
              49.8835299
            ],
            [
              16.0334947,
              49.8834661
            ],
            [
              16.0338784,
              49.8834267
            ],
            [
              16.0342847,
              49.8834345
            ],
            [
              16.0336442,
              49.8839953
            ],
            [
              16.0335685,
              49.8843446
            ],
            [
              16.0334919,
              49.884685
            ],
            [
              16.0331882,
              49.885213
            ],
            [
              16.0333069,
              49.8859731
            ],
            [
              16.0338685,
              49.8860953
            ],
            [
              16.0335272,
              49.8867186
            ],
            [
              16.0309868,
              49.8894985
            ]
          ]
        ]
      },
      "id": "way/32449772"
    },
    {
      "type": "Feature",
      "properties": {
        "@id": "way/32519498",
        "amenity": "hospital",
        "healthcare": "hospital",
        "name": "Nemocnice Vysoké Mýto"
      },
      "geometry": {
        "type": "Polygon",
        "coordinates": [
          [
            [
              16.1506856,
              49.9551604
            ],
            [
              16.1507753,
              49.9549496
            ],
            [
              16.1510599,
              49.9542275
            ],
            [
              16.1521221,
              49.9544806
            ],
            [
              16.152096,
              49.9545299
            ],
            [
              16.1524827,
              49.9546252
            ],
            [
              16.1525655,
              49.9546425
            ],
            [
              16.1525382,
              49.954868
            ],
            [
              16.1529167,
              49.9548822
            ],
            [
              16.1529208,
              49.9548926
            ],
            [
              16.152414,
              49.9552785
            ],
            [
              16.1523393,
              49.9552764
            ],
            [
              16.1523302,
              49.9553232
            ],
            [
              16.1522298,
              49.9553185
            ],
            [
              16.1522131,
              49.955346
            ],
            [
              16.1520162,
              49.9553365
            ],
            [
              16.1520187,
              49.9552963
            ],
            [
              16.1518554,
              49.9552896
            ],
            [
              16.1518464,
              49.9553618
            ],
            [
              16.1512802,
              49.9553384
            ],
            [
              16.1512982,
              49.9551659
            ],
            [
              16.1508576,
              49.9551471
            ],
            [
              16.1506856,
              49.9551604
            ]
          ]
        ]
      },
      "id": "way/32519498"
    },
    {
      "type": "Feature",
      "properties": {
        "@id": "way/33807779",
        "addr:city": "Měšice",
        "addr:conscriptionnumber": "1",
        "addr:country": "CZ",
        "addr:housename": "Zámek Měšice",
        "addr:housename:cs": "Zámek Měšice",
        "addr:housename:de": "Schloss Mieschitz",
        "addr:housenumber": "1/2",
        "addr:place": "Měšice",
        "addr:postcode": "25064",
        "addr:street": "Zámecká",
        "addr:streetnumber": "2",
        "amenity": "hospital",
        "building": "civic",
        "building:levels": "3",
        "building:ruian:type": "5",
        "email": "jaroslava.souckova@nemocnicemesice.cz",
        "emergency": "no",
        "healthcare": "hospital",
        "healthcare:speciality": "oncology",
        "phone": "+420 283 981 049;+420 283 981 050;+420 283 981 051",
        "ref:ruian:addr": "14649101",
        "ref:ruian:building": "14541203",
        "roof:levels": "2",
        "roof:material": "roof_tiles",
        "roof:shape": "mansard",
        "source": "cuzk:ruian",
        "website": "https://www.nemocnicemesice.cz",
        "wikidata": "Q2242569",
        "wikipedia": "cs:Měšice (zámek)"
      },
      "geometry": {
        "type": "Polygon",
        "coordinates": [
          [
            [
              14.5218701,
              50.1961253
            ],
            [
              14.5217922,
              50.1957968
            ],
            [
              14.5217472,
              50.1956218
            ],
            [
              14.5226483,
              50.1955219
            ],
            [
              14.5226968,
              50.1956987
            ],
            [
              14.5227835,
              50.1960243
            ],
            [
              14.5226296,
              50.1960411
            ],
            [
              14.5225429,
              50.1957155
            ],
            [
              14.5219426,
              50.1957815
            ],
            [
              14.5220226,
              50.1961097
            ],
            [
              14.5218701,
              50.1961253
            ]
          ]
        ]
      },
      "id": "way/33807779"
    },
    {
      "type": "Feature",
      "properties": {
        "@id": "way/33830251",
        "addr:city": "Praha 9",
        "addr:conscriptionnumber": "343",
        "addr:housenumber": "343/6",
        "addr:place": "Vysočany",
        "addr:postcode": "19000",
        "addr:street": "K Moravině",
        "addr:streetnumber": "6",
        "amenity": "hospital",
        "building": "civic",
        "building:levels": "6",
        "building:ruian:type": "5",
        "email": "info@mnnp.cz",
        "healthcare": "hospital",
        "healthcare:speciality": "cardiology;psychology;internal",
        "name": "Městská nemocnice následné péče",
        "operator": "Hlavní město Praha",
        "operator:type": "public",
        "ref:ruian:building": "22242813",
        "roof:shape": "flat",
        "source": "cuzk:ruian",
        "website": "https://www.mnnp.cz"
      },
      "geometry": {
        "type": "Polygon",
        "coordinates": [
          [
            [
              14.4953509,
              50.1076542
            ],
            [
              14.4953311,
              50.1076782
            ],
            [
              14.4952816,
              50.1076614
            ],
            [
              14.4952442,
              50.1077066
            ],
            [
              14.4951183,
              50.1076636
            ],
            [
              14.4949564,
              50.1076115
            ],
            [
              14.4947179,
              50.1075304
            ],
            [
              14.4947576,
              50.1074823
            ],
            [
              14.4947086,
              50.1074656
            ],
            [
              14.4947287,
              50.1074417
            ],
            [
              14.4947025,
              50.1074325
            ],
            [
              14.4947085,
              50.1074252
            ],
            [
              14.4947444,
              50.1073818
            ],
            [
              14.4948207,
              50.1074073
            ],
            [
              14.4948366,
              50.1073877
            ],
            [
              14.49536,
              50.1075663
            ],
            [
              14.4953436,
              50.1075861
            ],
            [
              14.4954181,
              50.1076114
            ],
            [
              14.4953757,
              50.1076627
            ],
            [
              14.4953509,
              50.1076542
            ]
          ]
        ]
      },
      "id": "way/33830251"
    },
    {
      "type": "Feature",
      "properties": {
        "@id": "way/34989026",
        "amenity": "hospital",
        "email": "sekretariat@pnbrno.cz",
        "healthcare": "hospital",
        "name": "Psychiatrická nemocnice Brno",
        "phone": "+420 548 123 111",
        "wikidata": "Q27048224"
      },
      "geometry": {
        "type": "Polygon",
        "coordinates": [
          [
            [
              16.6419765,
              49.1822101
            ],
            [
              16.6418503,
              49.1826851
            ],
            [
              16.6414965,
              49.1840305
            ],
            [
              16.6412359,
              49.1850211
            ],
            [
              16.6411821,
              49.1852205
            ],
            [
              16.6410839,
              49.185209
            ],
            [
              16.6374799,
              49.1847871
            ],
            [
              16.6374307,
              49.1847814
            ],
            [
              16.6372866,
              49.1847645
            ],
            [
              16.6373002,
              49.1847181
            ],
            [
              16.6373068,
              49.1847189
            ],
            [
              16.637315,
              49.1846919
            ],
            [
              16.6373152,
              49.1846895
            ],
            [
              16.6373239,
              49.1846832
            ],
            [
              16.6373071,
              49.1846731
            ],
            [
              16.6373009,
              49.1846694
            ],
            [
              16.6372555,
              49.1846451
            ],
            [
              16.637208,
              49.1846104
            ],
            [
              16.6372015,
              49.1843229
            ],
            [
              16.6372321,
              49.1842087
            ],
            [
              16.6378584,
              49.1818914
            ],
            [
              16.6379224,
              49.1818401
            ],
            [
              16.6379521,
              49.181792
            ],
            [
              16.6379584,
              49.1817817
            ],
            [
              16.6379996,
              49.1817238
            ],
            [
              16.6390658,
              49.1818438
            ],
            [
              16.639099,
              49.1817308
            ],
            [
              16.639203,
              49.1817446
            ],
            [
              16.6392571,
              49.1815931
            ],
            [
              16.6392705,
              49.1815809
            ],
            [
              16.6392979,
              49.1815737
            ],
            [
              16.6394029,
              49.1815891
            ],
            [
              16.6394994,
              49.1812296
            ],
            [
              16.6397813,
              49.1811652
            ],
            [
              16.6398754,
              49.1806511
            ],
            [
              16.6406678,
              49.1807376
            ],
            [
              16.6414667,
              49.181034
            ],
            [
              16.6411571,
              49.1820445
            ],
            [
              16.6419765,
              49.1822101
            ]
          ]
        ]
      },
      "id": "way/34989026"
    },
    {
      "type": "Feature",
      "properties": {
        "@id": "way/38585515",
        "addr:city": "Praha",
        "addr:housenumber": "50",
        "addr:postcode": "10000",
        "addr:street": "Ruská",
        "amenity": "hospital",
        "beds": "1250",
        "emergency": "yes",
        "healthcare": "hospital",
        "healthcare:counselling": "nutrition",
        "healthcare:speciality": "dermatology;dermatovenereology;emergency;diagnostic_radiology;gastroenterology;infectious_diseases;internal;intensive;occupational;palliative;plastic_surgery;radiology;",
        "layer": "-1",
        "loc_name": "Vinohradská nemocnice",
        "name": "Fakultní nemocnice Královské Vinohrady",
        "name:ru": "больницы Королевского университета",
        "wikidata": "Q11989336"
      },
      "geometry": {
        "type": "Polygon",
        "coordinates": [
          [
            [
              14.473889,
              50.0761686
            ],
            [
              14.4738932,
              50.0761488
            ],
            [
              14.4739878,
              50.0757046
            ],
            [
              14.4742323,
              50.074557
            ],
            [
              14.4743423,
              50.07402
            ],
            [
              14.4743696,
              50.0738866
            ],
            [
              14.4757571,
              50.0739582
            ],
            [
              14.4762609,
              50.0739907
            ],
            [
              14.4765539,
              50.0740026
            ],
            [
              14.4769656,
              50.0740205
            ],
            [
              14.4769988,
              50.0740265
            ],
            [
              14.4770838,
              50.0740305
            ],
            [
              14.477115,
              50.0740282
            ],
            [
              14.4771968,
              50.0740324
            ],
            [
              14.4774326,
              50.0740446
            ],
            [
              14.4777879,
              50.0740069
            ],
            [
              14.4789252,
              50.0737315
            ],
            [
              14.4792723,
              50.0736478
            ],
            [
              14.479628,
              50.073552
            ],
            [
              14.4797696,
              50.0735142
            ],
            [
              14.479854,
              50.0734936
            ],
            [
              14.4806221,
              50.0733065
            ],
            [
              14.4812399,
              50.0731583
            ],
            [
              14.4812527,
              50.0731552
            ],
            [
              14.4812933,
              50.0731454
            ],
            [
              14.4820525,
              50.0729566
            ],
            [
              14.4825167,
              50.0732033
            ],
            [
              14.4828044,
              50.0733499
            ],
            [
              14.4831495,
              50.0735247
            ],
            [
              14.4839474,
              50.0739292
            ],
            [
              14.4839608,
              50.0739722
            ],
            [
              14.483655,
              50.0746488
            ],
            [
              14.4836815,
              50.0747361
            ],
            [
              14.4836859,
              50.0747505
            ],
            [
              14.4837033,
              50.0748079
            ],
            [
              14.4837444,
              50.0749432
            ],
            [
              14.4829928,
              50.0748822
            ],
            [
              14.4829426,
              50.0748654
            ],
            [
              14.481975,
              50.0748405
            ],
            [
              14.4817966,
              50.0748516
            ],
            [
              14.4812691,
              50.075002
            ],
            [
              14.4811782,
              50.0751411
            ],
            [
              14.4810351,
              50.0751388
            ],
            [
              14.4810242,
              50.0752393
            ],
            [
              14.4786229,
              50.0751761
            ],
            [
              14.4785599,
              50.0757439
            ],
            [
              14.4784896,
              50.0761561
            ],
            [
              14.4784408,
              50.0761532
            ],
            [
              14.4783275,
              50.076144
            ],
            [
              14.4782926,
              50.0761412
            ],
            [
              14.4782044,
              50.0761402
            ],
            [
              14.4781736,
              50.0761399
            ],
            [
              14.4781699,
              50.0761709
            ],
            [
              14.4781688,
              50.0761799
            ],
            [
              14.4781107,
              50.0761755
            ],
            [
              14.4779977,
              50.0761699
            ],
            [
              14.4778492,
              50.076164
            ],
            [
              14.4778231,
              50.0761627
            ],
            [
              14.4776564,
              50.076228
            ],
            [
              14.4769292,
              50.0763194
            ],
            [
              14.4767353,
              50.0763102
            ],
            [
              14.4766886,
              50.076308
            ],
            [
              14.4766525,
              50.0763061
            ],
            [
              14.4765907,
              50.0763032
            ],
            [
              14.4761327,
              50.076282
            ],
            [
              14.4760534,
              50.0762782
            ],
            [
              14.4756201,
              50.0762568
            ],
            [
              14.4755517,
              50.0762538
            ],
            [
              14.4754576,
              50.0762496
            ],
            [
              14.4754326,
              50.0762474
            ],
            [
              14.4753526,
              50.0762426
            ],
            [
              14.4753039,
              50.0762404
            ],
            [
              14.4743303,
              50.076191
            ],
            [
              14.473889,
              50.0761686
            ]
          ]
        ]
      },
      "id": "way/38585515"
    },
    {
      "type": "Feature",
      "properties": {
        "@id": "way/42090978",
        "amenity": "hospital",
        "emergency": "yes",
        "healthcare": "hospital",
        "name": "Oblastní nemocnice Kladno",
        "official_name": "Oblastní nemocnice Kladno, a.s., nemocnice Středočeského kraje",
        "operator": "Středočeský kraj, Zborovská 11, 150 21 Praha 5 - Smíchov",
        "website": "https://www.nemocnicekladno.cz/",
        "wikidata": "Q41567468",
        "wikipedia": "cs:Oblastní nemocnice Kladno"
      },
      "geometry": {
        "type": "Polygon",
        "coordinates": [
          [
            [
              14.0889581,
              50.142728
            ],
            [
              14.0873864,
              50.1420982
            ],
            [
              14.0873952,
              50.1420896
            ],
            [
              14.0874414,
              50.142044
            ],
            [
              14.0873316,
              50.1419927
            ],
            [
              14.0872822,
              50.1419696
            ],
            [
              14.0871891,
              50.1419263
            ],
            [
              14.087148,
              50.1419343
            ],
            [
              14.0871186,
              50.1419184
            ],
            [
              14.0870367,
              50.1418743
            ],
            [
              14.0869548,
              50.1418301
            ],
            [
              14.0869285,
              50.1418204
            ],
            [
              14.0868008,
              50.1417683
            ],
            [
              14.0865048,
              50.1416654
            ],
            [
              14.0863575,
              50.141593
            ],
            [
              14.0862109,
              50.1415446
            ],
            [
              14.0861447,
              50.1415229
            ],
            [
              14.0860346,
              50.1414752
            ],
            [
              14.0859809,
              50.1415302
            ],
            [
              14.0858702,
              50.1414858
            ],
            [
              14.0858618,
              50.1414945
            ],
            [
              14.0858328,
              50.1414829
            ],
            [
              14.0858168,
              50.1414765
            ],
            [
              14.0858008,
              50.1414701
            ],
            [
              14.0857717,
              50.1414584
            ],
            [
              14.0857792,
              50.1414507
            ],
            [
              14.0857046,
              50.1414208
            ],
            [
              14.0856324,
              50.1413918
            ],
            [
              14.085623,
              50.1414015
            ],
            [
              14.0855901,
              50.1413883
            ],
            [
              14.0855749,
              50.1413822
            ],
            [
              14.0855597,
              50.1413761
            ],
            [
              14.0855279,
              50.1413633
            ],
            [
              14.0855357,
              50.1413554
            ],
            [
              14.0854632,
              50.1413264
            ],
            [
              14.0853907,
              50.1412973
            ],
            [
              14.0853828,
              50.1413054
            ],
            [
              14.0853516,
              50.1412929
            ],
            [
              14.0853357,
              50.1412865
            ],
            [
              14.0853196,
              50.14128
            ],
            [
              14.0852885,
              50.1412676
            ],
            [
              14.0852964,
              50.1412596
            ],
            [
              14.0851844,
              50.1412147
            ],
            [
              14.0850604,
              50.1411628
            ],
            [
              14.0866464,
              50.1400104
            ],
            [
              14.0866897,
              50.1400141
            ],
            [
              14.0875395,
              50.1400865
            ],
            [
              14.0886325,
              50.1400571
            ],
            [
              14.0893988,
              50.1397987
            ],
            [
              14.0898243,
              50.1398887
            ],
            [
              14.0899516,
              50.1398528
            ],
            [
              14.0900019,
              50.1398013
            ],
            [
              14.0900049,
              50.1398023
            ],
            [
              14.0900203,
              50.1397851
            ],
            [
              14.089969,
              50.1397651
            ],
            [
              14.0900388,
              50.1396932
            ],
            [
              14.0900502,
              50.1396989
            ],
            [
              14.0903662,
              50.1393736
            ],
            [
              14.0903953,
              50.1393858
            ],
            [
              14.0904384,
              50.1393389
            ],
            [
              14.0905958,
              50.1394037
            ],
            [
              14.0906507,
              50.1393515
            ],
            [
              14.0907542,
              50.1393159
            ],
            [
              14.0908163,
              50.1393973
            ],
            [
              14.0909411,
              50.1395745
            ],
            [
              14.0910006,
              50.1396579
            ],
            [
              14.0910393,
              50.1397117
            ],
            [
              14.09107,
              50.1397565
            ],
            [
              14.0911306,
              50.1398488
            ],
            [
              14.0911658,
              50.1398974
            ],
            [
              14.0911972,
              50.1399397
            ],
            [
              14.0912408,
              50.1399901
            ],
            [
              14.0912845,
              50.140037
            ],
            [
              14.0913307,
              50.1400841
            ],
            [
              14.0913794,
              50.1401294
            ],
            [
              14.0914404,
              50.1401853
            ],
            [
              14.0915062,
              50.1402359
            ],
            [
              14.0906407,
              50.1411338
            ],
            [
              14.0905888,
              50.1411876
            ],
            [
              14.090334,
              50.1414493
            ],
            [
              14.0899242,
              50.1418744
            ],
            [
              14.0898705,
              50.1419303
            ],
            [
              14.089842,
              50.1419599
            ],
            [
              14.0897763,
              50.1420285
            ],
            [
              14.0896812,
              50.1421276
            ],
            [
              14.0891215,
              50.1427062
            ],
            [
              14.0889581,
              50.142728
            ]
          ]
        ]
      },
      "id": "way/42090978"
    },
    {
      "type": "Feature",
      "properties": {
        "@id": "way/43760950",
        "amenity": "hospital",
        "building": "civic",
        "building:ruian:type": "5",
        "contact:website": "http://www.mulacovanemocnice.cz/",
        "healthcare": "hospital",
        "name": "Mulačova nemocnice",
        "ref:ruian:building": "24115878",
        "source": "cuzk:ruian"
      },
      "geometry": {
        "type": "Polygon",
        "coordinates": [
          [
            [
              13.369686,
              49.7275102
            ],
            [
              13.3695673,
              49.7274177
            ],
            [
              13.369657,
              49.7273705
            ],
            [
              13.3696422,
              49.7273586
            ],
            [
              13.3697848,
              49.7272833
            ],
            [
              13.3697998,
              49.7272954
            ],
            [
              13.3699597,
              49.7272112
            ],
            [
              13.3701627,
              49.7273703
            ],
            [
              13.3700623,
              49.7274233
            ],
            [
              13.3700533,
              49.7274163
            ],
            [
              13.3699486,
              49.7273351
            ],
            [
              13.3699236,
              49.7273485
            ],
            [
              13.3699378,
              49.7273597
            ],
            [
              13.3699084,
              49.7273754
            ],
            [
              13.3699211,
              49.7273854
            ],
            [
              13.3698028,
              49.7274477
            ],
            [
              13.3697866,
              49.7274349
            ],
            [
              13.3696715,
              49.7274945
            ],
            [
              13.3696894,
              49.7275084
            ],
            [
              13.369686,
              49.7275102
            ]
          ]
        ]
      },
      "id": "way/43760950"
    },
    {
      "type": "Feature",
      "properties": {
        "@id": "way/43973788",
        "amenity": "hospital",
        "building": "civic",
        "building:flats": "2",
        "building:levels": "2",
        "building:ruian:type": "5",
        "healthcare": "hospital",
        "ref:ruian:building": "16684371",
        "source": "cuzk:ruian"
      },
      "geometry": {
        "type": "Polygon",
        "coordinates": [
          [
            [
              13.9891316,
              50.4785817
            ],
            [
              13.9891824,
              50.4787098
            ],
            [
              13.9887918,
              50.4787707
            ],
            [
              13.988743,
              50.4786426
            ],
            [
              13.9891316,
              50.4785817
            ]
          ]
        ]
      },
      "id": "way/43973788"
    },
    {
      "type": "Feature",
      "properties": {
        "@id": "way/48138209",
        "amenity": "hospital",
        "healthcare": "hospital",
        "name": "Krajská nemocnice Liberec",
        "source": "cuzk:km",
        "website": "https://www.nemlib.cz/"
      },
      "geometry": {
        "type": "Polygon",
        "coordinates": [
          [
            [
              15.0637477,
              50.7706674
            ],
            [
              15.0636751,
              50.7706519
            ],
            [
              15.06254,
              50.770409
            ],
            [
              15.0622772,
              50.7703161
            ],
            [
              15.0622817,
              50.77031
            ],
            [
              15.0623292,
              50.770245
            ],
            [
              15.0623499,
              50.7702166
            ],
            [
              15.0625241,
              50.7699954
            ],
            [
              15.0623207,
              50.7699185
            ],
            [
              15.0625004,
              50.7696375
            ],
            [
              15.0618797,
              50.7694435
            ],
            [
              15.0619743,
              50.7693678
            ],
            [
              15.0620521,
              50.7693367
            ],
            [
              15.0622573,
              50.7692261
            ],
            [
              15.0622696,
              50.7692195
            ],
            [
              15.0625129,
              50.769177
            ],
            [
              15.062622,
              50.7691109
            ],
            [
              15.062842,
              50.7690157
            ],
            [
              15.0630776,
              50.7689393
            ],
            [
              15.0632567,
              50.7690419
            ],
            [
              15.0634577,
              50.7691571
            ],
            [
              15.0634963,
              50.7691668
            ],
            [
              15.0643806,
              50.7693895
            ],
            [
              15.0646028,
              50.7694455
            ],
            [
              15.0647833,
              50.7692141
            ],
            [
              15.0650236,
              50.7692979
            ],
            [
              15.0653065,
              50.7691391
            ],
            [
              15.065496,
              50.7692141
            ],
            [
              15.0661014,
              50.7694693
            ],
            [
              15.0667552,
              50.7697844
            ],
            [
              15.0668662,
              50.7698858
            ],
            [
              15.0669911,
              50.7703873
            ],
            [
              15.0676428,
              50.7707024
            ],
            [
              15.0675131,
              50.7709959
            ],
            [
              15.0665466,
              50.7708279
            ],
            [
              15.0664502,
              50.7708286
            ],
            [
              15.0660773,
              50.7708434
            ],
            [
              15.066015,
              50.7708364
            ],
            [
              15.0659185,
              50.7708451
            ],
            [
              15.0650601,
              50.7708503
            ],
            [
              15.0646092,
              50.7708366
            ],
            [
              15.0637477,
              50.7706674
            ]
          ]
        ]
      },
      "id": "way/48138209"
    },
    {
      "type": "Feature",
      "properties": {
        "@id": "way/49150691",
        "amenity": "hospital",
        "building": "yes",
        "name": "Léčebna dlouhodobě nemocných"
      },
      "geometry": {
        "type": "Polygon",
        "coordinates": [
          [
            [
              18.3515394,
              49.8188843
            ],
            [
              18.3514523,
              49.8186568
            ],
            [
              18.3517371,
              49.8186114
            ],
            [
              18.3517465,
              49.8186361
            ],
            [
              18.352413,
              49.8185299
            ],
            [
              18.3524199,
              49.8185478
            ],
            [
              18.3525107,
              49.8185333
            ],
            [
              18.3525183,
              49.8185531
            ],
            [
              18.3527663,
              49.8185135
            ],
            [
              18.352798,
              49.8185964
            ],
            [
              18.353052,
              49.8185559
            ],
            [
              18.3530299,
              49.8184982
            ],
            [
              18.3535857,
              49.8184096
            ],
            [
              18.3536074,
              49.8184664
            ],
            [
              18.3536809,
              49.8184547
            ],
            [
              18.3537091,
              49.8185284
            ],
            [
              18.3536325,
              49.8185406
            ],
            [
              18.3536406,
              49.8185617
            ],
            [
              18.3534177,
              49.8185972
            ],
            [
              18.3534095,
              49.8185757
            ],
            [
              18.3533009,
              49.818593
            ],
            [
              18.3533085,
              49.8186131
            ],
            [
              18.3532425,
              49.8186236
            ],
            [
              18.353234,
              49.8186015
            ],
            [
              18.3531606,
              49.8186132
            ],
            [
              18.353166,
              49.8186274
            ],
            [
              18.353085,
              49.8186403
            ],
            [
              18.3530758,
              49.8186162
            ],
            [
              18.3528944,
              49.8186451
            ],
            [
              18.3529227,
              49.8187189
            ],
            [
              18.3525089,
              49.8187848
            ],
            [
              18.3524699,
              49.8186828
            ],
            [
              18.3518033,
              49.818789
            ],
            [
              18.3518119,
              49.8188115
            ],
            [
              18.351719,
              49.8188262
            ],
            [
              18.3517297,
              49.818854
            ],
            [
              18.3515394,
              49.8188843
            ]
          ]
        ]
      },
      "id": "way/49150691"
    },
    {
      "type": "Feature",
      "properties": {
        "@id": "way/50164666",
        "addr:conscriptionnumber": "1304",
        "addr:country": "CZ",
        "addr:housenumber": "1304/1",
        "addr:street": "Jana Žižky",
        "addr:streetnumber": "1",
        "amenity": "hospital",
        "building": "civic",
        "building:levels": "4",
        "building:ruian:type": "15",
        "healthcare": "hospital",
        "name": "Nemocnice následné péče",
        "ref:ruian:building": "5063124",
        "source": "cuzk:ruian"
      },
      "geometry": {
        "type": "Polygon",
        "coordinates": [
          [
            [
              13.6337728,
              50.5164111
            ],
            [
              13.6337933,
              50.5164276
            ],
            [
              13.6337308,
              50.5164721
            ],
            [
              13.6340663,
              50.5166702
            ],
            [
              13.6339518,
              50.5167488
            ],
            [
              13.6336696,
              50.5165826
            ],
            [
              13.6336149,
              50.5166201
            ],
            [
              13.6334546,
              50.5165255
            ],
            [
              13.6334188,
              50.516549
            ],
            [
              13.6333589,
              50.516512
            ],
            [
              13.63339,
              50.5164885
            ],
            [
              13.6330113,
              50.5162666
            ],
            [
              13.6330359,
              50.5162493
            ],
            [
              13.6330584,
              50.5162648
            ],
            [
              13.6331628,
              50.5161961
            ],
            [
              13.6332528,
              50.5162506
            ],
            [
              13.6332442,
              50.5162566
            ],
            [
              13.6335606,
              50.5164437
            ],
            [
              13.6336833,
              50.5163635
            ],
            [
              13.6337043,
              50.5163683
            ],
            [
              13.6337329,
              50.516371
            ],
            [
              13.6337735,
              50.5163955
            ],
            [
              13.6337728,
              50.5164111
            ]
          ]
        ]
      },
      "id": "way/50164666"
    },
    {
      "type": "Feature",
      "properties": {
        "@id": "way/50563531",
        "addr:city": "Brno",
        "addr:housenumber": "7",
        "addr:postcode": "65653",
        "addr:street": "Žlutý kopec",
        "amenity": "hospital",
        "emergency": "no",
        "healthcare": "hospital",
        "name": "Masarykův onkologický ústav",
        "phone": "+420 543 131 111",
        "source": "cuzk:km",
        "start_date": "1935",
        "website": "https://www.mou.cz/",
        "wikidata": "Q14828023",
        "wikipedia": "cs:Masarykův onkologický ústav"
      },
      "geometry": {
        "type": "Polygon",
        "coordinates": [
          [
            [
              16.5897852,
              49.1937413
            ],
            [
              16.5902269,
              49.1938827
            ],
            [
              16.5903375,
              49.1937677
            ],
            [
              16.5904722,
              49.1938029
            ],
            [
              16.5913696,
              49.1940363
            ],
            [
              16.5915101,
              49.1940958
            ],
            [
              16.5915722,
              49.1941305
            ],
            [
              16.5916242,
              49.1941595
            ],
            [
              16.5917319,
              49.1942413
            ],
            [
              16.591788,
              49.1943013
            ],
            [
              16.5917909,
              49.1943095
            ],
            [
              16.5917894,
              49.1943248
            ],
            [
              16.5917819,
              49.194336
            ],
            [
              16.5917699,
              49.1943481
            ],
            [
              16.5917445,
              49.1943561
            ],
            [
              16.5914991,
              49.1943503
            ],
            [
              16.5913438,
              49.1943467
            ],
            [
              16.5912423,
              49.1943257
            ],
            [
              16.5912384,
              49.1943323
            ],
            [
              16.5912173,
              49.1943685
            ],
            [
              16.5912019,
              49.1943948
            ],
            [
              16.591174,
              49.1944367
            ],
            [
              16.5910095,
              49.1944938
            ],
            [
              16.5909714,
              49.1944986
            ],
            [
              16.5909289,
              49.1944967
            ],
            [
              16.5908571,
              49.1944785
            ],
            [
              16.5908451,
              49.1944926
            ],
            [
              16.5908373,
              49.1945016
            ],
            [
              16.5908322,
              49.1945076
            ],
            [
              16.5908154,
              49.1945425
            ],
            [
              16.5906429,
              49.1946031
            ],
            [
              16.5904404,
              49.1947012
            ],
            [
              16.5903033,
              49.1947849
            ],
            [
              16.5901714,
              49.1949055
            ],
            [
              16.5900952,
              49.1949228
            ],
            [
              16.5900307,
              49.1949142
            ],
            [
              16.5899926,
              49.1949802
            ],
            [
              16.5900219,
              49.1949879
            ],
            [
              16.5900381,
              49.195008
            ],
            [
              16.5900225,
              49.195032
            ],
            [
              16.5899698,
              49.1950458
            ],
            [
              16.5899149,
              49.195189
            ],
            [
              16.5899304,
              49.1952023
            ],
            [
              16.5899427,
              49.1952137
            ],
            [
              16.5897538,
              49.1954149
            ],
            [
              16.5896088,
              49.1955451
            ],
            [
              16.58957,
              49.1955715
            ],
            [
              16.5895003,
              49.1955997
            ],
            [
              16.58934,
              49.1956069
            ],
            [
              16.5891339,
              49.1955901
            ],
            [
              16.5888935,
              49.1955508
            ],
            [
              16.5888077,
              49.1955246
            ],
            [
              16.5886491,
              49.1954491
            ],
            [
              16.5884788,
              49.195368
            ],
            [
              16.5882455,
              49.1952711
            ],
            [
              16.5882809,
              49.1952242
            ],
            [
              16.5881353,
              49.1951911
            ],
            [
              16.5880754,
              49.195176
            ],
            [
              16.5880493,
              49.1951693
            ],
            [
              16.5879173,
              49.1951639
            ],
            [
              16.5878204,
              49.1951599
            ],
            [
              16.5877721,
              49.1951475
            ],
            [
              16.5871935,
              49.1950066
            ],
            [
              16.5870936,
              49.1949823
            ],
            [
              16.5870643,
              49.1949752
            ],
            [
              16.5865348,
              49.194821
            ],
            [
              16.586503,
              49.1947622
            ],
            [
              16.5864613,
              49.1947059
            ],
            [
              16.5866985,
              49.1942956
            ],
            [
              16.5867449,
              49.1942533
            ],
            [
              16.5868001,
              49.1941581
            ],
            [
              16.5870449,
              49.1941101
            ],
            [
              16.587099,
              49.1940255
            ],
            [
              16.5870695,
              49.1940041
            ],
            [
              16.5869196,
              49.1939466
            ],
            [
              16.5870049,
              49.1937912
            ],
            [
              16.5870898,
              49.1936619
            ],
            [
              16.5871216,
              49.1936134
            ],
            [
              16.5872144,
              49.1934612
            ],
            [
              16.5873041,
              49.1933519
            ],
            [
              16.5880081,
              49.1935187
            ],
            [
              16.5881823,
              49.1935596
            ],
            [
              16.589225,
              49.1938071
            ],
            [
              16.5891805,
              49.1938536
            ],
            [
              16.5894666,
              49.1939185
            ],
            [
              16.5897852,
              49.1937413
            ]
          ]
        ]
      },
      "id": "way/50563531"
    },
    {
      "type": "Feature",
      "properties": {
        "@id": "way/50945932",
        "amenity": "hospital",
        "building": "civic",
        "building:levels": "7",
        "building:ruian:type": "5",
        "check_date": "2024-05-15",
        "email": "reditelstvi@unbr.cz",
        "fax": "+420 545 211 082",
        "healthcare": "hospital",
        "healthcare:speciality": "emergency",
        "name": "Úrazová nemocnice v Brně",
        "name:cs": "Úrazová nemocnice v Brně",
        "name:de": "Unfallkrankenhaus in Brünn",
        "phone": "+420 545 538 111",
        "ref:ruian:building": "19020449",
        "source": "cuzk:ruian",
        "wikidata": "Q26945170"
      },
      "geometry": {
        "type": "Polygon",
        "coordinates": [
          [
            [
              16.615112,
              49.1979708
            ],
            [
              16.6149647,
              49.197923
            ],
            [
              16.615146,
              49.1976844
            ],
            [
              16.6151037,
              49.1976698
            ],
            [
              16.6151239,
              49.1976439
            ],
            [
              16.6151514,
              49.1976527
            ],
            [
              16.6151838,
              49.1976071
            ],
            [
              16.6151658,
              49.1976016
            ],
            [
              16.6151728,
              49.1975918
            ],
            [
              16.6151015,
              49.1975668
            ],
            [
              16.6151632,
              49.1974899
            ],
            [
              16.6151653,
              49.1974847
            ],
            [
              16.615373,
              49.1975567
            ],
            [
              16.6154832,
              49.1975949
            ],
            [
              16.6155518,
              49.1976187
            ],
            [
              16.6154886,
              49.1977002
            ],
            [
              16.6152947,
              49.1979599
            ],
            [
              16.6152733,
              49.1979983
            ],
            [
              16.6152764,
              49.1979991
            ],
            [
              16.6152608,
              49.198024
            ],
            [
              16.6152578,
              49.1980231
            ],
            [
              16.6152443,
              49.1980474
            ],
            [
              16.6150629,
              49.1980121
            ],
            [
              16.6150834,
              49.197991
            ],
            [
              16.6150905,
              49.1979887
            ],
            [
              16.6150999,
              49.1979878
            ],
            [
              16.615112,
              49.1979708
            ]
          ]
        ]
      },
      "id": "way/50945932"
    },
    {
      "type": "Feature",
      "properties": {
        "@id": "way/51382414",
        "amenity": "hospital",
        "emergency": "yes",
        "healthcare": "hospital",
        "name": "Uherskohradišťská nemocnice",
        "source": "cuzk:km",
        "website": "https://www.nemuh.cz/",
        "wikidata": "Q58221934",
        "wikimedia_commons": "Category:Uherskohradišťská nemocnice",
        "wikipedia": "cs:Uherskohradišťská nemocnice"
      },
      "geometry": {
        "type": "Polygon",
        "coordinates": [
          [
            [
              17.4553953,
              49.064686
            ],
            [
              17.4552984,
              49.0646837
            ],
            [
              17.4552213,
              49.0647104
            ],
            [
              17.455164,
              49.0646295
            ],
            [
              17.4548811,
              49.0647149
            ],
            [
              17.4549098,
              49.0647468
            ],
            [
              17.4544856,
              49.0648611
            ],
            [
              17.4540716,
              49.0649854
            ],
            [
              17.4538688,
              49.065046
            ],
            [
              17.4537734,
              49.0649351
            ],
            [
              17.4533786,
              49.0644762
            ],
            [
              17.4529046,
              49.0638848
            ],
            [
              17.4526272,
              49.0639883
            ],
            [
              17.452092,
              49.0641736
            ],
            [
              17.4518744,
              49.0639409
            ],
            [
              17.4518156,
              49.0639607
            ],
            [
              17.4516232,
              49.0640302
            ],
            [
              17.4514863,
              49.0640789
            ],
            [
              17.4514803,
              49.0643214
            ],
            [
              17.4514788,
              49.0643826
            ],
            [
              17.451332,
              49.0643826
            ],
            [
              17.451268,
              49.0644216
            ],
            [
              17.4512469,
              49.0644634
            ],
            [
              17.4508882,
              49.0644614
            ],
            [
              17.4506666,
              49.0644595
            ],
            [
              17.4506659,
              49.06442
            ],
            [
              17.450656,
              49.06442
            ],
            [
              17.4504573,
              49.064419
            ],
            [
              17.4493418,
              49.0644141
            ],
            [
              17.4483424,
              49.0638552
            ],
            [
              17.4483062,
              49.0638315
            ],
            [
              17.448223,
              49.0637779
            ],
            [
              17.4481546,
              49.0637324
            ],
            [
              17.4480973,
              49.0636949
            ],
            [
              17.4473073,
              49.0631782
            ],
            [
              17.4472239,
              49.0631237
            ],
            [
              17.4471636,
              49.0630843
            ],
            [
              17.4469636,
              49.0629585
            ],
            [
              17.4488586,
              49.0626026
            ],
            [
              17.4494377,
              49.0624998
            ],
            [
              17.4502025,
              49.0622599
            ],
            [
              17.4502165,
              49.0622555
            ],
            [
              17.4502707,
              49.0622385
            ],
            [
              17.4512474,
              49.0619322
            ],
            [
              17.451597,
              49.0618578
            ],
            [
              17.4516895,
              49.0618578
            ],
            [
              17.451734,
              49.0618263
            ],
            [
              17.4518422,
              49.0618323
            ],
            [
              17.4525909,
              49.0618737
            ],
            [
              17.4529919,
              49.0618623
            ],
            [
              17.4533689,
              49.0617925
            ],
            [
              17.453604,
              49.061688
            ],
            [
              17.4536492,
              49.0616679
            ],
            [
              17.4537154,
              49.0616385
            ],
            [
              17.4548081,
              49.0614995
            ],
            [
              17.4552264,
              49.0614463
            ],
            [
              17.4555987,
              49.0615743
            ],
            [
              17.455623,
              49.0615827
            ],
            [
              17.4562375,
              49.061794
            ],
            [
              17.4581482,
              49.0624511
            ],
            [
              17.458533,
              49.0625834
            ],
            [
              17.4589183,
              49.062716
            ],
            [
              17.4596732,
              49.062976
            ],
            [
              17.4599179,
              49.0630694
            ],
            [
              17.4599048,
              49.0630941
            ],
            [
              17.4598557,
              49.0631976
            ],
            [
              17.459747,
              49.063293
            ],
            [
              17.4597421,
              49.0632983
            ],
            [
              17.4593901,
              49.0637109
            ],
            [
              17.4588837,
              49.0643196
            ],
            [
              17.458371,
              49.0649249
            ],
            [
              17.4575487,
              49.0648518
            ],
            [
              17.4577784,
              49.0645641
            ],
            [
              17.4569515,
              49.064311
            ],
            [
              17.4565254,
              49.0648538
            ],
            [
              17.4559639,
              49.064809
            ],
            [
              17.4558655,
              49.0647806
            ],
            [
              17.4556723,
              49.0647168
            ],
            [
              17.4553953,
              49.064686
            ]
          ]
        ]
      },
      "id": "way/51382414"
    },
    {
      "type": "Feature",
      "properties": {
        "@id": "way/52109443",
        "amenity": "hospital",
        "building": "yes",
        "name": "Masarykovo sanatorium",
        "note": "Léčebna dlouhodobě nemocných",
        "source": "cuzk:km"
      },
      "geometry": {
        "type": "Polygon",
        "coordinates": [
          [
            [
              14.1527117,
              49.7898441
            ],
            [
              14.1525581,
              49.7899027
            ],
            [
              14.1523226,
              49.7896424
            ],
            [
              14.1523044,
              49.7896492
            ],
            [
              14.1522518,
              49.7895908
            ],
            [
              14.1522449,
              49.7895934
            ],
            [
              14.1522306,
              49.7895776
            ],
            [
              14.1522553,
              49.7895684
            ],
            [
              14.1522323,
              49.7895435
            ],
            [
              14.1520816,
              49.7893774
            ],
            [
              14.1517791,
              49.7890428
            ],
            [
              14.1519338,
              49.788985
            ],
            [
              14.1527117,
              49.7898441
            ]
          ]
        ]
      },
      "id": "way/52109443"
    },
    {
      "type": "Feature",
      "properties": {
        "@id": "way/52109444",
        "amenity": "hospital",
        "building": "civic",
        "building:levels": "1",
        "building:ruian:type": "5",
        "ref:ruian:building": "12836052",
        "source": "cuzk:ruian"
      },
      "geometry": {
        "type": "Polygon",
        "coordinates": [
          [
            [
              14.1522323,
              49.7895435
            ],
            [
              14.1519695,
              49.7896429
            ],
            [
              14.1518484,
              49.789509
            ],
            [
              14.1520579,
              49.7894293
            ],
            [
              14.1520291,
              49.7893975
            ],
            [
              14.1520816,
              49.7893774
            ],
            [
              14.1522323,
              49.7895435
            ]
          ]
        ]
      },
      "id": "way/52109444"
    },
    {
      "type": "Feature",
      "properties": {
        "@id": "way/52454877",
        "amenity": "hospital",
        "designation": "Nemocnice Hranice a.s.",
        "healthcare": "hospital",
        "name": "Nemocnice Hranice",
        "source": "uhul:ortofoto",
        "wikidata": "Q54982270"
      },
      "geometry": {
        "type": "Polygon",
        "coordinates": [
          [
            [
              17.7438825,
              49.5548959
            ],
            [
              17.7443891,
              49.5544585
            ],
            [
              17.7446068,
              49.5542704
            ],
            [
              17.7447095,
              49.5541817
            ],
            [
              17.7461317,
              49.5545582
            ],
            [
              17.7484108,
              49.5552353
            ],
            [
              17.7499426,
              49.555759
            ],
            [
              17.7492543,
              49.5564527
            ],
            [
              17.7491361,
              49.5564049
            ],
            [
              17.748712,
              49.5562885
            ],
            [
              17.7481285,
              49.5569518
            ],
            [
              17.7438825,
              49.5548959
            ]
          ]
        ]
      },
      "id": "way/52454877"
    },
    {
      "type": "Feature",
      "properties": {
        "@id": "way/52572249",
        "amenity": "hospital",
        "emergency": "yes",
        "healthcare": "hospital",
        "name": "Slezská nemocnice v Opavě",
        "source": "CUZK:KM",
        "website": "https://www.snopava.cz/"
      },
      "geometry": {
        "type": "Polygon",
        "coordinates": [
          [
            [
              17.8813434,
              49.9356594
            ],
            [
              17.8810357,
              49.9359787
            ],
            [
              17.8807902,
              49.9359195
            ],
            [
              17.8807252,
              49.9360203
            ],
            [
              17.8805653,
              49.9362687
            ],
            [
              17.880233,
              49.9367848
            ],
            [
              17.8799026,
              49.9367748
            ],
            [
              17.8788179,
              49.936655
            ],
            [
              17.8783129,
              49.9366094
            ],
            [
              17.8769844,
              49.9365013
            ],
            [
              17.8767348,
              49.9364672
            ],
            [
              17.8766596,
              49.9364117
            ],
            [
              17.8765785,
              49.936404
            ],
            [
              17.8765335,
              49.9364397
            ],
            [
              17.87526,
              49.936275
            ],
            [
              17.8758688,
              49.9356136
            ],
            [
              17.876075,
              49.9356943
            ],
            [
              17.8769769,
              49.9347605
            ],
            [
              17.8771759,
              49.9345556
            ],
            [
              17.8771688,
              49.9345528
            ],
            [
              17.8773487,
              49.9343448
            ],
            [
              17.876777,
              49.9341167
            ],
            [
              17.8768505,
              49.9340127
            ],
            [
              17.8769692,
              49.9338714
            ],
            [
              17.877202,
              49.93362
            ],
            [
              17.8776385,
              49.9331638
            ],
            [
              17.8779531,
              49.9328339
            ],
            [
              17.8780122,
              49.9328574
            ],
            [
              17.8780224,
              49.9328477
            ],
            [
              17.8808572,
              49.9339706
            ],
            [
              17.8808317,
              49.9339769
            ],
            [
              17.8808639,
              49.9340257
            ],
            [
              17.8804422,
              49.9344611
            ],
            [
              17.8801473,
              49.9347655
            ],
            [
              17.8800923,
              49.9348223
            ],
            [
              17.8802819,
              49.9349013
            ],
            [
              17.8808949,
              49.9351499
            ],
            [
              17.8806289,
              49.935427
            ],
            [
              17.8808591,
              49.9354813
            ],
            [
              17.8813434,
              49.9356594
            ]
          ]
        ]
      },
      "id": "way/52572249"
    },
    {
      "type": "Feature",
      "properties": {
        "@id": "way/54031175",
        "amenity": "hospital",
        "healthcare": "hospital",
        "name": "Krajská nemocnice Tomáše Bati",
        "wikidata": "Q21598513"
      },
      "geometry": {
        "type": "Polygon",
        "coordinates": [
          [
            [
              17.6934465,
              49.2286815
            ],
            [
              17.6940417,
              49.2283884
            ],
            [
              17.6944001,
              49.2282825
            ],
            [
              17.6946605,
              49.2282382
            ],
            [
              17.6952399,
              49.2281397
            ],
            [
              17.6951822,
              49.2280213
            ],
            [
              17.6957503,
              49.2279758
            ],
            [
              17.6964778,
              49.2280089
            ],
            [
              17.6977816,
              49.2281794
            ],
            [
              17.6986809,
              49.2281738
            ],
            [
              17.6987155,
              49.2281736
            ],
            [
              17.699265,
              49.2281065
            ],
            [
              17.6999576,
              49.2279518
            ],
            [
              17.7009272,
              49.2275813
            ],
            [
              17.7014008,
              49.2272953
            ],
            [
              17.7017503,
              49.2270671
            ],
            [
              17.7024329,
              49.2266213
            ],
            [
              17.7030495,
              49.2263265
            ],
            [
              17.7037197,
              49.2261077
            ],
            [
              17.7040428,
              49.226036
            ],
            [
              17.7046781,
              49.225922
            ],
            [
              17.705669,
              49.2258266
            ],
            [
              17.7061588,
              49.2265439
            ],
            [
              17.7051696,
              49.2269499
            ],
            [
              17.7031956,
              49.2274946
            ],
            [
              17.7028381,
              49.2281483
            ],
            [
              17.7026302,
              49.2282006
            ],
            [
              17.7025855,
              49.2282157
            ],
            [
              17.7007708,
              49.2288286
            ],
            [
              17.7006571,
              49.2288545
            ],
            [
              17.6999718,
              49.229049
            ],
            [
              17.7000504,
              49.2291966
            ],
            [
              17.7003339,
              49.2292529
            ],
            [
              17.7005963,
              49.2292542
            ],
            [
              17.7006021,
              49.2295861
            ],
            [
              17.6997994,
              49.2298334
            ],
            [
              17.6988952,
              49.2298396
            ],
            [
              17.698084,
              49.2299212
            ],
            [
              17.6967635,
              49.2301741
            ],
            [
              17.6965573,
              49.2302138
            ],
            [
              17.6960242,
              49.2303173
            ],
            [
              17.6958005,
              49.2303607
            ],
            [
              17.6957751,
              49.2303278
            ],
            [
              17.6956757,
              49.230348
            ],
            [
              17.6941891,
              49.2307053
            ],
            [
              17.6941844,
              49.230693
            ],
            [
              17.6940103,
              49.2301999
            ],
            [
              17.6936594,
              49.2302645
            ],
            [
              17.6934655,
              49.2297404
            ],
            [
              17.6934743,
              49.2295929
            ],
            [
              17.6934746,
              49.2295703
            ],
            [
              17.6934963,
              49.2295031
            ],
            [
              17.6935421,
              49.2292836
            ],
            [
              17.693555,
              49.2291433
            ],
            [
              17.6936165,
              49.2291266
            ],
            [
              17.6934465,
              49.2286815
            ]
          ]
        ]
      },
      "id": "way/54031175"
    },
    {
      "type": "Feature",
      "properties": {
        "@id": "way/55729300",
        "amenity": "hospital",
        "building": "civic",
        "building:ruian:type": "15",
        "check_date": "2024-10-31",
        "healthcare": "hospital",
        "name": "nemocnice Atlas",
        "ref:ruian:building": "24530859",
        "source": "cuzk:ruian",
        "start_date": "1999-05-01"
      },
      "geometry": {
        "type": "Polygon",
        "coordinates": [
          [
            [
              17.6570752,
              49.2228207
            ],
            [
              17.6570689,
              49.2228306
            ],
            [
              17.6571082,
              49.222841
            ],
            [
              17.6570794,
              49.2228899
            ],
            [
              17.6569826,
              49.2228643
            ],
            [
              17.6569864,
              49.2228577
            ],
            [
              17.6567474,
              49.2227953
            ],
            [
              17.6567541,
              49.2227848
            ],
            [
              17.6567098,
              49.2227731
            ],
            [
              17.6567294,
              49.2227394
            ],
            [
              17.6567747,
              49.2227515
            ],
            [
              17.6567802,
              49.2227427
            ],
            [
              17.6563878,
              49.222639
            ],
            [
              17.6564929,
              49.2224684
            ],
            [
              17.6569544,
              49.2225904
            ],
            [
              17.6575207,
              49.22274
            ],
            [
              17.6574155,
              49.2229106
            ],
            [
              17.6570752,
              49.2228207
            ]
          ]
        ]
      },
      "id": "way/55729300"
    },
    {
      "type": "Feature",
      "properties": {
        "@id": "way/55835663",
        "amenity": "hospital",
        "healthcare": "hospital",
        "name": "Městská nemocnice Ostrava Fifejdy"
      },
      "geometry": {
        "type": "Polygon",
        "coordinates": [
          [
            [
              18.2728561,
              49.8347221
            ],
            [
              18.2715089,
              49.8339737
            ],
            [
              18.2719003,
              49.8335839
            ],
            [
              18.2725749,
              49.8327207
            ],
            [
              18.2727558,
              49.8324964
            ],
            [
              18.2731718,
              49.8319676
            ],
            [
              18.2737466,
              49.8318889
            ],
            [
              18.273825,
              49.8318857
            ],
            [
              18.2748257,
              49.8321856
            ],
            [
              18.274927,
              49.8320463
            ],
            [
              18.2753516,
              49.8315858
            ],
            [
              18.2763615,
              49.831737
            ],
            [
              18.2763588,
              49.8317426
            ],
            [
              18.2763269,
              49.8318257
            ],
            [
              18.2763161,
              49.8318539
            ],
            [
              18.2763048,
              49.8318834
            ],
            [
              18.2762936,
              49.8319124
            ],
            [
              18.276281,
              49.8319456
            ],
            [
              18.2767631,
              49.8320942
            ],
            [
              18.276804,
              49.8321077
            ],
            [
              18.2768416,
              49.8321202
            ],
            [
              18.2768823,
              49.8321336
            ],
            [
              18.277051,
              49.8321789
            ],
            [
              18.277288,
              49.8322564
            ],
            [
              18.2773592,
              49.8322793
            ],
            [
              18.277156,
              49.8325285
            ],
            [
              18.2770634,
              49.832642
            ],
            [
              18.2769676,
              49.8327595
            ],
            [
              18.2767691,
              49.8330029
            ],
            [
              18.2778494,
              49.833356
            ],
            [
              18.2778115,
              49.833404
            ],
            [
              18.277651,
              49.8336075
            ],
            [
              18.2771061,
              49.8342856
            ],
            [
              18.277071,
              49.8343337
            ],
            [
              18.2765987,
              49.8349192
            ],
            [
              18.2765132,
              49.8348927
            ],
            [
              18.2764467,
              49.8349774
            ],
            [
              18.2763575,
              49.8350754
            ],
            [
              18.2757399,
              49.8353048
            ],
            [
              18.275466,
              49.8354065
            ],
            [
              18.275201,
              49.8354819
            ],
            [
              18.2750889,
              49.8355022
            ],
            [
              18.274919,
              49.835533
            ],
            [
              18.2744964,
              49.8356095
            ],
            [
              18.2743773,
              49.8355411
            ],
            [
              18.2728561,
              49.8347221
            ]
          ]
        ]
      },
      "id": "way/55835663"
    },
    {
      "type": "Feature",
      "properties": {
        "@id": "way/56043862",
        "amenity": "hospital",
        "healthcare": "hospital",
        "name": "Vojenská nemocnice",
        "old_name": "klášter premonstrátů",
        "website": "https://www.vnbrno.cz/",
        "wikidata": "Q27038324"
      },
      "geometry": {
        "type": "Polygon",
        "coordinates": [
          [
            [
              16.6313798,
              49.2017089
            ],
            [
              16.631879,
              49.201954
            ],
            [
              16.631825,
              49.201982
            ],
            [
              16.6319892,
              49.202119
            ],
            [
              16.6320042,
              49.2021124
            ],
            [
              16.6321541,
              49.2022374
            ],
            [
              16.632296,
              49.2023557
            ],
            [
              16.6324486,
              49.2024728
            ],
            [
              16.6324192,
              49.2024705
            ],
            [
              16.6318193,
              49.2027914
            ],
            [
              16.63113,
              49.2031553
            ],
            [
              16.6309923,
              49.2032278
            ],
            [
              16.6305849,
              49.2034402
            ],
            [
              16.6304022,
              49.2035306
            ],
            [
              16.6303587,
              49.2034924
            ],
            [
              16.630343,
              49.2034963
            ],
            [
              16.630243,
              49.203426
            ],
            [
              16.6302587,
              49.2034213
            ],
            [
              16.6299153,
              49.2031864
            ],
            [
              16.6298936,
              49.2031937
            ],
            [
              16.6297978,
              49.203128
            ],
            [
              16.6298119,
              49.2031149
            ],
            [
              16.6295757,
              49.2029509
            ],
            [
              16.6295632,
              49.2029548
            ],
            [
              16.6294851,
              49.2029007
            ],
            [
              16.6294812,
              49.2028961
            ],
            [
              16.629585,
              49.2028312
            ],
            [
              16.6296216,
              49.2028082
            ],
            [
              16.6296648,
              49.2028415
            ],
            [
              16.629719,
              49.2028092
            ],
            [
              16.6297155,
              49.2028052
            ],
            [
              16.629767,
              49.2027933
            ],
            [
              16.6297418,
              49.2027671
            ],
            [
              16.6297093,
              49.2027327
            ],
            [
              16.6297969,
              49.2027006
            ],
            [
              16.6298169,
              49.202724
            ],
            [
              16.629903,
              49.2026931
            ],
            [
              16.6298827,
              49.2026691
            ],
            [
              16.6299069,
              49.2026605
            ],
            [
              16.6299463,
              49.2027059
            ],
            [
              16.6301589,
              49.2026274
            ],
            [
              16.6301203,
              49.2025823
            ],
            [
              16.6302254,
              49.2025434
            ],
            [
              16.6300915,
              49.2023875
            ],
            [
              16.6300377,
              49.2024069
            ],
            [
              16.6300432,
              49.2024135
            ],
            [
              16.6297942,
              49.2025082
            ],
            [
              16.6297819,
              49.2024975
            ],
            [
              16.6297852,
              49.2024825
            ],
            [
              16.629736,
              49.2024245
            ],
            [
              16.6296773,
              49.2024124
            ],
            [
              16.6297033,
              49.2023963
            ],
            [
              16.6297168,
              49.2023893
            ],
            [
              16.6300875,
              49.2021968
            ],
            [
              16.630091,
              49.202195
            ],
            [
              16.6301467,
              49.2021656
            ],
            [
              16.6301832,
              49.2021485
            ],
            [
              16.6302389,
              49.2021223
            ],
            [
              16.6303978,
              49.2020468
            ],
            [
              16.6305509,
              49.2019759
            ],
            [
              16.6305593,
              49.2019834
            ],
            [
              16.630729,
              49.2019145
            ],
            [
              16.6308189,
              49.2018759
            ],
            [
              16.6312479,
              49.201744
            ],
            [
              16.6313798,
              49.2017089
            ]
          ]
        ]
      },
      "id": "way/56043862"
    },
    {
      "type": "Feature",
      "properties": {
        "@id": "way/56630607",
        "amenity": "hospital",
        "name": "Nemocnice Podlesí, a.s.",
        "operator": "AGEL a.s.",
        "wikidata": "Q30258567"
      },
      "geometry": {
        "type": "Polygon",
        "coordinates": [
          [
            [
              18.6406928,
              49.6816749
            ],
            [
              18.640608,
              49.6814256
            ],
            [
              18.6405745,
              49.6813271
            ],
            [
              18.6404891,
              49.6810654
            ],
            [
              18.6401629,
              49.6802065
            ],
            [
              18.6423479,
              49.6798712
            ],
            [
              18.6427826,
              49.6810661
            ],
            [
              18.6428862,
              49.681351
            ],
            [
              18.6417732,
              49.6815136
            ],
            [
              18.6406928,
              49.6816749
            ]
          ]
        ]
      },
      "id": "way/56630607"
    },
    {
      "type": "Feature",
      "properties": {
        "@id": "way/56630820",
        "amenity": "hospital",
        "healthcare": "hospital",
        "name": "Nemocnice Třinec",
        "wikidata": "Q58221477"
      },
      "geometry": {
        "type": "Polygon",
        "coordinates": [
          [
            [
              18.6900448,
              49.6728078
            ],
            [
              18.6933279,
              49.6736919
            ],
            [
              18.693747,
              49.6740736
            ],
            [
              18.6926806,
              49.6748482
            ],
            [
              18.6909173,
              49.6758896
            ],
            [
              18.6908115,
              49.6761723
            ],
            [
              18.6897126,
              49.6766643
            ],
            [
              18.689573,
              49.6766312
            ],
            [
              18.689048,
              49.6764049
            ],
            [
              18.6881673,
              49.6750041
            ],
            [
              18.6881639,
              49.6749991
            ],
            [
              18.6878808,
              49.6745852
            ],
            [
              18.6876748,
              49.6742841
            ],
            [
              18.6881481,
              49.6739893
            ],
            [
              18.6900448,
              49.6728078
            ]
          ]
        ]
      },
      "id": "way/56630820"
    },
    {
      "type": "Feature",
      "properties": {
        "@id": "way/59113930",
        "amenity": "hospital",
        "healthcare": "hospital",
        "name": "Chrudimská nemocnice",
        "website": "https://chrudim.nempk.cz/"
      },
      "geometry": {
        "type": "Polygon",
        "coordinates": [
          [
            [
              15.8081675,
              49.9398796
            ],
            [
              15.8095747,
              49.9410065
            ],
            [
              15.810139,
              49.9414584
            ],
            [
              15.810243,
              49.9415417
            ],
            [
              15.8100672,
              49.9416279
            ],
            [
              15.8100513,
              49.9416147
            ],
            [
              15.8099493,
              49.9416657
            ],
            [
              15.8099661,
              49.9416796
            ],
            [
              15.8099826,
              49.9416932
            ],
            [
              15.8100085,
              49.9416803
            ],
            [
              15.8101341,
              49.9417843
            ],
            [
              15.8101776,
              49.9418184
            ],
            [
              15.8094526,
              49.942238
            ],
            [
              15.8092345,
              49.9422151
            ],
            [
              15.8091515,
              49.9422074
            ],
            [
              15.8091391,
              49.9422631
            ],
            [
              15.8091666,
              49.9422657
            ],
            [
              15.8091477,
              49.9423447
            ],
            [
              15.8091541,
              49.9423983
            ],
            [
              15.8090212,
              49.9424632
            ],
            [
              15.8090335,
              49.9424729
            ],
            [
              15.8087314,
              49.9426353
            ],
            [
              15.8077974,
              49.9430069
            ],
            [
              15.8075975,
              49.9429856
            ],
            [
              15.8074961,
              49.943102
            ],
            [
              15.8069071,
              49.9432632
            ],
            [
              15.8067056,
              49.9432398
            ],
            [
              15.8065999,
              49.9432284
            ],
            [
              15.8063381,
              49.9430159
            ],
            [
              15.8063043,
              49.9429843
            ],
            [
              15.8062327,
              49.9429054
            ],
            [
              15.8061379,
              49.9428058
            ],
            [
              15.8061146,
              49.9427746
            ],
            [
              15.805875,
              49.9424762
            ],
            [
              15.8062709,
              49.9421129
            ],
            [
              15.806275,
              49.9420829
            ],
            [
              15.8062956,
              49.941967
            ],
            [
              15.8063193,
              49.9418338
            ],
            [
              15.8062734,
              49.9418304
            ],
            [
              15.8062911,
              49.9417307
            ],
            [
              15.8062657,
              49.9417251
            ],
            [
              15.8062484,
              49.9416993
            ],
            [
              15.806363,
              49.941544
            ],
            [
              15.8065098,
              49.9413437
            ],
            [
              15.8065798,
              49.9412465
            ],
            [
              15.8066682,
              49.9411238
            ],
            [
              15.8066895,
              49.9410935
            ],
            [
              15.8067642,
              49.9410063
            ],
            [
              15.8068927,
              49.9408845
            ],
            [
              15.8073478,
              49.9404855
            ],
            [
              15.8077038,
              49.9401915
            ],
            [
              15.8077802,
              49.9401311
            ],
            [
              15.8079574,
              49.9400082
            ],
            [
              15.8080511,
              49.9399445
            ],
            [
              15.8081675,
              49.9398796
            ]
          ]
        ]
      },
      "id": "way/59113930"
    },
    {
      "type": "Feature",
      "properties": {
        "@id": "way/67977080",
        "amenity": "hospital",
        "building": "house",
        "building:flats": "1",
        "building:levels": "1",
        "building:ruian:type": "7",
        "healthcare": "hospital",
        "name": "zdravotní středisko",
        "ref:ruian:building": "2789698",
        "source": "cuzk:ruian"
      },
      "geometry": {
        "type": "Polygon",
        "coordinates": [
          [
            [
              17.589139,
              50.0440217
            ],
            [
              17.5891224,
              50.044044
            ],
            [
              17.5890426,
              50.0440196
            ],
            [
              17.5890592,
              50.0439972
            ],
            [
              17.5890289,
              50.0439879
            ],
            [
              17.5890882,
              50.0439088
            ],
            [
              17.5893312,
              50.0439852
            ],
            [
              17.5892722,
              50.0440627
            ],
            [
              17.589139,
              50.0440217
            ]
          ]
        ]
      },
      "id": "way/67977080"
    },
    {
      "type": "Feature",
      "properties": {
        "@id": "way/69583884",
        "amenity": "hospital",
        "healthcare": "hospital",
        "name": "Nemocnice Český Těšín",
        "operator": "AGEL a.s.",
        "website": "https://nemocniceceskytesin.agel.cz/"
      },
      "geometry": {
        "type": "Polygon",
        "coordinates": [
          [
            [
              18.6088257,
              49.7449126
            ],
            [
              18.6092404,
              49.7448401
            ],
            [
              18.6097844,
              49.7448189
            ],
            [
              18.6098874,
              49.7450835
            ],
            [
              18.6101611,
              49.7450522
            ],
            [
              18.6104379,
              49.7453219
            ],
            [
              18.6104849,
              49.7453769
            ],
            [
              18.610623,
              49.7455003
            ],
            [
              18.6112148,
              49.745522
            ],
            [
              18.6118347,
              49.74556
            ],
            [
              18.6121013,
              49.7460175
            ],
            [
              18.6121689,
              49.7461463
            ],
            [
              18.611797,
              49.7462343
            ],
            [
              18.6117546,
              49.7461831
            ],
            [
              18.6113263,
              49.7462946
            ],
            [
              18.6116528,
              49.7467379
            ],
            [
              18.6113345,
              49.7468379
            ],
            [
              18.6111995,
              49.7468845
            ],
            [
              18.6107307,
              49.7469307
            ],
            [
              18.6107227,
              49.7469209
            ],
            [
              18.610717,
              49.7468965
            ],
            [
              18.6105798,
              49.7469104
            ],
            [
              18.6105859,
              49.7469348
            ],
            [
              18.6105457,
              49.7469403
            ],
            [
              18.6105254,
              49.7469368
            ],
            [
              18.6103994,
              49.7469527
            ],
            [
              18.6102236,
              49.7469741
            ],
            [
              18.6100983,
              49.7469889
            ],
            [
              18.6100786,
              49.7469938
            ],
            [
              18.6100721,
              49.747007
            ],
            [
              18.6100707,
              49.7470231
            ],
            [
              18.6097681,
              49.7470566
            ],
            [
              18.6097445,
              49.7470592
            ],
            [
              18.6097054,
              49.7470504
            ],
            [
              18.6095745,
              49.7469686
            ],
            [
              18.6088257,
              49.7449126
            ]
          ]
        ]
      },
      "id": "way/69583884"
    },
    {
      "type": "Feature",
      "properties": {
        "@id": "way/70652457",
        "addr:conscriptionnumber": "14",
        "addr:country": "CZ",
        "addr:housenumber": "14",
        "addr:place": "Chuchelná",
        "addr:postcode": "74724",
        "addr:street": "Komenského",
        "amenity": "hospital",
        "building": "civic",
        "building:levels": "1",
        "building:ruian:type": "15",
        "email": "ruchuchelna@ruhrabyne.cz",
        "name": "Rehabilitační ústav Hrabyně. Pracoviště Chuchelná",
        "operator": "Rehabilitační ústav Hrabyně",
        "phone": "+420 553 683 300",
        "ref:ruian:addr": "4567757",
        "ref:ruian:building": "4537700",
        "source": "cuzk:ruian",
        "website": "https://www.ruhrabyne.cz/"
      },
      "geometry": {
        "type": "Polygon",
        "coordinates": [
          [
            [
              18.1161453,
              49.988984
            ],
            [
              18.1164403,
              49.9886615
            ],
            [
              18.1166092,
              49.9887263
            ],
            [
              18.1164821,
              49.9888607
            ],
            [
              18.1165406,
              49.9888837
            ],
            [
              18.1164935,
              49.9889343
            ],
            [
              18.1164345,
              49.9889111
            ],
            [
              18.1163081,
              49.9890448
            ],
            [
              18.1161453,
              49.988984
            ]
          ]
        ]
      },
      "id": "way/70652457"
    },
    {
      "type": "Feature",
      "properties": {
        "@id": "way/74093893",
        "amenity": "hospital",
        "healthcare": "hospital",
        "name": "Nemocnice s poliklinikou Kadaň",
        "website": "https://www.nemkadan.cz/"
      },
      "geometry": {
        "type": "Polygon",
        "coordinates": [
          [
            [
              13.2688283,
              50.3903195
            ],
            [
              13.2689972,
              50.390287
            ],
            [
              13.269904,
              50.3905857
            ],
            [
              13.2699475,
              50.3905956
            ],
            [
              13.2700021,
              50.390601
            ],
            [
              13.2708299,
              50.390866
            ],
            [
              13.2710536,
              50.3909337
            ],
            [
              13.2710772,
              50.3909022
            ],
            [
              13.2713315,
              50.3909853
            ],
            [
              13.2714398,
              50.3910239
            ],
            [
              13.2715543,
              50.3910567
            ],
            [
              13.2720781,
              50.3912268
            ],
            [
              13.2720859,
              50.3912418
            ],
            [
              13.2721388,
              50.3912781
            ],
            [
              13.2721638,
              50.3913192
            ],
            [
              13.2721741,
              50.3913435
            ],
            [
              13.2722112,
              50.3913893
            ],
            [
              13.2722824,
              50.391472
            ],
            [
              13.2722197,
              50.391552
            ],
            [
              13.2723326,
              50.391606
            ],
            [
              13.2723816,
              50.3916398
            ],
            [
              13.2724084,
              50.3916618
            ],
            [
              13.2723793,
              50.3917083
            ],
            [
              13.2722759,
              50.3916511
            ],
            [
              13.2718252,
              50.3919718
            ],
            [
              13.2713771,
              50.3922994
            ],
            [
              13.2709576,
              50.3926024
            ],
            [
              13.2683153,
              50.3917357
            ],
            [
              13.2685103,
              50.3914953
            ],
            [
              13.2686334,
              50.3913498
            ],
            [
              13.2682322,
              50.3912214
            ],
            [
              13.2682713,
              50.391172
            ],
            [
              13.2683182,
              50.3911108
            ],
            [
              13.2683384,
              50.3910799
            ],
            [
              13.2683551,
              50.3910524
            ],
            [
              13.2682669,
              50.3910168
            ],
            [
              13.2681332,
              50.3909589
            ],
            [
              13.2681306,
              50.3908526
            ],
            [
              13.2688283,
              50.3903195
            ]
          ]
        ]
      },
      "id": "way/74093893"
    },
    {
      "type": "Feature",
      "properties": {
        "@id": "way/74709956",
        "amenity": "hospital",
        "name": "Nemocnice Varnsdorf",
        "name:de": "Krankenhaus Varnsdorf",
        "website": "http://nemvdf.cz"
      },
      "geometry": {
        "type": "Polygon",
        "coordinates": [
          [
            [
              14.6100759,
              50.8936732
            ],
            [
              14.6114074,
              50.8927872
            ],
            [
              14.6116311,
              50.8927032
            ],
            [
              14.6122422,
              50.8933829
            ],
            [
              14.6129721,
              50.8940804
            ],
            [
              14.6129581,
              50.8941333
            ],
            [
              14.6123895,
              50.8944826
            ],
            [
              14.6123431,
              50.8945075
            ],
            [
              14.6122813,
              50.8945051
            ],
            [
              14.6100759,
              50.8936732
            ]
          ]
        ]
      },
      "id": "way/74709956"
    },
    {
      "type": "Feature",
      "properties": {
        "@id": "way/78232386",
        "amenity": "hospital",
        "healthcare": "hospital",
        "name": "Fakultní nemocnice Ostrava",
        "short_name": "FN Ostrava",
        "website": "https://www.fno.cz/",
        "wikidata": "Q11989351"
      },
      "geometry": {
        "type": "Polygon",
        "coordinates": [
          [
            [
              18.1620009,
              49.8298762
            ],
            [
              18.1619868,
              49.8299019
            ],
            [
              18.1618545,
              49.8299364
            ],
            [
              18.1618281,
              49.8299434
            ],
            [
              18.1617928,
              49.8299527
            ],
            [
              18.1617557,
              49.8299626
            ],
            [
              18.1617856,
              49.830012
            ],
            [
              18.1617928,
              49.8300251
            ],
            [
              18.1604994,
              49.8303585
            ],
            [
              18.1604871,
              49.8303331
            ],
            [
              18.1604152,
              49.830353
            ],
            [
              18.1603599,
              49.8303683
            ],
            [
              18.1600864,
              49.8304429
            ],
            [
              18.1600799,
              49.830434
            ],
            [
              18.1599543,
              49.8304667
            ],
            [
              18.1599393,
              49.8304428
            ],
            [
              18.1594855,
              49.8305557
            ],
            [
              18.1594007,
              49.8305394
            ],
            [
              18.159382,
              49.8305441
            ],
            [
              18.1593344,
              49.830556
            ],
            [
              18.1593084,
              49.8305625
            ],
            [
              18.1592768,
              49.8305705
            ],
            [
              18.1592682,
              49.8305833
            ],
            [
              18.1592251,
              49.8305939
            ],
            [
              18.1592049,
              49.8305886
            ],
            [
              18.159178,
              49.8305955
            ],
            [
              18.159152,
              49.830602
            ],
            [
              18.1591013,
              49.8306148
            ],
            [
              18.1590813,
              49.8306198
            ],
            [
              18.1588888,
              49.8306684
            ],
            [
              18.1588571,
              49.8307555
            ],
            [
              18.1567511,
              49.8312727
            ],
            [
              18.1564616,
              49.8308718
            ],
            [
              18.1552103,
              49.8292459
            ],
            [
              18.1550015,
              49.8291684
            ],
            [
              18.1549606,
              49.8291534
            ],
            [
              18.1549206,
              49.8291387
            ],
            [
              18.1548685,
              49.8290811
            ],
            [
              18.1548512,
              49.8290619
            ],
            [
              18.1548332,
              49.829042
            ],
            [
              18.1546909,
              49.8288889
            ],
            [
              18.1545266,
              49.8287224
            ],
            [
              18.1541358,
              49.8283566
            ],
            [
              18.1537176,
              49.8280126
            ],
            [
              18.1536621,
              49.8279669
            ],
            [
              18.1529342,
              49.827368
            ],
            [
              18.1529755,
              49.827354
            ],
            [
              18.1529597,
              49.8273204
            ],
            [
              18.1529191,
              49.8272685
            ],
            [
              18.1528624,
              49.8271807
            ],
            [
              18.1527833,
              49.8270398
            ],
            [
              18.1527543,
              49.8269754
            ],
            [
              18.1527426,
              49.8269494
            ],
            [
              18.1526955,
              49.8268209
            ],
            [
              18.1526779,
              49.8267464
            ],
            [
              18.1526698,
              49.8266974
            ],
            [
              18.1526623,
              49.8266524
            ],
            [
              18.1526597,
              49.8265204
            ],
            [
              18.1526668,
              49.8264083
            ],
            [
              18.1526795,
              49.8263512
            ],
            [
              18.1527301,
              49.8262246
            ],
            [
              18.1527622,
              49.826172
            ],
            [
              18.1528491,
              49.8260724
            ],
            [
              18.1528952,
              49.8260299
            ],
            [
              18.1529159,
              49.8260108
            ],
            [
              18.1529882,
              49.8259513
            ],
            [
              18.1530495,
              49.825911
            ],
            [
              18.1532235,
              49.825817
            ],
            [
              18.1532366,
              49.8258114
            ],
            [
              18.1533132,
              49.8257786
            ],
            [
              18.1534555,
              49.8257176
            ],
            [
              18.1537009,
              49.8256279
            ],
            [
              18.1538108,
              49.8255992
            ],
            [
              18.1540916,
              49.8255428
            ],
            [
              18.1541485,
              49.8255335
            ],
            [
              18.1544621,
              49.8254912
            ],
            [
              18.1545358,
              49.8254848
            ],
            [
              18.1547238,
              49.8254751
            ],
            [
              18.1548404,
              49.8254733
            ],
            [
              18.1548749,
              49.8254749
            ],
            [
              18.1550109,
              49.8254814
            ],
            [
              18.155157,
              49.8254911
            ],
            [
              18.1554179,
              49.825514
            ],
            [
              18.1556762,
              49.8255443
            ],
            [
              18.1559326,
              49.8255813
            ],
            [
              18.1586685,
              49.8260936
            ],
            [
              18.1590069,
              49.8261536
            ],
            [
              18.1591762,
              49.8261807
            ],
            [
              18.1592363,
              49.8261888
            ],
            [
              18.1592935,
              49.8261953
            ],
            [
              18.1597245,
              49.8262366
            ],
            [
              18.1600333,
              49.8262568
            ],
            [
              18.1600836,
              49.8262545
            ],
            [
              18.1601039,
              49.8262534
            ],
            [
              18.1601241,
              49.8262524
            ],
            [
              18.1601191,
              49.8262627
            ],
            [
              18.160176,
              49.8262665
            ],
            [
              18.160246,
              49.8264045
            ],
            [
              18.1606686,
              49.8262974
            ],
            [
              18.1607188,
              49.8263844
            ],
            [
              18.1607173,
              49.8263978
            ],
            [
              18.1607393,
              49.8264356
            ],
            [
              18.1608223,
              49.8264157
            ],
            [
              18.1608835,
              49.8265145
            ],
            [
              18.1609425,
              49.8266128
            ],
            [
              18.1610897,
              49.826576
            ],
            [
              18.1610915,
              49.8265788
            ],
            [
              18.161085,
              49.8265804
            ],
            [
              18.1611611,
              49.8267064
            ],
            [
              18.1612661,
              49.8268802
            ],
            [
              18.1612725,
              49.8268786
            ],
            [
              18.1612744,
              49.8268817
            ],
            [
              18.1612087,
              49.8268984
            ],
            [
              18.1612371,
              49.8269455
            ],
            [
              18.1612388,
              49.8269485
            ],
            [
              18.1610789,
              49.8269893
            ],
            [
              18.1609338,
              49.827022
            ],
            [
              18.1610591,
              49.8272277
            ],
            [
              18.1610667,
              49.8272402
            ],
            [
              18.1610743,
              49.8272527
            ],
            [
              18.1611665,
              49.8274048
            ],
            [
              18.1612389,
              49.8275232
            ],
            [
              18.1612506,
              49.8275425
            ],
            [
              18.1613912,
              49.8277738
            ],
            [
              18.161403,
              49.8277931
            ],
            [
              18.1614547,
              49.8278785
            ],
            [
              18.1614699,
              49.8279035
            ],
            [
              18.161484,
              49.8279268
            ],
            [
              18.1615519,
              49.8280382
            ],
            [
              18.1616176,
              49.8281459
            ],
            [
              18.1616284,
              49.8281638
            ],
            [
              18.1617547,
              49.8283714
            ],
            [
              18.1617656,
              49.8283894
            ],
            [
              18.1618454,
              49.8285212
            ],
            [
              18.161681,
              49.8285618
            ],
            [
              18.1616502,
              49.8285111
            ],
            [
              18.1613363,
              49.828591
            ],
            [
              18.161616,
              49.8290505
            ],
            [
              18.1621179,
              49.8289233
            ],
            [
              18.1621398,
              49.8289584
            ],
            [
              18.1622145,
              49.82894
            ],
            [
              18.1623564,
              49.8291715
            ],
            [
              18.162381,
              49.8292116
            ],
            [
              18.1624068,
              49.8292051
            ],
            [
              18.1624327,
              49.8291984
            ],
            [
              18.1624689,
              49.8291891
            ],
            [
              18.1624774,
              49.8292043
            ],
            [
              18.1624861,
              49.829202
            ],
            [
              18.1627465,
              49.8296287
            ],
            [
              18.162697,
              49.8296415
            ],
            [
              18.1626467,
              49.8296543
            ],
            [
              18.1625716,
              49.8296736
            ],
            [
              18.162478,
              49.8295199
            ],
            [
              18.1624556,
              49.8295256
            ],
            [
              18.1624623,
              49.8295368
            ],
            [
              18.1623941,
              49.8295551
            ],
            [
              18.1623481,
              49.8295668
            ],
            [
              18.1622994,
              49.8295791
            ],
            [
              18.162292,
              49.8295667
            ],
            [
              18.1622438,
              49.8295787
            ],
            [
              18.1622064,
              49.8295214
            ],
            [
              18.1619607,
              49.8295831
            ],
            [
              18.161995,
              49.82964
            ],
            [
              18.1619119,
              49.8296603
            ],
            [
              18.1619387,
              49.8297031
            ],
            [
              18.161904,
              49.8297116
            ],
            [
              18.1620009,
              49.8298762
            ]
          ]
        ]
      },
      "id": "way/78232386"
    },
    {
      "type": "Feature",
      "properties": {
        "@id": "way/79062319",
        "amenity": "hospital",
        "healthcare": "hospital",
        "name": "Vítkovická nemocnice",
        "wikidata": "Q29167819"
      },
      "geometry": {
        "type": "Polygon",
        "coordinates": [
          [
            [
              18.2681858,
              49.815264
            ],
            [
              18.2688686,
              49.8142189
            ],
            [
              18.2689973,
              49.8142539
            ],
            [
              18.2691177,
              49.8142867
            ],
            [
              18.2693673,
              49.8143546
            ],
            [
              18.2697073,
              49.814447
            ],
            [
              18.2699438,
              49.8145114
            ],
            [
              18.2700679,
              49.8145451
            ],
            [
              18.2710304,
              49.814807
            ],
            [
              18.2721591,
              49.815114
            ],
            [
              18.2729117,
              49.815326
            ],
            [
              18.2729408,
              49.8153681
            ],
            [
              18.2723975,
              49.8162015
            ],
            [
              18.2723485,
              49.8162762
            ],
            [
              18.2723598,
              49.8162793
            ],
            [
              18.2723175,
              49.8163432
            ],
            [
              18.2723109,
              49.8163415
            ],
            [
              18.2722816,
              49.8163857
            ],
            [
              18.2720099,
              49.8163103
            ],
            [
              18.268557,
              49.8153651
            ],
            [
              18.2685073,
              49.8153513
            ],
            [
              18.2681858,
              49.815264
            ]
          ]
        ]
      },
      "id": "way/79062319"
    },
    {
      "type": "Feature",
      "properties": {
        "@id": "way/80413867",
        "amenity": "hospital",
        "barrier": "fence",
        "healthcare": "hospital",
        "name": "Olivova dětská léčebna",
        "source": "cuzk:km"
      },
      "geometry": {
        "type": "Polygon",
        "coordinates": [
          [
            [
              14.6909582,
              49.9890298
            ],
            [
              14.6910242,
              49.9895191
            ],
            [
              14.6912263,
              49.9905713
            ],
            [
              14.6911913,
              49.9908165
            ],
            [
              14.6911364,
              49.9908502
            ],
            [
              14.6898308,
              49.9909656
            ],
            [
              14.6869305,
              49.991227
            ],
            [
              14.6868429,
              49.9899465
            ],
            [
              14.6871638,
              49.9882374
            ],
            [
              14.6879931,
              49.9881797
            ],
            [
              14.6879778,
              49.9883635
            ],
            [
              14.6880103,
              49.9887007
            ],
            [
              14.6883632,
              49.9886948
            ],
            [
              14.6889527,
              49.9887933
            ],
            [
              14.689304,
              49.98892
            ],
            [
              14.6896609,
              49.988978
            ],
            [
              14.6901852,
              49.9889635
            ],
            [
              14.6909582,
              49.9890298
            ]
          ]
        ]
      },
      "id": "way/80413867"
    },
    {
      "type": "Feature",
      "properties": {
        "@id": "way/82436194",
        "amenity": "hospital",
        "building": "civic",
        "building:levels": "1",
        "building:ruian:type": "5",
        "healthcare": "hospital",
        "name": "Nemocnice Žatec",
        "ref:ruian:building": "9230351",
        "source": "cuzk:ruian"
      },
      "geometry": {
        "type": "Polygon",
        "coordinates": [
          [
            [
              13.5377738,
              50.3193798
            ],
            [
              13.5378377,
              50.3193563
            ],
            [
              13.5378541,
              50.3193746
            ],
            [
              13.5380887,
              50.3192883
            ],
            [
              13.5381748,
              50.3193835
            ],
            [
              13.5381981,
              50.319375
            ],
            [
              13.5382392,
              50.319421
            ],
            [
              13.5382164,
              50.3194298
            ],
            [
              13.5382593,
              50.3194788
            ],
            [
              13.5380417,
              50.3195594
            ],
            [
              13.5380643,
              50.3195863
            ],
            [
              13.5381078,
              50.31957
            ],
            [
              13.538165,
              50.319632
            ],
            [
              13.5381821,
              50.319626
            ],
            [
              13.5382732,
              50.3197307
            ],
            [
              13.5380892,
              50.3197965
            ],
            [
              13.5379992,
              50.3196954
            ],
            [
              13.5379947,
              50.319697
            ],
            [
              13.5379933,
              50.3196952
            ],
            [
              13.5380116,
              50.3196885
            ],
            [
              13.5379557,
              50.3196258
            ],
            [
              13.5379839,
              50.319616
            ],
            [
              13.53796,
              50.3195894
            ],
            [
              13.5377256,
              50.3196755
            ],
            [
              13.5375552,
              50.3194846
            ],
            [
              13.5377903,
              50.3193981
            ],
            [
              13.5377738,
              50.3193798
            ]
          ]
        ]
      },
      "id": "way/82436194"
    },
    {
      "type": "Feature",
      "properties": {
        "@id": "way/82436210",
        "amenity": "hospital",
        "building": "civic",
        "building:ruian:type": "5",
        "healthcare": "hospital",
        "ref:ruian:building": "9213856",
        "source": "cuzk:ruian"
      },
      "geometry": {
        "type": "Polygon",
        "coordinates": [
          [
            [
              13.5357644,
              50.3216948
            ],
            [
              13.5357685,
              50.3215763
            ],
            [
              13.5359237,
              50.3215782
            ],
            [
              13.5359735,
              50.3215583
            ],
            [
              13.5359592,
              50.3215285
            ],
            [
              13.5359359,
              50.3215283
            ],
            [
              13.5359387,
              50.3212784
            ],
            [
              13.5359851,
              50.3212787
            ],
            [
              13.5359854,
              50.3212547
            ],
            [
              13.5360931,
              50.3212552
            ],
            [
              13.536093,
              50.3212793
            ],
            [
              13.5361357,
              50.3212796
            ],
            [
              13.5361291,
              50.3215301
            ],
            [
              13.5360932,
              50.3215297
            ],
            [
              13.5360803,
              50.3215614
            ],
            [
              13.5361223,
              50.3215802
            ],
            [
              13.5362666,
              50.321582
            ],
            [
              13.5362674,
              50.3215549
            ],
            [
              13.5363202,
              50.3215556
            ],
            [
              13.5363194,
              50.3215826
            ],
            [
              13.5365274,
              50.3215853
            ],
            [
              13.5365283,
              50.3215752
            ],
            [
              13.5369528,
              50.3215803
            ],
            [
              13.5369535,
              50.3215561
            ],
            [
              13.537038,
              50.3215572
            ],
            [
              13.5370373,
              50.3215817
            ],
            [
              13.5371728,
              50.3215834
            ],
            [
              13.537173,
              50.3215746
            ],
            [
              13.5377062,
              50.3215816
            ],
            [
              13.5377053,
              50.3215899
            ],
            [
              13.5382075,
              50.3215973
            ],
            [
              13.5382056,
              50.3216453
            ],
            [
              13.5382337,
              50.3216457
            ],
            [
              13.5382324,
              50.3216797
            ],
            [
              13.5382044,
              50.3216793
            ],
            [
              13.5381959,
              50.3218945
            ],
            [
              13.5380574,
              50.3218923
            ],
            [
              13.5380609,
              50.321686
            ],
            [
              13.5380076,
              50.3216854
            ],
            [
              13.5380075,
              50.3216867
            ],
            [
              13.5376398,
              50.3216807
            ],
            [
              13.5376333,
              50.321888
            ],
            [
              13.5374888,
              50.3218861
            ],
            [
              13.537491,
              50.321794
            ],
            [
              13.5373832,
              50.3217927
            ],
            [
              13.5373819,
              50.321843
            ],
            [
              13.5373597,
              50.3218568
            ],
            [
              13.5371573,
              50.3218536
            ],
            [
              13.5371366,
              50.321839
            ],
            [
              13.5371383,
              50.3217892
            ],
            [
              13.5370311,
              50.3217877
            ],
            [
              13.5370279,
              50.3218798
            ],
            [
              13.5368843,
              50.321878
            ],
            [
              13.5368878,
              50.3216712
            ],
            [
              13.5364704,
              50.3216662
            ],
            [
              13.5364651,
              50.3218733
            ],
            [
              13.5363224,
              50.3218718
            ],
            [
              13.5363236,
              50.3217753
            ],
            [
              13.5362027,
              50.3217732
            ],
            [
              13.5362076,
              50.3216563
            ],
            [
              13.5361218,
              50.3216553
            ],
            [
              13.536119,
              50.3217078
            ],
            [
              13.536051,
              50.3217071
            ],
            [
              13.5360506,
              50.3217216
            ],
            [
              13.5359868,
              50.3217209
            ],
            [
              13.5359872,
              50.3217062
            ],
            [
              13.5359191,
              50.3217054
            ],
            [
              13.5359193,
              50.3216964
            ],
            [
              13.5357644,
              50.3216948
            ]
          ]
        ]
      },
      "id": "way/82436210"
    },
    {
      "type": "Feature",
      "properties": {
        "@id": "way/84680856",
        "amenity": "hospital",
        "building": "civic",
        "building:levels": "1",
        "building:ruian:type": "15",
        "ref:ruian:building": "5121825",
        "source": "cuzk:ruian"
      },
      "geometry": {
        "type": "Polygon",
        "coordinates": [
          [
            [
              13.6058018,
              50.6026915
            ],
            [
              13.6062065,
              50.6026885
            ],
            [
              13.606207,
              50.6027734
            ],
            [
              13.6058025,
              50.6027772
            ],
            [
              13.6058018,
              50.6026915
            ]
          ]
        ]
      },
      "id": "way/84680856"
    },
    {
      "type": "Feature",
      "properties": {
        "@id": "way/88681927",
        "addr:city": "Uherský Brod",
        "addr:housenumber": "2174",
        "addr:postcode": "68801",
        "addr:street": "Partyzánů",
        "amenity": "hospital",
        "building": "civic",
        "building:ruian:type": "15",
        "contact:email": "reditel@nemub.cz",
        "contact:phone": "572 629 111",
        "contact:website": "www.nemub.cz",
        "emergency": "yes",
        "name": "Městská nemocnice s poliklinikou Uh. Brod, s.r.o.",
        "operator": "Město Uherský Brod",
        "ref:ruian:building": "4992822",
        "source": "cuzk:ruian"
      },
      "geometry": {
        "type": "Polygon",
        "coordinates": [
          [
            [
              17.6533259,
              49.0289712
            ],
            [
              17.6533499,
              49.0289899
            ],
            [
              17.6528051,
              49.0292883
            ],
            [
              17.6529599,
              49.0294101
            ],
            [
              17.6530715,
              49.0293499
            ],
            [
              17.653238,
              49.0294826
            ],
            [
              17.6529093,
              49.0296585
            ],
            [
              17.6527437,
              49.0295267
            ],
            [
              17.6527912,
              49.0295006
            ],
            [
              17.6525273,
              49.0292959
            ],
            [
              17.6520073,
              49.0290329
            ],
            [
              17.6520813,
              49.0289682
            ],
            [
              17.6525114,
              49.0285996
            ],
            [
              17.6525278,
              49.0286079
            ],
            [
              17.6525484,
              49.0285905
            ],
            [
              17.6525374,
              49.028585
            ],
            [
              17.6526071,
              49.0285253
            ],
            [
              17.6527357,
              49.028636
            ],
            [
              17.6526994,
              49.0286673
            ],
            [
              17.6526884,
              49.0286618
            ],
            [
              17.652668,
              49.028679
            ],
            [
              17.6526842,
              49.0286873
            ],
            [
              17.6523139,
              49.0290062
            ],
            [
              17.6526607,
              49.029182
            ],
            [
              17.6532092,
              49.0288799
            ],
            [
              17.653222,
              49.02889
            ],
            [
              17.6532729,
              49.0288618
            ],
            [
              17.65329,
              49.0288751
            ],
            [
              17.6533204,
              49.0288585
            ],
            [
              17.6533622,
              49.0289055
            ],
            [
              17.6533431,
              49.0289165
            ],
            [
              17.6533766,
              49.0289431
            ],
            [
              17.6533259,
              49.0289712
            ]
          ]
        ]
      },
      "id": "way/88681927"
    },
    {
      "type": "Feature",
      "properties": {
        "@id": "way/88974841",
        "amenity": "hospital",
        "building": "civic",
        "building:levels": "1",
        "building:ruian:type": "15",
        "check_date": "2024-07-18",
        "healthcare": "hospital",
        "name": "FN u sv. Anny - Doléčovací a rehabilitační oddělení",
        "ref:ruian:building": "19297106",
        "roof:shape": "flat",
        "source": "cuzk:ruian",
        "wheelchair": "yes"
      },
      "geometry": {
        "type": "Polygon",
        "coordinates": [
          [
            [
              16.5605009,
              49.1836666
            ],
            [
              16.5604064,
              49.1836926
            ],
            [
              16.560394,
              49.1836754
            ],
            [
              16.5603673,
              49.1836379
            ],
            [
              16.5603337,
              49.1835909
            ],
            [
              16.5603929,
              49.1835727
            ],
            [
              16.5603149,
              49.1834635
            ],
            [
              16.560418,
              49.1834313
            ],
            [
              16.5603095,
              49.1832819
            ],
            [
              16.5603352,
              49.1832737
            ],
            [
              16.5603139,
              49.1832444
            ],
            [
              16.5603085,
              49.1832461
            ],
            [
              16.5602908,
              49.1832216
            ],
            [
              16.5603319,
              49.1832088
            ],
            [
              16.5602941,
              49.1831565
            ],
            [
              16.5602391,
              49.1831732
            ],
            [
              16.5602326,
              49.1831757
            ],
            [
              16.5601498,
              49.1830616
            ],
            [
              16.5602115,
              49.1830424
            ],
            [
              16.5601915,
              49.1830149
            ],
            [
              16.5602603,
              49.1829933
            ],
            [
              16.5602277,
              49.1829486
            ],
            [
              16.5602807,
              49.1829321
            ],
            [
              16.5605544,
              49.1833095
            ],
            [
              16.5605726,
              49.1833346
            ],
            [
              16.5606174,
              49.1833206
            ],
            [
              16.5606458,
              49.1833598
            ],
            [
              16.5606582,
              49.183356
            ],
            [
              16.5607401,
              49.183469
            ],
            [
              16.5607382,
              49.1834696
            ],
            [
              16.5608181,
              49.1835797
            ],
            [
              16.5606247,
              49.18364
            ],
            [
              16.5605448,
              49.1835299
            ],
            [
              16.560429,
              49.183566
            ],
            [
              16.5605009,
              49.1836666
            ]
          ]
        ]
      },
      "id": "way/88974841"
    },
    {
      "type": "Feature",
      "properties": {
        "@id": "way/90961617",
        "amenity": "hospital",
        "contact:email": "nemocnice@jen.agel.cz",
        "contact:website": "https://nemocnicejesenik.agel.cz/",
        "healthcare": "hospital",
        "name": "Nemocnice Agel Jeseník",
        "smoking": "no"
      },
      "geometry": {
        "type": "Polygon",
        "coordinates": [
          [
            [
              17.1958735,
              50.2279077
            ],
            [
              17.1960757,
              50.2275742
            ],
            [
              17.1962141,
              50.2275728
            ],
            [
              17.1963013,
              50.2274434
            ],
            [
              17.1974879,
              50.2277525
            ],
            [
              17.1979085,
              50.2277939
            ],
            [
              17.1982913,
              50.2278595
            ],
            [
              17.1984934,
              50.2279024
            ],
            [
              17.198544,
              50.2279116
            ],
            [
              17.1992799,
              50.2278934
            ],
            [
              17.1994501,
              50.2279329
            ],
            [
              17.1994515,
              50.2285456
            ],
            [
              17.1996579,
              50.228649
            ],
            [
              17.1996196,
              50.2287062
            ],
            [
              17.1994089,
              50.228826
            ],
            [
              17.1990228,
              50.2287283
            ],
            [
              17.1988711,
              50.2288985
            ],
            [
              17.1958735,
              50.2279077
            ]
          ]
        ]
      },
      "id": "way/90961617"
    },
    {
      "type": "Feature",
      "properties": {
        "@id": "way/93553199",
        "amenity": "hospital",
        "email": "info@nembv.cz",
        "fax": "+420 519 372 112",
        "healthcare": "hospital",
        "name": "Nemocnice Břeclav",
        "phone": "00420519315111",
        "source": "uhul:ortofoto",
        "website": "https://www.nembv.cz/",
        "wikidata": "Q41567459"
      },
      "geometry": {
        "type": "Polygon",
        "coordinates": [
          [
            [
              16.8817671,
              48.7514291
            ],
            [
              16.8810518,
              48.7528821
            ],
            [
              16.8809157,
              48.7531586
            ],
            [
              16.8806087,
              48.7534715
            ],
            [
              16.8800304,
              48.7540068
            ],
            [
              16.8769329,
              48.7533408
            ],
            [
              16.876768,
              48.7531802
            ],
            [
              16.878818,
              48.7510311
            ],
            [
              16.8803633,
              48.7511418
            ],
            [
              16.8817671,
              48.7514291
            ]
          ]
        ]
      },
      "id": "way/93553199"
    },
    {
      "type": "Feature",
      "properties": {
        "@id": "way/97697953",
        "amenity": "hospital",
        "building": "civic",
        "building:levels": "3",
        "building:ruian:type": "5",
        "ref:ruian:building": "13225073",
        "source": "cuzk:ruian"
      },
      "geometry": {
        "type": "Polygon",
        "coordinates": [
          [
            [
              16.4336601,
              49.3480375
            ],
            [
              16.4336506,
              49.3480351
            ],
            [
              16.4336549,
              49.3480273
            ],
            [
              16.4336209,
              49.3479787
            ],
            [
              16.4335853,
              49.3479881
            ],
            [
              16.4335582,
              49.3479818
            ],
            [
              16.4335498,
              49.3479672
            ],
            [
              16.4335586,
              49.3479529
            ],
            [
              16.4335772,
              49.347948
            ],
            [
              16.433562,
              49.3479206
            ],
            [
              16.4335439,
              49.3479245
            ],
            [
              16.4335413,
              49.3479193
            ],
            [
              16.4335485,
              49.3479177
            ],
            [
              16.4334456,
              49.347749
            ],
            [
              16.4333856,
              49.3477642
            ],
            [
              16.4333884,
              49.3477689
            ],
            [
              16.4333738,
              49.3477726
            ],
            [
              16.4333681,
              49.347763
            ],
            [
              16.433375,
              49.3477612
            ],
            [
              16.4333446,
              49.3477102
            ],
            [
              16.4333375,
              49.3477121
            ],
            [
              16.4333315,
              49.3477022
            ],
            [
              16.4333424,
              49.3476993
            ],
            [
              16.4333076,
              49.3476414
            ],
            [
              16.4333012,
              49.347643
            ],
            [
              16.4332957,
              49.3476334
            ],
            [
              16.4333108,
              49.3476298
            ],
            [
              16.4333131,
              49.3476341
            ],
            [
              16.4336069,
              49.3475589
            ],
            [
              16.4336041,
              49.3475538
            ],
            [
              16.4336186,
              49.3475503
            ],
            [
              16.4336245,
              49.3475599
            ],
            [
              16.4336177,
              49.3475617
            ],
            [
              16.4336532,
              49.3476212
            ],
            [
              16.4336647,
              49.3476184
            ],
            [
              16.4336699,
              49.3476272
            ],
            [
              16.433664,
              49.3476287
            ],
            [
              16.433693,
              49.3476798
            ],
            [
              16.4336995,
              49.3476782
            ],
            [
              16.433705,
              49.3476873
            ],
            [
              16.4336914,
              49.3476909
            ],
            [
              16.4336888,
              49.3476868
            ],
            [
              16.4336293,
              49.3477021
            ],
            [
              16.4336854,
              49.347795
            ],
            [
              16.4337102,
              49.3477885
            ],
            [
              16.4337574,
              49.3478654
            ],
            [
              16.4338481,
              49.3478427
            ],
            [
              16.4338744,
              49.3478868
            ],
            [
              16.4339137,
              49.3478768
            ],
            [
              16.4339598,
              49.3479543
            ],
            [
              16.433947,
              49.3479574
            ],
            [
              16.4338896,
              49.3479723
            ],
            [
              16.4338852,
              49.3479795
            ],
            [
              16.4338751,
              49.347977
            ],
            [
              16.4338803,
              49.3479682
            ],
            [
              16.4337346,
              49.3480068
            ],
            [
              16.4337458,
              49.3480104
            ],
            [
              16.4337414,
              49.3480163
            ],
            [
              16.4337304,
              49.3480129
            ],
            [
              16.4336643,
              49.3480302
            ],
            [
              16.4336601,
              49.3480375
            ]
          ]
        ]
      },
      "id": "way/97697953"
    },
    {
      "type": "Feature",
      "properties": {
        "@id": "way/98602549",
        "addr:city": "Havlíčkův Brod",
        "addr:housenumber": "2322",
        "addr:postcode": "58023",
        "addr:street": "Rozkošská",
        "amenity": "hospital",
        "barrier": "fence",
        "contact:facebook": "https://www.facebook.com/PNHavlickuvBrod1",
        "contact:instagram": "https://www.instagram.com/pn.havlickuvbrod/",
        "email": "vosickagab@plhb.cz",
        "healthcare": "hospital",
        "mobile": "+420 773 743 516",
        "name": "Psychiatrická nemocnice",
        "note": "Mapa areálu: https://www.pnhb.cz/mapa-arealu",
        "phone": "+420 569 478 300",
        "source": "uhul:ortofoto",
        "wikidata": "Q12047506",
        "wikipedia": "cs:Psychiatrická nemocnice Havlíčkův Brod"
      },
      "geometry": {
        "type": "Polygon",
        "coordinates": [
          [
            [
              15.5676556,
              49.6107475
            ],
            [
              15.5693116,
              49.6143017
            ],
            [
              15.5693004,
              49.6143735
            ],
            [
              15.5692653,
              49.614425
            ],
            [
              15.5692212,
              49.6144603
            ],
            [
              15.5682746,
              49.6148938
            ],
            [
              15.5675086,
              49.6152184
            ],
            [
              15.5665516,
              49.6156083
            ],
            [
              15.5658872,
              49.6158641
            ],
            [
              15.5649821,
              49.6161974
            ],
            [
              15.5637261,
              49.6166106
            ],
            [
              15.5624725,
              49.6169919
            ],
            [
              15.5616912,
              49.6171971
            ],
            [
              15.5612576,
              49.6172967
            ],
            [
              15.561342,
              49.6169227
            ],
            [
              15.5606648,
              49.6162719
            ],
            [
              15.5602326,
              49.6160484
            ],
            [
              15.5590175,
              49.6155602
            ],
            [
              15.5588358,
              49.6157066
            ],
            [
              15.5587879,
              49.6157452
            ],
            [
              15.5582438,
              49.6155229
            ],
            [
              15.5573987,
              49.6152974
            ],
            [
              15.5570299,
              49.6151915
            ],
            [
              15.5563963,
              49.6148938
            ],
            [
              15.5562897,
              49.6145344
            ],
            [
              15.5590662,
              49.6139134
            ],
            [
              15.5603575,
              49.6136297
            ],
            [
              15.5605105,
              49.6135902
            ],
            [
              15.5606849,
              49.6135357
            ],
            [
              15.5616898,
              49.6131388
            ],
            [
              15.5627837,
              49.6127072
            ],
            [
              15.5629363,
              49.6126475
            ],
            [
              15.56652,
              49.6112271
            ],
            [
              15.567486,
              49.6107155
            ],
            [
              15.5675293,
              49.6106998
            ],
            [
              15.5675814,
              49.6107002
            ],
            [
              15.5676222,
              49.6107175
            ],
            [
              15.5676556,
              49.6107475
            ]
          ]
        ]
      },
      "id": "way/98602549"
    },
    {
      "type": "Feature",
      "properties": {
        "@id": "way/98991332",
        "amenity": "hospital",
        "building": "industrial",
        "building:ruian:type": "16",
        "healthcare": "hospital",
        "name": "Pavilon C",
        "ref:ruian:building": "47729465",
        "source": "cuzk:ruian"
      },
      "geometry": {
        "type": "Polygon",
        "coordinates": [
          [
            [
              17.087234,
              49.4750066
            ],
            [
              17.0875139,
              49.4750015
            ],
            [
              17.0875874,
              49.4750002
            ],
            [
              17.0877194,
              49.4749979
            ],
            [
              17.0877213,
              49.4750402
            ],
            [
              17.0877288,
              49.4752064
            ],
            [
              17.0874364,
              49.4752116
            ],
            [
              17.0872434,
              49.4752147
            ],
            [
              17.087234,
              49.4750066
            ]
          ]
        ]
      },
      "id": "way/98991332"
    },
    {
      "type": "Feature",
      "properties": {
        "@id": "way/98991336",
        "amenity": "hospital",
        "building": "civic",
        "building:ruian:type": "15",
        "healthcare": "hospital",
        "healthcare:speciality": "emergency",
        "name": "Pavilon E - Pohotovost",
        "ref:ruian:building": "48099163",
        "source": "cuzk:ruian"
      },
      "geometry": {
        "type": "Polygon",
        "coordinates": [
          [
            [
              17.0866427,
              49.4753138
            ],
            [
              17.086639,
              49.4752257
            ],
            [
              17.0870606,
              49.4752188
            ],
            [
              17.0870638,
              49.4753037
            ],
            [
              17.0870639,
              49.4753065
            ],
            [
              17.0866427,
              49.4753138
            ]
          ]
        ]
      },
      "id": "way/98991336"
    },
    {
      "type": "Feature",
      "properties": {
        "@id": "way/98996286",
        "amenity": "hospital",
        "building": "civic",
        "building:ruian:type": "15",
        "healthcare": "hospital",
        "name": "Pavilon D - Dětské",
        "ref:ruian:building": "48099155",
        "source": "cuzk:ruian"
      },
      "geometry": {
        "type": "Polygon",
        "coordinates": [
          [
            [
              17.0880731,
              49.4749904
            ],
            [
              17.0880747,
              49.4750332
            ],
            [
              17.088056,
              49.4750341
            ],
            [
              17.0877213,
              49.4750402
            ],
            [
              17.0877194,
              49.4749979
            ],
            [
              17.0875874,
              49.4750002
            ],
            [
              17.0875763,
              49.4747262
            ],
            [
              17.087646,
              49.4747248
            ],
            [
              17.087708,
              49.4747236
            ],
            [
              17.0877058,
              49.4746697
            ],
            [
              17.0880586,
              49.4746634
            ],
            [
              17.088061,
              49.4747173
            ],
            [
              17.0881162,
              49.4747163
            ],
            [
              17.0881794,
              49.4747151
            ],
            [
              17.088481,
              49.4747096
            ],
            [
              17.0884839,
              49.4747699
            ],
            [
              17.0884849,
              49.4747902
            ],
            [
              17.0885736,
              49.4747887
            ],
            [
              17.0885772,
              49.4748748
            ],
            [
              17.0885809,
              49.4749644
            ],
            [
              17.088493,
              49.4749661
            ],
            [
              17.0884943,
              49.4749923
            ],
            [
              17.0884969,
              49.4750469
            ],
            [
              17.0883917,
              49.4750489
            ],
            [
              17.0883906,
              49.4750276
            ],
            [
              17.0881667,
              49.475032
            ],
            [
              17.0881659,
              49.474989
            ],
            [
              17.0880731,
              49.4749904
            ]
          ]
        ]
      },
      "id": "way/98996286"
    },
    {
      "type": "Feature",
      "properties": {
        "@id": "way/98996345",
        "amenity": "hospital",
        "building": "yes",
        "healthcare": "hospital",
        "name": "Nemocnice - Informace",
        "source": "cuzk:km"
      },
      "geometry": {
        "type": "Polygon",
        "coordinates": [
          [
            [
              17.0874385,
              49.4752958
            ],
            [
              17.087368,
              49.4752973
            ],
            [
              17.0871676,
              49.475301
            ],
            [
              17.0871685,
              49.4753225
            ],
            [
              17.087142,
              49.4753227
            ],
            [
              17.087115,
              49.4753232
            ],
            [
              17.087114,
              49.4753027
            ],
            [
              17.0870638,
              49.4753037
            ],
            [
              17.0870606,
              49.4752188
            ],
            [
              17.0871191,
              49.4752175
            ],
            [
              17.0871345,
              49.4752171
            ],
            [
              17.0871471,
              49.4752169
            ],
            [
              17.0872434,
              49.4752147
            ],
            [
              17.0874364,
              49.4752116
            ],
            [
              17.0874385,
              49.4752958
            ]
          ]
        ]
      },
      "id": "way/98996345"
    },
    {
      "type": "Feature",
      "properties": {
        "@id": "way/98996379",
        "amenity": "hospital",
        "building": "yes",
        "healthcare": "hospital",
        "name": "Pavilon A - Plicní oddělení",
        "source": "cuzk:km"
      },
      "geometry": {
        "type": "Polygon",
        "coordinates": [
          [
            [
              17.0883917,
              49.4750489
            ],
            [
              17.088394,
              49.4750852
            ],
            [
              17.0883973,
              49.4751382
            ],
            [
              17.0884169,
              49.4751377
            ],
            [
              17.0884486,
              49.475137
            ],
            [
              17.0885032,
              49.4751357
            ],
            [
              17.0885058,
              49.475185
            ],
            [
              17.0885063,
              49.4751936
            ],
            [
              17.0885074,
              49.4752133
            ],
            [
              17.0885098,
              49.4752581
            ],
            [
              17.088456,
              49.4752593
            ],
            [
              17.0884231,
              49.4752601
            ],
            [
              17.0884033,
              49.4752605
            ],
            [
              17.0884069,
              49.47534
            ],
            [
              17.0884098,
              49.4754048
            ],
            [
              17.0883265,
              49.4754064
            ],
            [
              17.088187,
              49.4754096
            ],
            [
              17.0881721,
              49.4751385
            ],
            [
              17.0881716,
              49.4751312
            ],
            [
              17.0881712,
              49.4751243
            ],
            [
              17.0881684,
              49.4750697
            ],
            [
              17.0881667,
              49.475032
            ],
            [
              17.0883906,
              49.4750276
            ],
            [
              17.0883917,
              49.4750489
            ]
          ]
        ]
      },
      "id": "way/98996379"
    },
    {
      "type": "Feature",
      "properties": {
        "@id": "way/99193028",
        "amenity": "hospital",
        "healthcare": "hospital",
        "name": "Nemocnice Boskovice",
        "wikidata": "Q58606271"
      },
      "geometry": {
        "type": "Polygon",
        "coordinates": [
          [
            [
              16.6433953,
              49.4916452
            ],
            [
              16.6426156,
              49.4917932
            ],
            [
              16.6425513,
              49.4916504
            ],
            [
              16.6424071,
              49.4913162
            ],
            [
              16.6418597,
              49.4900475
            ],
            [
              16.6418628,
              49.4899616
            ],
            [
              16.6419213,
              49.4899017
            ],
            [
              16.6420497,
              49.4897983
            ],
            [
              16.642119,
              49.4895748
            ],
            [
              16.6422016,
              49.4895338
            ],
            [
              16.645256,
              49.4889074
            ],
            [
              16.6457998,
              49.4890976
            ],
            [
              16.6461496,
              49.4892199
            ],
            [
              16.6464955,
              49.4893621
            ],
            [
              16.6468544,
              49.489543
            ],
            [
              16.6470433,
              49.4899727
            ],
            [
              16.6460078,
              49.4901732
            ],
            [
              16.6461794,
              49.4905807
            ],
            [
              16.6451951,
              49.4907632
            ],
            [
              16.645188,
              49.490748
            ],
            [
              16.6445697,
              49.4908652
            ],
            [
              16.6433407,
              49.4911087
            ],
            [
              16.6435614,
              49.491611
            ],
            [
              16.6433953,
              49.4916452
            ]
          ]
        ]
      },
      "id": "way/99193028"
    },
    {
      "type": "Feature",
      "properties": {
        "@id": "way/109326665",
        "addr:postcode": "312 00",
        "amenity": "hospital",
        "building": "hospital",
        "building:flats": "1",
        "building:levels": "1",
        "building:ruian:type": "15",
        "check_date": "2025-12-21",
        "healthcare": "hospital",
        "internet_access": "wlan",
        "internet_access:fee": "customers",
        "name": "IV. Poliklinika",
        "ref:ruian:building": "24052191",
        "roof:shape": "flat",
        "source": "cuzk:ruian",
        "wheelchair": "yes"
      },
      "geometry": {
        "type": "Polygon",
        "coordinates": [
          [
            [
              13.4163839,
              49.755017
            ],
            [
              13.4162989,
              49.7549467
            ],
            [
              13.4163779,
              49.7549045
            ],
            [
              13.4164307,
              49.754947
            ],
            [
              13.4166469,
              49.7548305
            ],
            [
              13.4166789,
              49.7548552
            ],
            [
              13.4167541,
              49.7548138
            ],
            [
              13.4167846,
              49.754797
            ],
            [
              13.41693,
              49.7547171
            ],
            [
              13.4167742,
              49.7545967
            ],
            [
              13.4167026,
              49.7546328
            ],
            [
              13.4166972,
              49.7546287
            ],
            [
              13.4165265,
              49.7547223
            ],
            [
              13.4164057,
              49.7546271
            ],
            [
              13.4170424,
              49.7542878
            ],
            [
              13.4171628,
              49.7543819
            ],
            [
              13.4171448,
              49.7543921
            ],
            [
              13.4171492,
              49.7543961
            ],
            [
              13.4168861,
              49.7545373
            ],
            [
              13.4171545,
              49.7547443
            ],
            [
              13.4168367,
              49.7549108
            ],
            [
              13.4168412,
              49.7549151
            ],
            [
              13.4165254,
              49.7550833
            ],
            [
              13.4164198,
              49.7549982
            ],
            [
              13.4163839,
              49.755017
            ]
          ]
        ]
      },
      "id": "way/109326665"
    },
    {
      "type": "Feature",
      "properties": {
        "@id": "way/110415063",
        "amenity": "hospital",
        "building": "civic",
        "building:flats": "2",
        "building:levels": "3",
        "building:ruian:type": "15",
        "healthcare": "hospital",
        "name": "LDN",
        "ref:ruian:building": "8087695",
        "source": "cuzk:ruian"
      },
      "geometry": {
        "type": "Polygon",
        "coordinates": [
          [
            [
              16.8627143,
              49.8821752
            ],
            [
              16.86284,
              49.8822038
            ],
            [
              16.8627865,
              49.8823025
            ],
            [
              16.8626904,
              49.8822805
            ],
            [
              16.8626967,
              49.8822687
            ],
            [
              16.8626497,
              49.8822582
            ],
            [
              16.8626427,
              49.8822718
            ],
            [
              16.862544,
              49.8822499
            ],
            [
              16.8625635,
              49.8822133
            ],
            [
              16.8625161,
              49.8822028
            ],
            [
              16.8624974,
              49.8822362
            ],
            [
              16.8624002,
              49.8822143
            ],
            [
              16.8623296,
              49.8821984
            ],
            [
              16.8622489,
              49.8821803
            ],
            [
              16.862302,
              49.8820812
            ],
            [
              16.8625798,
              49.8821445
            ],
            [
              16.8625805,
              49.8821432
            ],
            [
              16.8627151,
              49.8821739
            ],
            [
              16.8627143,
              49.8821752
            ]
          ]
        ]
      },
      "id": "way/110415063"
    },
    {
      "type": "Feature",
      "properties": {
        "@id": "way/110415755",
        "amenity": "hospital",
        "building": "civic",
        "building:levels": "3",
        "building:ruian:type": "15",
        "healthcare": "hospital",
        "name": "Interna",
        "ref:ruian:building": "8087806",
        "source": "cuzk:ruian"
      },
      "geometry": {
        "type": "Polygon",
        "coordinates": [
          [
            [
              16.8631433,
              49.8823612
            ],
            [
              16.8631788,
              49.8822611
            ],
            [
              16.8632979,
              49.8822797
            ],
            [
              16.8632974,
              49.882281
            ],
            [
              16.8634391,
              49.882303
            ],
            [
              16.8634396,
              49.8823016
            ],
            [
              16.8635137,
              49.8823132
            ],
            [
              16.8635132,
              49.8823145
            ],
            [
              16.863657,
              49.8823359
            ],
            [
              16.8636204,
              49.8824348
            ],
            [
              16.8636013,
              49.8824319
            ],
            [
              16.8635805,
              49.8824904
            ],
            [
              16.8635169,
              49.8824807
            ],
            [
              16.8635151,
              49.8824856
            ],
            [
              16.8635113,
              49.8824849
            ],
            [
              16.8634927,
              49.8825352
            ],
            [
              16.8634965,
              49.8825358
            ],
            [
              16.8634952,
              49.8825405
            ],
            [
              16.8632201,
              49.8824977
            ],
            [
              16.8632209,
              49.8824932
            ],
            [
              16.8632241,
              49.8824937
            ],
            [
              16.8632424,
              49.8824442
            ],
            [
              16.8632382,
              49.8824436
            ],
            [
              16.8632399,
              49.8824391
            ],
            [
              16.8632441,
              49.8824397
            ],
            [
              16.8632661,
              49.8823802
            ],
            [
              16.863201,
              49.8823701
            ],
            [
              16.8631433,
              49.8823612
            ]
          ]
        ]
      },
      "id": "way/110415755"
    },
    {
      "type": "Feature",
      "properties": {
        "@id": "way/110415774",
        "amenity": "hospital",
        "building": "hospital",
        "building:levels": "2",
        "building:ruian:type": "15",
        "healthcare": "hospital",
        "ref:ruian:building": "8088446",
        "source": "cuzk:ruian"
      },
      "geometry": {
        "type": "Polygon",
        "coordinates": [
          [
            [
              16.8620376,
              49.8825028
            ],
            [
              16.86206,
              49.8824833
            ],
            [
              16.8624701,
              49.8826821
            ],
            [
              16.8623698,
              49.8827696
            ],
            [
              16.8621236,
              49.8826512
            ],
            [
              16.8620807,
              49.8826888
            ],
            [
              16.8619589,
              49.88263
            ],
            [
              16.8619688,
              49.8826218
            ],
            [
              16.8619606,
              49.8826178
            ],
            [
              16.8619723,
              49.8826077
            ],
            [
              16.8615839,
              49.8824194
            ],
            [
              16.8616855,
              49.882332
            ],
            [
              16.8620376,
              49.8825028
            ]
          ]
        ]
      },
      "id": "way/110415774"
    },
    {
      "type": "Feature",
      "properties": {
        "@id": "way/110701281",
        "amenity": "hospital",
        "building": "civic",
        "building:levels": "1",
        "building:ruian:type": "15",
        "healthcare": "hospital",
        "phone": "+420 583 452 111",
        "ref:ruian:building": "8079676",
        "source": "cuzk:ruian",
        "website": "http://www.mohelnice.cz/zdravotni-stredisko-okruzni-10/os-14156"
      },
      "geometry": {
        "type": "Polygon",
        "coordinates": [
          [
            [
              16.9202996,
              49.7755059
            ],
            [
              16.9202785,
              49.7754937
            ],
            [
              16.9204072,
              49.7753961
            ],
            [
              16.9205598,
              49.7754798
            ],
            [
              16.9205438,
              49.7754924
            ],
            [
              16.9206899,
              49.775573
            ],
            [
              16.9206953,
              49.7755698
            ],
            [
              16.9208695,
              49.7757114
            ],
            [
              16.9207323,
              49.7757811
            ],
            [
              16.92051,
              49.7756049
            ],
            [
              16.9205234,
              49.7755993
            ],
            [
              16.9204832,
              49.7755707
            ],
            [
              16.9204747,
              49.7755776
            ],
            [
              16.9203187,
              49.7754902
            ],
            [
              16.9202996,
              49.7755059
            ]
          ]
        ]
      },
      "id": "way/110701281"
    },
    {
      "type": "Feature",
      "properties": {
        "@id": "way/115804752",
        "addr:city": "Český Krumlov",
        "addr:postcode": "381 01",
        "addr:street": "Na Moráni",
        "amenity": "hospital",
        "emergency": "yes",
        "healthcare": "hospital",
        "healthcare:speciality": "general",
        "name": "Nemocnice Český Krumlov",
        "website": "http://www.nemckr.cz",
        "wheelchair": "yes",
        "wikidata": "Q58490447"
      },
      "geometry": {
        "type": "Polygon",
        "coordinates": [
          [
            [
              14.3242762,
              48.8123869
            ],
            [
              14.3242834,
              48.8123606
            ],
            [
              14.3243719,
              48.8120748
            ],
            [
              14.3244507,
              48.8118436
            ],
            [
              14.3245407,
              48.8115849
            ],
            [
              14.3246167,
              48.8113864
            ],
            [
              14.3246289,
              48.8113547
            ],
            [
              14.3246231,
              48.8112405
            ],
            [
              14.324643,
              48.8111761
            ],
            [
              14.3246588,
              48.8111251
            ],
            [
              14.3246229,
              48.8111136
            ],
            [
              14.3249233,
              48.8109332
            ],
            [
              14.3251167,
              48.8108218
            ],
            [
              14.3252532,
              48.810742
            ],
            [
              14.3256107,
              48.810565
            ],
            [
              14.3259648,
              48.810471
            ],
            [
              14.3263016,
              48.8104183
            ],
            [
              14.3264939,
              48.8104294
            ],
            [
              14.3267416,
              48.8104496
            ],
            [
              14.3267645,
              48.8104502
            ],
            [
              14.3266459,
              48.8105411
            ],
            [
              14.3266372,
              48.8107455
            ],
            [
              14.3269333,
              48.8107431
            ],
            [
              14.3271675,
              48.8107632
            ],
            [
              14.3271331,
              48.8108336
            ],
            [
              14.3270012,
              48.8111033
            ],
            [
              14.3269273,
              48.8112875
            ],
            [
              14.3268804,
              48.8113746
            ],
            [
              14.3267838,
              48.8116475
            ],
            [
              14.3268001,
              48.811706
            ],
            [
              14.3267345,
              48.8118694
            ],
            [
              14.3266155,
              48.8120222
            ],
            [
              14.3266108,
              48.8120282
            ],
            [
              14.3266036,
              48.8120375
            ],
            [
              14.3264227,
              48.8122697
            ],
            [
              14.3262426,
              48.8125485
            ],
            [
              14.3261729,
              48.8127902
            ],
            [
              14.3261688,
              48.8128611
            ],
            [
              14.326167,
              48.8129007
            ],
            [
              14.3261513,
              48.812986
            ],
            [
              14.3258804,
              48.8129359
            ],
            [
              14.3256368,
              48.8128919
            ],
            [
              14.3255859,
              48.8128929
            ],
            [
              14.3255407,
              48.8129091
            ],
            [
              14.3255052,
              48.812934
            ],
            [
              14.3251393,
              48.8133557
            ],
            [
              14.3248072,
              48.8137627
            ],
            [
              14.3247729,
              48.813749
            ],
            [
              14.3239578,
              48.8134436
            ],
            [
              14.3245007,
              48.8127933
            ],
            [
              14.3245135,
              48.8127779
            ],
            [
              14.3245157,
              48.8127753
            ],
            [
              14.3245456,
              48.812748
            ],
            [
              14.3245997,
              48.8127473
            ],
            [
              14.3246024,
              48.8127397
            ],
            [
              14.3246118,
              48.8127129
            ],
            [
              14.3246193,
              48.8126904
            ],
            [
              14.3246237,
              48.8126783
            ],
            [
              14.3245338,
              48.8126616
            ],
            [
              14.3245448,
              48.8126358
            ],
            [
              14.3244483,
              48.8126108
            ],
            [
              14.3244423,
              48.8126165
            ],
            [
              14.3244271,
              48.8126106
            ],
            [
              14.3241566,
              48.8124961
            ],
            [
              14.3241992,
              48.8124552
            ],
            [
              14.3242425,
              48.8124146
            ],
            [
              14.3242762,
              48.8123869
            ]
          ]
        ]
      },
      "id": "way/115804752"
    },
    {
      "type": "Feature",
      "properties": {
        "@id": "way/115973658",
        "addr:city": "Praha",
        "addr:conscriptionnumber": "1921",
        "addr:country": "CZ",
        "addr:housenumber": "1921/4",
        "addr:place": "Břevnov",
        "addr:postcode": "16900",
        "addr:street": "Šermířská",
        "addr:streetnumber": "4",
        "addr:suburb": "Praha 6",
        "amenity": "hospital",
        "building": "civic",
        "building:levels": "4",
        "building:ruian:type": "5",
        "emergency": "no",
        "healthcare": "hospital",
        "healthcare:speciality": "dialysis",
        "name": "Nemocnice Na Strahově",
        "operator": "Všeobecná fakultní nemocnice v Praze",
        "operator:type": "state_primary_health_care",
        "phone": "+420 225 003 111",
        "ref:ruian:building": "22041630",
        "roof:colour": "gray",
        "roof:shape": "flat",
        "source": "cuzk:ruian",
        "website": "http://www.dialyza-strahov.cz/"
      },
      "geometry": {
        "type": "Polygon",
        "coordinates": [
          [
            [
              14.3911833,
              50.0792145
            ],
            [
              14.3911776,
              50.0792153
            ],
            [
              14.3911779,
              50.0792076
            ],
            [
              14.3911234,
              50.0792066
            ],
            [
              14.3911239,
              50.0791879
            ],
            [
              14.3910548,
              50.0791865
            ],
            [
              14.390991,
              50.0791853
            ],
            [
              14.3909901,
              50.0792172
            ],
            [
              14.3909845,
              50.0792171
            ],
            [
              14.39098,
              50.0793242
            ],
            [
              14.3909852,
              50.0793243
            ],
            [
              14.3909849,
              50.0793282
            ],
            [
              14.3909064,
              50.0793267
            ],
            [
              14.3909066,
              50.0793233
            ],
            [
              14.3907894,
              50.0793209
            ],
            [
              14.3907894,
              50.0793244
            ],
            [
              14.3907835,
              50.0793242
            ],
            [
              14.3907864,
              50.079256
            ],
            [
              14.3907916,
              50.0792561
            ],
            [
              14.3907994,
              50.079075
            ],
            [
              14.3907943,
              50.0790749
            ],
            [
              14.3907945,
              50.0790704
            ],
            [
              14.3908613,
              50.0790712
            ],
            [
              14.390872,
              50.0790713
            ],
            [
              14.390872,
              50.0790746
            ],
            [
              14.3909285,
              50.0790752
            ],
            [
              14.3909881,
              50.0790758
            ],
            [
              14.3909883,
              50.0790726
            ],
            [
              14.3909943,
              50.0790726
            ],
            [
              14.3909929,
              50.0791212
            ],
            [
              14.3909925,
              50.0791343
            ],
            [
              14.3911253,
              50.0791373
            ],
            [
              14.3911257,
              50.0791242
            ],
            [
              14.391126,
              50.079113
            ],
            [
              14.3911812,
              50.0791128
            ],
            [
              14.3911812,
              50.0791113
            ],
            [
              14.3918199,
              50.0791217
            ],
            [
              14.3918198,
              50.0791249
            ],
            [
              14.3919233,
              50.0791262
            ],
            [
              14.3919206,
              50.0792183
            ],
            [
              14.3917757,
              50.0792166
            ],
            [
              14.3917755,
              50.0792244
            ],
            [
              14.3917705,
              50.0792244
            ],
            [
              14.3917705,
              50.0792225
            ],
            [
              14.3911833,
              50.0792145
            ]
          ]
        ]
      },
      "id": "way/115973658"
    },
    {
      "type": "Feature",
      "properties": {
        "@id": "way/118296915",
        "amenity": "hospital",
        "healthcare": "hospital",
        "name": "Psychiatrická nemocnice Kosmonosy - pobočka Sadská"
      },
      "geometry": {
        "type": "Polygon",
        "coordinates": [
          [
            [
              14.9813087,
              50.1530372
            ],
            [
              14.9811135,
              50.1528924
            ],
            [
              14.9810064,
              50.1526736
            ],
            [
              14.981128,
              50.1525716
            ],
            [
              14.9813914,
              50.1525975
            ],
            [
              14.9819148,
              50.152644
            ],
            [
              14.9836984,
              50.1527014
            ],
            [
              14.9847172,
              50.1527051
            ],
            [
              14.9851259,
              50.1527125
            ],
            [
              14.9852939,
              50.1527277
            ],
            [
              14.9853922,
              50.1531903
            ],
            [
              14.9854247,
              50.153533
            ],
            [
              14.9854456,
              50.1538521
            ],
            [
              14.9854854,
              50.1544409
            ],
            [
              14.9855324,
              50.1549579
            ],
            [
              14.9855247,
              50.1550915
            ],
            [
              14.9855035,
              50.1551697
            ],
            [
              14.9854449,
              50.1553855
            ],
            [
              14.9853071,
              50.1558897
            ],
            [
              14.9851033,
              50.1558927
            ],
            [
              14.9850816,
              50.1558403
            ],
            [
              14.9850511,
              50.1557431
            ],
            [
              14.9848847,
              50.1552951
            ],
            [
              14.984824,
              50.1551962
            ],
            [
              14.9846177,
              50.1549079
            ],
            [
              14.9842224,
              50.1544978
            ],
            [
              14.9837467,
              50.1540537
            ],
            [
              14.9832223,
              50.1537614
            ],
            [
              14.9813087,
              50.1530372
            ]
          ]
        ]
      },
      "id": "way/118296915"
    },
    {
      "type": "Feature",
      "properties": {
        "@id": "way/121068942",
        "amenity": "hospital",
        "healthcare": "hospital",
        "name": "Nemocnice Pelhřimov"
      },
      "geometry": {
        "type": "Polygon",
        "coordinates": [
          [
            [
              15.2285851,
              49.4330302
            ],
            [
              15.2297134,
              49.4333419
            ],
            [
              15.2309094,
              49.4337944
            ],
            [
              15.2309348,
              49.4338049
            ],
            [
              15.2331368,
              49.4347614
            ],
            [
              15.2329534,
              49.4352535
            ],
            [
              15.2330664,
              49.435302
            ],
            [
              15.2328682,
              49.4354795
            ],
            [
              15.2331346,
              49.4355474
            ],
            [
              15.2329172,
              49.435808
            ],
            [
              15.2320289,
              49.4355173
            ],
            [
              15.2319866,
              49.4355812
            ],
            [
              15.2319306,
              49.4355634
            ],
            [
              15.2318079,
              49.4357746
            ],
            [
              15.2316523,
              49.4358952
            ],
            [
              15.2310556,
              49.4364212
            ],
            [
              15.2308787,
              49.4362764
            ],
            [
              15.2306788,
              49.4361014
            ],
            [
              15.230437,
              49.4359337
            ],
            [
              15.2302308,
              49.435724
            ],
            [
              15.2299113,
              49.4353902
            ],
            [
              15.2297133,
              49.4351961
            ],
            [
              15.2290795,
              49.4348733
            ],
            [
              15.2284858,
              49.4345263
            ],
            [
              15.2283265,
              49.4344332
            ],
            [
              15.2279969,
              49.434216
            ],
            [
              15.2278419,
              49.4340989
            ],
            [
              15.2277579,
              49.4340102
            ],
            [
              15.2277055,
              49.433881
            ],
            [
              15.2277175,
              49.4337654
            ],
            [
              15.2278539,
              49.433375
            ],
            [
              15.2279478,
              49.433255
            ],
            [
              15.22819,
              49.4330655
            ],
            [
              15.228572,
              49.4330634
            ],
            [
              15.2285851,
              49.4330302
            ]
          ]
        ]
      },
      "id": "way/121068942"
    },
    {
      "type": "Feature",
      "properties": {
        "@id": "way/130803719",
        "amenity": "hospital",
        "healthcare": "hospital",
        "name": "Masarykova nemocnice",
        "website": "http://www.kzcr.eu/"
      },
      "geometry": {
        "type": "Polygon",
        "coordinates": [
          [
            [
              14.0264981,
              50.6782292
            ],
            [
              14.0255597,
              50.6786457
            ],
            [
              14.0239432,
              50.6796005
            ],
            [
              14.017794,
              50.68345
            ],
            [
              14.0159112,
              50.6827681
            ],
            [
              14.0150973,
              50.682064
            ],
            [
              14.013603,
              50.6814093
            ],
            [
              14.012792,
              50.680861
            ],
            [
              14.0145647,
              50.6804742
            ],
            [
              14.0161232,
              50.6800387
            ],
            [
              14.0176844,
              50.6798798
            ],
            [
              14.0178848,
              50.6796706
            ],
            [
              14.0182302,
              50.6796329
            ],
            [
              14.0193359,
              50.6792191
            ],
            [
              14.0203995,
              50.6781878
            ],
            [
              14.0216094,
              50.6774535
            ],
            [
              14.0227965,
              50.6773532
            ],
            [
              14.0228967,
              50.677176
            ],
            [
              14.0231236,
              50.6770857
            ],
            [
              14.023361,
              50.6770523
            ],
            [
              14.0238635,
              50.6770976
            ],
            [
              14.0241037,
              50.6771284
            ],
            [
              14.0245288,
              50.677229
            ],
            [
              14.0245466,
              50.6773279
            ],
            [
              14.0250413,
              50.6773157
            ],
            [
              14.0254269,
              50.6774573
            ],
            [
              14.0262433,
              50.6779754
            ],
            [
              14.0264981,
              50.6782292
            ]
          ]
        ]
      },
      "id": "way/130803719"
    },
    {
      "type": "Feature",
      "properties": {
        "@id": "way/142151916",
        "amenity": "hospital",
        "check_date": "2025-09-10",
        "healthcare": "hospital",
        "name": "Nemocnice Nový Jičín"
      },
      "geometry": {
        "type": "Polygon",
        "coordinates": [
          [
            [
              18.0073401,
              49.5886731
            ],
            [
              18.0073203,
              49.5886873
            ],
            [
              18.0073205,
              49.5886994
            ],
            [
              18.0073208,
              49.5887458
            ],
            [
              18.007321,
              49.5887713
            ],
            [
              18.0073211,
              49.588791
            ],
            [
              18.0072876,
              49.5888225
            ],
            [
              18.0074093,
              49.5889245
            ],
            [
              18.0074555,
              49.5889661
            ],
            [
              18.0074413,
              49.5889738
            ],
            [
              18.007483,
              49.5890076
            ],
            [
              18.0074688,
              49.5890152
            ],
            [
              18.0075316,
              49.5890745
            ],
            [
              18.0075267,
              49.5890773
            ],
            [
              18.0075766,
              49.5891156
            ],
            [
              18.0074969,
              49.5891731
            ],
            [
              18.0075,
              49.5891748
            ],
            [
              18.0074353,
              49.5892186
            ],
            [
              18.0073777,
              49.5892578
            ],
            [
              18.0074708,
              49.5893024
            ],
            [
              18.0078056,
              49.58945
            ],
            [
              18.0073018,
              49.589877
            ],
            [
              18.0073747,
              49.5899565
            ],
            [
              18.00707,
              49.5902158
            ],
            [
              18.0068719,
              49.5901035
            ],
            [
              18.0068303,
              49.59008
            ],
            [
              18.0067019,
              49.5901886
            ],
            [
              18.0065597,
              49.5901102
            ],
            [
              18.0064291,
              49.5900434
            ],
            [
              18.0063749,
              49.590087
            ],
            [
              18.006279,
              49.5900365
            ],
            [
              18.0063092,
              49.5900116
            ],
            [
              18.0063323,
              49.5899931
            ],
            [
              18.0061885,
              49.5899186
            ],
            [
              18.0061735,
              49.5899107
            ],
            [
              18.0061264,
              49.5898858
            ],
            [
              18.0060749,
              49.5898587
            ],
            [
              18.0060642,
              49.589853
            ],
            [
              18.0057817,
              49.5900801
            ],
            [
              18.0040686,
              49.589124
            ],
            [
              18.0037669,
              49.5889691
            ],
            [
              18.0037418,
              49.5889566
            ],
            [
              18.0038027,
              49.5889057
            ],
            [
              18.0038204,
              49.5888876
            ],
            [
              18.0038024,
              49.5888791
            ],
            [
              18.0040815,
              49.5885642
            ],
            [
              18.0041735,
              49.5884606
            ],
            [
              18.0042517,
              49.5884904
            ],
            [
              18.0043324,
              49.5884363
            ],
            [
              18.0044632,
              49.5883712
            ],
            [
              18.0048214,
              49.5881729
            ],
            [
              18.0048744,
              49.5881548
            ],
            [
              18.0049354,
              49.5881415
            ],
            [
              18.0050009,
              49.5881393
            ],
            [
              18.005066,
              49.5881452
            ],
            [
              18.0051301,
              49.5881565
            ],
            [
              18.0051989,
              49.5881754
            ],
            [
              18.0053028,
              49.5880971
            ],
            [
              18.0053214,
              49.5880833
            ],
            [
              18.0053394,
              49.5880699
            ],
            [
              18.0052706,
              49.587931
            ],
            [
              18.0052425,
              49.5878594
            ],
            [
              18.0054217,
              49.5877181
            ],
            [
              18.0053836,
              49.5874964
            ],
            [
              18.0054136,
              49.5874645
            ],
            [
              18.00558,
              49.5873791
            ],
            [
              18.0056343,
              49.5874254
            ],
            [
              18.0056607,
              49.5874117
            ],
            [
              18.0056866,
              49.5873983
            ],
            [
              18.0057386,
              49.5873713
            ],
            [
              18.0057594,
              49.5873891
            ],
            [
              18.0057805,
              49.5874071
            ],
            [
              18.0059231,
              49.5873369
            ],
            [
              18.0063785,
              49.5877274
            ],
            [
              18.006304,
              49.5877999
            ],
            [
              18.0063845,
              49.5878675
            ],
            [
              18.0064034,
              49.5878835
            ],
            [
              18.0065084,
              49.5879722
            ],
            [
              18.0066328,
              49.5880777
            ],
            [
              18.0071845,
              49.5885419
            ],
            [
              18.0072627,
              49.5886079
            ],
            [
              18.0073401,
              49.5886731
            ]
          ]
        ]
      },
      "id": "way/142151916"
    },
    {
      "type": "Feature",
      "properties": {
        "@id": "way/143621965",
        "amenity": "hospital",
        "barrier": "fence",
        "emergency": "yes",
        "healthcare": "hospital",
        "name": "Nemocnice Prostějov",
        "website": "https://nemocniceprostejov.agel.cz/"
      },
      "geometry": {
        "type": "Polygon",
        "coordinates": [
          [
            [
              17.0832354,
              49.4773831
            ],
            [
              17.0832342,
              49.4773537
            ],
            [
              17.0832812,
              49.477333
            ],
            [
              17.0832795,
              49.4772928
            ],
            [
              17.0832311,
              49.477274
            ],
            [
              17.0832264,
              49.4771547
            ],
            [
              17.0832247,
              49.4771264
            ],
            [
              17.0832246,
              49.4771088
            ],
            [
              17.0832209,
              49.4770149
            ],
            [
              17.0831953,
              49.4763638
            ],
            [
              17.0831869,
              49.4761501
            ],
            [
              17.083465,
              49.4761447
            ],
            [
              17.0837401,
              49.4761394
            ],
            [
              17.0840173,
              49.476134
            ],
            [
              17.0842589,
              49.4761293
            ],
            [
              17.0845684,
              49.4761233
            ],
            [
              17.0848455,
              49.476118
            ],
            [
              17.0851838,
              49.4761114
            ],
            [
              17.0851694,
              49.4757736
            ],
            [
              17.0851647,
              49.4756638
            ],
            [
              17.0851501,
              49.4753207
            ],
            [
              17.0851356,
              49.4749795
            ],
            [
              17.085131,
              49.47487
            ],
            [
              17.0851165,
              49.4745295
            ],
            [
              17.0851151,
              49.4744974
            ],
            [
              17.0853937,
              49.4744925
            ],
            [
              17.0856707,
              49.4744877
            ],
            [
              17.085945,
              49.4744821
            ],
            [
              17.0862217,
              49.474477
            ],
            [
              17.0864968,
              49.4744716
            ],
            [
              17.0867729,
              49.4744661
            ],
            [
              17.0870506,
              49.474461
            ],
            [
              17.087324,
              49.4744559
            ],
            [
              17.0876016,
              49.4744508
            ],
            [
              17.0878774,
              49.4744471
            ],
            [
              17.0881516,
              49.4744409
            ],
            [
              17.0884318,
              49.4744347
            ],
            [
              17.0884662,
              49.4744342
            ],
            [
              17.0884999,
              49.4748677
            ],
            [
              17.0881667,
              49.475032
            ],
            [
              17.0881684,
              49.4750697
            ],
            [
              17.0881712,
              49.4751243
            ],
            [
              17.0881716,
              49.4751312
            ],
            [
              17.0881721,
              49.4751385
            ],
            [
              17.088187,
              49.4754096
            ],
            [
              17.0881881,
              49.475437
            ],
            [
              17.0881918,
              49.4755337
            ],
            [
              17.0881996,
              49.4756839
            ],
            [
              17.0882019,
              49.4757417
            ],
            [
              17.0882111,
              49.4759725
            ],
            [
              17.0882131,
              49.4760469
            ],
            [
              17.0882146,
              49.4760757
            ],
            [
              17.0882483,
              49.4767303
            ],
            [
              17.0882956,
              49.4767294
            ],
            [
              17.0888207,
              49.4767191
            ],
            [
              17.0888849,
              49.4767154
            ],
            [
              17.0888876,
              49.4767817
            ],
            [
              17.0888912,
              49.4768704
            ],
            [
              17.0888971,
              49.477275
            ],
            [
              17.0862887,
              49.4773277
            ],
            [
              17.0861909,
              49.4773295
            ],
            [
              17.0840713,
              49.4773679
            ],
            [
              17.0832979,
              49.477382
            ],
            [
              17.0832354,
              49.4773831
            ]
          ]
        ]
      },
      "id": "way/143621965"
    },
    {
      "type": "Feature",
      "properties": {
        "@id": "way/150608528",
        "amenity": "hospital",
        "healthcare": "hospital",
        "name": "Nemocnice Děčín",
        "source": "cuzk:km"
      },
      "geometry": {
        "type": "Polygon",
        "coordinates": [
          [
            [
              14.2249729,
              50.782775
            ],
            [
              14.2249325,
              50.7825512
            ],
            [
              14.2242378,
              50.7812385
            ],
            [
              14.2242589,
              50.7812118
            ],
            [
              14.2248495,
              50.7812586
            ],
            [
              14.2251769,
              50.7812607
            ],
            [
              14.2255462,
              50.781363
            ],
            [
              14.2253783,
              50.7811254
            ],
            [
              14.2254529,
              50.7807971
            ],
            [
              14.2262626,
              50.7806841
            ],
            [
              14.2267499,
              50.7804908
            ],
            [
              14.2270377,
              50.7804066
            ],
            [
              14.2274631,
              50.7803631
            ],
            [
              14.2276599,
              50.7806936
            ],
            [
              14.2279799,
              50.7812229
            ],
            [
              14.2282086,
              50.7820212
            ],
            [
              14.228198,
              50.7828262
            ],
            [
              14.2249729,
              50.782775
            ]
          ]
        ]
      },
      "id": "way/150608528"
    },
    {
      "type": "Feature",
      "properties": {
        "@id": "way/151341343",
        "amenity": "hospital",
        "healthcare": "hospital",
        "name": "Hornická nemocnice s poliklinikou",
        "website": "https://www.hnsp.cz/"
      },
      "geometry": {
        "type": "Polygon",
        "coordinates": [
          [
            [
              13.7827606,
              50.5409057
            ],
            [
              13.7827945,
              50.5408734
            ],
            [
              13.78281,
              50.5408586
            ],
            [
              13.7834041,
              50.5403726
            ],
            [
              13.7835515,
              50.5403205
            ],
            [
              13.7838736,
              50.5400538
            ],
            [
              13.783724,
              50.5399989
            ],
            [
              13.7840652,
              50.5396924
            ],
            [
              13.7844917,
              50.539735
            ],
            [
              13.7858623,
              50.5403095
            ],
            [
              13.7868091,
              50.5407578
            ],
            [
              13.7871801,
              50.5409259
            ],
            [
              13.7863612,
              50.5416579
            ],
            [
              13.7858951,
              50.5416254
            ],
            [
              13.7849704,
              50.5421073
            ],
            [
              13.7840546,
              50.5425846
            ],
            [
              13.7828556,
              50.5420403
            ],
            [
              13.7817385,
              50.5415332
            ],
            [
              13.7824673,
              50.5408863
            ],
            [
              13.7824982,
              50.5408614
            ],
            [
              13.7825491,
              50.540849
            ],
            [
              13.7826061,
              50.5408482
            ],
            [
              13.7827606,
              50.5409057
            ]
          ]
        ]
      },
      "id": "way/151341343"
    },
    {
      "type": "Feature",
      "properties": {
        "@id": "way/152296185",
        "amenity": "hospital",
        "name": "Bohumínská městská nemocnice"
      },
      "geometry": {
        "type": "Polygon",
        "coordinates": [
          [
            [
              18.3349987,
              49.917439
            ],
            [
              18.3351164,
              49.9174236
            ],
            [
              18.3352436,
              49.9173847
            ],
            [
              18.3353209,
              49.9173578
            ],
            [
              18.3355298,
              49.9172938
            ],
            [
              18.3365486,
              49.9166714
            ],
            [
              18.3372892,
              49.9172938
            ],
            [
              18.3378963,
              49.91701
            ],
            [
              18.3380917,
              49.9171497
            ],
            [
              18.3390229,
              49.9179116
            ],
            [
              18.3391085,
              49.9179911
            ],
            [
              18.3391614,
              49.9180577
            ],
            [
              18.339208,
              49.9181376
            ],
            [
              18.339372,
              49.9185737
            ],
            [
              18.3394416,
              49.9188968
            ],
            [
              18.338774,
              49.9189707
            ],
            [
              18.3386523,
              49.9191297
            ],
            [
              18.3379568,
              49.9192192
            ],
            [
              18.3380194,
              49.9194386
            ],
            [
              18.336785,
              49.9193894
            ],
            [
              18.3359853,
              49.9187021
            ],
            [
              18.3359158,
              49.9184267
            ],
            [
              18.3356932,
              49.9184312
            ],
            [
              18.3345666,
              49.9174931
            ],
            [
              18.3349987,
              49.917439
            ]
          ]
        ]
      },
      "id": "way/152296185"
    },
    {
      "type": "Feature",
      "properties": {
        "@id": "way/153992023",
        "amenity": "hospital",
        "contact:website": "https://www.kzcr.eu/cz/cv/Chomutov",
        "healthcare": "hospital",
        "name": "Nemocnice Chomutov"
      },
      "geometry": {
        "type": "Polygon",
        "coordinates": [
          [
            [
              13.4064808,
              50.4537741
            ],
            [
              13.4054464,
              50.4532753
            ],
            [
              13.4065154,
              50.4526244
            ],
            [
              13.4072472,
              50.4521788
            ],
            [
              13.407657,
              50.4519293
            ],
            [
              13.4078424,
              50.451817
            ],
            [
              13.4090485,
              50.4510698
            ],
            [
              13.4097957,
              50.4506379
            ],
            [
              13.4108256,
              50.4512245
            ],
            [
              13.4133486,
              50.4529975
            ],
            [
              13.4131306,
              50.4531218
            ],
            [
              13.4131968,
              50.4531691
            ],
            [
              13.4133131,
              50.453275
            ],
            [
              13.4134417,
              50.4532013
            ],
            [
              13.4141699,
              50.4537164
            ],
            [
              13.4141921,
              50.4537321
            ],
            [
              13.4139241,
              50.4538858
            ],
            [
              13.4137497,
              50.4540563
            ],
            [
              13.4121172,
              50.455036
            ],
            [
              13.4111995,
              50.4555867
            ],
            [
              13.4106362,
              50.4559247
            ],
            [
              13.4106069,
              50.4559298
            ],
            [
              13.4103511,
              50.4559745
            ],
            [
              13.4102846,
              50.455929
            ],
            [
              13.4102819,
              50.4559305
            ],
            [
              13.4099426,
              50.4557009
            ],
            [
              13.4099705,
              50.4556842
            ],
            [
              13.4099359,
              50.4556607
            ],
            [
              13.4099724,
              50.4556386
            ],
            [
              13.409914,
              50.4555992
            ],
            [
              13.4099255,
              50.4555932
            ],
            [
              13.4097812,
              50.4554929
            ],
            [
              13.4097931,
              50.4554857
            ],
            [
              13.4096737,
              50.4554049
            ],
            [
              13.4096613,
              50.4554123
            ],
            [
              13.4095703,
              50.4553507
            ],
            [
              13.4094902,
              50.4553989
            ],
            [
              13.4094314,
              50.4553625
            ],
            [
              13.4094032,
              50.455345
            ],
            [
              13.4095009,
              50.4552821
            ],
            [
              13.4093936,
              50.4552114
            ],
            [
              13.4094565,
              50.455173
            ],
            [
              13.4093846,
              50.4551253
            ],
            [
              13.4093649,
              50.4551374
            ],
            [
              13.4093322,
              50.4551156
            ],
            [
              13.4092954,
              50.4551383
            ],
            [
              13.4092837,
              50.4551305
            ],
            [
              13.4092257,
              50.4551661
            ],
            [
              13.4088955,
              50.4549304
            ],
            [
              13.4088435,
              50.4548963
            ],
            [
              13.4086013,
              50.4550363
            ],
            [
              13.4067719,
              50.4537945
            ],
            [
              13.4068632,
              50.4537401
            ],
            [
              13.4067827,
              50.4536852
            ],
            [
              13.4067341,
              50.4536586
            ],
            [
              13.4064808,
              50.4537741
            ]
          ]
        ]
      },
      "id": "way/153992023"
    },
    {
      "type": "Feature",
      "properties": {
        "@id": "way/157081379",
        "amenity": "hospital",
        "email": "vysoke@ruka-kosmetika.cz",
        "emergency": "yes",
        "healthcare": "hospital",
        "name": "Ústav chirurgie ruky a plastické chirurgie Vysoké nad Jizerou",
        "phone": "+420481350905",
        "website": "https://www.ruka-kosmetika.cz/"
      },
      "geometry": {
        "type": "Polygon",
        "coordinates": [
          [
            [
              15.4031923,
              50.6828414
            ],
            [
              15.4033824,
              50.6826735
            ],
            [
              15.4036335,
              50.6824651
            ],
            [
              15.4046031,
              50.6818698
            ],
            [
              15.4049242,
              50.681658
            ],
            [
              15.4052093,
              50.6814701
            ],
            [
              15.405556,
              50.6817267
            ],
            [
              15.4057535,
              50.6819342
            ],
            [
              15.4058682,
              50.6820629
            ],
            [
              15.4061014,
              50.6823155
            ],
            [
              15.4061697,
              50.6825281
            ],
            [
              15.4061992,
              50.6828513
            ],
            [
              15.4062003,
              50.6829045
            ],
            [
              15.4062009,
              50.6829343
            ],
            [
              15.40547,
              50.6830961
            ],
            [
              15.4047725,
              50.6832316
            ],
            [
              15.4040587,
              50.6833568
            ],
            [
              15.4040447,
              50.6833193
            ],
            [
              15.4038519,
              50.6828026
            ],
            [
              15.4038411,
              50.6827622
            ],
            [
              15.4035418,
              50.6827946
            ],
            [
              15.4031923,
              50.6828414
            ]
          ]
        ]
      },
      "id": "way/157081379"
    },
    {
      "type": "Feature",
      "properties": {
        "@id": "way/164046690",
        "amenity": "hospital",
        "emergency": "yes",
        "healthcare": "hospital",
        "name": "Nemocnice Vyškov",
        "wikidata": "Q41567491"
      },
      "geometry": {
        "type": "Polygon",
        "coordinates": [
          [
            [
              16.9824803,
              49.2768252
            ],
            [
              16.982545,
              49.2768305
            ],
            [
              16.9825244,
              49.2771949
            ],
            [
              16.9827495,
              49.2772033
            ],
            [
              16.9827495,
              49.2772268
            ],
            [
              16.9830607,
              49.2771866
            ],
            [
              16.983109,
              49.2771903
            ],
            [
              16.9831585,
              49.2773553
            ],
            [
              16.9827615,
              49.2774112
            ],
            [
              16.9828981,
              49.2778007
            ],
            [
              16.9829043,
              49.2778184
            ],
            [
              16.9829979,
              49.2778915
            ],
            [
              16.9831566,
              49.2783949
            ],
            [
              16.9829724,
              49.2784251
            ],
            [
              16.9829386,
              49.2790244
            ],
            [
              16.9822787,
              49.2791335
            ],
            [
              16.9818763,
              49.2791967
            ],
            [
              16.9818988,
              49.2790431
            ],
            [
              16.9819448,
              49.2787262
            ],
            [
              16.9814406,
              49.2786969
            ],
            [
              16.9814546,
              49.2786214
            ],
            [
              16.9809857,
              49.2785992
            ],
            [
              16.9808894,
              49.2789239
            ],
            [
              16.9803467,
              49.2789994
            ],
            [
              16.9803382,
              49.2789634
            ],
            [
              16.9791071,
              49.2791498
            ],
            [
              16.9786537,
              49.2792176
            ],
            [
              16.9787397,
              49.2796588
            ],
            [
              16.9780397,
              49.2797646
            ],
            [
              16.9774174,
              49.2798464
            ],
            [
              16.9771891,
              49.2796952
            ],
            [
              16.976681,
              49.2783326
            ],
            [
              16.9764113,
              49.2775859
            ],
            [
              16.9761897,
              49.2771236
            ],
            [
              16.9762072,
              49.2770158
            ],
            [
              16.9767532,
              49.2769863
            ],
            [
              16.9773634,
              49.2768182
            ],
            [
              16.9780468,
              49.2766646
            ],
            [
              16.9784544,
              49.2765925
            ],
            [
              16.9788512,
              49.2765223
            ],
            [
              16.9794894,
              49.2764207
            ],
            [
              16.9797283,
              49.2763934
            ],
            [
              16.9797791,
              49.2763876
            ],
            [
              16.9800844,
              49.276376
            ],
            [
              16.9800983,
              49.2763483
            ],
            [
              16.9808699,
              49.2763368
            ],
            [
              16.9809437,
              49.2763654
            ],
            [
              16.9814174,
              49.2763611
            ],
            [
              16.9817641,
              49.2763787
            ],
            [
              16.9825032,
              49.2763733
            ],
            [
              16.9824803,
              49.2768252
            ]
          ]
        ]
      },
      "id": "way/164046690"
    },
    {
      "type": "Feature",
      "properties": {
        "@id": "way/171535968",
        "amenity": "hospital",
        "healthcare": "hospital",
        "name": "Lužická nemocnice Rumburk"
      },
      "geometry": {
        "type": "Polygon",
        "coordinates": [
          [
            [
              14.5455313,
              50.9489183
            ],
            [
              14.5455977,
              50.9488315
            ],
            [
              14.5454095,
              50.9487478
            ],
            [
              14.5449732,
              50.9485538
            ],
            [
              14.5454705,
              50.9480591
            ],
            [
              14.5461171,
              50.9483314
            ],
            [
              14.5466719,
              50.9477804
            ],
            [
              14.5467025,
              50.9477975
            ],
            [
              14.5467297,
              50.9477718
            ],
            [
              14.5482561,
              50.9482911
            ],
            [
              14.5480519,
              50.9485077
            ],
            [
              14.5480093,
              50.948498
            ],
            [
              14.5479855,
              50.948527
            ],
            [
              14.5478885,
              50.9485087
            ],
            [
              14.5478205,
              50.9485152
            ],
            [
              14.5477864,
              50.9485302
            ],
            [
              14.5477798,
              50.948548
            ],
            [
              14.5474814,
              50.9489392
            ],
            [
              14.5475192,
              50.9489509
            ],
            [
              14.5474594,
              50.9490283
            ],
            [
              14.547424,
              50.949078
            ],
            [
              14.5474546,
              50.9491412
            ],
            [
              14.5475074,
              50.9491873
            ],
            [
              14.5475278,
              50.9491981
            ],
            [
              14.54723,
              50.9495765
            ],
            [
              14.5455313,
              50.9489183
            ]
          ]
        ]
      },
      "id": "way/171535968"
    },
    {
      "type": "Feature",
      "properties": {
        "@id": "way/176612782",
        "amenity": "hospital",
        "emergency": "yes",
        "healthcare": "hospital",
        "name": "Nemocnice Kyjov",
        "source": "cuzk:km",
        "wikidata": "Q23210489"
      },
      "geometry": {
        "type": "Polygon",
        "coordinates": [
          [
            [
              17.1096008,
              49.0104209
            ],
            [
              17.1089731,
              49.0092752
            ],
            [
              17.1088912,
              49.0080579
            ],
            [
              17.109246,
              49.0068495
            ],
            [
              17.1102514,
              49.0069754
            ],
            [
              17.1102412,
              49.0070206
            ],
            [
              17.1105529,
              49.0070582
            ],
            [
              17.1108839,
              49.0070939
            ],
            [
              17.1109916,
              49.0071025
            ],
            [
              17.1110004,
              49.0070662
            ],
            [
              17.1136969,
              49.0073133
            ],
            [
              17.1140356,
              49.0076283
            ],
            [
              17.1142812,
              49.0079237
            ],
            [
              17.114868,
              49.0086039
            ],
            [
              17.1156306,
              49.0090002
            ],
            [
              17.1158069,
              49.0091898
            ],
            [
              17.1158271,
              49.0092559
            ],
            [
              17.1152005,
              49.0093752
            ],
            [
              17.1148349,
              49.0094345
            ],
            [
              17.114654,
              49.0094959
            ],
            [
              17.1096008,
              49.0104209
            ]
          ]
        ]
      },
      "id": "way/176612782"
    },
    {
      "type": "Feature",
      "properties": {
        "@id": "way/177229918",
        "amenity": "hospital",
        "contact:website": "http://www.nemdac.cz/",
        "healthcare": "hospital",
        "name": "Nemocnice Dačice"
      },
      "geometry": {
        "type": "Polygon",
        "coordinates": [
          [
            [
              15.4316064,
              49.0753312
            ],
            [
              15.4316868,
              49.0754193
            ],
            [
              15.4315953,
              49.0754563
            ],
            [
              15.4315525,
              49.0754109
            ],
            [
              15.4314961,
              49.0754338
            ],
            [
              15.431506,
              49.075444
            ],
            [
              15.431234,
              49.075558
            ],
            [
              15.431344,
              49.075668
            ],
            [
              15.431359,
              49.075661
            ],
            [
              15.431804,
              49.076119
            ],
            [
              15.431819,
              49.076125
            ],
            [
              15.432,
              49.076048
            ],
            [
              15.432026,
              49.076056
            ],
            [
              15.432438,
              49.076478
            ],
            [
              15.43248,
              49.076529
            ],
            [
              15.432921,
              49.076978
            ],
            [
              15.4329137,
              49.0770095
            ],
            [
              15.4327917,
              49.0770567
            ],
            [
              15.4328527,
              49.0771198
            ],
            [
              15.4328691,
              49.0771141
            ],
            [
              15.4329201,
              49.077165
            ],
            [
              15.4328693,
              49.0771935
            ],
            [
              15.4328109,
              49.0771387
            ],
            [
              15.4328026,
              49.0771414
            ],
            [
              15.4327324,
              49.0770786
            ],
            [
              15.4326595,
              49.0770378
            ],
            [
              15.4325153,
              49.076989
            ],
            [
              15.432438,
              49.076983
            ],
            [
              15.4323684,
              49.076986
            ],
            [
              15.4322377,
              49.0770168
            ],
            [
              15.431945,
              49.077138
            ],
            [
              15.4319212,
              49.0771484
            ],
            [
              15.431169,
              49.077469
            ],
            [
              15.4311223,
              49.0774889
            ],
            [
              15.4310133,
              49.0775403
            ],
            [
              15.4309024,
              49.07759
            ],
            [
              15.4308474,
              49.0775385
            ],
            [
              15.430774,
              49.077571
            ],
            [
              15.430723,
              49.07752
            ],
            [
              15.4297172,
              49.0765018
            ],
            [
              15.4286417,
              49.075413
            ],
            [
              15.4288004,
              49.0753379
            ],
            [
              15.4286491,
              49.0751685
            ],
            [
              15.4298985,
              49.0746298
            ],
            [
              15.429857,
              49.074569
            ],
            [
              15.4303712,
              49.0743709
            ],
            [
              15.4306507,
              49.0747213
            ],
            [
              15.4310269,
              49.0745992
            ],
            [
              15.431063,
              49.074646
            ],
            [
              15.431033,
              49.074655
            ],
            [
              15.431086,
              49.074725
            ],
            [
              15.431081,
              49.07474
            ],
            [
              15.430795,
              49.074865
            ],
            [
              15.430965,
              49.075031
            ],
            [
              15.430949,
              49.075038
            ],
            [
              15.4311357,
              49.0752255
            ],
            [
              15.431244,
              49.07518
            ],
            [
              15.4312254,
              49.0751595
            ],
            [
              15.4313749,
              49.0750962
            ],
            [
              15.4314726,
              49.0751986
            ],
            [
              15.4315986,
              49.0753258
            ],
            [
              15.4316064,
              49.0753312
            ]
          ]
        ]
      },
      "id": "way/177229918"
    },
    {
      "type": "Feature",
      "properties": {
        "@id": "way/177532970",
        "amenity": "hospital",
        "healthcare": "hospital",
        "name": "Svitavská nemocnice, a.s.",
        "website": "https://svitavy.nempk.cz/"
      },
      "geometry": {
        "type": "Polygon",
        "coordinates": [
          [
            [
              16.47035,
              49.753667
            ],
            [
              16.4693025,
              49.7535358
            ],
            [
              16.469286,
              49.7535359
            ],
            [
              16.4692658,
              49.7535495
            ],
            [
              16.4692527,
              49.7535549
            ],
            [
              16.4691498,
              49.7535377
            ],
            [
              16.4681576,
              49.7533767
            ],
            [
              16.4680753,
              49.7531115
            ],
            [
              16.4680922,
              49.7530942
            ],
            [
              16.4680838,
              49.7530693
            ],
            [
              16.4680591,
              49.7530581
            ],
            [
              16.4679844,
              49.7528211
            ],
            [
              16.4681904,
              49.7522476
            ],
            [
              16.469119,
              49.7523754
            ],
            [
              16.4691624,
              49.7524092
            ],
            [
              16.4695449,
              49.752467
            ],
            [
              16.4704171,
              49.752572
            ],
            [
              16.4705392,
              49.7525614
            ],
            [
              16.4710844,
              49.7526095
            ],
            [
              16.4712743,
              49.7532599
            ],
            [
              16.47035,
              49.753667
            ]
          ]
        ]
      },
      "id": "way/177532970"
    },
    {
      "type": "Feature",
      "properties": {
        "@id": "way/177549552",
        "amenity": "hospital",
        "building": "civic",
        "building:flats": "24",
        "building:levels": "2",
        "building:ruian:type": "5",
        "ref:ruian:building": "13562754",
        "source": "cuzk:ruian"
      },
      "geometry": {
        "type": "Polygon",
        "coordinates": [
          [
            [
              17.0246524,
              49.0634263
            ],
            [
              17.0246464,
              49.0634269
            ],
            [
              17.024668,
              49.0635275
            ],
            [
              17.024674,
              49.063527
            ],
            [
              17.0246867,
              49.0635863
            ],
            [
              17.0244554,
              49.0636079
            ],
            [
              17.0244316,
              49.0634951
            ],
            [
              17.0244674,
              49.0634916
            ],
            [
              17.02442,
              49.0632732
            ],
            [
              17.0243395,
              49.0632808
            ],
            [
              17.0243309,
              49.0632425
            ],
            [
              17.0243992,
              49.0632363
            ],
            [
              17.0243889,
              49.0631722
            ],
            [
              17.0244507,
              49.0631665
            ],
            [
              17.02445,
              49.063163
            ],
            [
              17.024488,
              49.0631469
            ],
            [
              17.0245323,
              49.0631552
            ],
            [
              17.024533,
              49.063159
            ],
            [
              17.0245653,
              49.063156
            ],
            [
              17.0245789,
              49.0632266
            ],
            [
              17.0245707,
              49.0632273
            ],
            [
              17.0246,
              49.0633629
            ],
            [
              17.0246381,
              49.0633601
            ],
            [
              17.0246524,
              49.0634263
            ]
          ]
        ]
      },
      "id": "way/177549552"
    },
    {
      "type": "Feature",
      "properties": {
        "@id": "way/186903334",
        "amenity": "hospital",
        "healthcare": "hospital",
        "name": "Oblastní nemocnice Příbram - areál II",
        "website": "https://www.nemocnicepribram.cz/",
        "wikidata": "Q58220043",
        "wikipedia": "cs:Oblastní nemocnice Příbram"
      },
      "geometry": {
        "type": "Polygon",
        "coordinates": [
          [
            [
              13.9891951,
              49.6737029
            ],
            [
              13.9896839,
              49.6728086
            ],
            [
              13.9905621,
              49.6728007
            ],
            [
              13.990409,
              49.6733527
            ],
            [
              13.9903196,
              49.6735266
            ],
            [
              13.990426,
              49.6737139
            ],
            [
              13.9903301,
              49.6742559
            ],
            [
              13.9901205,
              49.6744303
            ],
            [
              13.9900956,
              49.6744508
            ],
            [
              13.990002,
              49.6745274
            ],
            [
              13.989809,
              49.6748893
            ],
            [
              13.9895467,
              49.6750826
            ],
            [
              13.9879671,
              49.6751211
            ],
            [
              13.987929,
              49.6751209
            ],
            [
              13.9878271,
              49.6751259
            ],
            [
              13.9876724,
              49.6751699
            ],
            [
              13.9874899,
              49.6751555
            ],
            [
              13.9874592,
              49.6743241
            ],
            [
              13.9869108,
              49.6743202
            ],
            [
              13.9867821,
              49.6742298
            ],
            [
              13.9868488,
              49.6741841
            ],
            [
              13.9868869,
              49.674141
            ],
            [
              13.98691,
              49.6740908
            ],
            [
              13.9869056,
              49.6737388
            ],
            [
              13.9870238,
              49.6737359
            ],
            [
              13.9891951,
              49.6737029
            ]
          ]
        ]
      },
      "id": "way/186903334"
    },
    {
      "type": "Feature",
      "properties": {
        "@id": "way/187949574",
        "amenity": "hospital",
        "healthcare": "hospital",
        "name": "Oblastní nemocnice Příbram - areál I",
        "website": "https://www.nemocnicepribram.cz/",
        "wikidata": "Q58220043",
        "wikipedia": "cs:Oblastní nemocnice Příbram"
      },
      "geometry": {
        "type": "Polygon",
        "coordinates": [
          [
            [
              14.0090698,
              49.6919124
            ],
            [
              14.0091359,
              49.6918747
            ],
            [
              14.0092358,
              49.6918174
            ],
            [
              14.0092448,
              49.6917733
            ],
            [
              14.0094621,
              49.6916461
            ],
            [
              14.0094925,
              49.6916467
            ],
            [
              14.0096707,
              49.6915386
            ],
            [
              14.009683,
              49.6914616
            ],
            [
              14.0095819,
              49.6914585
            ],
            [
              14.0096091,
              49.6911395
            ],
            [
              14.0096161,
              49.6910038
            ],
            [
              14.0096246,
              49.6908915
            ],
            [
              14.0096372,
              49.6908741
            ],
            [
              14.009663,
              49.6908676
            ],
            [
              14.0099018,
              49.6908748
            ],
            [
              14.0099696,
              49.6908992
            ],
            [
              14.0099584,
              49.6910271
            ],
            [
              14.010359,
              49.6910418
            ],
            [
              14.0103569,
              49.6910663
            ],
            [
              14.0106697,
              49.6910777
            ],
            [
              14.0107586,
              49.6910821
            ],
            [
              14.0108136,
              49.6910326
            ],
            [
              14.0110193,
              49.6910384
            ],
            [
              14.01092,
              49.6919559
            ],
            [
              14.0108231,
              49.6927339
            ],
            [
              14.0127352,
              49.692816
            ],
            [
              14.0126977,
              49.6929986
            ],
            [
              14.0125841,
              49.6930412
            ],
            [
              14.0127799,
              49.6935582
            ],
            [
              14.0129381,
              49.6936883
            ],
            [
              14.0132613,
              49.693789
            ],
            [
              14.0134679,
              49.693553
            ],
            [
              14.0147164,
              49.6941186
            ],
            [
              14.0146507,
              49.6943173
            ],
            [
              14.0144911,
              49.6942461
            ],
            [
              14.0141679,
              49.6941655
            ],
            [
              14.0138378,
              49.6941768
            ],
            [
              14.012292,
              49.6937451
            ],
            [
              14.0122179,
              49.6937353
            ],
            [
              14.0119872,
              49.6937579
            ],
            [
              14.0115678,
              49.6939768
            ],
            [
              14.0110617,
              49.6937225
            ],
            [
              14.0100421,
              49.6940322
            ],
            [
              14.0097487,
              49.6937984
            ],
            [
              14.0098648,
              49.6937565
            ],
            [
              14.0098932,
              49.6937463
            ],
            [
              14.0092607,
              49.6933411
            ],
            [
              14.0091854,
              49.6929713
            ],
            [
              14.0093415,
              49.6930356
            ],
            [
              14.0093596,
              49.6930128
            ],
            [
              14.0093746,
              49.6929928
            ],
            [
              14.0092803,
              49.6929561
            ],
            [
              14.0093056,
              49.6928599
            ],
            [
              14.0092082,
              49.6926428
            ],
            [
              14.008987,
              49.6925962
            ],
            [
              14.0088094,
              49.6923647
            ],
            [
              14.0090636,
              49.6922124
            ],
            [
              14.0090625,
              49.6920982
            ],
            [
              14.0092065,
              49.6920121
            ],
            [
              14.0091446,
              49.6919592
            ],
            [
              14.0090698,
              49.6919124
            ]
          ]
        ]
      },
      "id": "way/187949574"
    },
    {
      "type": "Feature",
      "properties": {
        "@id": "way/192761533",
        "addr:city": "Horní Beřkovice",
        "addr:housenumber": "1",
        "addr:postcode": "41185",
        "addr:street": "Podřipská",
        "amenity": "hospital",
        "barrier": "fence",
        "emergency": "no",
        "healthcare": "hospital",
        "healthcare:speciality": "psychiatry",
        "name": "Psychiatrická nemocnice Horní Beřkovice",
        "website": "https://pnhberkovice.cz"
      },
      "geometry": {
        "type": "Polygon",
        "coordinates": [
          [
            [
              14.3481838,
              50.3610065
            ],
            [
              14.3476046,
              50.3600793
            ],
            [
              14.3468595,
              50.3588866
            ],
            [
              14.3465727,
              50.3584542
            ],
            [
              14.3466431,
              50.3580983
            ],
            [
              14.3468167,
              50.3578798
            ],
            [
              14.3472946,
              50.3576444
            ],
            [
              14.3475212,
              50.3575327
            ],
            [
              14.3479457,
              50.3574225
            ],
            [
              14.3486102,
              50.3572501
            ],
            [
              14.349533,
              50.357097
            ],
            [
              14.3511238,
              50.3569688
            ],
            [
              14.3512864,
              50.3569557
            ],
            [
              14.352726,
              50.3568498
            ],
            [
              14.3540264,
              50.3567632
            ],
            [
              14.3541349,
              50.356756
            ],
            [
              14.3542722,
              50.3569496
            ],
            [
              14.3545068,
              50.356894
            ],
            [
              14.3548625,
              50.3575033
            ],
            [
              14.3550293,
              50.3576185
            ],
            [
              14.3551072,
              50.3577525
            ],
            [
              14.3553895,
              50.3582395
            ],
            [
              14.3558508,
              50.359119
            ],
            [
              14.3484381,
              50.360937
            ],
            [
              14.3481838,
              50.3610065
            ]
          ]
        ]
      },
      "id": "way/192761533"
    },
    {
      "type": "Feature",
      "properties": {
        "@id": "way/193380752",
        "amenity": "hospital",
        "contact:website": "https://www.nemocnice-horovice.cz/",
        "healthcare": "hospital",
        "internet_access": "wlan",
        "name": "Nemocnice Hořovice",
        "source": "cuzk:km",
        "wheelchair": "yes"
      },
      "geometry": {
        "type": "Polygon",
        "coordinates": [
          [
            [
              13.9136748,
              49.8403843
            ],
            [
              13.9152411,
              49.8391306
            ],
            [
              13.9154843,
              49.8392784
            ],
            [
              13.9157433,
              49.8390641
            ],
            [
              13.9158461,
              49.8389137
            ],
            [
              13.9158738,
              49.838827
            ],
            [
              13.9178354,
              49.8390759
            ],
            [
              13.918727,
              49.8400273
            ],
            [
              13.9177712,
              49.8406901
            ],
            [
              13.916096,
              49.8418517
            ],
            [
              13.9155415,
              49.8415111
            ],
            [
              13.915563,
              49.8414869
            ],
            [
              13.9150641,
              49.8411825
            ],
            [
              13.9150695,
              49.8411617
            ],
            [
              13.9148766,
              49.8410453
            ],
            [
              13.914775,
              49.8410482
            ],
            [
              13.9136748,
              49.8403843
            ]
          ]
        ]
      },
      "id": "way/193380752"
    },
    {
      "type": "Feature",
      "properties": {
        "@id": "way/196680217",
        "amenity": "hospital",
        "healthcare": "hospital",
        "name": "Rehabilitační Nemocnice Beroun",
        "website": "https://www.nemocnice-beroun.cz/"
      },
      "geometry": {
        "type": "Polygon",
        "coordinates": [
          [
            [
              14.0957679,
              49.9639288
            ],
            [
              14.0958872,
              49.9638347
            ],
            [
              14.0959494,
              49.9637885
            ],
            [
              14.0960776,
              49.9637992
            ],
            [
              14.0962792,
              49.9638319
            ],
            [
              14.0970844,
              49.964162
            ],
            [
              14.0983316,
              49.9647624
            ],
            [
              14.0988619,
              49.9650562
            ],
            [
              14.0994171,
              49.9655228
            ],
            [
              14.0978858,
              49.966261
            ],
            [
              14.0963712,
              49.9666752
            ],
            [
              14.0957049,
              49.9662812
            ],
            [
              14.0956341,
              49.9659893
            ],
            [
              14.0945838,
              49.965466
            ],
            [
              14.0943568,
              49.9650609
            ],
            [
              14.0943863,
              49.9650359
            ],
            [
              14.0944188,
              49.9650083
            ],
            [
              14.09468,
              49.9647847
            ],
            [
              14.0948225,
              49.9646661
            ],
            [
              14.0949154,
              49.9645992
            ],
            [
              14.0949386,
              49.9645793
            ],
            [
              14.0948831,
              49.9645497
            ],
            [
              14.0949767,
              49.9644761
            ],
            [
              14.0949854,
              49.9644807
            ],
            [
              14.0950519,
              49.9644293
            ],
            [
              14.0951221,
              49.9643751
            ],
            [
              14.0952638,
              49.9642816
            ],
            [
              14.0952942,
              49.9642671
            ],
            [
              14.0954262,
              49.9641728
            ],
            [
              14.0955136,
              49.9640966
            ],
            [
              14.0955608,
              49.964092
            ],
            [
              14.0957679,
              49.9639288
            ]
          ]
        ]
      },
      "id": "way/196680217"
    },
    {
      "type": "Feature",
      "properties": {
        "@id": "way/198360381",
        "amenity": "hospital",
        "contact:website": "http://www.nemnbk.cz/",
        "emergency": "yes",
        "healthcare": "hospital",
        "name": "Nemocnice Nymburk"
      },
      "geometry": {
        "type": "Polygon",
        "coordinates": [
          [
            [
              15.0363042,
              50.1876453
            ],
            [
              15.0361699,
              50.1872306
            ],
            [
              15.0363006,
              50.1870792
            ],
            [
              15.0362216,
              50.1870091
            ],
            [
              15.0360563,
              50.1870126
            ],
            [
              15.035915,
              50.1866164
            ],
            [
              15.0359333,
              50.1865897
            ],
            [
              15.036849,
              50.18624
            ],
            [
              15.0370211,
              50.186173
            ],
            [
              15.0373985,
              50.1866323
            ],
            [
              15.0377011,
              50.186919
            ],
            [
              15.0382225,
              50.1872594
            ],
            [
              15.0382405,
              50.1872804
            ],
            [
              15.0382464,
              50.187298
            ],
            [
              15.0382385,
              50.1873213
            ],
            [
              15.0379432,
              50.1875747
            ],
            [
              15.0378901,
              50.1875484
            ],
            [
              15.0378736,
              50.1875634
            ],
            [
              15.0378317,
              50.1875442
            ],
            [
              15.0377282,
              50.1876238
            ],
            [
              15.0377841,
              50.1876506
            ],
            [
              15.0376924,
              50.1877291
            ],
            [
              15.0374691,
              50.1879209
            ],
            [
              15.0371853,
              50.1878113
            ],
            [
              15.0371388,
              50.1878647
            ],
            [
              15.0367543,
              50.1877249
            ],
            [
              15.0367,
              50.1877121
            ],
            [
              15.0365107,
              50.1876781
            ],
            [
              15.0363042,
              50.1876453
            ]
          ]
        ]
      },
      "id": "way/198360381"
    },
    {
      "type": "Feature",
      "properties": {
        "@id": "way/203658515",
        "amenity": "hospital",
        "emergency": "yes",
        "healthcare": "hospital",
        "name": "Městská nemocnice Čáslav"
      },
      "geometry": {
        "type": "Polygon",
        "coordinates": [
          [
            [
              15.4014539,
              49.9032537
            ],
            [
              15.402174,
              49.9036965
            ],
            [
              15.4029651,
              49.9042928
            ],
            [
              15.4004634,
              49.9050908
            ],
            [
              15.3996971,
              49.9046935
            ],
            [
              15.4014539,
              49.9032537
            ]
          ]
        ]
      },
      "id": "way/203658515"
    },
    {
      "type": "Feature",
      "properties": {
        "@id": "way/205318976",
        "amenity": "hospital",
        "emergency": "no"
      },
      "geometry": {
        "type": "Polygon",
        "coordinates": [
          [
            [
              15.8159576,
              50.4475043
            ],
            [
              15.8161443,
              50.4474733
            ],
            [
              15.816422,
              50.448957
            ],
            [
              15.8158532,
              50.4491592
            ],
            [
              15.8157397,
              50.4491996
            ],
            [
              15.8152826,
              50.4493621
            ],
            [
              15.8146143,
              50.4495197
            ],
            [
              15.814425,
              50.449447
            ],
            [
              15.8133189,
              50.4485434
            ],
            [
              15.8140424,
              50.4482146
            ],
            [
              15.8144794,
              50.4480056
            ],
            [
              15.8145263,
              50.4479832
            ],
            [
              15.8150738,
              50.4477792
            ],
            [
              15.8159576,
              50.4475043
            ]
          ]
        ]
      },
      "id": "way/205318976"
    },
    {
      "type": "Feature",
      "properties": {
        "@id": "way/206263924",
        "amenity": "hospital",
        "building": "civic",
        "building:ruian:type": "15",
        "name": "Swiss Medic Clinic",
        "ref:ruian:building": "49212591",
        "source": "cuzk:ruian"
      },
      "geometry": {
        "type": "Polygon",
        "coordinates": [
          [
            [
              12.7492949,
              49.8697422
            ],
            [
              12.7493171,
              49.8697066
            ],
            [
              12.7493193,
              49.8697071
            ],
            [
              12.7495405,
              49.8693675
            ],
            [
              12.7498691,
              49.8694566
            ],
            [
              12.7498701,
              49.8694554
            ],
            [
              12.7499188,
              49.8694684
            ],
            [
              12.7499178,
              49.8694699
            ],
            [
              12.7500871,
              49.8695159
            ],
            [
              12.7498448,
              49.8698891
            ],
            [
              12.7497486,
              49.8698631
            ],
            [
              12.7497435,
              49.8698711
            ],
            [
              12.7497119,
              49.8698626
            ],
            [
              12.749717,
              49.8698546
            ],
            [
              12.7495797,
              49.869819
            ],
            [
              12.7495806,
              49.8698177
            ],
            [
              12.7495145,
              49.8697999
            ],
            [
              12.7495136,
              49.8698012
            ],
            [
              12.7494565,
              49.8697858
            ],
            [
              12.7494574,
              49.8697844
            ],
            [
              12.7494059,
              49.8697705
            ],
            [
              12.749405,
              49.8697719
            ],
            [
              12.7493759,
              49.869764
            ],
            [
              12.7493713,
              49.869771
            ],
            [
              12.7493135,
              49.8697555
            ],
            [
              12.749318,
              49.8697484
            ],
            [
              12.7492949,
              49.8697422
            ]
          ]
        ]
      },
      "id": "way/206263924"
    },
    {
      "type": "Feature",
      "properties": {
        "@id": "way/208066241",
        "amenity": "hospital",
        "contact:email": "sekretariat@nemfm.cz",
        "contact:fax": "+420 558 415 010",
        "contact:phone": "+420 558 415 111",
        "contact:website": "http://www.nemfm.cz/",
        "healthcare": "hospital",
        "name": "Nemocnice Frýdek-Místek"
      },
      "geometry": {
        "type": "Polygon",
        "coordinates": [
          [
            [
              18.3565468,
              49.6909182
            ],
            [
              18.3565956,
              49.6909081
            ],
            [
              18.3566468,
              49.6909742
            ],
            [
              18.3566723,
              49.6909651
            ],
            [
              18.3567032,
              49.6909575
            ],
            [
              18.3567084,
              49.6910261
            ],
            [
              18.3566952,
              49.6910568
            ],
            [
              18.3566701,
              49.6910913
            ],
            [
              18.3566401,
              49.6911254
            ],
            [
              18.3566229,
              49.6911446
            ],
            [
              18.3565233,
              49.6911781
            ],
            [
              18.3565195,
              49.6911793
            ],
            [
              18.3565255,
              49.6911867
            ],
            [
              18.3564084,
              49.6912258
            ],
            [
              18.3562699,
              49.691272
            ],
            [
              18.3560576,
              49.6913356
            ],
            [
              18.356038,
              49.691342
            ],
            [
              18.3559339,
              49.691377
            ],
            [
              18.355793,
              49.69118
            ],
            [
              18.3557516,
              49.6911774
            ],
            [
              18.3550447,
              49.6914261
            ],
            [
              18.3550392,
              49.691453
            ],
            [
              18.3551564,
              49.6915986
            ],
            [
              18.3551591,
              49.691606
            ],
            [
              18.3551444,
              49.6916109
            ],
            [
              18.3551334,
              49.6916145
            ],
            [
              18.354907,
              49.6916892
            ],
            [
              18.3548139,
              49.6917202
            ],
            [
              18.3547527,
              49.6917406
            ],
            [
              18.3545902,
              49.6917949
            ],
            [
              18.3545887,
              49.6917933
            ],
            [
              18.3544149,
              49.691858
            ],
            [
              18.354407,
              49.6918667
            ],
            [
              18.3543961,
              49.6918763
            ],
            [
              18.3543806,
              49.6918902
            ],
            [
              18.3543613,
              49.6919078
            ],
            [
              18.3541805,
              49.6918535
            ],
            [
              18.3541346,
              49.691867
            ],
            [
              18.3541903,
              49.6919489
            ],
            [
              18.3541073,
              49.6919724
            ],
            [
              18.3541264,
              49.6920001
            ],
            [
              18.3540422,
              49.6920241
            ],
            [
              18.3540235,
              49.6919964
            ],
            [
              18.3539057,
              49.6920297
            ],
            [
              18.3539336,
              49.6920684
            ],
            [
              18.3533726,
              49.6922246
            ],
            [
              18.3527259,
              49.6924015
            ],
            [
              18.3527204,
              49.6924087
            ],
            [
              18.3526497,
              49.6924281
            ],
            [
              18.3516585,
              49.6927018
            ],
            [
              18.3516383,
              49.6926624
            ],
            [
              18.3515957,
              49.6925766
            ],
            [
              18.3513894,
              49.6921609
            ],
            [
              18.3513377,
              49.6920048
            ],
            [
              18.3512416,
              49.6914725
            ],
            [
              18.3518452,
              49.691333
            ],
            [
              18.351752,
              49.6911526
            ],
            [
              18.351431,
              49.690531
            ],
            [
              18.3520659,
              49.6903891
            ],
            [
              18.3520775,
              49.690433
            ],
            [
              18.3521039,
              49.6904377
            ],
            [
              18.3521432,
              49.6904446
            ],
            [
              18.3521852,
              49.6904517
            ],
            [
              18.3522139,
              49.6904567
            ],
            [
              18.3522738,
              49.6903442
            ],
            [
              18.3527833,
              49.6902085
            ],
            [
              18.3528475,
              49.6901854
            ],
            [
              18.3539242,
              49.6897693
            ],
            [
              18.3539732,
              49.6897669
            ],
            [
              18.3540106,
              49.689774
            ],
            [
              18.3540294,
              49.6897828
            ],
            [
              18.354182,
              49.6897231
            ],
            [
              18.3541746,
              49.6897171
            ],
            [
              18.3541713,
              49.6897066
            ],
            [
              18.3541856,
              49.6896834
            ],
            [
              18.3542145,
              49.6896683
            ],
            [
              18.3542157,
              49.6896602
            ],
            [
              18.3551822,
              49.6892997
            ],
            [
              18.3553366,
              49.6892578
            ],
            [
              18.3554504,
              49.6892401
            ],
            [
              18.3555059,
              49.6892351
            ],
            [
              18.3555674,
              49.689233
            ],
            [
              18.3556385,
              49.6892321
            ],
            [
              18.3556859,
              49.6892344
            ],
            [
              18.3557306,
              49.6892386
            ],
            [
              18.3557808,
              49.6892457
            ],
            [
              18.3558187,
              49.6892532
            ],
            [
              18.3558476,
              49.6892602
            ],
            [
              18.355909,
              49.6892846
            ],
            [
              18.3559635,
              49.6893103
            ],
            [
              18.3560081,
              49.6893341
            ],
            [
              18.3560364,
              49.6893508
            ],
            [
              18.3561114,
              49.6894104
            ],
            [
              18.3561414,
              49.6894586
            ],
            [
              18.3562725,
              49.6896184
            ],
            [
              18.3562272,
              49.689634
            ],
            [
              18.3565071,
              49.6902843
            ],
            [
              18.3564449,
              49.6903615
            ],
            [
              18.3564859,
              49.6904061
            ],
            [
              18.3564582,
              49.6904168
            ],
            [
              18.3564335,
              49.6904262
            ],
            [
              18.3563392,
              49.6904623
            ],
            [
              18.3563895,
              49.6905167
            ],
            [
              18.3562942,
              49.6905512
            ],
            [
              18.3563002,
              49.690556
            ],
            [
              18.3565008,
              49.6904792
            ],
            [
              18.3565154,
              49.6904954
            ],
            [
              18.3566079,
              49.6905985
            ],
            [
              18.3566735,
              49.6906715
            ],
            [
              18.3566514,
              49.6907252
            ],
            [
              18.3564435,
              49.6908025
            ],
            [
              18.3564547,
              49.690815
            ],
            [
              18.3564653,
              49.6908268
            ],
            [
              18.3564888,
              49.690853
            ],
            [
              18.3565468,
              49.6909182
            ]
          ]
        ]
      },
      "id": "way/208066241"
    },
    {
      "type": "Feature",
      "properties": {
        "@id": "way/229251924",
        "amenity": "hospital",
        "emergency": "no",
        "name": "Odborný léčebný ústav Paseka o.p."
      },
      "geometry": {
        "type": "Polygon",
        "coordinates": [
          [
            [
              17.2260695,
              49.8088019
            ],
            [
              17.2252585,
              49.8085904
            ],
            [
              17.225056,
              49.8085376
            ],
            [
              17.2259316,
              49.8074808
            ],
            [
              17.2247927,
              49.8070026
            ],
            [
              17.2250982,
              49.806407
            ],
            [
              17.2258613,
              49.805203
            ],
            [
              17.2303875,
              49.8060882
            ],
            [
              17.2307325,
              49.8061517
            ],
            [
              17.2309709,
              49.8061903
            ],
            [
              17.2313043,
              49.8062442
            ],
            [
              17.23037,
              49.8078408
            ],
            [
              17.2298475,
              49.8080117
            ],
            [
              17.2294131,
              49.8088639
            ],
            [
              17.2302182,
              49.8091875
            ],
            [
              17.2299605,
              49.8094359
            ],
            [
              17.2282682,
              49.8099794
            ],
            [
              17.2276371,
              49.8100443
            ],
            [
              17.2265225,
              49.8095352
            ],
            [
              17.2262176,
              49.8092536
            ],
            [
              17.2260695,
              49.8088019
            ]
          ]
        ]
      },
      "id": "way/229251924"
    },
    {
      "type": "Feature",
      "properties": {
        "@id": "way/232880308",
        "addr:housenumber": "455/54",
        "addr:postcode": "58601",
        "addr:street": "Brněnská",
        "amenity": "hospital",
        "email": "pnj@pnj.cz",
        "healthcare": "hospital",
        "healthcare:speciality": "psychiatry",
        "internet_access": "wlan",
        "name": "Psychiatrická nemocnice Jihlava",
        "phone": "567552123",
        "source": "cuzk:km",
        "website": "https://www.pnj.cz/"
      },
      "geometry": {
        "type": "Polygon",
        "coordinates": [
          [
            [
              15.6039814,
              49.397124
            ],
            [
              15.6038933,
              49.397107
            ],
            [
              15.6029075,
              49.3967989
            ],
            [
              15.602741,
              49.3967161
            ],
            [
              15.6025974,
              49.3966226
            ],
            [
              15.6022383,
              49.3964585
            ],
            [
              15.6021193,
              49.3964002
            ],
            [
              15.6020632,
              49.3963662
            ],
            [
              15.6020378,
              49.3963358
            ],
            [
              15.6020177,
              49.3962653
            ],
            [
              15.601991,
              49.396066
            ],
            [
              15.6019723,
              49.396053
            ],
            [
              15.6018351,
              49.3960537
            ],
            [
              15.6017388,
              49.3960577
            ],
            [
              15.6016259,
              49.3960632
            ],
            [
              15.6015968,
              49.3960647
            ],
            [
              15.6015504,
              49.3960612
            ],
            [
              15.601503,
              49.3960463
            ],
            [
              15.6014688,
              49.3960331
            ],
            [
              15.6014563,
              49.396025
            ],
            [
              15.6008703,
              49.3956466
            ],
            [
              15.600698,
              49.3952889
            ],
            [
              15.6006701,
              49.3952397
            ],
            [
              15.600328,
              49.3945163
            ],
            [
              15.6003218,
              49.3944973
            ],
            [
              15.6002343,
              49.394231
            ],
            [
              15.6002291,
              49.394182
            ],
            [
              15.600236,
              49.3941391
            ],
            [
              15.6005415,
              49.3934919
            ],
            [
              15.6005586,
              49.3934669
            ],
            [
              15.600586,
              49.3934407
            ],
            [
              15.6006509,
              49.3934074
            ],
            [
              15.6012406,
              49.3931115
            ],
            [
              15.6034551,
              49.3924223
            ],
            [
              15.6034858,
              49.3924824
            ],
            [
              15.6035427,
              49.3932131
            ],
            [
              15.6037333,
              49.3932154
            ],
            [
              15.6039504,
              49.3932049
            ],
            [
              15.6044848,
              49.3931875
            ],
            [
              15.6044885,
              49.3932365
            ],
            [
              15.6046065,
              49.3941855
            ],
            [
              15.6052879,
              49.3941513
            ],
            [
              15.6054226,
              49.3956798
            ],
            [
              15.6054494,
              49.3956988
            ],
            [
              15.6058819,
              49.3959486
            ],
            [
              15.6059375,
              49.3959834
            ],
            [
              15.6055639,
              49.3962882
            ],
            [
              15.6053927,
              49.3964345
            ],
            [
              15.605141,
              49.3966071
            ],
            [
              15.604963,
              49.3967251
            ],
            [
              15.604765,
              49.3968431
            ],
            [
              15.6045167,
              49.3969604
            ],
            [
              15.6043111,
              49.3970411
            ],
            [
              15.6040173,
              49.3970921
            ],
            [
              15.6039814,
              49.397124
            ]
          ]
        ]
      },
      "id": "way/232880308"
    },
    {
      "type": "Feature",
      "properties": {
        "@id": "way/232880649",
        "amenity": "hospital",
        "emergency": "yes",
        "name": "Nemocnice s poliklinikou Karviná-Ráj pracoviště Orlová"
      },
      "geometry": {
        "type": "Polygon",
        "coordinates": [
          [
            [
              18.4333752,
              49.8746773
            ],
            [
              18.4338178,
              49.8739789
            ],
            [
              18.4339432,
              49.8738505
            ],
            [
              18.4346254,
              49.8741703
            ],
            [
              18.4350652,
              49.8742843
            ],
            [
              18.435449,
              49.8746088
            ],
            [
              18.4356419,
              49.8747184
            ],
            [
              18.4365503,
              49.8750507
            ],
            [
              18.4363137,
              49.8754254
            ],
            [
              18.4363012,
              49.8754525
            ],
            [
              18.4359145,
              49.8753452
            ],
            [
              18.4358096,
              49.8753353
            ],
            [
              18.4357601,
              49.8753822
            ],
            [
              18.4361588,
              49.8754883
            ],
            [
              18.4362316,
              49.875508
            ],
            [
              18.4361179,
              49.8756867
            ],
            [
              18.436067,
              49.8757653
            ],
            [
              18.4361477,
              49.875787
            ],
            [
              18.4360623,
              49.8759187
            ],
            [
              18.4359469,
              49.8760966
            ],
            [
              18.4358697,
              49.8760758
            ],
            [
              18.4357889,
              49.8762003
            ],
            [
              18.4353128,
              49.8760721
            ],
            [
              18.4353761,
              49.8759745
            ],
            [
              18.4353019,
              49.8759546
            ],
            [
              18.4351545,
              49.8759145
            ],
            [
              18.4351044,
              49.8759918
            ],
            [
              18.4349189,
              49.8759417
            ],
            [
              18.4349556,
              49.8758852
            ],
            [
              18.4345566,
              49.8757787
            ],
            [
              18.4343505,
              49.8757237
            ],
            [
              18.4343662,
              49.8756994
            ],
            [
              18.4342013,
              49.8756557
            ],
            [
              18.4341844,
              49.8756819
            ],
            [
              18.4339099,
              49.8756085
            ],
            [
              18.4338624,
              49.8756834
            ],
            [
              18.4336793,
              49.8756322
            ],
            [
              18.4336379,
              49.8756979
            ],
            [
              18.4335042,
              49.8756596
            ],
            [
              18.4334681,
              49.8757178
            ],
            [
              18.4332619,
              49.8756632
            ],
            [
              18.4332301,
              49.8757178
            ],
            [
              18.4331672,
              49.8757007
            ],
            [
              18.4330782,
              49.8756769
            ],
            [
              18.4330664,
              49.8756952
            ],
            [
              18.4330112,
              49.8756805
            ],
            [
              18.4330234,
              49.8756615
            ],
            [
              18.4329325,
              49.8756372
            ],
            [
              18.4328581,
              49.8756178
            ],
            [
              18.4328847,
              49.8755785
            ],
            [
              18.4321516,
              49.8753791
            ],
            [
              18.432341,
              49.8750824
            ],
            [
              18.4326762,
              49.8745708
            ],
            [
              18.4333752,
              49.8746773
            ]
          ]
        ]
      },
      "id": "way/232880649"
    },
    {
      "type": "Feature",
      "properties": {
        "@id": "way/234329395",
        "amenity": "hospital",
        "emergency": "no",
        "name": "Dětská léčebna Cvikov"
      },
      "geometry": {
        "type": "Polygon",
        "coordinates": [
          [
            [
              14.6398659,
              50.7845254
            ],
            [
              14.6404997,
              50.7851255
            ],
            [
              14.6406775,
              50.7852931
            ],
            [
              14.6420154,
              50.7866351
            ],
            [
              14.6419679,
              50.7869145
            ],
            [
              14.640975,
              50.7871284
            ],
            [
              14.6407547,
              50.787281
            ],
            [
              14.6406963,
              50.7876466
            ],
            [
              14.6405407,
              50.7878275
            ],
            [
              14.6394788,
              50.7879287
            ],
            [
              14.6386956,
              50.7877217
            ],
            [
              14.6386661,
              50.7873196
            ],
            [
              14.6382871,
              50.7872165
            ],
            [
              14.6378277,
              50.7871779
            ],
            [
              14.6375726,
              50.7872006
            ],
            [
              14.6372794,
              50.787163
            ],
            [
              14.6367186,
              50.7873909
            ],
            [
              14.6362283,
              50.788024
            ],
            [
              14.6357835,
              50.7880291
            ],
            [
              14.6354788,
              50.7873251
            ],
            [
              14.6354815,
              50.78702
            ],
            [
              14.6357028,
              50.7852522
            ],
            [
              14.6363846,
              50.7850511
            ],
            [
              14.6363409,
              50.7846199
            ],
            [
              14.6357299,
              50.7842836
            ],
            [
              14.6368139,
              50.7838416
            ],
            [
              14.636869,
              50.7838191
            ],
            [
              14.6375415,
              50.7836124
            ],
            [
              14.6387588,
              50.784096
            ],
            [
              14.6398659,
              50.7845254
            ]
          ]
        ]
      },
      "id": "way/234329395"
    },
    {
      "type": "Feature",
      "properties": {
        "@id": "way/234331067",
        "amenity": "hospital",
        "name": "Léčebna respiračních chorob pro dospělé"
      },
      "geometry": {
        "type": "Polygon",
        "coordinates": [
          [
            [
              14.6178512,
              50.7901108
            ],
            [
              14.6182693,
              50.7903036
            ],
            [
              14.6179706,
              50.7905328
            ],
            [
              14.6175825,
              50.7903746
            ],
            [
              14.6169683,
              50.7907481
            ],
            [
              14.6179424,
              50.7908098
            ],
            [
              14.6176533,
              50.7912446
            ],
            [
              14.6166648,
              50.7912276
            ],
            [
              14.6164779,
              50.7909653
            ],
            [
              14.6173576,
              50.7904974
            ],
            [
              14.6178512,
              50.7901108
            ]
          ]
        ]
      },
      "id": "way/234331067"
    },
    {
      "type": "Feature",
      "properties": {
        "@id": "way/236789226",
        "addr:city": "Mirošov",
        "addr:conscriptionnumber": "500",
        "addr:country": "CZ",
        "addr:housenumber": "500",
        "addr:place": "Mirošov",
        "addr:postcode": "33843",
        "addr:street": "U léčebny",
        "amenity": "hospital",
        "healthcare": "hospital",
        "leisure": "park",
        "loc_name": "Sanatorium",
        "name": "Léčebna TRN Janov",
        "official_name": "Léčebna tuberkulózy a respiračních nemocí Janov",
        "phone": "+420 371 512 111",
        "source": "cuzk:km",
        "source:addr": "cuzk:ruian",
        "website": "https://www.janov.cz/"
      },
      "geometry": {
        "type": "Polygon",
        "coordinates": [
          [
            [
              13.6644218,
              49.7048777
            ],
            [
              13.6644414,
              49.7048678
            ],
            [
              13.6644509,
              49.7048562
            ],
            [
              13.6644566,
              49.7048492
            ],
            [
              13.6644749,
              49.7048367
            ],
            [
              13.6644969,
              49.7048221
            ],
            [
              13.6645222,
              49.7048095
            ],
            [
              13.6646126,
              49.7047947
            ],
            [
              13.6646823,
              49.7047788
            ],
            [
              13.6647953,
              49.7047531
            ],
            [
              13.6651774,
              49.7046484
            ],
            [
              13.6652385,
              49.7046613
            ],
            [
              13.6652928,
              49.7046482
            ],
            [
              13.6653235,
              49.7046148
            ],
            [
              13.6657213,
              49.7045224
            ],
            [
              13.6663296,
              49.7048375
            ],
            [
              13.6667496,
              49.7052201
            ],
            [
              13.6669051,
              49.7053646
            ],
            [
              13.6669343,
              49.705412
            ],
            [
              13.6679586,
              49.7070792
            ],
            [
              13.6658418,
              49.7072457
            ],
            [
              13.6660902,
              49.7057471
            ],
            [
              13.6650216,
              49.7060112
            ],
            [
              13.6648973,
              49.7057995
            ],
            [
              13.6649401,
              49.7057874
            ],
            [
              13.6649774,
              49.7057669
            ],
            [
              13.664616,
              49.7051724
            ],
            [
              13.6646048,
              49.7051336
            ],
            [
              13.6639726,
              49.7051331
            ],
            [
              13.664031,
              49.7048446
            ],
            [
              13.664091,
              49.7049165
            ],
            [
              13.6642113,
              49.7049162
            ],
            [
              13.6642112,
              49.7048869
            ],
            [
              13.6643671,
              49.7048859
            ],
            [
              13.6643684,
              49.7048783
            ],
            [
              13.6644218,
              49.7048777
            ]
          ]
        ]
      },
      "id": "way/236789226"
    },
    {
      "type": "Feature",
      "properties": {
        "@id": "way/237548044",
        "amenity": "hospital",
        "contact:website": "https://www.nemta.cz/",
        "emergency": "yes",
        "healthcare": "hospital",
        "name": "Nemocnice Tábor, a.s.",
        "source": "local_knowledge;bing",
        "wikidata": "Q58220056"
      },
      "geometry": {
        "type": "Polygon",
        "coordinates": [
          [
            [
              14.6509461,
              49.4181039
            ],
            [
              14.6508499,
              49.4179539
            ],
            [
              14.6507387,
              49.4179382
            ],
            [
              14.6507933,
              49.4178615
            ],
            [
              14.6508315,
              49.4178223
            ],
            [
              14.65096,
              49.417721
            ],
            [
              14.6511002,
              49.4175768
            ],
            [
              14.6512791,
              49.4173098
            ],
            [
              14.6513698,
              49.4170655
            ],
            [
              14.6513998,
              49.4169759
            ],
            [
              14.6514238,
              49.4168511
            ],
            [
              14.651417,
              49.4167639
            ],
            [
              14.6514028,
              49.4157671
            ],
            [
              14.6514268,
              49.4156638
            ],
            [
              14.6514028,
              49.415539
            ],
            [
              14.6513488,
              49.4154318
            ],
            [
              14.6512949,
              49.4147903
            ],
            [
              14.6513219,
              49.4147553
            ],
            [
              14.6514238,
              49.4147299
            ],
            [
              14.6515556,
              49.4147299
            ],
            [
              14.6516815,
              49.4147494
            ],
            [
              14.6518003,
              49.4147886
            ],
            [
              14.6521606,
              49.4149877
            ],
            [
              14.6527882,
              49.4152141
            ],
            [
              14.6530954,
              49.4153994
            ],
            [
              14.6529554,
              49.4156398
            ],
            [
              14.6529434,
              49.4157432
            ],
            [
              14.6529794,
              49.4158621
            ],
            [
              14.6530842,
              49.4160161
            ],
            [
              14.6533103,
              49.4161843
            ],
            [
              14.6535923,
              49.4163666
            ],
            [
              14.6539125,
              49.4165122
            ],
            [
              14.6541472,
              49.4166471
            ],
            [
              14.6542582,
              49.4166838
            ],
            [
              14.654491,
              49.4167217
            ],
            [
              14.6547767,
              49.4167513
            ],
            [
              14.6550478,
              49.416801
            ],
            [
              14.6552151,
              49.4168614
            ],
            [
              14.6552752,
              49.4169371
            ],
            [
              14.6553752,
              49.4171395
            ],
            [
              14.6554262,
              49.4172295
            ],
            [
              14.6555855,
              49.4174272
            ],
            [
              14.6556118,
              49.4174614
            ],
            [
              14.6556172,
              49.4175561
            ],
            [
              14.6553461,
              49.4178047
            ],
            [
              14.6553134,
              49.4178035
            ],
            [
              14.6542818,
              49.4185207
            ],
            [
              14.6538379,
              49.4184451
            ],
            [
              14.6531489,
              49.418364
            ],
            [
              14.6530803,
              49.4183558
            ],
            [
              14.653027,
              49.4183494
            ],
            [
              14.6530365,
              49.4183146
            ],
            [
              14.6520614,
              49.4181998
            ],
            [
              14.6520414,
              49.4182377
            ],
            [
              14.6513145,
              49.418154
            ],
            [
              14.6509461,
              49.4181039
            ]
          ]
        ]
      },
      "id": "way/237548044"
    },
    {
      "type": "Feature",
      "properties": {
        "@id": "way/237746873",
        "amenity": "hospital",
        "emergency": "no",
        "healthcare": "hospital",
        "healthcare:speciality": "oncology;radiology;intensive;surgery;internal;physiotherapy;palliative;pulmonology;endocrinology",
        "name": "Nemocnice Na Pleši",
        "operator": "Nemocnice Na Pleši s.r.o.",
        "operator:type": "private",
        "website": "https://www.naplesi.cz/"
      },
      "geometry": {
        "type": "Polygon",
        "coordinates": [
          [
            [
              14.2894049,
              49.8337334
            ],
            [
              14.2894047,
              49.8338858
            ],
            [
              14.2894407,
              49.8341797
            ],
            [
              14.2888239,
              49.8341826
            ],
            [
              14.2888196,
              49.8341202
            ],
            [
              14.2874321,
              49.8341574
            ],
            [
              14.2874445,
              49.8344246
            ],
            [
              14.2872669,
              49.8344301
            ],
            [
              14.2872672,
              49.8346324
            ],
            [
              14.2869277,
              49.8346381
            ],
            [
              14.2869176,
              49.8349179
            ],
            [
              14.2856252,
              49.834925
            ],
            [
              14.2856273,
              49.834869
            ],
            [
              14.2851139,
              49.8348592
            ],
            [
              14.2851251,
              49.8346011
            ],
            [
              14.2847847,
              49.8346003
            ],
            [
              14.2843013,
              49.83469
            ],
            [
              14.2841862,
              49.8344144
            ],
            [
              14.2841263,
              49.8341903
            ],
            [
              14.2840055,
              49.8341792
            ],
            [
              14.283964,
              49.8340427
            ],
            [
              14.2839847,
              49.8340386
            ],
            [
              14.2838805,
              49.8338135
            ],
            [
              14.2841676,
              49.8337618
            ],
            [
              14.2842344,
              49.8339117
            ],
            [
              14.2848708,
              49.8337866
            ],
            [
              14.2848061,
              49.8334637
            ],
            [
              14.2848652,
              49.8332954
            ],
            [
              14.2855475,
              49.8329955
            ],
            [
              14.2863727,
              49.8329024
            ],
            [
              14.2871924,
              49.8331251
            ],
            [
              14.2876604,
              49.833421
            ],
            [
              14.2877411,
              49.8337413
            ],
            [
              14.2894049,
              49.8337334
            ]
          ]
        ]
      },
      "id": "way/237746873"
    },
    {
      "type": "Feature",
      "properties": {
        "@id": "way/255008156",
        "amenity": "hospital",
        "building": "civic",
        "building:levels": "1",
        "building:ruian:type": "15",
        "healthcare": "hospital",
        "name": "Nemocnice Milosrdných bratří",
        "ref:ruian:building": "3923223",
        "source": "cuzk:ruian"
      },
      "geometry": {
        "type": "Polygon",
        "coordinates": [
          [
            [
              17.8502021,
              49.2191713
            ],
            [
              17.849935,
              49.2191039
            ],
            [
              17.8500198,
              49.2189602
            ],
            [
              17.8501259,
              49.2189868
            ],
            [
              17.8501242,
              49.2189896
            ],
            [
              17.8502742,
              49.2190274
            ],
            [
              17.8502758,
              49.2190246
            ],
            [
              17.8506802,
              49.2191236
            ],
            [
              17.8506795,
              49.2191249
            ],
            [
              17.8509626,
              49.2191953
            ],
            [
              17.8509125,
              49.2192872
            ],
            [
              17.8508933,
              49.2192823
            ],
            [
              17.8508824,
              49.2193003
            ],
            [
              17.8508237,
              49.2192863
            ],
            [
              17.8508264,
              49.2192816
            ],
            [
              17.8507866,
              49.2192718
            ],
            [
              17.850795,
              49.2192574
            ],
            [
              17.8506301,
              49.2192157
            ],
            [
              17.8506048,
              49.2192564
            ],
            [
              17.850451,
              49.2192171
            ],
            [
              17.8504492,
              49.2192201
            ],
            [
              17.8502088,
              49.2191599
            ],
            [
              17.8502021,
              49.2191713
            ]
          ]
        ]
      },
      "id": "way/255008156"
    },
    {
      "type": "Feature",
      "properties": {
        "@id": "way/256708896",
        "alt_name": "Psychiatrická léčebna Dobřany",
        "amenity": "hospital",
        "healthcare": "hospital",
        "healthcare:speciality": "psychiatry",
        "name": "Psychiatrická nemocnice v Dobřanech",
        "website": "https://www.pnvd.cz/",
        "wikidata": "Q58221834"
      },
      "geometry": {
        "type": "Polygon",
        "coordinates": [
          [
            [
              13.2834096,
              49.6468361
            ],
            [
              13.2832856,
              49.6467651
            ],
            [
              13.2819732,
              49.6460134
            ],
            [
              13.2819629,
              49.6460067
            ],
            [
              13.2819245,
              49.6459693
            ],
            [
              13.2819065,
              49.6459248
            ],
            [
              13.2819084,
              49.6458783
            ],
            [
              13.2819293,
              49.6457487
            ],
            [
              13.2819409,
              49.6456732
            ],
            [
              13.2819595,
              49.6456415
            ],
            [
              13.2819776,
              49.6455286
            ],
            [
              13.2819707,
              49.6455282
            ],
            [
              13.2819792,
              49.6454689
            ],
            [
              13.2819864,
              49.6454693
            ],
            [
              13.2820021,
              49.6453623
            ],
            [
              13.2819948,
              49.6453236
            ],
            [
              13.2820581,
              49.6449134
            ],
            [
              13.2821587,
              49.6442729
            ],
            [
              13.282204,
              49.6439655
            ],
            [
              13.2823851,
              49.6427893
            ],
            [
              13.2824683,
              49.6421629
            ],
            [
              13.2825116,
              49.6418742
            ],
            [
              13.2828034,
              49.6399282
            ],
            [
              13.2828168,
              49.6398445
            ],
            [
              13.2828991,
              49.6397931
            ],
            [
              13.2829519,
              49.6397901
            ],
            [
              13.2837945,
              49.6398415
            ],
            [
              13.2838329,
              49.639844
            ],
            [
              13.2838743,
              49.6398467
            ],
            [
              13.2851665,
              49.6399322
            ],
            [
              13.2882759,
              49.6401329
            ],
            [
              13.2884683,
              49.6401672
            ],
            [
              13.2886582,
              49.6402188
            ],
            [
              13.2887708,
              49.640258
            ],
            [
              13.2889033,
              49.6403271
            ],
            [
              13.2890459,
              49.6404159
            ],
            [
              13.2891691,
              49.6405159
            ],
            [
              13.2892197,
              49.6405693
            ],
            [
              13.2892511,
              49.640621
            ],
            [
              13.2892587,
              49.6406594
            ],
            [
              13.2892561,
              49.640699
            ],
            [
              13.2891754,
              49.641152
            ],
            [
              13.289134,
              49.6413734
            ],
            [
              13.2890512,
              49.6418419
            ],
            [
              13.2886073,
              49.6442877
            ],
            [
              13.2885604,
              49.6445474
            ],
            [
              13.2885492,
              49.6446092
            ],
            [
              13.2885411,
              49.6446537
            ],
            [
              13.2885335,
              49.6446961
            ],
            [
              13.2884754,
              49.645017
            ],
            [
              13.2884096,
              49.6450105
            ],
            [
              13.2884087,
              49.6450168
            ],
            [
              13.2884041,
              49.6450493
            ],
            [
              13.2884169,
              49.6450503
            ],
            [
              13.2884122,
              49.6450755
            ],
            [
              13.2883994,
              49.6450745
            ],
            [
              13.2883934,
              49.6451068
            ],
            [
              13.2883841,
              49.6451629
            ],
            [
              13.2884454,
              49.6451676
            ],
            [
              13.2884152,
              49.6453287
            ],
            [
              13.2884054,
              49.6453642
            ],
            [
              13.2883875,
              49.6453995
            ],
            [
              13.288383,
              49.6454146
            ],
            [
              13.287586,
              49.6466662
            ],
            [
              13.2875328,
              49.6467495
            ],
            [
              13.2875052,
              49.6467926
            ],
            [
              13.2874398,
              49.646895
            ],
            [
              13.2867474,
              49.6479809
            ],
            [
              13.2861161,
              49.6489729
            ],
            [
              13.2860512,
              49.6490043
            ],
            [
              13.2859959,
              49.649008
            ],
            [
              13.2859546,
              49.6490051
            ],
            [
              13.2858531,
              49.6489616
            ],
            [
              13.2857599,
              49.6489162
            ],
            [
              13.2855143,
              49.6487524
            ],
            [
              13.2854401,
              49.6486975
            ],
            [
              13.2851771,
              49.6484862
            ],
            [
              13.2850651,
              49.6483962
            ],
            [
              13.2849054,
              49.6482174
            ],
            [
              13.2841308,
              49.64735
            ],
            [
              13.2839852,
              49.6472497
            ],
            [
              13.2838858,
              49.6471812
            ],
            [
              13.2834096,
              49.6468361
            ]
          ]
        ]
      },
      "id": "way/256708896"
    },
    {
      "type": "Feature",
      "properties": {
        "@id": "way/257988886",
        "amenity": "hospital",
        "check_date": "2024-09-10",
        "name": "Podhorská nemocnice a.s."
      },
      "geometry": {
        "type": "Polygon",
        "coordinates": [
          [
            [
              17.2616785,
              49.93212
            ],
            [
              17.2613893,
              49.9318269
            ],
            [
              17.2611456,
              49.93158
            ],
            [
              17.2605174,
              49.9309433
            ],
            [
              17.260909,
              49.9304495
            ],
            [
              17.2634129,
              49.9312965
            ],
            [
              17.2632854,
              49.9314578
            ],
            [
              17.2637909,
              49.9316438
            ],
            [
              17.2634419,
              49.9320639
            ],
            [
              17.262775,
              49.9323024
            ],
            [
              17.262664,
              49.9322839
            ],
            [
              17.2616785,
              49.93212
            ]
          ]
        ]
      },
      "id": "way/257988886"
    },
    {
      "type": "Feature",
      "properties": {
        "@id": "way/264565382",
        "amenity": "hospital",
        "healthcare": "hospital",
        "name": "Nemocnice Teplice",
        "operator": "Krajská zdravotní, a.s."
      },
      "geometry": {
        "type": "Polygon",
        "coordinates": [
          [
            [
              13.80842,
              50.6358639
            ],
            [
              13.8083954,
              50.6357485
            ],
            [
              13.8083697,
              50.6356587
            ],
            [
              13.8084063,
              50.6355349
            ],
            [
              13.808439,
              50.6354438
            ],
            [
              13.8084962,
              50.6353687
            ],
            [
              13.8085238,
              50.6353362
            ],
            [
              13.8085856,
              50.6352635
            ],
            [
              13.8085193,
              50.6347715
            ],
            [
              13.8085232,
              50.6347571
            ],
            [
              13.8085529,
              50.6347495
            ],
            [
              13.8089848,
              50.6347212
            ],
            [
              13.809706,
              50.6346748
            ],
            [
              13.8109214,
              50.6345975
            ],
            [
              13.811183,
              50.6345749
            ],
            [
              13.8114613,
              50.6345309
            ],
            [
              13.8118704,
              50.6344517
            ],
            [
              13.8121488,
              50.6344096
            ],
            [
              13.8122201,
              50.6344052
            ],
            [
              13.8122597,
              50.6344115
            ],
            [
              13.8122964,
              50.6344241
            ],
            [
              13.8123162,
              50.6344479
            ],
            [
              13.8123727,
              50.6346842
            ],
            [
              13.8120289,
              50.6347225
            ],
            [
              13.8120437,
              50.6347768
            ],
            [
              13.8121006,
              50.6347706
            ],
            [
              13.8121649,
              50.6350114
            ],
            [
              13.8117432,
              50.635071
            ],
            [
              13.8120698,
              50.636189
            ],
            [
              13.8125245,
              50.6361481
            ],
            [
              13.8125385,
              50.6361997
            ],
            [
              13.8125935,
              50.6361971
            ],
            [
              13.8126094,
              50.6362681
            ],
            [
              13.812565,
              50.6362742
            ],
            [
              13.8125724,
              50.6363131
            ],
            [
              13.8124211,
              50.6363303
            ],
            [
              13.8124506,
              50.6364221
            ],
            [
              13.8125658,
              50.636817
            ],
            [
              13.8119626,
              50.636887
            ],
            [
              13.8119434,
              50.6368082
            ],
            [
              13.8116861,
              50.6368354
            ],
            [
              13.8116933,
              50.6368634
            ],
            [
              13.8115597,
              50.6368784
            ],
            [
              13.8114468,
              50.6368907
            ],
            [
              13.8114601,
              50.6369469
            ],
            [
              13.8113246,
              50.6369625
            ],
            [
              13.8108714,
              50.6370178
            ],
            [
              13.8108646,
              50.6369896
            ],
            [
              13.8106139,
              50.637019
            ],
            [
              13.810623,
              50.637048
            ],
            [
              13.8099456,
              50.6371264
            ],
            [
              13.8098628,
              50.6371403
            ],
            [
              13.8097934,
              50.637149
            ],
            [
              13.8097299,
              50.637157
            ],
            [
              13.8092448,
              50.6372164
            ],
            [
              13.8090612,
              50.637235
            ],
            [
              13.8089028,
              50.6372509
            ],
            [
              13.8086678,
              50.6372846
            ],
            [
              13.8086391,
              50.6372827
            ],
            [
              13.8086252,
              50.6372727
            ],
            [
              13.8086173,
              50.6372589
            ],
            [
              13.8085474,
              50.6367449
            ],
            [
              13.8085368,
              50.6366794
            ],
            [
              13.8085311,
              50.6366479
            ],
            [
              13.8085264,
              50.6366207
            ],
            [
              13.8085195,
              50.6365943
            ],
            [
              13.8085172,
              50.6365664
            ],
            [
              13.8085137,
              50.6365393
            ],
            [
              13.8085045,
              50.6364792
            ],
            [
              13.8084925,
              50.6364073
            ],
            [
              13.8084856,
              50.6363479
            ],
            [
              13.8084667,
              50.6363498
            ],
            [
              13.80842,
              50.6358639
            ]
          ]
        ]
      },
      "id": "way/264565382"
    },
    {
      "type": "Feature",
      "properties": {
        "@id": "way/266896224",
        "amenity": "hospital",
        "building": "hospital",
        "building:levels": "1",
        "building:ruian:type": "15",
        "contact:databox": "dzmpvbw",
        "email": "info@nnp.cz",
        "healthcare": "hospital",
        "name": "Nemocnice následné péče Svatá Anna",
        "phone": "+420 374 751 911",
        "ref:ruian:building": "15544826",
        "source": "cuzk:ruian",
        "website": "http://www.nnp.cz/"
      },
      "geometry": {
        "type": "Polygon",
        "coordinates": [
          [
            [
              12.7214363,
              49.8797648
            ],
            [
              12.7214842,
              49.8797629
            ],
            [
              12.7214768,
              49.879684
            ],
            [
              12.7216621,
              49.8796769
            ],
            [
              12.7216624,
              49.8796793
            ],
            [
              12.7218618,
              49.8796717
            ],
            [
              12.7218601,
              49.8796537
            ],
            [
              12.7221335,
              49.8796432
            ],
            [
              12.7221323,
              49.8796299
            ],
            [
              12.7221923,
              49.8796275
            ],
            [
              12.7221942,
              49.8796475
            ],
            [
              12.7221961,
              49.8796474
            ],
            [
              12.7221979,
              49.8796666
            ],
            [
              12.7224005,
              49.8796588
            ],
            [
              12.7224018,
              49.8796727
            ],
            [
              12.722433,
              49.8796715
            ],
            [
              12.7224398,
              49.8797446
            ],
            [
              12.7224073,
              49.8797458
            ],
            [
              12.722408,
              49.8797527
            ],
            [
              12.7222061,
              49.8797604
            ],
            [
              12.7222086,
              49.879787
            ],
            [
              12.7219692,
              49.8797962
            ],
            [
              12.721971,
              49.8798161
            ],
            [
              12.7218314,
              49.8798215
            ],
            [
              12.7218282,
              49.8797864
            ],
            [
              12.7214397,
              49.8798013
            ],
            [
              12.7214363,
              49.8797648
            ]
          ]
        ]
      },
      "id": "way/266896224"
    },
    {
      "type": "Feature",
      "properties": {
        "@id": "way/268657232",
        "amenity": "hospital",
        "barrier": "fence",
        "emergency": "no",
        "name": "Odborný léčebný ústav Jevíčko - Sanatorium",
        "source": "cuzk:km, survey"
      },
      "geometry": {
        "type": "Polygon",
        "coordinates": [
          [
            [
              16.6731551,
              49.6339262
            ],
            [
              16.6729045,
              49.6342052
            ],
            [
              16.6728379,
              49.6342331
            ],
            [
              16.6722388,
              49.6349686
            ],
            [
              16.6719294,
              49.6347606
            ],
            [
              16.6717571,
              49.6349813
            ],
            [
              16.671671,
              49.6350345
            ],
            [
              16.6716005,
              49.6351411
            ],
            [
              16.6714047,
              49.6350295
            ],
            [
              16.6713734,
              49.63507
            ],
            [
              16.6711267,
              49.6349686
            ],
            [
              16.6710992,
              49.6348798
            ],
            [
              16.6709387,
              49.6348418
            ],
            [
              16.6708251,
              49.6347784
            ],
            [
              16.6706254,
              49.6347277
            ],
            [
              16.6705079,
              49.6347074
            ],
            [
              16.6702064,
              49.6345983
            ],
            [
              16.6702847,
              49.6344918
            ],
            [
              16.6701242,
              49.6343168
            ],
            [
              16.6687274,
              49.6340155
            ],
            [
              16.6685042,
              49.6342007
            ],
            [
              16.6681361,
              49.6341931
            ],
            [
              16.6672589,
              49.6341144
            ],
            [
              16.6668438,
              49.6340739
            ],
            [
              16.6663145,
              49.6339858
            ],
            [
              16.6660432,
              49.6340216
            ],
            [
              16.6655115,
              49.6341794
            ],
            [
              16.6652679,
              49.6343731
            ],
            [
              16.6650297,
              49.6344664
            ],
            [
              16.6646144,
              49.6345381
            ],
            [
              16.6644372,
              49.6345919
            ],
            [
              16.6638058,
              49.6349183
            ],
            [
              16.6637726,
              49.6350008
            ],
            [
              16.6639941,
              49.63532
            ],
            [
              16.6636341,
              49.6355567
            ],
            [
              16.6633019,
              49.63565
            ],
            [
              16.6624047,
              49.6358257
            ],
            [
              16.6619617,
              49.6360158
            ],
            [
              16.6615242,
              49.6363996
            ],
            [
              16.6615186,
              49.636457
            ],
            [
              16.6611033,
              49.636353
            ],
            [
              16.6608596,
              49.6359584
            ],
            [
              16.6609094,
              49.6357002
            ],
            [
              16.6602892,
              49.6347677
            ],
            [
              16.6602061,
              49.6346027
            ],
            [
              16.6602172,
              49.6343946
            ],
            [
              16.6603335,
              49.6342512
            ],
            [
              16.6605163,
              49.6341507
            ],
            [
              16.661057,
              49.6339443
            ],
            [
              16.6618832,
              49.6337998
            ],
            [
              16.6628152,
              49.6336628
            ],
            [
              16.6627504,
              49.6335967
            ],
            [
              16.6627428,
              49.6335867
            ],
            [
              16.6634359,
              49.6329844
            ],
            [
              16.663643,
              49.6327942
            ],
            [
              16.6638341,
              49.6327135
            ],
            [
              16.6642024,
              49.6325772
            ],
            [
              16.6653183,
              49.6322167
            ],
            [
              16.666005,
              49.6320105
            ],
            [
              16.6666086,
              49.6318652
            ],
            [
              16.6671647,
              49.6317743
            ],
            [
              16.6671901,
              49.6317701
            ],
            [
              16.6673396,
              49.631763
            ],
            [
              16.6684445,
              49.631824
            ],
            [
              16.6687511,
              49.6318824
            ],
            [
              16.6694667,
              49.6320435
            ],
            [
              16.6693818,
              49.6321794
            ],
            [
              16.6697528,
              49.6323088
            ],
            [
              16.6698452,
              49.6321535
            ],
            [
              16.6705487,
              49.632422
            ],
            [
              16.6706828,
              49.6324648
            ],
            [
              16.6710762,
              49.6325724
            ],
            [
              16.6712947,
              49.6326302
            ],
            [
              16.6715326,
              49.6327184
            ],
            [
              16.6716002,
              49.6327533
            ],
            [
              16.671679,
              49.6328036
            ],
            [
              16.6717108,
              49.6328225
            ],
            [
              16.6718254,
              49.6328893
            ],
            [
              16.6725361,
              49.6333212
            ],
            [
              16.6728229,
              49.6335974
            ],
            [
              16.6729062,
              49.6336937
            ],
            [
              16.6728869,
              49.6337127
            ],
            [
              16.6728418,
              49.6336899
            ],
            [
              16.6728232,
              49.633707
            ],
            [
              16.6727872,
              49.6337346
            ],
            [
              16.6727889,
              49.6337501
            ],
            [
              16.6728267,
              49.6337714
            ],
            [
              16.6728029,
              49.633794
            ],
            [
              16.6728487,
              49.6338143
            ],
            [
              16.6728739,
              49.6337922
            ],
            [
              16.6731551,
              49.6339262
            ]
          ]
        ]
      },
      "id": "way/268657232"
    },
    {
      "type": "Feature",
      "properties": {
        "@id": "way/271405037",
        "amenity": "hospital",
        "building": "civic",
        "building:levels": "1",
        "building:ruian:type": "5",
        "healthcare": "hospital",
        "ref:ruian:building": "4322339",
        "source": "cuzk:ruian"
      },
      "geometry": {
        "type": "Polygon",
        "coordinates": [
          [
            [
              17.6286517,
              49.7929775
            ],
            [
              17.628498,
              49.7930338
            ],
            [
              17.6283962,
              49.7929164
            ],
            [
              17.6284579,
              49.792894
            ],
            [
              17.6284498,
              49.7928845
            ],
            [
              17.6284546,
              49.7928827
            ],
            [
              17.6284359,
              49.7928626
            ],
            [
              17.6284122,
              49.7928715
            ],
            [
              17.6283264,
              49.7927749
            ],
            [
              17.6286242,
              49.7926632
            ],
            [
              17.6287103,
              49.792759
            ],
            [
              17.6284945,
              49.7928399
            ],
            [
              17.6285211,
              49.7928696
            ],
            [
              17.6285489,
              49.7928597
            ],
            [
              17.6286517,
              49.7929775
            ]
          ]
        ]
      },
      "id": "way/271405037"
    },
    {
      "type": "Feature",
      "properties": {
        "@id": "way/271405931",
        "amenity": "hospital",
        "healthcare": "hospital"
      },
      "geometry": {
        "type": "Polygon",
        "coordinates": [
          [
            [
              17.6285495,
              49.7928133
            ],
            [
              17.6284386,
              49.7928547
            ],
            [
              17.6283445,
              49.7927498
            ],
            [
              17.6286412,
              49.792639
            ],
            [
              17.6287352,
              49.7927439
            ],
            [
              17.6285495,
              49.7928133
            ]
          ]
        ]
      },
      "id": "way/271405931"
    },
    {
      "type": "Feature",
      "properties": {
        "@id": "way/272536909",
        "amenity": "hospital",
        "emergency": "yes",
        "healthcare": "hospital",
        "name": "Nemocnice Milosrdných bratří",
        "name:en": "Brothers of Charity Hospital",
        "phone": "+420 532 299 111",
        "website": "http://www.nmbbrno.cz/",
        "wikidata": "Q27016768"
      },
      "geometry": {
        "type": "Polygon",
        "coordinates": [
          [
            [
              16.5953946,
              49.185039
            ],
            [
              16.5954035,
              49.1850262
            ],
            [
              16.5954076,
              49.1850127
            ],
            [
              16.595401,
              49.1850092
            ],
            [
              16.5953998,
              49.1850008
            ],
            [
              16.5954059,
              49.1850003
            ],
            [
              16.5953956,
              49.1849583
            ],
            [
              16.5953692,
              49.1849582
            ],
            [
              16.5953596,
              49.1849214
            ],
            [
              16.5953835,
              49.1849185
            ],
            [
              16.5953705,
              49.1848614
            ],
            [
              16.5960963,
              49.184775
            ],
            [
              16.5961022,
              49.1847753
            ],
            [
              16.5961089,
              49.1847773
            ],
            [
              16.5961141,
              49.1847813
            ],
            [
              16.5961279,
              49.1848373
            ],
            [
              16.5961776,
              49.1848315
            ],
            [
              16.5961785,
              49.1848344
            ],
            [
              16.5962789,
              49.1848233
            ],
            [
              16.596278,
              49.1848199
            ],
            [
              16.5963768,
              49.1848085
            ],
            [
              16.5963777,
              49.184812
            ],
            [
              16.5964758,
              49.1848003
            ],
            [
              16.5964749,
              49.1847971
            ],
            [
              16.5965299,
              49.1847907
            ],
            [
              16.5965309,
              49.1847931
            ],
            [
              16.5966351,
              49.1847804
            ],
            [
              16.5966347,
              49.184779
            ],
            [
              16.5966545,
              49.1847767
            ],
            [
              16.5966549,
              49.1847781
            ],
            [
              16.5967644,
              49.1847656
            ],
            [
              16.5969529,
              49.1847433
            ],
            [
              16.5974132,
              49.1846906
            ],
            [
              16.598265,
              49.1845903
            ],
            [
              16.5983104,
              49.184569
            ],
            [
              16.5985013,
              49.1847469
            ],
            [
              16.5982089,
              49.1848723
            ],
            [
              16.5983414,
              49.1850093
            ],
            [
              16.5980521,
              49.1851268
            ],
            [
              16.5985785,
              49.1855485
            ],
            [
              16.5982231,
              49.1857529
            ],
            [
              16.5979811,
              49.185813
            ],
            [
              16.5969391,
              49.1860521
            ],
            [
              16.5962084,
              49.1861919
            ],
            [
              16.5961699,
              49.1860041
            ],
            [
              16.5961031,
              49.1856919
            ],
            [
              16.596188,
              49.185681
            ],
            [
              16.596173,
              49.1856225
            ],
            [
              16.596166,
              49.185601
            ],
            [
              16.596055,
              49.185615
            ],
            [
              16.596053,
              49.185639
            ],
            [
              16.5955591,
              49.1857027
            ],
            [
              16.5954039,
              49.18572
            ],
            [
              16.5954142,
              49.1855791
            ],
            [
              16.5954337,
              49.1853112
            ],
            [
              16.5954906,
              49.1853083
            ],
            [
              16.5954883,
              49.1852953
            ],
            [
              16.5954847,
              49.1852807
            ],
            [
              16.5954483,
              49.1851445
            ],
            [
              16.5954395,
              49.1851466
            ],
            [
              16.5954365,
              49.1851375
            ],
            [
              16.5954415,
              49.1851326
            ],
            [
              16.5954131,
              49.1851127
            ],
            [
              16.5953946,
              49.185039
            ]
          ]
        ]
      },
      "id": "way/272536909"
    },
    {
      "type": "Feature",
      "properties": {
        "@id": "way/274973835",
        "amenity": "hospital",
        "healthcare": "hospital",
        "name": "Stará fakultní nemocnice"
      },
      "geometry": {
        "type": "Polygon",
        "coordinates": [
          [
            [
              15.8409629,
              50.2083111
            ],
            [
              15.8410909,
              50.208336
            ],
            [
              15.8410871,
              50.2083435
            ],
            [
              15.8411777,
              50.2083622
            ],
            [
              15.841208,
              50.2083016
            ],
            [
              15.8414454,
              50.2083477
            ],
            [
              15.8414156,
              50.2084106
            ],
            [
              15.8415152,
              50.208431
            ],
            [
              15.8415187,
              50.2084238
            ],
            [
              15.8416449,
              50.2084497
            ],
            [
              15.8416146,
              50.2085141
            ],
            [
              15.8418681,
              50.2085699
            ],
            [
              15.8418026,
              50.2086869
            ],
            [
              15.8418804,
              50.2087078
            ],
            [
              15.8416272,
              50.2090892
            ],
            [
              15.8415498,
              50.2092082
            ],
            [
              15.8410042,
              50.2094673
            ],
            [
              15.840947,
              50.2094946
            ],
            [
              15.8408443,
              50.2094028
            ],
            [
              15.8405411,
              50.2095504
            ],
            [
              15.840141,
              50.209202
            ],
            [
              15.8406482,
              50.2088973
            ],
            [
              15.8402652,
              50.2086332
            ],
            [
              15.8405751,
              50.208443
            ],
            [
              15.8405863,
              50.2084398
            ],
            [
              15.8405959,
              50.2084392
            ],
            [
              15.8406057,
              50.2084396
            ],
            [
              15.8406136,
              50.2084419
            ],
            [
              15.8406323,
              50.2084535
            ],
            [
              15.8406564,
              50.2084386
            ],
            [
              15.8407369,
              50.2083901
            ],
            [
              15.8407167,
              50.2083728
            ],
            [
              15.8407159,
              50.2083649
            ],
            [
              15.8407201,
              50.2083568
            ],
            [
              15.8408114,
              50.2083034
            ],
            [
              15.8408343,
              50.208296
            ],
            [
              15.8408566,
              50.2082929
            ],
            [
              15.8409613,
              50.2083143
            ],
            [
              15.8409629,
              50.2083111
            ]
          ]
        ]
      },
      "id": "way/274973835"
    },
    {
      "type": "Feature",
      "properties": {
        "@id": "way/279905914",
        "amenity": "hospital",
        "healthcare": "hospital",
        "name": "Nemocnice Prachatice",
        "website": "https://www.nempt.cz/"
      },
      "geometry": {
        "type": "Polygon",
        "coordinates": [
          [
            [
              14.0099834,
              49.0084367
            ],
            [
              14.009338,
              49.0073525
            ],
            [
              14.0093439,
              49.006936
            ],
            [
              14.0097373,
              49.0067115
            ],
            [
              14.009442,
              49.0063012
            ],
            [
              14.0092431,
              49.0058289
            ],
            [
              14.0092482,
              49.0058279
            ],
            [
              14.011823,
              49.0052618
            ],
            [
              14.0126673,
              49.0056942
            ],
            [
              14.0125971,
              49.0057791
            ],
            [
              14.012054,
              49.0064336
            ],
            [
              14.0125304,
              49.0073372
            ],
            [
              14.0135779,
              49.0071233
            ],
            [
              14.0135872,
              49.0072659
            ],
            [
              14.0136086,
              49.0073063
            ],
            [
              14.0137476,
              49.0076539
            ],
            [
              14.0120622,
              49.0080056
            ],
            [
              14.0119359,
              49.0077732
            ],
            [
              14.0099834,
              49.0084367
            ]
          ]
        ]
      },
      "id": "way/279905914"
    },
    {
      "type": "Feature",
      "properties": {
        "@id": "way/283440789",
        "amenity": "hospital",
        "healthcare": "hospital",
        "name": "Nemocnice Milosrdných bratří Letovice",
        "wikidata": "Q99477034"
      },
      "geometry": {
        "type": "Polygon",
        "coordinates": [
          [
            [
              16.5790725,
              49.5448366
            ],
            [
              16.579309,
              49.5444478
            ],
            [
              16.579871,
              49.544586
            ],
            [
              16.5804431,
              49.544733
            ],
            [
              16.580629,
              49.544776
            ],
            [
              16.580638,
              49.544784
            ],
            [
              16.58099,
              49.544874
            ],
            [
              16.5819789,
              49.5451252
            ],
            [
              16.5821958,
              49.5452876
            ],
            [
              16.582303,
              49.5454478
            ],
            [
              16.5823683,
              49.54579
            ],
            [
              16.5823219,
              49.5460501
            ],
            [
              16.5819349,
              49.5461133
            ],
            [
              16.5815583,
              49.5461061
            ],
            [
              16.5811585,
              49.5460595
            ],
            [
              16.5794994,
              49.5457092
            ],
            [
              16.5785935,
              49.545515
            ],
            [
              16.578941,
              49.5449486
            ],
            [
              16.5790031,
              49.5449593
            ],
            [
              16.5793888,
              49.5450578
            ],
            [
              16.5794596,
              49.54494
            ],
            [
              16.5790725,
              49.5448366
            ]
          ]
        ]
      },
      "id": "way/283440789"
    },
    {
      "type": "Feature",
      "properties": {
        "@id": "way/304786534",
        "amenity": "hospital",
        "healthcare": "hospital",
        "name": "Nemocnice Náchod - Horní areál"
      },
      "geometry": {
        "type": "Polygon",
        "coordinates": [
          [
            [
              16.1657876,
              50.4062794
            ],
            [
              16.1653563,
              50.4067049
            ],
            [
              16.1652501,
              50.4069711
            ],
            [
              16.1650942,
              50.4072276
            ],
            [
              16.1650504,
              50.4072383
            ],
            [
              16.164473,
              50.4073616
            ],
            [
              16.1642744,
              50.4074118
            ],
            [
              16.16398,
              50.4072307
            ],
            [
              16.1636103,
              50.4067638
            ],
            [
              16.163446,
              50.406478
            ],
            [
              16.1634699,
              50.4062663
            ],
            [
              16.1635932,
              50.4061616
            ],
            [
              16.1640553,
              50.4061725
            ],
            [
              16.1647845,
              50.4061419
            ],
            [
              16.1655925,
              50.4060307
            ],
            [
              16.1657876,
              50.4062794
            ]
          ]
        ]
      },
      "id": "way/304786534"
    },
    {
      "type": "Feature",
      "properties": {
        "@id": "way/310146513",
        "amenity": "hospital",
        "building": "hospital",
        "building:levels": "1",
        "building:ruian:type": "3",
        "healthcare": "hospital",
        "name": "LDN",
        "ref:ruian:building": "15446395",
        "source": "cuzk:ruian"
      },
      "geometry": {
        "type": "Polygon",
        "coordinates": [
          [
            [
              14.981427,
              50.5243566
            ],
            [
              14.9813965,
              50.5243487
            ],
            [
              14.9813635,
              50.5243401
            ],
            [
              14.9811847,
              50.5242935
            ],
            [
              14.9811826,
              50.5242967
            ],
            [
              14.9810843,
              50.5242712
            ],
            [
              14.9812119,
              50.5240662
            ],
            [
              14.9812258,
              50.5240699
            ],
            [
              14.9812232,
              50.5240742
            ],
            [
              14.9813441,
              50.5241046
            ],
            [
              14.9812774,
              50.5242157
            ],
            [
              14.98142,
              50.5242535
            ],
            [
              14.9814247,
              50.5242458
            ],
            [
              14.9814877,
              50.5242613
            ],
            [
              14.981485,
              50.5242695
            ],
            [
              14.9816232,
              50.5243053
            ],
            [
              14.9816892,
              50.5242014
            ],
            [
              14.981693,
              50.5241938
            ],
            [
              14.9818284,
              50.5242279
            ],
            [
              14.9817021,
              50.5244303
            ],
            [
              14.9816039,
              50.524406
            ],
            [
              14.9816057,
              50.5244031
            ],
            [
              14.981427,
              50.5243566
            ]
          ]
        ]
      },
      "id": "way/310146513"
    },
    {
      "type": "Feature",
      "properties": {
        "@id": "way/312919458",
        "amenity": "hospital",
        "healthcare": "hospital",
        "name": "Nemocnice Valtice"
      },
      "geometry": {
        "type": "Polygon",
        "coordinates": [
          [
            [
              16.7592056,
              48.7442892
            ],
            [
              16.7584557,
              48.7434034
            ],
            [
              16.7582763,
              48.7431869
            ],
            [
              16.7585223,
              48.743107
            ],
            [
              16.7585739,
              48.7431039
            ],
            [
              16.7592191,
              48.7429059
            ],
            [
              16.7592649,
              48.742916
            ],
            [
              16.7598406,
              48.7427663
            ],
            [
              16.7601575,
              48.7426852
            ],
            [
              16.7602183,
              48.7426857
            ],
            [
              16.7605807,
              48.7429562
            ],
            [
              16.7609784,
              48.7431886
            ],
            [
              16.7609738,
              48.7432316
            ],
            [
              16.760434,
              48.7437442
            ],
            [
              16.7600439,
              48.7439826
            ],
            [
              16.7593881,
              48.7443177
            ],
            [
              16.7592056,
              48.7442892
            ]
          ]
        ]
      },
      "id": "way/312919458"
    },
    {
      "type": "Feature",
      "properties": {
        "@id": "way/313627043",
        "amenity": "hospital",
        "name": "Nemocnice Odry"
      },
      "geometry": {
        "type": "Polygon",
        "coordinates": [
          [
            [
              17.8284277,
              49.6653837
            ],
            [
              17.828436,
              49.665388
            ],
            [
              17.8285587,
              49.6654343
            ],
            [
              17.8285915,
              49.6654654
            ],
            [
              17.8285955,
              49.6654755
            ],
            [
              17.8285403,
              49.6655365
            ],
            [
              17.8282529,
              49.6657646
            ],
            [
              17.8278683,
              49.6660645
            ],
            [
              17.8278717,
              49.6660493
            ],
            [
              17.8278557,
              49.6660223
            ],
            [
              17.8277597,
              49.6659487
            ],
            [
              17.8277128,
              49.665973
            ],
            [
              17.8277512,
              49.6660043
            ],
            [
              17.8277302,
              49.6660152
            ],
            [
              17.8277608,
              49.6660401
            ],
            [
              17.8277337,
              49.6660541
            ],
            [
              17.8277384,
              49.666058
            ],
            [
              17.8275718,
              49.6661444
            ],
            [
              17.8274564,
              49.6660506
            ],
            [
              17.8273155,
              49.6659479
            ],
            [
              17.8272033,
              49.6660055
            ],
            [
              17.8271687,
              49.6659761
            ],
            [
              17.8270457,
              49.6659489
            ],
            [
              17.8266173,
              49.6656033
            ],
            [
              17.8266189,
              49.6655741
            ],
            [
              17.8266352,
              49.6655461
            ],
            [
              17.8268911,
              49.665261
            ],
            [
              17.8272419,
              49.6648584
            ],
            [
              17.8277098,
              49.6650325
            ],
            [
              17.8281042,
              49.6652415
            ],
            [
              17.8284277,
              49.6653837
            ]
          ]
        ]
      },
      "id": "way/313627043"
    },
    {
      "type": "Feature",
      "properties": {
        "@id": "way/314322254",
        "amenity": "hospital",
        "building": "hospital",
        "building:levels": "8",
        "building:ruian:type": "19",
        "healthcare": "hospital",
        "name": "Nemocnice Klatovy",
        "ref:ruian:building": "78254141",
        "source": "cuzk:ruian",
        "start_date": "2014-05-22"
      },
      "geometry": {
        "type": "Polygon",
        "coordinates": [
          [
            [
              13.2917131,
              49.4036438
            ],
            [
              13.2917713,
              49.4035061
            ],
            [
              13.2918637,
              49.4035229
            ],
            [
              13.2918724,
              49.4035042
            ],
            [
              13.2917957,
              49.4034904
            ],
            [
              13.29182,
              49.4034337
            ],
            [
              13.291828,
              49.4034268
            ],
            [
              13.2918387,
              49.4034217
            ],
            [
              13.2918512,
              49.4034187
            ],
            [
              13.2920416,
              49.4034297
            ],
            [
              13.2920549,
              49.403435
            ],
            [
              13.292064,
              49.4034434
            ],
            [
              13.2920672,
              49.4034533
            ],
            [
              13.2920349,
              49.4035331
            ],
            [
              13.2919071,
              49.4035105
            ],
            [
              13.2918986,
              49.4035292
            ],
            [
              13.2921092,
              49.4035676
            ],
            [
              13.2922309,
              49.4032818
            ],
            [
              13.2925434,
              49.4033385
            ],
            [
              13.2925277,
              49.403375
            ],
            [
              13.2924972,
              49.4033695
            ],
            [
              13.2924055,
              49.4035882
            ],
            [
              13.2924988,
              49.4036051
            ],
            [
              13.2925586,
              49.4036159
            ],
            [
              13.2925783,
              49.4035683
            ],
            [
              13.2925872,
              49.4035471
            ],
            [
              13.2926021,
              49.403528
            ],
            [
              13.2926252,
              49.4035126
            ],
            [
              13.2926541,
              49.4035025
            ],
            [
              13.2926864,
              49.4034983
            ],
            [
              13.292719,
              49.4035007
            ],
            [
              13.2927492,
              49.4035092
            ],
            [
              13.2927742,
              49.4035233
            ],
            [
              13.2927914,
              49.4035415
            ],
            [
              13.2927997,
              49.4035623
            ],
            [
              13.2927983,
              49.4035837
            ],
            [
              13.292789,
              49.4036058
            ],
            [
              13.2927885,
              49.4036071
            ],
            [
              13.2930553,
              49.4036559
            ],
            [
              13.2930825,
              49.4036609
            ],
            [
              13.2930017,
              49.4039463
            ],
            [
              13.292955,
              49.4039383
            ],
            [
              13.2929502,
              49.4039507
            ],
            [
              13.2929442,
              49.4039656
            ],
            [
              13.2929325,
              49.4039832
            ],
            [
              13.2929102,
              49.4040003
            ],
            [
              13.2928807,
              49.4040121
            ],
            [
              13.2928472,
              49.4040173
            ],
            [
              13.2928127,
              49.4040154
            ],
            [
              13.2927811,
              49.4040065
            ],
            [
              13.2927552,
              49.4039916
            ],
            [
              13.2927377,
              49.4039722
            ],
            [
              13.2927305,
              49.4039501
            ],
            [
              13.2927337,
              49.4039296
            ],
            [
              13.2927402,
              49.4039135
            ],
            [
              13.2927465,
              49.4038983
            ],
            [
              13.2923072,
              49.4038184
            ],
            [
              13.2922273,
              49.4040055
            ],
            [
              13.2922566,
              49.4040112
            ],
            [
              13.2922416,
              49.4040478
            ],
            [
              13.2919293,
              49.403991
            ],
            [
              13.2919423,
              49.4039594
            ],
            [
              13.2918429,
              49.4039417
            ],
            [
              13.2918829,
              49.4038487
            ],
            [
              13.291926,
              49.4037453
            ],
            [
              13.2920263,
              49.403763
            ],
            [
              13.2920509,
              49.4037041
            ],
            [
              13.2917131,
              49.4036438
            ]
          ]
        ]
      },
      "id": "way/314322254"
    },
    {
      "type": "Feature",
      "properties": {
        "@id": "way/319062309",
        "addr:housenumber": "91",
        "addr:postcode": "18102",
        "addr:street": "Ústavní",
        "alt_name": "Psychiatrická léčebna Bohnice",
        "amenity": "hospital",
        "barrier": "fence",
        "email": "podatelna@bohnice.cz",
        "emergency": "no",
        "healthcare": "hospital",
        "healthcare:speciality": "psychiatry;child_psychiatry",
        "heritage": "3",
        "heritage:operator": "NPU",
        "historic": "heritage",
        "name": "Psychiatrická nemocnice Bohnice",
        "phone": "+420284016111",
        "ref:NPU": "152683",
        "website": "http://www.plbohnice.cz",
        "wheelchair": "yes",
        "wikidata": "Q12047504",
        "wikipedia": "cs:Psychiatrická nemocnice Bohnice"
      },
      "geometry": {
        "type": "Polygon",
        "coordinates": [
          [
            [
              14.4160612,
              50.1355084
            ],
            [
              14.416224,
              50.1352491
            ],
            [
              14.4162468,
              50.1352127
            ],
            [
              14.4163243,
              50.1351255
            ],
            [
              14.4163727,
              50.1350002
            ],
            [
              14.4162267,
              50.1345129
            ],
            [
              14.416237,
              50.1344094
            ],
            [
              14.4160938,
              50.1337046
            ],
            [
              14.4161666,
              50.1336478
            ],
            [
              14.4173384,
              50.1336192
            ],
            [
              14.4174153,
              50.1336175
            ],
            [
              14.4174203,
              50.1336181
            ],
            [
              14.417425,
              50.1336194
            ],
            [
              14.4174293,
              50.1336213
            ],
            [
              14.4174328,
              50.1336237
            ],
            [
              14.4174355,
              50.1336265
            ],
            [
              14.4174373,
              50.1336296
            ],
            [
              14.4174381,
              50.1336328
            ],
            [
              14.4174378,
              50.1336361
            ],
            [
              14.4175081,
              50.1336283
            ],
            [
              14.4175669,
              50.1336213
            ],
            [
              14.4175666,
              50.133618
            ],
            [
              14.4175673,
              50.1336147
            ],
            [
              14.4175689,
              50.1336116
            ],
            [
              14.4175715,
              50.1336087
            ],
            [
              14.4175749,
              50.1336062
            ],
            [
              14.417579,
              50.1336042
            ],
            [
              14.41766,
              50.1335976
            ],
            [
              14.420783,
              50.1333878
            ],
            [
              14.421278,
              50.1333546
            ],
            [
              14.4223551,
              50.1332822
            ],
            [
              14.4235223,
              50.1332004
            ],
            [
              14.4235685,
              50.1331972
            ],
            [
              14.4236186,
              50.1331982
            ],
            [
              14.4236494,
              50.1332096
            ],
            [
              14.4236623,
              50.1332264
            ],
            [
              14.4237223,
              50.1332212
            ],
            [
              14.4237575,
              50.1332185
            ],
            [
              14.4241213,
              50.1331877
            ],
            [
              14.4241509,
              50.1331852
            ],
            [
              14.4242124,
              50.1331796
            ],
            [
              14.4242172,
              50.1331568
            ],
            [
              14.4242625,
              50.1331453
            ],
            [
              14.4243456,
              50.1331396
            ],
            [
              14.424831,
              50.133106
            ],
            [
              14.4250764,
              50.133089
            ],
            [
              14.425085,
              50.1330884
            ],
            [
              14.4289811,
              50.1328191
            ],
            [
              14.4295418,
              50.1327803
            ],
            [
              14.429698,
              50.1327864
            ],
            [
              14.4297742,
              50.1328035
            ],
            [
              14.4298351,
              50.1328341
            ],
            [
              14.4298903,
              50.1328682
            ],
            [
              14.4299303,
              50.132922
            ],
            [
              14.4299494,
              50.1329684
            ],
            [
              14.4299472,
              50.133168
            ],
            [
              14.4299387,
              50.1337882
            ],
            [
              14.4299389,
              50.1339051
            ],
            [
              14.4299309,
              50.1346109
            ],
            [
              14.4299166,
              50.1358891
            ],
            [
              14.4299166,
              50.1359336
            ],
            [
              14.4299166,
              50.1359981
            ],
            [
              14.4298973,
              50.1376064
            ],
            [
              14.4298584,
              50.1376095
            ],
            [
              14.429761,
              50.1375828
            ],
            [
              14.4289889,
              50.137642
            ],
            [
              14.4289413,
              50.1376851
            ],
            [
              14.4289846,
              50.1378542
            ],
            [
              14.4281214,
              50.1379214
            ],
            [
              14.4268893,
              50.1380174
            ],
            [
              14.4264527,
              50.1380518
            ],
            [
              14.426447,
              50.1380522
            ],
            [
              14.4251396,
              50.1381514
            ],
            [
              14.4248268,
              50.1381751
            ],
            [
              14.4243208,
              50.1382135
            ],
            [
              14.4236381,
              50.1382808
            ],
            [
              14.422182,
              50.1384244
            ],
            [
              14.4221724,
              50.1384253
            ],
            [
              14.419645,
              50.1387752
            ],
            [
              14.4172366,
              50.1393684
            ],
            [
              14.4162852,
              50.1396027
            ],
            [
              14.4157542,
              50.1397335
            ],
            [
              14.415569,
              50.1397791
            ],
            [
              14.4141328,
              50.1397137
            ],
            [
              14.4136019,
              50.1396895
            ],
            [
              14.4136606,
              50.1393891
            ],
            [
              14.4137266,
              50.1390512
            ],
            [
              14.4137545,
              50.1389082
            ],
            [
              14.4138636,
              50.1380058
            ],
            [
              14.4138655,
              50.137971
            ],
            [
              14.4138926,
              50.1379449
            ],
            [
              14.4139236,
              50.1379325
            ],
            [
              14.4139302,
              50.1378748
            ],
            [
              14.4139371,
              50.1378147
            ],
            [
              14.413912,
              50.1377998
            ],
            [
              14.4138887,
              50.1377799
            ],
            [
              14.4138849,
              50.1377576
            ],
            [
              14.4138945,
              50.13759
            ],
            [
              14.4138384,
              50.1362447
            ],
            [
              14.4138928,
              50.1362149
            ],
            [
              14.4139484,
              50.1362057
            ],
            [
              14.4143966,
              50.1362314
            ],
            [
              14.4148318,
              50.136201
            ],
            [
              14.4153329,
              50.1360266
            ],
            [
              14.4154816,
              50.1360589
            ],
            [
              14.415511,
              50.1360198
            ],
            [
              14.4157873,
              50.136083
            ],
            [
              14.4158538,
              50.1359657
            ],
            [
              14.4160571,
              50.1356554
            ],
            [
              14.4160319,
              50.135643
            ],
            [
              14.4160145,
              50.1356219
            ],
            [
              14.4160126,
              50.1355921
            ],
            [
              14.4160612,
              50.1355084
            ]
          ]
        ]
      },
      "id": "way/319062309"
    },
    {
      "type": "Feature",
      "properties": {
        "@id": "way/321267664",
        "amenity": "hospital",
        "healthcare": "hospital",
        "name": "Nemocnice Bílovec"
      },
      "geometry": {
        "type": "Polygon",
        "coordinates": [
          [
            [
              18.0164834,
              49.7642479
            ],
            [
              18.0150375,
              49.7628309
            ],
            [
              18.0160164,
              49.7624387
            ],
            [
              18.0159695,
              49.7623913
            ],
            [
              18.0163229,
              49.7622796
            ],
            [
              18.016935,
              49.7620861
            ],
            [
              18.0173253,
              49.7619212
            ],
            [
              18.0175351,
              49.7620945
            ],
            [
              18.0179886,
              49.761906
            ],
            [
              18.0183084,
              49.7627155
            ],
            [
              18.0183368,
              49.7629232
            ],
            [
              18.0179328,
              49.763288
            ],
            [
              18.0173106,
              49.7638377
            ],
            [
              18.0166928,
              49.7641734
            ],
            [
              18.0164834,
              49.7642479
            ]
          ]
        ]
      },
      "id": "way/321267664"
    },
    {
      "type": "Feature",
      "properties": {
        "@id": "way/329048317",
        "amenity": "hospital",
        "emergency": "yes",
        "healthcare": "hospital",
        "name": "Nemocnice Mělník"
      },
      "geometry": {
        "type": "Polygon",
        "coordinates": [
          [
            [
              14.4831661,
              50.3476392
            ],
            [
              14.4835388,
              50.3473761
            ],
            [
              14.4841351,
              50.3468688
            ],
            [
              14.4845831,
              50.3464326
            ],
            [
              14.4850301,
              50.3459949
            ],
            [
              14.4850997,
              50.345924
            ],
            [
              14.4856547,
              50.3462418
            ],
            [
              14.4856601,
              50.3462452
            ],
            [
              14.4857375,
              50.3462934
            ],
            [
              14.4858062,
              50.3462452
            ],
            [
              14.4862005,
              50.3464746
            ],
            [
              14.4864754,
              50.3466132
            ],
            [
              14.4864244,
              50.3477843
            ],
            [
              14.4862887,
              50.3481027
            ],
            [
              14.4862659,
              50.3482058
            ],
            [
              14.4858102,
              50.3485174
            ],
            [
              14.4856346,
              50.3486868
            ],
            [
              14.4856748,
              50.3487424
            ],
            [
              14.4849555,
              50.3490242
            ],
            [
              14.4846448,
              50.3487467
            ],
            [
              14.4847442,
              50.3486285
            ],
            [
              14.4831661,
              50.3476392
            ]
          ]
        ]
      },
      "id": "way/329048317"
    },
    {
      "type": "Feature",
      "properties": {
        "@id": "way/333349195",
        "amenity": "hospital",
        "emergency": "yes",
        "healthcare": "hospital",
        "name": "Masarykova nemocnice",
        "website": "https://www.nemorako.cz/"
      },
      "geometry": {
        "type": "Polygon",
        "coordinates": [
          [
            [
              13.7146089,
              50.1090176
            ],
            [
              13.713848,
              50.1091479
            ],
            [
              13.7137834,
              50.1090772
            ],
            [
              13.7134945,
              50.10857
            ],
            [
              13.714168,
              50.1084495
            ],
            [
              13.7141856,
              50.1082818
            ],
            [
              13.7141916,
              50.1082305
            ],
            [
              13.7143785,
              50.1082016
            ],
            [
              13.7143668,
              50.1081673
            ],
            [
              13.7143501,
              50.1081116
            ],
            [
              13.7143404,
              50.1079885
            ],
            [
              13.7143471,
              50.107945
            ],
            [
              13.7143691,
              50.107942
            ],
            [
              13.7143667,
              50.1079226
            ],
            [
              13.714521,
              50.1079022
            ],
            [
              13.7145543,
              50.1079113
            ],
            [
              13.7145653,
              50.1078985
            ],
            [
              13.7146046,
              50.1078068
            ],
            [
              13.7147412,
              50.1077504
            ],
            [
              13.7149038,
              50.1077329
            ],
            [
              13.714999,
              50.107773
            ],
            [
              13.71542,
              50.107716
            ],
            [
              13.7155262,
              50.1077046
            ],
            [
              13.715513,
              50.107659
            ],
            [
              13.7156155,
              50.107647
            ],
            [
              13.71577,
              50.10763
            ],
            [
              13.7157866,
              50.1076285
            ],
            [
              13.7159391,
              50.1076149
            ],
            [
              13.7161187,
              50.1075988
            ],
            [
              13.7162897,
              50.1075791
            ],
            [
              13.7165426,
              50.10755
            ],
            [
              13.7169273,
              50.107397
            ],
            [
              13.716976,
              50.1074479
            ],
            [
              13.7170079,
              50.1074463
            ],
            [
              13.7170597,
              50.107426
            ],
            [
              13.7171277,
              50.107418
            ],
            [
              13.717138,
              50.1074168
            ],
            [
              13.7172258,
              50.1074028
            ],
            [
              13.7173842,
              50.1074023
            ],
            [
              13.717338,
              50.10725
            ],
            [
              13.717602,
              50.1072135
            ],
            [
              13.717624,
              50.107186
            ],
            [
              13.717658,
              50.107201
            ],
            [
              13.7176245,
              50.1070677
            ],
            [
              13.7178052,
              50.1070227
            ],
            [
              13.7178841,
              50.106985
            ],
            [
              13.7179687,
              50.10697
            ],
            [
              13.7179576,
              50.1069368
            ],
            [
              13.7179828,
              50.1069017
            ],
            [
              13.7182686,
              50.106804
            ],
            [
              13.7183892,
              50.1068069
            ],
            [
              13.7184168,
              50.1068329
            ],
            [
              13.7186984,
              50.1073327
            ],
            [
              13.7189301,
              50.1077834
            ],
            [
              13.7188907,
              50.1078657
            ],
            [
              13.7189051,
              50.1080531
            ],
            [
              13.7189087,
              50.1081002
            ],
            [
              13.718827,
              50.1082131
            ],
            [
              13.7178305,
              50.109238
            ],
            [
              13.7177231,
              50.1092999
            ],
            [
              13.7175417,
              50.1092776
            ],
            [
              13.7173136,
              50.1092496
            ],
            [
              13.7161827,
              50.1091105
            ],
            [
              13.7156956,
              50.1090506
            ],
            [
              13.7155131,
              50.1090947
            ],
            [
              13.7153164,
              50.1090743
            ],
            [
              13.715221,
              50.1090644
            ],
            [
              13.7146089,
              50.1090176
            ]
          ]
        ]
      },
      "id": "way/333349195"
    },
    {
      "type": "Feature",
      "properties": {
        "@id": "way/338878854",
        "amenity": "hospital",
        "emergency": "yes",
        "fixme": "zmapovat přesně, oddělit od silnice",
        "healthcare": "hospital",
        "name": "Nemocnice České Budějovice",
        "operator": "Nemocnice České Budějovice a.s.",
        "operator:type": "public",
        "wikidata": "Q30080431"
      },
      "geometry": {
        "type": "Polygon",
        "coordinates": [
          [
            [
              14.4702966,
              48.9614081
            ],
            [
              14.4651344,
              48.9613618
            ],
            [
              14.4650982,
              48.9619435
            ],
            [
              14.4650741,
              48.9620218
            ],
            [
              14.464319,
              48.962021
            ],
            [
              14.4641407,
              48.9616952
            ],
            [
              14.4640107,
              48.9614544
            ],
            [
              14.4637759,
              48.9613865
            ],
            [
              14.4634821,
              48.9613628
            ],
            [
              14.4634821,
              48.9613378
            ],
            [
              14.4634899,
              48.9612836
            ],
            [
              14.4636315,
              48.9605673
            ],
            [
              14.4639156,
              48.9594377
            ],
            [
              14.4642658,
              48.9590199
            ],
            [
              14.4644644,
              48.9585685
            ],
            [
              14.4644515,
              48.9584227
            ],
            [
              14.464874,
              48.9583569
            ],
            [
              14.464807,
              48.9582302
            ],
            [
              14.4648753,
              48.9582141
            ],
            [
              14.4649459,
              48.9581995
            ],
            [
              14.4649391,
              48.9581652
            ],
            [
              14.464929,
              48.9581137
            ],
            [
              14.4653088,
              48.9580259
            ],
            [
              14.4654732,
              48.9580071
            ],
            [
              14.4656779,
              48.958003
            ],
            [
              14.4658627,
              48.9580016
            ],
            [
              14.4659544,
              48.9580002
            ],
            [
              14.4664042,
              48.9579975
            ],
            [
              14.4664448,
              48.9579972
            ],
            [
              14.4664455,
              48.9580988
            ],
            [
              14.466446,
              48.958169
            ],
            [
              14.466449,
              48.95823
            ],
            [
              14.4664547,
              48.9583686
            ],
            [
              14.4665016,
              48.9583697
            ],
            [
              14.466858,
              48.9583713
            ],
            [
              14.4669476,
              48.95837
            ],
            [
              14.4673502,
              48.9583717
            ],
            [
              14.4673874,
              48.9583372
            ],
            [
              14.4674462,
              48.9583678
            ],
            [
              14.4675085,
              48.9583841
            ],
            [
              14.467485,
              48.9585465
            ],
            [
              14.4675232,
              48.9585462
            ],
            [
              14.467833,
              48.9585437
            ],
            [
              14.4678332,
              48.9583312
            ],
            [
              14.4679654,
              48.9583321
            ],
            [
              14.4679804,
              48.958276
            ],
            [
              14.4683391,
              48.9582676
            ],
            [
              14.4683626,
              48.9584736
            ],
            [
              14.468384,
              48.958682
            ],
            [
              14.4684975,
              48.9586718
            ],
            [
              14.468899,
              48.9586465
            ],
            [
              14.4689676,
              48.9586429
            ],
            [
              14.4690518,
              48.9589194
            ],
            [
              14.4692117,
              48.9591593
            ],
            [
              14.4698969,
              48.9602829
            ],
            [
              14.4703748,
              48.9610523
            ],
            [
              14.4703598,
              48.9612125
            ],
            [
              14.4703576,
              48.9612763
            ],
            [
              14.4703553,
              48.96134
            ],
            [
              14.4702966,
              48.9614081
            ]
          ]
        ]
      },
      "id": "way/338878854"
    },
    {
      "type": "Feature",
      "properties": {
        "@id": "way/340992021",
        "addr:city": "Most",
        "addr:housenumber": "270",
        "addr:postcode": "43464",
        "addr:street": "J. E. Purkyně",
        "amenity": "hospital",
        "barrier": "fence",
        "emergency": "yes",
        "healthcare": "hospital",
        "name": "Nemocnice Most, o.z.",
        "operator": "Krajská zdravotní, a.s.",
        "operator:type": "government"
      },
      "geometry": {
        "type": "Polygon",
        "coordinates": [
          [
            [
              13.623279,
              50.5087109
            ],
            [
              13.6235295,
              50.5079399
            ],
            [
              13.6244383,
              50.5074427
            ],
            [
              13.6260737,
              50.5065906
            ],
            [
              13.6260829,
              50.5065858
            ],
            [
              13.626533,
              50.5063179
            ],
            [
              13.6268417,
              50.5060463
            ],
            [
              13.6274158,
              50.5052187
            ],
            [
              13.6280881,
              50.5041195
            ],
            [
              13.6281429,
              50.5039911
            ],
            [
              13.6279929,
              50.5035819
            ],
            [
              13.6280308,
              50.5035565
            ],
            [
              13.6281285,
              50.5034956
            ],
            [
              13.6301914,
              50.5026937
            ],
            [
              13.6303097,
              50.5026808
            ],
            [
              13.6304395,
              50.5026808
            ],
            [
              13.6305174,
              50.5027065
            ],
            [
              13.6306992,
              50.5027708
            ],
            [
              13.6308319,
              50.5028423
            ],
            [
              13.6310166,
              50.5029891
            ],
            [
              13.6311579,
              50.5031341
            ],
            [
              13.6313253,
              50.5034149
            ],
            [
              13.6315856,
              50.5042702
            ],
            [
              13.6316167,
              50.5043686
            ],
            [
              13.6316418,
              50.5044482
            ],
            [
              13.6318908,
              50.5052242
            ],
            [
              13.6318446,
              50.5053435
            ],
            [
              13.6317696,
              50.5054426
            ],
            [
              13.6310485,
              50.5057977
            ],
            [
              13.6307923,
              50.5059267
            ],
            [
              13.6300572,
              50.5062916
            ],
            [
              13.6299799,
              50.5063299
            ],
            [
              13.6298084,
              50.5064044
            ],
            [
              13.6297435,
              50.5064326
            ],
            [
              13.6297658,
              50.5064531
            ],
            [
              13.629462,
              50.5066043
            ],
            [
              13.6290271,
              50.5068208
            ],
            [
              13.628694,
              50.5068096
            ],
            [
              13.6285835,
              50.5070416
            ],
            [
              13.6284392,
              50.5074669
            ],
            [
              13.6281063,
              50.507633
            ],
            [
              13.6280641,
              50.5076013
            ],
            [
              13.628007,
              50.5075629
            ],
            [
              13.6279723,
              50.50753
            ],
            [
              13.627824,
              50.5076
            ],
            [
              13.627771,
              50.507556
            ],
            [
              13.6266993,
              50.5080864
            ],
            [
              13.6265596,
              50.5079719
            ],
            [
              13.6263547,
              50.507795
            ],
            [
              13.6254136,
              50.5082605
            ],
            [
              13.6252532,
              50.5081266
            ],
            [
              13.6252215,
              50.5081001
            ],
            [
              13.6246843,
              50.5083704
            ],
            [
              13.6246314,
              50.5083266
            ],
            [
              13.6240899,
              50.5085932
            ],
            [
              13.6235221,
              50.5087995
            ],
            [
              13.6234761,
              50.5087634
            ],
            [
              13.623407,
              50.5087387
            ],
            [
              13.623279,
              50.5087109
            ]
          ]
        ]
      },
      "id": "way/340992021"
    },
    {
      "type": "Feature",
      "properties": {
        "@id": "way/370775641",
        "amenity": "hospital",
        "healthcare": "hospital",
        "name": "Nemocnice Vsetín",
        "website": "https://www.nemocnice-vs.cz/"
      },
      "geometry": {
        "type": "Polygon",
        "coordinates": [
          [
            [
              17.9976375,
              49.3313526
            ],
            [
              17.9980479,
              49.3304521
            ],
            [
              17.9990732,
              49.3304049
            ],
            [
              17.999075,
              49.3304198
            ],
            [
              17.9993668,
              49.3307973
            ],
            [
              17.9995896,
              49.3312144
            ],
            [
              17.9996419,
              49.331408
            ],
            [
              17.9996657,
              49.3315804
            ],
            [
              17.9996783,
              49.3320602
            ],
            [
              17.9996583,
              49.332311
            ],
            [
              17.9995547,
              49.3326816
            ],
            [
              17.9994506,
              49.3328257
            ],
            [
              17.9992531,
              49.3330522
            ],
            [
              17.9988795,
              49.3333454
            ],
            [
              17.9985133,
              49.3334904
            ],
            [
              17.9979597,
              49.3335245
            ],
            [
              17.9976375,
              49.3313526
            ]
          ]
        ]
      },
      "id": "way/370775641"
    },
    {
      "type": "Feature",
      "properties": {
        "@id": "way/378944399",
        "amenity": "hospital",
        "barrier": "fence",
        "healthcare": "hospital",
        "name": "Karlovarská krajská nemocnice a.s."
      },
      "geometry": {
        "type": "Polygon",
        "coordinates": [
          [
            [
              12.8739708,
              50.233811
            ],
            [
              12.8739147,
              50.2337181
            ],
            [
              12.8738406,
              50.2334106
            ],
            [
              12.8738917,
              50.2334003
            ],
            [
              12.8739569,
              50.2333687
            ],
            [
              12.873749,
              50.2329838
            ],
            [
              12.8737657,
              50.2329512
            ],
            [
              12.8737753,
              50.2328341
            ],
            [
              12.8737667,
              50.2324838
            ],
            [
              12.8738918,
              50.232336
            ],
            [
              12.8739728,
              50.2322146
            ],
            [
              12.8740133,
              50.232125
            ],
            [
              12.8740634,
              50.2320507
            ],
            [
              12.8741978,
              50.2320873
            ],
            [
              12.8742532,
              50.2321033
            ],
            [
              12.8742864,
              50.2321128
            ],
            [
              12.8743826,
              50.232137
            ],
            [
              12.8744939,
              50.2321475
            ],
            [
              12.8745835,
              50.2321379
            ],
            [
              12.8746681,
              50.2321087
            ],
            [
              12.8750478,
              50.2319154
            ],
            [
              12.8759647,
              50.2322558
            ],
            [
              12.8757054,
              50.2325584
            ],
            [
              12.8758277,
              50.2326016
            ],
            [
              12.8762312,
              50.2325822
            ],
            [
              12.8768544,
              50.2328254
            ],
            [
              12.8769881,
              50.2329998
            ],
            [
              12.8770338,
              50.2330366
            ],
            [
              12.8770633,
              50.2330066
            ],
            [
              12.8776165,
              50.2332118
            ],
            [
              12.8776899,
              50.2332213
            ],
            [
              12.877791,
              50.2332629
            ],
            [
              12.87789,
              50.2331394
            ],
            [
              12.8780352,
              50.233195
            ],
            [
              12.8781672,
              50.2330432
            ],
            [
              12.8784599,
              50.2331513
            ],
            [
              12.8782761,
              50.2333615
            ],
            [
              12.8781909,
              50.2334768
            ],
            [
              12.8781479,
              50.2334615
            ],
            [
              12.8779316,
              50.233729
            ],
            [
              12.8781276,
              50.2337983
            ],
            [
              12.87804,
              50.2338981
            ],
            [
              12.8778725,
              50.2341069
            ],
            [
              12.8778466,
              50.2340963
            ],
            [
              12.8777894,
              50.2340966
            ],
            [
              12.8777268,
              50.2340917
            ],
            [
              12.877662,
              50.2341327
            ],
            [
              12.8775999,
              50.2341319
            ],
            [
              12.8775699,
              50.2340855
            ],
            [
              12.8766165,
              50.2340396
            ],
            [
              12.8761897,
              50.2339956
            ],
            [
              12.8760987,
              50.2339701
            ],
            [
              12.8760111,
              50.2339599
            ],
            [
              12.8760144,
              50.2339485
            ],
            [
              12.8757501,
              50.233914
            ],
            [
              12.8756626,
              50.2339766
            ],
            [
              12.8749024,
              50.2341774
            ],
            [
              12.8748228,
              50.2341776
            ],
            [
              12.8746691,
              50.2341284
            ],
            [
              12.8745946,
              50.2341011
            ],
            [
              12.8744666,
              50.2340273
            ],
            [
              12.8743231,
              50.2339531
            ],
            [
              12.8741939,
              50.233924
            ],
            [
              12.874119,
              50.233897
            ],
            [
              12.8740321,
              50.2338566
            ],
            [
              12.8739708,
              50.233811
            ]
          ]
        ]
      },
      "id": "way/378944399"
    },
    {
      "type": "Feature",
      "properties": {
        "@id": "way/380764824",
        "amenity": "hospital",
        "healthcare": "hospital",
        "name": "FN u sv. Anny",
        "old_name": "klášter dominikánek",
        "source": "uhul:ortofoto",
        "website": "https://www.fnusa.cz/"
      },
      "geometry": {
        "type": "Polygon",
        "coordinates": [
          [
            [
              16.601739,
              49.1888688
            ],
            [
              16.6015949,
              49.1889229
            ],
            [
              16.6013805,
              49.1886776
            ],
            [
              16.6015244,
              49.1886235
            ],
            [
              16.601739,
              49.1888688
            ]
          ]
        ]
      },
      "id": "way/380764824"
    },
    {
      "type": "Feature",
      "properties": {
        "@id": "way/388451091",
        "amenity": "hospital",
        "contact:website": "https://www.nemopisek.cz/",
        "healthcare": "hospital",
        "name": "Nemocnice Písek, a.s."
      },
      "geometry": {
        "type": "Polygon",
        "coordinates": [
          [
            [
              14.1548704,
              49.3010675
            ],
            [
              14.154849,
              49.3007735
            ],
            [
              14.1551031,
              49.3005524
            ],
            [
              14.1552748,
              49.3005368
            ],
            [
              14.1554151,
              49.3005428
            ],
            [
              14.1559437,
              49.3005634
            ],
            [
              14.1560724,
              49.3005224
            ],
            [
              14.156155,
              49.300518
            ],
            [
              14.1562041,
              49.3004897
            ],
            [
              14.1562676,
              49.3004805
            ],
            [
              14.1563224,
              49.3004601
            ],
            [
              14.1564087,
              49.3004762
            ],
            [
              14.1566989,
              49.3004286
            ],
            [
              14.1567342,
              49.3000338
            ],
            [
              14.156816,
              49.2998931
            ],
            [
              14.1573182,
              49.2999898
            ],
            [
              14.1574672,
              49.2999598
            ],
            [
              14.1574854,
              49.2999973
            ],
            [
              14.1575335,
              49.2999867
            ],
            [
              14.157513,
              49.2999492
            ],
            [
              14.1579213,
              49.2998675
            ],
            [
              14.1579922,
              49.3000692
            ],
            [
              14.1592726,
              49.3003781
            ],
            [
              14.1591928,
              49.300478
            ],
            [
              14.1597939,
              49.300435
            ],
            [
              14.1604906,
              49.3007956
            ],
            [
              14.1604591,
              49.3008253
            ],
            [
              14.1604238,
              49.3008691
            ],
            [
              14.16044,
              49.3008971
            ],
            [
              14.1604331,
              49.3009209
            ],
            [
              14.1603862,
              49.3010007
            ],
            [
              14.1601965,
              49.3012261
            ],
            [
              14.1599757,
              49.30145
            ],
            [
              14.1599349,
              49.3015079
            ],
            [
              14.1599145,
              49.301538
            ],
            [
              14.1598707,
              49.3015858
            ],
            [
              14.1583393,
              49.3030435
            ],
            [
              14.1579984,
              49.3033696
            ],
            [
              14.1578284,
              49.3035424
            ],
            [
              14.1577177,
              49.3036108
            ],
            [
              14.1574549,
              49.3036158
            ],
            [
              14.157385,
              49.303612
            ],
            [
              14.1573795,
              49.3036365
            ],
            [
              14.1573702,
              49.3036365
            ],
            [
              14.1573728,
              49.303669
            ],
            [
              14.1573384,
              49.3036774
            ],
            [
              14.1573687,
              49.3037256
            ],
            [
              14.1573508,
              49.3037741
            ],
            [
              14.1573153,
              49.3038223
            ],
            [
              14.1573032,
              49.3038759
            ],
            [
              14.1573116,
              49.3039422
            ],
            [
              14.1569691,
              49.3041229
            ],
            [
              14.1567897,
              49.3042108
            ],
            [
              14.156754,
              49.3041792
            ],
            [
              14.156724,
              49.3041526
            ],
            [
              14.1564681,
              49.3041322
            ],
            [
              14.1561982,
              49.304229
            ],
            [
              14.1561197,
              49.3042541
            ],
            [
              14.1557741,
              49.3043382
            ],
            [
              14.1553231,
              49.3044276
            ],
            [
              14.1553206,
              49.3044033
            ],
            [
              14.1552856,
              49.3044118
            ],
            [
              14.1551929,
              49.3036438
            ],
            [
              14.155528,
              49.3035522
            ],
            [
              14.155575,
              49.3035455
            ],
            [
              14.1557816,
              49.3035365
            ],
            [
              14.1558589,
              49.3035656
            ],
            [
              14.1558831,
              49.3035721
            ],
            [
              14.1558958,
              49.3035826
            ],
            [
              14.1559024,
              49.3035972
            ],
            [
              14.1559476,
              49.3035964
            ],
            [
              14.1559252,
              49.3034125
            ],
            [
              14.1558995,
              49.3032622
            ],
            [
              14.1558766,
              49.3030528
            ],
            [
              14.1550934,
              49.3031315
            ],
            [
              14.1550447,
              49.3031022
            ],
            [
              14.1550438,
              49.3030898
            ],
            [
              14.1550315,
              49.3029231
            ],
            [
              14.1550093,
              49.3026976
            ],
            [
              14.1549895,
              49.3024655
            ],
            [
              14.1549774,
              49.3023141
            ],
            [
              14.1549464,
              49.3019449
            ],
            [
              14.1549394,
              49.3018609
            ],
            [
              14.154913,
              49.3015469
            ],
            [
              14.1548878,
              49.3012756
            ],
            [
              14.1548704,
              49.3010675
            ]
          ]
        ]
      },
      "id": "way/388451091"
    },
    {
      "type": "Feature",
      "properties": {
        "@id": "way/398926478",
        "amenity": "hospital",
        "healthcare": "hospital",
        "name": "Sušická nemocnice",
        "website": "https://www.susnem.cz/"
      },
      "geometry": {
        "type": "Polygon",
        "coordinates": [
          [
            [
              13.5267197,
              49.2289873
            ],
            [
              13.5267799,
              49.2291057
            ],
            [
              13.5269637,
              49.2307117
            ],
            [
              13.5261262,
              49.2307585
            ],
            [
              13.5260276,
              49.2308295
            ],
            [
              13.5259185,
              49.230908
            ],
            [
              13.5257456,
              49.2310325
            ],
            [
              13.5257379,
              49.2309804
            ],
            [
              13.5256866,
              49.2309836
            ],
            [
              13.5256838,
              49.2309652
            ],
            [
              13.5256057,
              49.2309703
            ],
            [
              13.5255788,
              49.2309679
            ],
            [
              13.5254722,
              49.2309584
            ],
            [
              13.5253951,
              49.2309675
            ],
            [
              13.5252097,
              49.2303203
            ],
            [
              13.5252014,
              49.2302869
            ],
            [
              13.5251666,
              49.2300622
            ],
            [
              13.525079,
              49.2295829
            ],
            [
              13.5250242,
              49.2294556
            ],
            [
              13.5251592,
              49.2294254
            ],
            [
              13.5253361,
              49.2293693
            ],
            [
              13.5254132,
              49.2293449
            ],
            [
              13.5257034,
              49.2292623
            ],
            [
              13.5259655,
              49.2291877
            ],
            [
              13.5260217,
              49.2291703
            ],
            [
              13.5267197,
              49.2289873
            ]
          ]
        ]
      },
      "id": "way/398926478"
    },
    {
      "type": "Feature",
      "properties": {
        "@id": "way/410706697",
        "addr:housenumber": "1000",
        "addr:postcode": "51101",
        "addr:street": "28. října",
        "amenity": "hospital",
        "email": "nemtur@nemlib.cz",
        "emergency": "yes",
        "name": "Panochova nemocnice Turnov",
        "phone": "+420 481 446 111",
        "source": "cuzk:ruian",
        "website": "https://www.nemlib.cz/turnov"
      },
      "geometry": {
        "type": "Polygon",
        "coordinates": [
          [
            [
              15.1678988,
              50.5890997
            ],
            [
              15.1678763,
              50.5890201
            ],
            [
              15.1678508,
              50.5889321
            ],
            [
              15.1679745,
              50.5886517
            ],
            [
              15.1679917,
              50.5886113
            ],
            [
              15.1681508,
              50.5884955
            ],
            [
              15.1683853,
              50.5885178
            ],
            [
              15.1684186,
              50.5884369
            ],
            [
              15.1690316,
              50.58854
            ],
            [
              15.1690605,
              50.588481
            ],
            [
              15.1690446,
              50.5884438
            ],
            [
              15.16909,
              50.5884204
            ],
            [
              15.1692161,
              50.5881624
            ],
            [
              15.1705195,
              50.5884237
            ],
            [
              15.1714794,
              50.5886115
            ],
            [
              15.1718536,
              50.5887364
            ],
            [
              15.1718693,
              50.5890198
            ],
            [
              15.1718476,
              50.5890728
            ],
            [
              15.171759,
              50.5892894
            ],
            [
              15.1715586,
              50.5899421
            ],
            [
              15.1715717,
              50.58997
            ],
            [
              15.1708664,
              50.589825
            ],
            [
              15.170136,
              50.5896745
            ],
            [
              15.1701685,
              50.5896012
            ],
            [
              15.1694713,
              50.5894985
            ],
            [
              15.1692773,
              50.5895153
            ],
            [
              15.1687194,
              50.5894104
            ],
            [
              15.168545,
              50.5893776
            ],
            [
              15.1683851,
              50.5893038
            ],
            [
              15.1679283,
              50.5892211
            ],
            [
              15.1678988,
              50.5890997
            ]
          ]
        ]
      },
      "id": "way/410706697"
    },
    {
      "type": "Feature",
      "properties": {
        "@id": "way/410784886",
        "alt_name": "Klaudiánka",
        "amenity": "hospital",
        "emergency": "yes",
        "healthcare": "hospital",
        "healthcare:speciality": "general",
        "name": "Klaudiánova nemocnice",
        "website": "http://klaudianovanemocnice.cz/"
      },
      "geometry": {
        "type": "Polygon",
        "coordinates": [
          [
            [
              14.9105213,
              50.4186549
            ],
            [
              14.9098801,
              50.4188182
            ],
            [
              14.9091192,
              50.4190138
            ],
            [
              14.9090332,
              50.4189016
            ],
            [
              14.9086864,
              50.4184458
            ],
            [
              14.908618,
              50.4183501
            ],
            [
              14.9086328,
              50.4183458
            ],
            [
              14.9086091,
              50.4183121
            ],
            [
              14.9086046,
              50.4183137
            ],
            [
              14.9085695,
              50.4183237
            ],
            [
              14.9085102,
              50.4183405
            ],
            [
              14.908415,
              50.4183675
            ],
            [
              14.9083981,
              50.4183723
            ],
            [
              14.9084186,
              50.4183949
            ],
            [
              14.9084577,
              50.4184482
            ],
            [
              14.9085186,
              50.4185312
            ],
            [
              14.9085496,
              50.4185733
            ],
            [
              14.9086105,
              50.4186562
            ],
            [
              14.9086496,
              50.4187093
            ],
            [
              14.9086402,
              50.4187121
            ],
            [
              14.9087497,
              50.4188659
            ],
            [
              14.9087631,
              50.4188847
            ],
            [
              14.9088004,
              50.418937
            ],
            [
              14.9088813,
              50.4190505
            ],
            [
              14.9088757,
              50.4190683
            ],
            [
              14.9088598,
              50.4190855
            ],
            [
              14.9086471,
              50.4191378
            ],
            [
              14.9086398,
              50.419121
            ],
            [
              14.9085008,
              50.4191437
            ],
            [
              14.908498,
              50.4191365
            ],
            [
              14.9081063,
              50.4192003
            ],
            [
              14.9076143,
              50.4192772
            ],
            [
              14.907618,
              50.4192866
            ],
            [
              14.9074792,
              50.4193093
            ],
            [
              14.907483,
              50.419329
            ],
            [
              14.9071075,
              50.4193837
            ],
            [
              14.907031,
              50.4193734
            ],
            [
              14.9069479,
              50.4193136
            ],
            [
              14.9066676,
              50.4186941
            ],
            [
              14.9076043,
              50.4185286
            ],
            [
              14.9077119,
              50.4185096
            ],
            [
              14.9077306,
              50.4185299
            ],
            [
              14.9083675,
              50.4183285
            ],
            [
              14.9083831,
              50.4183238
            ],
            [
              14.9084768,
              50.4182973
            ],
            [
              14.9085369,
              50.4182804
            ],
            [
              14.9085505,
              50.4182765
            ],
            [
              14.908574,
              50.4182699
            ],
            [
              14.9100499,
              50.4178434
            ],
            [
              14.9100922,
              50.4178206
            ],
            [
              14.9101259,
              50.4178092
            ],
            [
              14.9101813,
              50.4177957
            ],
            [
              14.910232,
              50.4177904
            ],
            [
              14.9102698,
              50.4177795
            ],
            [
              14.9102245,
              50.4177171
            ],
            [
              14.9101539,
              50.4176176
            ],
            [
              14.9098673,
              50.4172147
            ],
            [
              14.9097781,
              50.4170898
            ],
            [
              14.9100876,
              50.4170036
            ],
            [
              14.9101308,
              50.4169907
            ],
            [
              14.9101962,
              50.4170777
            ],
            [
              14.9102844,
              50.4170527
            ],
            [
              14.9103019,
              50.4170633
            ],
            [
              14.9103142,
              50.417083
            ],
            [
              14.9104181,
              50.4170557
            ],
            [
              14.9104694,
              50.4171258
            ],
            [
              14.9105583,
              50.4171004
            ],
            [
              14.9110199,
              50.4169685
            ],
            [
              14.9111889,
              50.4169202
            ],
            [
              14.9114752,
              50.4173278
            ],
            [
              14.9115705,
              50.4173008
            ],
            [
              14.9115678,
              50.4173092
            ],
            [
              14.9115718,
              50.4173172
            ],
            [
              14.9115786,
              50.4173223
            ],
            [
              14.911588,
              50.4173249
            ],
            [
              14.9115957,
              50.417326
            ],
            [
              14.9116307,
              50.4173765
            ],
            [
              14.9117102,
              50.4173543
            ],
            [
              14.9117373,
              50.4173513
            ],
            [
              14.9117501,
              50.4173545
            ],
            [
              14.9117608,
              50.4173596
            ],
            [
              14.9117726,
              50.4173671
            ],
            [
              14.9117823,
              50.4173763
            ],
            [
              14.9117877,
              50.4173859
            ],
            [
              14.9117856,
              50.4173964
            ],
            [
              14.9117823,
              50.417406
            ],
            [
              14.9117736,
              50.4174154
            ],
            [
              14.9117607,
              50.4174223
            ],
            [
              14.9118562,
              50.4173975
            ],
            [
              14.9120318,
              50.417625
            ],
            [
              14.9121265,
              50.4175938
            ],
            [
              14.9121826,
              50.4176657
            ],
            [
              14.9122649,
              50.4177726
            ],
            [
              14.9122867,
              50.4177659
            ],
            [
              14.9123676,
              50.41787
            ],
            [
              14.9123455,
              50.4178768
            ],
            [
              14.9124024,
              50.4179494
            ],
            [
              14.9124574,
              50.4180196
            ],
            [
              14.9125085,
              50.4180863
            ],
            [
              14.9124278,
              50.4181141
            ],
            [
              14.9124544,
              50.4181548
            ],
            [
              14.9105213,
              50.4186549
            ]
          ]
        ]
      },
      "id": "way/410784886"
    },
    {
      "type": "Feature",
      "properties": {
        "@id": "way/425981012",
        "amenity": "hospital",
        "healthcare": "hospital",
        "name": "Nemocnice následné péče"
      },
      "geometry": {
        "type": "Polygon",
        "coordinates": [
          [
            [
              15.3711099,
              50.5277582
            ],
            [
              15.3714534,
              50.5274899
            ],
            [
              15.3726188,
              50.5280931
            ],
            [
              15.3722753,
              50.5283613
            ],
            [
              15.3711099,
              50.5277582
            ]
          ]
        ]
      },
      "id": "way/425981012"
    },
    {
      "type": "Feature",
      "properties": {
        "@id": "way/427635896",
        "addr:housenumber": "652",
        "addr:postcode": "57014",
        "addr:street": "J. E. Purkyně",
        "amenity": "hospital",
        "email": "posta.litomysl@nempk.cz",
        "healthcare": "hospital",
        "name": "Litomyšlská nemocnice",
        "opening_hours": "24/7",
        "phone": "+420 461 655 111",
        "website": "http://litomysl.nempk.cz"
      },
      "geometry": {
        "type": "Polygon",
        "coordinates": [
          [
            [
              16.3120361,
              49.8650749
            ],
            [
              16.3121308,
              49.8648957
            ],
            [
              16.3124879,
              49.8642199
            ],
            [
              16.3129004,
              49.8634523
            ],
            [
              16.3134845,
              49.8624058
            ],
            [
              16.3135309,
              49.862321
            ],
            [
              16.3148557,
              49.8626245
            ],
            [
              16.3151013,
              49.8625913
            ],
            [
              16.3151685,
              49.8628326
            ],
            [
              16.3148274,
              49.8631526
            ],
            [
              16.3147124,
              49.86326
            ],
            [
              16.3146701,
              49.8632994
            ],
            [
              16.3144613,
              49.8634909
            ],
            [
              16.314311,
              49.8636315
            ],
            [
              16.3148219,
              49.8638637
            ],
            [
              16.3148784,
              49.8638895
            ],
            [
              16.314786,
              49.8639786
            ],
            [
              16.3147702,
              49.8639932
            ],
            [
              16.314865,
              49.8640558
            ],
            [
              16.3148922,
              49.8640684
            ],
            [
              16.3148584,
              49.8640995
            ],
            [
              16.3148108,
              49.8641432
            ],
            [
              16.3147897,
              49.864161
            ],
            [
              16.3149591,
              49.864244
            ],
            [
              16.3147162,
              49.8645091
            ],
            [
              16.3142074,
              49.8649418
            ],
            [
              16.3141387,
              49.8650103
            ],
            [
              16.3140141,
              49.8651642
            ],
            [
              16.3140963,
              49.8651943
            ],
            [
              16.3141674,
              49.8652254
            ],
            [
              16.314142,
              49.8652545
            ],
            [
              16.3140242,
              49.8653892
            ],
            [
              16.3136994,
              49.8657314
            ],
            [
              16.313773,
              49.8657841
            ],
            [
              16.3131963,
              49.8661258
            ],
            [
              16.3131546,
              49.8661505
            ],
            [
              16.3130152,
              49.866233
            ],
            [
              16.3129281,
              49.8662846
            ],
            [
              16.3128467,
              49.8663353
            ],
            [
              16.3127101,
              49.866231
            ],
            [
              16.3126974,
              49.8662411
            ],
            [
              16.3126944,
              49.8662393
            ],
            [
              16.3124813,
              49.8661114
            ],
            [
              16.3124076,
              49.866067
            ],
            [
              16.312361,
              49.8660391
            ],
            [
              16.3123154,
              49.8660057
            ],
            [
              16.3120533,
              49.8657907
            ],
            [
              16.3117823,
              49.865547
            ],
            [
              16.3120312,
              49.8650838
            ],
            [
              16.3120361,
              49.8650749
            ]
          ]
        ]
      },
      "id": "way/427635896"
    },
    {
      "type": "Feature",
      "properties": {
        "@id": "way/466038773",
        "amenity": "hospital"
      },
      "geometry": {
        "type": "Polygon",
        "coordinates": [
          [
            [
              18.5503761,
              49.849278
            ],
            [
              18.5502679,
              49.8493676
            ],
            [
              18.5499731,
              49.8491969
            ],
            [
              18.5497529,
              49.8490694
            ],
            [
              18.54976,
              49.8490642
            ],
            [
              18.5494683,
              49.8488952
            ],
            [
              18.5487097,
              49.8484681
            ],
            [
              18.5484804,
              49.848336
            ],
            [
              18.548575,
              49.8482657
            ],
            [
              18.5483147,
              49.848117
            ],
            [
              18.548337,
              49.8481037
            ],
            [
              18.5477325,
              49.8477498
            ],
            [
              18.5477018,
              49.8477357
            ],
            [
              18.5477883,
              49.8468798
            ],
            [
              18.5477698,
              49.8468139
            ],
            [
              18.5477198,
              49.8466346
            ],
            [
              18.5480154,
              49.8464423
            ],
            [
              18.5486849,
              49.845794
            ],
            [
              18.5491676,
              49.8458133
            ],
            [
              18.5494871,
              49.8455664
            ],
            [
              18.5499142,
              49.8455918
            ],
            [
              18.5502205,
              49.8454063
            ],
            [
              18.5503481,
              49.8453624
            ],
            [
              18.5504585,
              49.8453492
            ],
            [
              18.5508226,
              49.8454257
            ],
            [
              18.5508703,
              49.8454573
            ],
            [
              18.5512198,
              49.8457517
            ],
            [
              18.5513096,
              49.8458268
            ],
            [
              18.5516758,
              49.8460565
            ],
            [
              18.5517623,
              49.84602
            ],
            [
              18.5518821,
              49.8460543
            ],
            [
              18.5534343,
              49.8468253
            ],
            [
              18.5527822,
              49.8474064
            ],
            [
              18.5528122,
              49.8474235
            ],
            [
              18.5523836,
              49.8478078
            ],
            [
              18.5523295,
              49.8478536
            ],
            [
              18.5521449,
              49.8479888
            ],
            [
              18.5519614,
              49.8481203
            ],
            [
              18.5507063,
              49.8490472
            ],
            [
              18.5506133,
              49.8491158
            ],
            [
              18.5504926,
              49.8491901
            ],
            [
              18.5503761,
              49.849278
            ]
          ]
        ]
      },
      "id": "way/466038773"
    },
    {
      "type": "Feature",
      "properties": {
        "@id": "way/471161698",
        "amenity": "hospital"
      },
      "geometry": {
        "type": "Polygon",
        "coordinates": [
          [
            [
              18.3504143,
              49.8180127
            ],
            [
              18.352159,
              49.8181194
            ],
            [
              18.3531985,
              49.8180682
            ],
            [
              18.3538548,
              49.818243
            ],
            [
              18.3539089,
              49.8187189
            ],
            [
              18.3525653,
              49.8188852
            ],
            [
              18.3515004,
              49.8192048
            ],
            [
              18.3509224,
              49.8186642
            ],
            [
              18.3508103,
              49.818155
            ],
            [
              18.3504143,
              49.8180127
            ]
          ]
        ]
      },
      "id": "way/471161698"
    },
    {
      "type": "Feature",
      "properties": {
        "@id": "way/476073804",
        "amenity": "hospital",
        "healthcare": "hospital",
        "name": "Ústav hematologie a krevní transfuze",
        "website": "https://www.uhkt.cz/"
      },
      "geometry": {
        "type": "Polygon",
        "coordinates": [
          [
            [
              14.4207751,
              50.0753691
            ],
            [
              14.4207535,
              50.075305
            ],
            [
              14.4207443,
              50.0752786
            ],
            [
              14.4207392,
              50.075274
            ],
            [
              14.4207288,
              50.0752671
            ],
            [
              14.4207344,
              50.075258
            ],
            [
              14.420738,
              50.0752574
            ],
            [
              14.4207305,
              50.0752362
            ],
            [
              14.4207264,
              50.0752367
            ],
            [
              14.4207139,
              50.0752302
            ],
            [
              14.4207181,
              50.0752235
            ],
            [
              14.4207186,
              50.0752219
            ],
            [
              14.4207205,
              50.0752164
            ],
            [
              14.4206093,
              50.074905
            ],
            [
              14.4206066,
              50.0749049
            ],
            [
              14.4206042,
              50.0749042
            ],
            [
              14.4206024,
              50.0749029
            ],
            [
              14.4206014,
              50.0749014
            ],
            [
              14.4206014,
              50.0748997
            ],
            [
              14.4206023,
              50.0748981
            ],
            [
              14.4206041,
              50.0748968
            ],
            [
              14.4206061,
              50.0748962
            ],
            [
              14.4206009,
              50.074882
            ],
            [
              14.4205957,
              50.0748678
            ],
            [
              14.4205941,
              50.0748675
            ],
            [
              14.4205917,
              50.0748668
            ],
            [
              14.4205897,
              50.0748657
            ],
            [
              14.4205885,
              50.0748641
            ],
            [
              14.4205882,
              50.0748624
            ],
            [
              14.4205888,
              50.0748608
            ],
            [
              14.4205902,
              50.0748593
            ],
            [
              14.4205923,
              50.0748583
            ],
            [
              14.4205042,
              50.074616
            ],
            [
              14.4204738,
              50.0746196
            ],
            [
              14.4204458,
              50.0745384
            ],
            [
              14.4204738,
              50.0745342
            ],
            [
              14.4201911,
              50.0737352
            ],
            [
              14.4201609,
              50.0737399
            ],
            [
              14.4201422,
              50.0736857
            ],
            [
              14.4201235,
              50.0736315
            ],
            [
              14.420122,
              50.0736272
            ],
            [
              14.4201789,
              50.0736196
            ],
            [
              14.4201789,
              50.0736235
            ],
            [
              14.4204136,
              50.0735898
            ],
            [
              14.4204319,
              50.0735891
            ],
            [
              14.42045,
              50.073591
            ],
            [
              14.4204671,
              50.0735952
            ],
            [
              14.4205593,
              50.0736002
            ],
            [
              14.4208624,
              50.0736184
            ],
            [
              14.4210927,
              50.0736319
            ],
            [
              14.4210923,
              50.0736337
            ],
            [
              14.4212709,
              50.073644
            ],
            [
              14.4213312,
              50.0736482
            ],
            [
              14.421505,
              50.0736603
            ],
            [
              14.421513,
              50.0736923
            ],
            [
              14.4215565,
              50.0738809
            ],
            [
              14.4215573,
              50.0738845
            ],
            [
              14.4216005,
              50.074082
            ],
            [
              14.4219071,
              50.0740821
            ],
            [
              14.4218744,
              50.0743733
            ],
            [
              14.4221622,
              50.0743891
            ],
            [
              14.4220827,
              50.0749453
            ],
            [
              14.4220801,
              50.0749823
            ],
            [
              14.4220893,
              50.0749823
            ],
            [
              14.4220703,
              50.0751627
            ],
            [
              14.4220026,
              50.0751668
            ],
            [
              14.4219732,
              50.0751676
            ],
            [
              14.4217055,
              50.0751825
            ],
            [
              14.4214941,
              50.0752111
            ],
            [
              14.4214677,
              50.0750893
            ],
            [
              14.4213597,
              50.0750981
            ],
            [
              14.4213789,
              50.0752226
            ],
            [
              14.421365,
              50.0752251
            ],
            [
              14.4213109,
              50.0752312
            ],
            [
              14.4212964,
              50.0752318
            ],
            [
              14.4213165,
              50.0753105
            ],
            [
              14.4213175,
              50.0753145
            ],
            [
              14.4209724,
              50.0753499
            ],
            [
              14.420958,
              50.0752884
            ],
            [
              14.420867,
              50.0752957
            ],
            [
              14.4208288,
              50.0752988
            ],
            [
              14.4208472,
              50.075364
            ],
            [
              14.4207769,
              50.0753722
            ],
            [
              14.4207751,
              50.0753691
            ]
          ]
        ]
      },
      "id": "way/476073804"
    },
    {
      "type": "Feature",
      "properties": {
        "@id": "way/476088079",
        "amenity": "hospital",
        "name": "Nemocnice Hustopeče p.o."
      },
      "geometry": {
        "type": "Polygon",
        "coordinates": [
          [
            [
              16.7301701,
              48.9456103
            ],
            [
              16.7298387,
              48.9454715
            ],
            [
              16.729775,
              48.945429
            ],
            [
              16.7288397,
              48.9448046
            ],
            [
              16.7285849,
              48.9445597
            ],
            [
              16.7289926,
              48.9443849
            ],
            [
              16.7292548,
              48.9445536
            ],
            [
              16.7293192,
              48.9445108
            ],
            [
              16.729631,
              48.9447053
            ],
            [
              16.7301835,
              48.9443323
            ],
            [
              16.7304946,
              48.9443146
            ],
            [
              16.7311411,
              48.9446952
            ],
            [
              16.7305228,
              48.9452536
            ],
            [
              16.7301701,
              48.9456103
            ]
          ]
        ]
      },
      "id": "way/476088079"
    },
    {
      "type": "Feature",
      "properties": {
        "@id": "way/480440580",
        "addr:city": "Karlovy Vary",
        "addr:housenumber": "390/98C",
        "addr:postcode": "36006",
        "addr:street": "Závodní",
        "amenity": "hospital",
        "building": "civic",
        "building:levels": "4",
        "building:ruian:type": "15",
        "emergency": "yes",
        "healthcare": "hospital",
        "name": "Územní zdravotnická záchranná služba Karlovarského kraje",
        "ref:ruian:building": "51498588",
        "source": "cuzk:ruian",
        "start_date": "2012-08-10"
      },
      "geometry": {
        "type": "Polygon",
        "coordinates": [
          [
            [
              12.825288,
              50.2210586
            ],
            [
              12.8249851,
              50.2206294
            ],
            [
              12.8251894,
              50.2205702
            ],
            [
              12.8254923,
              50.2209993
            ],
            [
              12.8254365,
              50.2210155
            ],
            [
              12.825288,
              50.2210586
            ]
          ]
        ]
      },
      "id": "way/480440580"
    },
    {
      "type": "Feature",
      "properties": {
        "@id": "way/484468311",
        "amenity": "hospital",
        "building": "residential",
        "building:levels": "1",
        "building:ruian:type": "3",
        "ref:ruian:building": "2058146",
        "source": "cuzk:ruian"
      },
      "geometry": {
        "type": "Polygon",
        "coordinates": [
          [
            [
              14.4469556,
              50.4084568
            ],
            [
              14.4469902,
              50.4083878
            ],
            [
              14.4471194,
              50.4084141
            ],
            [
              14.4470815,
              50.4084877
            ],
            [
              14.4470521,
              50.4084815
            ],
            [
              14.4470083,
              50.408568
            ],
            [
              14.4469001,
              50.4085456
            ],
            [
              14.446907,
              50.4085319
            ],
            [
              14.4468621,
              50.4085227
            ],
            [
              14.4469008,
              50.4084456
            ],
            [
              14.4469556,
              50.4084568
            ]
          ]
        ]
      },
      "id": "way/484468311"
    },
    {
      "type": "Feature",
      "properties": {
        "@id": "way/488913859",
        "addr:city": "Sadská",
        "addr:housenumber": "515",
        "addr:postcode": "28912",
        "addr:street": "Lázeňská",
        "amenity": "hospital",
        "email": "hts@lsadska.cz",
        "fax": "+420325594559",
        "healthcare": "hospital",
        "name": "Psychiatrická nemocnice Kosmonosy, pracoviště Sadská",
        "phone": "+420325594473"
      },
      "geometry": {
        "type": "Polygon",
        "coordinates": [
          [
            [
              14.9821772,
              50.1524449
            ],
            [
              14.9810353,
              50.1523745
            ],
            [
              14.9810101,
              50.1518442
            ],
            [
              14.980991,
              50.1514439
            ],
            [
              14.9821652,
              50.1514226
            ],
            [
              14.9821772,
              50.1524449
            ]
          ]
        ]
      },
      "id": "way/488913859"
    },
    {
      "type": "Feature",
      "properties": {
        "@id": "way/493475907",
        "amenity": "hospital",
        "healthcare": "hospital"
      },
      "geometry": {
        "type": "Polygon",
        "coordinates": [
          [
            [
              17.4715719,
              49.0399216
            ],
            [
              17.4716251,
              49.0399128
            ],
            [
              17.4716974,
              49.0399008
            ],
            [
              17.4718162,
              49.0398812
            ],
            [
              17.4718356,
              49.0399318
            ],
            [
              17.4718961,
              49.0401257
            ],
            [
              17.4719224,
              49.0401241
            ],
            [
              17.4719697,
              49.0402264
            ],
            [
              17.4717826,
              49.0402683
            ],
            [
              17.4718083,
              49.0403244
            ],
            [
              17.4717574,
              49.0403349
            ],
            [
              17.4715719,
              49.0399216
            ]
          ]
        ]
      },
      "id": "way/493475907"
    },
    {
      "type": "Feature",
      "properties": {
        "@id": "way/501252881",
        "addr:city": "Semily",
        "addr:housenumber": "421",
        "addr:postcode": "51301",
        "addr:street": "3. května",
        "amenity": "hospital",
        "contact:phone": "+420 481 661 111",
        "contact:website": "https://www.nemjil.cz/semily/",
        "emergency": "yes",
        "healthcare": "hospital",
        "name": "Nemocnice Semily"
      },
      "geometry": {
        "type": "Polygon",
        "coordinates": [
          [
            [
              15.351685,
              50.5977294
            ],
            [
              15.3517333,
              50.5975199
            ],
            [
              15.3521195,
              50.5975284
            ],
            [
              15.3521042,
              50.5974376
            ],
            [
              15.3521921,
              50.5972677
            ],
            [
              15.3521986,
              50.5972552
            ],
            [
              15.3522075,
              50.597238
            ],
            [
              15.352227,
              50.5971984
            ],
            [
              15.3522855,
              50.5970821
            ],
            [
              15.3525595,
              50.5971347
            ],
            [
              15.3526932,
              50.5971611
            ],
            [
              15.3528994,
              50.5971971
            ],
            [
              15.3529511,
              50.59713
            ],
            [
              15.3531668,
              50.5971659
            ],
            [
              15.3533558,
              50.5972082
            ],
            [
              15.3536293,
              50.5973007
            ],
            [
              15.3537658,
              50.5973776
            ],
            [
              15.3538721,
              50.5974618
            ],
            [
              15.3539384,
              50.5975325
            ],
            [
              15.3539927,
              50.5976104
            ],
            [
              15.3541177,
              50.5978223
            ],
            [
              15.3543477,
              50.5984367
            ],
            [
              15.3538817,
              50.5985738
            ],
            [
              15.3536135,
              50.5983593
            ],
            [
              15.3534338,
              50.5983099
            ],
            [
              15.3533372,
              50.5982674
            ],
            [
              15.3532541,
              50.5982078
            ],
            [
              15.3524896,
              50.5979354
            ],
            [
              15.3517762,
              50.5978009
            ],
            [
              15.351685,
              50.5977294
            ]
          ]
        ]
      },
      "id": "way/501252881"
    },
    {
      "type": "Feature",
      "properties": {
        "@id": "way/502231012",
        "amenity": "hospital",
        "healthcare": "hospital",
        "name": "Masarykova městská nemocnice",
        "wikidata": "Q116735759",
        "wikipedia": "cs:Nemocnice Jilemnice"
      },
      "geometry": {
        "type": "Polygon",
        "coordinates": [
          [
            [
              15.4992293,
              50.6130793
            ],
            [
              15.4991555,
              50.6130376
            ],
            [
              15.4990737,
              50.6124397
            ],
            [
              15.4989088,
              50.6124687
            ],
            [
              15.4988337,
              50.6123632
            ],
            [
              15.4988645,
              50.6121989
            ],
            [
              15.4988591,
              50.6120585
            ],
            [
              15.4987679,
              50.6115913
            ],
            [
              15.4985467,
              50.6112577
            ],
            [
              15.498692,
              50.611216
            ],
            [
              15.4993379,
              50.6110772
            ],
            [
              15.4993567,
              50.6110432
            ],
            [
              15.5012718,
              50.6107487
            ],
            [
              15.5014354,
              50.6107641
            ],
            [
              15.5019772,
              50.61153
            ],
            [
              15.5019397,
              50.6116151
            ],
            [
              15.5020067,
              50.6117223
            ],
            [
              15.4992293,
              50.6130793
            ]
          ]
        ]
      },
      "id": "way/502231012"
    },
    {
      "type": "Feature",
      "properties": {
        "@id": "way/503468117",
        "alt_name": "Rokycanská nemocnice",
        "amenity": "hospital",
        "emergency": "yes",
        "healthcare": "hospital",
        "name": "Nemocnice Rokycany",
        "website": "http://www.nemocnice-ro.cz/"
      },
      "geometry": {
        "type": "Polygon",
        "coordinates": [
          [
            [
              13.6040944,
              49.7472337
            ],
            [
              13.6063099,
              49.7471782
            ],
            [
              13.6060854,
              49.7493931
            ],
            [
              13.6057815,
              49.7502181
            ],
            [
              13.6057252,
              49.7502458
            ],
            [
              13.6055135,
              49.7502061
            ],
            [
              13.6042473,
              49.7499685
            ],
            [
              13.6039289,
              49.7498715
            ],
            [
              13.6038718,
              49.7498541
            ],
            [
              13.6038449,
              49.74979
            ],
            [
              13.603807,
              49.7497751
            ],
            [
              13.6031762,
              49.7495574
            ],
            [
              13.6032627,
              49.7494822
            ],
            [
              13.6026768,
              49.7491003
            ],
            [
              13.6026329,
              49.7490332
            ],
            [
              13.6040944,
              49.7472337
            ]
          ]
        ]
      },
      "id": "way/503468117"
    },
    {
      "type": "Feature",
      "properties": {
        "@id": "way/504408838",
        "amenity": "hospital",
        "brand": "Agel",
        "brand:wikidata": "Q41365932",
        "emergency": "yes",
        "healthcare": "hospital",
        "name": "Nemocnice Přerov",
        "website": "https://nemocniceprerov.agel.cz/"
      },
      "geometry": {
        "type": "Polygon",
        "coordinates": [
          [
            [
              17.4764317,
              49.4576644
            ],
            [
              17.4758685,
              49.4582345
            ],
            [
              17.4759348,
              49.4583091
            ],
            [
              17.475849,
              49.4584015
            ],
            [
              17.4756177,
              49.4584054
            ],
            [
              17.4755546,
              49.4584141
            ],
            [
              17.4751939,
              49.4585684
            ],
            [
              17.475049,
              49.4586094
            ],
            [
              17.4746129,
              49.4587388
            ],
            [
              17.473555,
              49.4587518
            ],
            [
              17.4728845,
              49.4584969
            ],
            [
              17.4721509,
              49.4581395
            ],
            [
              17.4716695,
              49.4581421
            ],
            [
              17.4721375,
              49.4576784
            ],
            [
              17.4711719,
              49.4572861
            ],
            [
              17.4716838,
              49.4566311
            ],
            [
              17.4721161,
              49.4560277
            ],
            [
              17.4721657,
              49.4560168
            ],
            [
              17.4728771,
              49.45623
            ],
            [
              17.4732862,
              49.4563542
            ],
            [
              17.4738864,
              49.4566066
            ],
            [
              17.4747312,
              49.4569601
            ],
            [
              17.4752015,
              49.4571553
            ],
            [
              17.4764317,
              49.4576644
            ]
          ]
        ]
      },
      "id": "way/504408838"
    },
    {
      "type": "Feature",
      "properties": {
        "@id": "way/511553213",
        "addr:city": "Sedlčany",
        "addr:housenumber": "161",
        "addr:postcode": "26401",
        "addr:street": "Tyršova",
        "amenity": "hospital",
        "healthcare": "hospital",
        "name": "Nemocnice Sedlčany",
        "operator": "MEDITERRA-Sedlčany, s.r.o."
      },
      "geometry": {
        "type": "Polygon",
        "coordinates": [
          [
            [
              14.4257944,
              49.6586191
            ],
            [
              14.4260416,
              49.6585921
            ],
            [
              14.4262966,
              49.6585976
            ],
            [
              14.4262969,
              49.6585944
            ],
            [
              14.426358,
              49.6585956
            ],
            [
              14.4263577,
              49.6585985
            ],
            [
              14.4266126,
              49.6586036
            ],
            [
              14.4265876,
              49.658722
            ],
            [
              14.4265881,
              49.6588258
            ],
            [
              14.4266364,
              49.6590114
            ],
            [
              14.4267146,
              49.6591308
            ],
            [
              14.4266959,
              49.6591349
            ],
            [
              14.4265621,
              49.6592131
            ],
            [
              14.4263165,
              49.659325
            ],
            [
              14.4262032,
              49.6592139
            ],
            [
              14.4261316,
              49.6591481
            ],
            [
              14.4260931,
              49.6591114
            ],
            [
              14.4260495,
              49.6591301
            ],
            [
              14.4260025,
              49.6590863
            ],
            [
              14.4260086,
              49.6590838
            ],
            [
              14.4258988,
              49.6589844
            ],
            [
              14.4260262,
              49.6589279
            ],
            [
              14.4258658,
              49.6587477
            ],
            [
              14.425855,
              49.6587515
            ],
            [
              14.4258304,
              49.6587031
            ],
            [
              14.4257944,
              49.6586191
            ]
          ]
        ]
      },
      "id": "way/511553213"
    },
    {
      "type": "Feature",
      "properties": {
        "@id": "way/515097041",
        "amenity": "hospital",
        "contact:website": "http://www.plkosmonosy.cz",
        "healthcare": "hospital",
        "name": "Psychiatrická nemocnice Kosmonosy",
        "wikidata": "Q58511900",
        "wikipedia": "cs:Psychiatrická nemocnice Kosmonosy"
      },
      "geometry": {
        "type": "Polygon",
        "coordinates": [
          [
            [
              14.9267844,
              50.4427059
            ],
            [
              14.927609,
              50.4425745
            ],
            [
              14.9276285,
              50.4426271
            ],
            [
              14.9285447,
              50.4424902
            ],
            [
              14.9285258,
              50.4424378
            ],
            [
              14.9287065,
              50.442441
            ],
            [
              14.928864,
              50.442503
            ],
            [
              14.9289393,
              50.4426027
            ],
            [
              14.9290786,
              50.4429545
            ],
            [
              14.9294083,
              50.4433248
            ],
            [
              14.9295005,
              50.443411
            ],
            [
              14.9295897,
              50.4434934
            ],
            [
              14.9296551,
              50.4435438
            ],
            [
              14.9294349,
              50.4435581
            ],
            [
              14.9294227,
              50.4435682
            ],
            [
              14.9293967,
              50.4435704
            ],
            [
              14.9294036,
              50.443591
            ],
            [
              14.9294108,
              50.4436091
            ],
            [
              14.9294336,
              50.4436062
            ],
            [
              14.9294454,
              50.4436135
            ],
            [
              14.9297063,
              50.4435867
            ],
            [
              14.9299662,
              50.4437883
            ],
            [
              14.9298613,
              50.4439382
            ],
            [
              14.9298138,
              50.4439463
            ],
            [
              14.9297791,
              50.4440056
            ],
            [
              14.929802,
              50.4440471
            ],
            [
              14.929762,
              50.4441047
            ],
            [
              14.9295726,
              50.444459
            ],
            [
              14.9294608,
              50.4446224
            ],
            [
              14.9293905,
              50.4447625
            ],
            [
              14.929322,
              50.44481
            ],
            [
              14.9292839,
              50.4448299
            ],
            [
              14.929228,
              50.4448418
            ],
            [
              14.9292372,
              50.4448962
            ],
            [
              14.9292476,
              50.4449472
            ],
            [
              14.9292813,
              50.4449733
            ],
            [
              14.9291984,
              50.4451389
            ],
            [
              14.9287751,
              50.4456079
            ],
            [
              14.9286232,
              50.4457596
            ],
            [
              14.9284693,
              50.4458613
            ],
            [
              14.9283472,
              50.4459061
            ],
            [
              14.9282902,
              50.4459157
            ],
            [
              14.9275212,
              50.445906
            ],
            [
              14.9274086,
              50.4459201
            ],
            [
              14.9272925,
              50.44593
            ],
            [
              14.9269634,
              50.4459806
            ],
            [
              14.9261793,
              50.4463262
            ],
            [
              14.9261176,
              50.4459129
            ],
            [
              14.9244251,
              50.4460376
            ],
            [
              14.9239252,
              50.4444583
            ],
            [
              14.9232423,
              50.4422422
            ],
            [
              14.9231002,
              50.4417793
            ],
            [
              14.9232238,
              50.4417604
            ],
            [
              14.9231766,
              50.4415649
            ],
            [
              14.9235917,
              50.4415119
            ],
            [
              14.9234328,
              50.4409405
            ],
            [
              14.9242133,
              50.4410097
            ],
            [
              14.9244037,
              50.441014
            ],
            [
              14.9245271,
              50.4410046
            ],
            [
              14.9246398,
              50.4409884
            ],
            [
              14.9247685,
              50.4409525
            ],
            [
              14.9248758,
              50.4410652
            ],
            [
              14.9249375,
              50.4415213
            ],
            [
              14.9250045,
              50.4418835
            ],
            [
              14.9254417,
              50.4418698
            ],
            [
              14.9254659,
              50.4419518
            ],
            [
              14.9255251,
              50.4423114
            ],
            [
              14.9255151,
              50.4423116
            ],
            [
              14.9255534,
              50.4424838
            ],
            [
              14.9259762,
              50.4424459
            ],
            [
              14.9259872,
              50.4424916
            ],
            [
              14.9260288,
              50.4424888
            ],
            [
              14.9260698,
              50.442486
            ],
            [
              14.9260891,
              50.4424751
            ],
            [
              14.9260868,
              50.4424386
            ],
            [
              14.9260955,
              50.4424275
            ],
            [
              14.9261136,
              50.4424211
            ],
            [
              14.9262348,
              50.442413
            ],
            [
              14.9265142,
              50.4423933
            ],
            [
              14.9265743,
              50.4426914
            ],
            [
              14.9266873,
              50.4426815
            ],
            [
              14.9266868,
              50.4426796
            ],
            [
              14.9267768,
              50.442672
            ],
            [
              14.9267844,
              50.4427059
            ]
          ]
        ]
      },
      "id": "way/515097041"
    },
    {
      "type": "Feature",
      "properties": {
        "@id": "way/529330253",
        "amenity": "hospital",
        "building": "civic",
        "building:levels": "1",
        "building:ruian:type": "5",
        "healthcare": "hospital",
        "name": "Nemocnice Mariánské Lázně",
        "ref:ruian:building": "24806935",
        "source": "cuzk:ruian"
      },
      "geometry": {
        "type": "Polygon",
        "coordinates": [
          [
            [
              12.7040945,
              49.9610002
            ],
            [
              12.704052,
              49.9610777
            ],
            [
              12.7040601,
              49.9610793
            ],
            [
              12.7040561,
              49.9610863
            ],
            [
              12.7040795,
              49.961092
            ],
            [
              12.7040614,
              49.9611232
            ],
            [
              12.704038,
              49.9611175
            ],
            [
              12.7040338,
              49.9611245
            ],
            [
              12.7040263,
              49.9611224
            ],
            [
              12.7039833,
              49.9612008
            ],
            [
              12.7039798,
              49.9612002
            ],
            [
              12.7039766,
              49.9612039
            ],
            [
              12.7039726,
              49.9612072
            ],
            [
              12.7039679,
              49.96121
            ],
            [
              12.7039625,
              49.9612124
            ],
            [
              12.7039566,
              49.9612142
            ],
            [
              12.7039504,
              49.9612153
            ],
            [
              12.7039439,
              49.9612158
            ],
            [
              12.7039374,
              49.9612157
            ],
            [
              12.703931,
              49.9612149
            ],
            [
              12.7039249,
              49.9612135
            ],
            [
              12.7039192,
              49.9612114
            ],
            [
              12.7039141,
              49.9612088
            ],
            [
              12.7039097,
              49.9612057
            ],
            [
              12.703906,
              49.9612023
            ],
            [
              12.7039033,
              49.9611984
            ],
            [
              12.7039015,
              49.9611944
            ],
            [
              12.7039008,
              49.9611902
            ],
            [
              12.703901,
              49.961186
            ],
            [
              12.7039023,
              49.9611819
            ],
            [
              12.7038682,
              49.9611739
            ],
            [
              12.7039128,
              49.9610957
            ],
            [
              12.7037533,
              49.9610578
            ],
            [
              12.7037888,
              49.9609925
            ],
            [
              12.7037963,
              49.9609947
            ],
            [
              12.703808,
              49.9609743
            ],
            [
              12.7038754,
              49.9609902
            ],
            [
              12.7039116,
              49.960925
            ],
            [
              12.7038443,
              49.9609095
            ],
            [
              12.7039037,
              49.9608024
            ],
            [
              12.7039708,
              49.9608179
            ],
            [
              12.704007,
              49.9607527
            ],
            [
              12.7039396,
              49.9607366
            ],
            [
              12.7039513,
              49.9607162
            ],
            [
              12.7039438,
              49.960714
            ],
            [
              12.7039796,
              49.9606502
            ],
            [
              12.7041086,
              49.9606804
            ],
            [
              12.7041405,
              49.9606878
            ],
            [
              12.7041852,
              49.960609
            ],
            [
              12.704219,
              49.9606171
            ],
            [
              12.704222,
              49.9606132
            ],
            [
              12.704226,
              49.9606098
            ],
            [
              12.7042307,
              49.9606068
            ],
            [
              12.7042362,
              49.9606043
            ],
            [
              12.7042422,
              49.9606024
            ],
            [
              12.7042485,
              49.9606012
            ],
            [
              12.7042551,
              49.9606006
            ],
            [
              12.7042618,
              49.9606008
            ],
            [
              12.7042683,
              49.9606016
            ],
            [
              12.7042746,
              49.9606031
            ],
            [
              12.7042803,
              49.9606052
            ],
            [
              12.7042855,
              49.9606079
            ],
            [
              12.70429,
              49.9606111
            ],
            [
              12.7042935,
              49.9606147
            ],
            [
              12.7042962,
              49.9606187
            ],
            [
              12.7042978,
              49.9606228
            ],
            [
              12.7042984,
              49.9606271
            ],
            [
              12.7042978,
              49.9606314
            ],
            [
              12.7042963,
              49.9606356
            ],
            [
              12.7042985,
              49.9606361
            ],
            [
              12.7042542,
              49.9607146
            ],
            [
              12.7042614,
              49.9607164
            ],
            [
              12.7042578,
              49.9607231
            ],
            [
              12.7042814,
              49.9607284
            ],
            [
              12.7042645,
              49.9607598
            ],
            [
              12.7042407,
              49.9607545
            ],
            [
              12.7042372,
              49.9607611
            ],
            [
              12.7042292,
              49.9607596
            ],
            [
              12.7042121,
              49.9607901
            ],
            [
              12.7042361,
              49.9607956
            ],
            [
              12.7042119,
              49.9608395
            ],
            [
              12.7041876,
              49.9608339
            ],
            [
              12.7041712,
              49.9608634
            ],
            [
              12.7041858,
              49.9608671
            ],
            [
              12.7041687,
              49.9608986
            ],
            [
              12.7041955,
              49.9609043
            ],
            [
              12.7042091,
              49.960923
            ],
            [
              12.7041982,
              49.9609421
            ],
            [
              12.7041686,
              49.9609511
            ],
            [
              12.7041419,
              49.9609454
            ],
            [
              12.7041258,
              49.9609744
            ],
            [
              12.7041319,
              49.9609758
            ],
            [
              12.7041158,
              49.961005
            ],
            [
              12.7040945,
              49.9610002
            ]
          ]
        ]
      },
      "id": "way/529330253"
    },
    {
      "type": "Feature",
      "properties": {
        "@id": "way/542154532",
        "amenity": "hospital",
        "healthcare": "hospital"
      },
      "geometry": {
        "type": "Polygon",
        "coordinates": [
          [
            [
              14.0036701,
              49.0152574
            ],
            [
              14.0037271,
              49.0149809
            ],
            [
              14.0038292,
              49.0150014
            ],
            [
              14.0038362,
              49.0149848
            ],
            [
              14.0039136,
              49.014792
            ],
            [
              14.0039393,
              49.014726
            ],
            [
              14.0040516,
              49.0144518
            ],
            [
              14.0041297,
              49.0143478
            ],
            [
              14.0042625,
              49.0142801
            ],
            [
              14.0044296,
              49.0142761
            ],
            [
              14.0049637,
              49.0143914
            ],
            [
              14.0050962,
              49.0144101
            ],
            [
              14.0050854,
              49.0144605
            ],
            [
              14.0050866,
              49.0145764
            ],
            [
              14.0051754,
              49.0148477
            ],
            [
              14.0052446,
              49.0149413
            ],
            [
              14.0053917,
              49.0151035
            ],
            [
              14.0053711,
              49.0151296
            ],
            [
              14.0054817,
              49.0152024
            ],
            [
              14.0055481,
              49.0153077
            ],
            [
              14.0056624,
              49.0155826
            ],
            [
              14.0056718,
              49.0156465
            ],
            [
              14.0056584,
              49.0157403
            ],
            [
              14.0056844,
              49.0157622
            ],
            [
              14.0056581,
              49.0158293
            ],
            [
              14.0054902,
              49.0158032
            ],
            [
              14.0054877,
              49.0157871
            ],
            [
              14.0052515,
              49.015757
            ],
            [
              14.0052126,
              49.015771
            ],
            [
              14.0052008,
              49.0158008
            ],
            [
              14.0052229,
              49.0158244
            ],
            [
              14.0049639,
              49.0157782
            ],
            [
              14.0048173,
              49.0157419
            ],
            [
              14.0045208,
              49.0156331
            ],
            [
              14.0036353,
              49.0153184
            ],
            [
              14.0036112,
              49.0152926
            ],
            [
              14.0036015,
              49.0152677
            ],
            [
              14.0036016,
              49.015246
            ],
            [
              14.0036701,
              49.0152574
            ]
          ]
        ]
      },
      "id": "way/542154532"
    },
    {
      "type": "Feature",
      "properties": {
        "@id": "way/546989456",
        "addr:housenumber": "237/26",
        "addr:postcode": "28401",
        "addr:street": "Vojtěšská",
        "amenity": "hospital",
        "email": "info@nemkh.cz",
        "emergency": "yes",
        "healthcare": "hospital",
        "name": "Nemocnice Kutná Hora",
        "name:en": "Kutná Hora hospital",
        "opening_hours": "24/7",
        "operator": "Oblastní nemocnice Kolín, a.s., nemocnice Středočeského kraje",
        "operator:type": "public",
        "phone": "+420327503111",
        "start_date": "1938",
        "website": "https://www.nemocnicekutnahora.cz/",
        "wikidata": "Q12040650",
        "wikimedia_commons": "Category:Nemocnice_Kutná_Hora",
        "wikipedia": "cs:Nemocnice Kutná Hora"
      },
      "geometry": {
        "type": "Polygon",
        "coordinates": [
          [
            [
              15.2511799,
              49.9469549
            ],
            [
              15.2513058,
              49.9466514
            ],
            [
              15.2513605,
              49.9463232
            ],
            [
              15.251455,
              49.945545
            ],
            [
              15.2514907,
              49.945253
            ],
            [
              15.2515434,
              49.9452527
            ],
            [
              15.2525512,
              49.9453336
            ],
            [
              15.2526053,
              49.9451724
            ],
            [
              15.2527943,
              49.9451783
            ],
            [
              15.252847,
              49.9450356
            ],
            [
              15.2530797,
              49.945086
            ],
            [
              15.2536094,
              49.9452024
            ],
            [
              15.2536902,
              49.9452198
            ],
            [
              15.2538398,
              49.9452416
            ],
            [
              15.25388,
              49.9452571
            ],
            [
              15.2539567,
              49.9452176
            ],
            [
              15.2540342,
              49.9452714
            ],
            [
              15.2543371,
              49.9454815
            ],
            [
              15.2545588,
              49.9453545
            ],
            [
              15.254667,
              49.9452914
            ],
            [
              15.2546932,
              49.9453497
            ],
            [
              15.2548113,
              49.94544
            ],
            [
              15.2547645,
              49.9454705
            ],
            [
              15.254771,
              49.9454751
            ],
            [
              15.2549819,
              49.9456242
            ],
            [
              15.2548455,
              49.9458379
            ],
            [
              15.2549063,
              49.9458775
            ],
            [
              15.255357,
              49.9459903
            ],
            [
              15.2552032,
              49.9460922
            ],
            [
              15.2555562,
              49.9463456
            ],
            [
              15.2557392,
              49.9464811
            ],
            [
              15.2556264,
              49.9465324
            ],
            [
              15.255608,
              49.9465356
            ],
            [
              15.255571,
              49.9465547
            ],
            [
              15.2555349,
              49.9465733
            ],
            [
              15.2552705,
              49.946692
            ],
            [
              15.2548591,
              49.9468759
            ],
            [
              15.2544318,
              49.9471612
            ],
            [
              15.2543057,
              49.9472788
            ],
            [
              15.2542396,
              49.9472644
            ],
            [
              15.2541764,
              49.9472915
            ],
            [
              15.2534442,
              49.9472199
            ],
            [
              15.2527573,
              49.9467322
            ],
            [
              15.2527479,
              49.9467244
            ],
            [
              15.2527258,
              49.9467397
            ],
            [
              15.2527151,
              49.9467722
            ],
            [
              15.2526915,
              49.9468253
            ],
            [
              15.2526697,
              49.946829
            ],
            [
              15.2525764,
              49.9468154
            ],
            [
              15.2525214,
              49.9468058
            ],
            [
              15.2524999,
              49.9467841
            ],
            [
              15.252476,
              49.946794
            ],
            [
              15.252446,
              49.946764
            ],
            [
              15.2524642,
              49.9467565
            ],
            [
              15.2524345,
              49.9467232
            ],
            [
              15.252417,
              49.946697
            ],
            [
              15.2519133,
              49.9468481
            ],
            [
              15.2518404,
              49.9468636
            ],
            [
              15.2514756,
              49.946825
            ],
            [
              15.2511799,
              49.9469549
            ]
          ]
        ]
      },
      "id": "way/546989456"
    },
    {
      "type": "Feature",
      "properties": {
        "@id": "way/548557138",
        "amenity": "hospital",
        "email": "aeskulap@ldncv.cz",
        "fax": "+420 465 626 436",
        "healthcare": "hospital",
        "healthcare:speciality": "geriatrics;orthopaedics;surgery;urology;diagnostic_radiology",
        "name": "Lečební ústav Červená Voda",
        "operator": "Aesculap s. r. o.",
        "phone": "+420 465 626 321",
        "website": "https://www.aeskulap.cz/"
      },
      "geometry": {
        "type": "Polygon",
        "coordinates": [
          [
            [
              16.7356565,
              50.043513
            ],
            [
              16.7359213,
              50.0434614
            ],
            [
              16.7360957,
              50.0435737
            ],
            [
              16.7362241,
              50.0436611
            ],
            [
              16.736384,
              50.0437544
            ],
            [
              16.7365747,
              50.0438752
            ],
            [
              16.7367533,
              50.0439499
            ],
            [
              16.7370329,
              50.0440604
            ],
            [
              16.7372569,
              50.0441233
            ],
            [
              16.7374367,
              50.0441603
            ],
            [
              16.7374952,
              50.0441782
            ],
            [
              16.7375448,
              50.044199
            ],
            [
              16.7372359,
              50.0444
            ],
            [
              16.7372178,
              50.0444523
            ],
            [
              16.737015,
              50.0445534
            ],
            [
              16.7368919,
              50.0448004
            ],
            [
              16.7360958,
              50.0450869
            ],
            [
              16.7355073,
              50.0448301
            ],
            [
              16.7344304,
              50.044425
            ],
            [
              16.7349765,
              50.0440076
            ],
            [
              16.7352059,
              50.0437278
            ],
            [
              16.7352443,
              50.0436862
            ],
            [
              16.7353236,
              50.0436358
            ],
            [
              16.7355456,
              50.0435371
            ],
            [
              16.7356565,
              50.043513
            ]
          ]
        ]
      },
      "id": "way/548557138"
    },
    {
      "type": "Feature",
      "properties": {
        "@id": "way/577791123",
        "amenity": "hospital",
        "healthcare": "hospital"
      },
      "geometry": {
        "type": "Polygon",
        "coordinates": [
          [
            [
              14.1490366,
              49.3069397
            ],
            [
              14.1490278,
              49.3067534
            ],
            [
              14.1492336,
              49.3067505
            ],
            [
              14.1493578,
              49.306724
            ],
            [
              14.1494652,
              49.3066968
            ],
            [
              14.1495138,
              49.3068176
            ],
            [
              14.1494728,
              49.306828
            ],
            [
              14.1494898,
              49.3068541
            ],
            [
              14.1496038,
              49.3068254
            ],
            [
              14.1497357,
              49.3070034
            ],
            [
              14.1492293,
              49.3072215
            ],
            [
              14.1490366,
              49.3069397
            ]
          ]
        ]
      },
      "id": "way/577791123"
    },
    {
      "type": "Feature",
      "properties": {
        "@id": "way/579894257",
        "addr:city": "Česká Lípa",
        "addr:housenumber": "1849",
        "addr:postcode": "47301",
        "addr:street": "Purkyňova",
        "amenity": "hospital",
        "emergency": "yes",
        "healthcare": "hospital",
        "healthcare:speciality": "paediatrics;emergency;gynaecology;orthopaedics;general",
        "name": "Nemocnice Česká Lípa",
        "wikidata": "Q15119773"
      },
      "geometry": {
        "type": "Polygon",
        "coordinates": [
          [
            [
              14.5465999,
              50.6850347
            ],
            [
              14.5469009,
              50.6849532
            ],
            [
              14.5475291,
              50.6849396
            ],
            [
              14.5482431,
              50.6848794
            ],
            [
              14.5482216,
              50.684693
            ],
            [
              14.548666,
              50.6845939
            ],
            [
              14.5492087,
              50.6844133
            ],
            [
              14.5493007,
              50.6848036
            ],
            [
              14.5505313,
              50.6847022
            ],
            [
              14.5516384,
              50.684611
            ],
            [
              14.5528663,
              50.6845098
            ],
            [
              14.5528135,
              50.6849241
            ],
            [
              14.5527991,
              50.6851487
            ],
            [
              14.5527063,
              50.6865924
            ],
            [
              14.5517039,
              50.6865632
            ],
            [
              14.5517283,
              50.6862195
            ],
            [
              14.5501099,
              50.6861652
            ],
            [
              14.5495246,
              50.6862564
            ],
            [
              14.548853,
              50.6865788
            ],
            [
              14.5486384,
              50.6866371
            ],
            [
              14.5477007,
              50.6865922
            ],
            [
              14.5473665,
              50.6864371
            ],
            [
              14.546632,
              50.6864471
            ],
            [
              14.5466068,
              50.6856755
            ],
            [
              14.5465999,
              50.6850347
            ]
          ]
        ]
      },
      "id": "way/579894257"
    },
    {
      "type": "Feature",
      "properties": {
        "@id": "way/586807238",
        "amenity": "hospital",
        "healthcare": "hospital"
      },
      "geometry": {
        "type": "Polygon",
        "coordinates": [
          [
            [
              16.2613776,
              49.7166845
            ],
            [
              16.2616459,
              49.7156734
            ],
            [
              16.2616566,
              49.7156569
            ],
            [
              16.2620495,
              49.715532
            ],
            [
              16.2622346,
              49.7156916
            ],
            [
              16.2636837,
              49.7165149
            ],
            [
              16.2633397,
              49.7172182
            ],
            [
              16.2623661,
              49.717026
            ],
            [
              16.2621966,
              49.7169937
            ],
            [
              16.2619932,
              49.7169732
            ],
            [
              16.2620428,
              49.716766
            ],
            [
              16.2613776,
              49.7166845
            ]
          ]
        ]
      },
      "id": "way/586807238"
    },
    {
      "type": "Feature",
      "properties": {
        "@id": "way/590434916",
        "amenity": "hospital",
        "healthcare": "hospital",
        "source": "cuzk:ruian"
      },
      "geometry": {
        "type": "Polygon",
        "coordinates": [
          [
            [
              13.4104615,
              49.7531172
            ],
            [
              13.4097401,
              49.7525313
            ],
            [
              13.4099177,
              49.7524387
            ],
            [
              13.4099694,
              49.7524117
            ],
            [
              13.4103123,
              49.752233
            ],
            [
              13.410439,
              49.7523407
            ],
            [
              13.4104748,
              49.7523473
            ],
            [
              13.4107524,
              49.7522048
            ],
            [
              13.4113101,
              49.7526804
            ],
            [
              13.4106773,
              49.7530061
            ],
            [
              13.4105615,
              49.7530657
            ],
            [
              13.4104615,
              49.7531172
            ]
          ]
        ]
      },
      "id": "way/590434916"
    },
    {
      "type": "Feature",
      "properties": {
        "@id": "way/598170218",
        "amenity": "hospital",
        "emergency": "yes",
        "healthcare": "hospital",
        "name": "Vojenská nemocnice - chirurgie",
        "website": "https://www.vnol.cz/",
        "wheelchair": "yes"
      },
      "geometry": {
        "type": "Polygon",
        "coordinates": [
          [
            [
              17.2711466,
              49.5988889
            ],
            [
              17.27041,
              49.5995416
            ],
            [
              17.2704018,
              49.5995581
            ],
            [
              17.2703336,
              49.599567
            ],
            [
              17.2700168,
              49.599862
            ],
            [
              17.2698446,
              49.5998256
            ],
            [
              17.2696739,
              49.5997863
            ],
            [
              17.269589,
              49.5998
            ],
            [
              17.2695083,
              49.5997831
            ],
            [
              17.2695433,
              49.5997212
            ],
            [
              17.2695572,
              49.5997246
            ],
            [
              17.2696633,
              49.5995312
            ],
            [
              17.269396,
              49.5994654
            ],
            [
              17.2694827,
              49.5993133
            ],
            [
              17.2686025,
              49.5991047
            ],
            [
              17.2686338,
              49.5990429
            ],
            [
              17.268968,
              49.5984135
            ],
            [
              17.2690003,
              49.5983534
            ],
            [
              17.2695855,
              49.5984919
            ],
            [
              17.2697167,
              49.5982592
            ],
            [
              17.2700376,
              49.5983355
            ],
            [
              17.2702832,
              49.5984656
            ],
            [
              17.2710655,
              49.5988482
            ],
            [
              17.2711466,
              49.5988889
            ]
          ]
        ]
      },
      "id": "way/598170218"
    },
    {
      "type": "Feature",
      "properties": {
        "@id": "way/601101551",
        "amenity": "hospital",
        "contact:facebook": "https://www.facebook.com/nemocnicebenesov",
        "contact:website": "https://www.hospital-bn.cz/",
        "emergency": "yes",
        "healthcare": "hospital",
        "name": "Nemocnice Rudolfa a Stefanie Benešov"
      },
      "geometry": {
        "type": "Polygon",
        "coordinates": [
          [
            [
              14.6820874,
              49.7875087
            ],
            [
              14.6814879,
              49.7875564
            ],
            [
              14.6815598,
              49.7879536
            ],
            [
              14.6811614,
              49.7879814
            ],
            [
              14.680951,
              49.7880159
            ],
            [
              14.6809658,
              49.7881094
            ],
            [
              14.6801465,
              49.788182
            ],
            [
              14.6802681,
              49.7891719
            ],
            [
              14.6804134,
              49.789983
            ],
            [
              14.6794869,
              49.7899524
            ],
            [
              14.6784472,
              49.7899229
            ],
            [
              14.6781054,
              49.789093
            ],
            [
              14.6780318,
              49.7888502
            ],
            [
              14.6775962,
              49.7876475
            ],
            [
              14.6776928,
              49.7873069
            ],
            [
              14.6786098,
              49.7872605
            ],
            [
              14.6784623,
              49.7861315
            ],
            [
              14.6786349,
              49.7860491
            ],
            [
              14.6787684,
              49.7860054
            ],
            [
              14.6789843,
              49.785945
            ],
            [
              14.6796055,
              49.7858448
            ],
            [
              14.6796515,
              49.7858569
            ],
            [
              14.6796796,
              49.7858859
            ],
            [
              14.6796931,
              49.785921
            ],
            [
              14.6797461,
              49.7859181
            ],
            [
              14.6797863,
              49.7859161
            ],
            [
              14.6797864,
              49.7858988
            ],
            [
              14.6798028,
              49.7858749
            ],
            [
              14.6799231,
              49.785867
            ],
            [
              14.6799369,
              49.7858342
            ],
            [
              14.6802561,
              49.7857893
            ],
            [
              14.6803927,
              49.7863161
            ],
            [
              14.6805164,
              49.786826
            ],
            [
              14.6819309,
              49.7866308
            ],
            [
              14.6820874,
              49.7875087
            ]
          ]
        ]
      },
      "id": "way/601101551"
    },
    {
      "type": "Feature",
      "properties": {
        "@id": "way/611667003",
        "amenity": "hospital",
        "healthcare": "hospital"
      },
      "geometry": {
        "type": "Polygon",
        "coordinates": [
          [
            [
              14.3919002,
              49.9708475
            ],
            [
              14.3921681,
              49.9702411
            ],
            [
              14.3924933,
              49.9702338
            ],
            [
              14.392606,
              49.9702644
            ],
            [
              14.3926371,
              49.970346
            ],
            [
              14.3925542,
              49.9705993
            ],
            [
              14.3924173,
              49.9709497
            ],
            [
              14.3922987,
              49.9709588
            ],
            [
              14.3919727,
              49.9709182
            ],
            [
              14.3919386,
              49.9709139
            ],
            [
              14.3919002,
              49.9708475
            ]
          ]
        ]
      },
      "id": "way/611667003"
    },
    {
      "type": "Feature",
      "properties": {
        "@id": "way/612561610",
        "amenity": "hospital",
        "healthcare": "hospital",
        "name": "Nemocnice Vrchlabí",
        "operator": "Penta Hospitals CZ",
        "operator:wikidata": "Q106671960",
        "website": "https://www.pentahospitals.cz/nemocnice-vrchlabi/"
      },
      "geometry": {
        "type": "Polygon",
        "coordinates": [
          [
            [
              15.6050718,
              50.6229274
            ],
            [
              15.6048447,
              50.6229293
            ],
            [
              15.6048147,
              50.6213866
            ],
            [
              15.6052631,
              50.6212355
            ],
            [
              15.6055666,
              50.6212977
            ],
            [
              15.6076821,
              50.6209747
            ],
            [
              15.6086862,
              50.6208799
            ],
            [
              15.6096762,
              50.6209421
            ],
            [
              15.6094409,
              50.6217921
            ],
            [
              15.6096849,
              50.6223312
            ],
            [
              15.6097174,
              50.6226304
            ],
            [
              15.6096361,
              50.6227026
            ],
            [
              15.6083067,
              50.6227413
            ],
            [
              15.6082416,
              50.6228367
            ],
            [
              15.6061032,
              50.6228754
            ],
            [
              15.6050718,
              50.6229274
            ]
          ]
        ]
      },
      "id": "way/612561610"
    },
    {
      "type": "Feature",
      "properties": {
        "@id": "way/656180764",
        "amenity": "hospital",
        "check_date": "2025-10-06",
        "contact:website": "https://www.sanus.cz/",
        "emergency": "no",
        "healthcare": "hospital",
        "name": "Sanus"
      },
      "geometry": {
        "type": "Polygon",
        "coordinates": [
          [
            [
              15.8230611,
              50.2037354
            ],
            [
              15.8236563,
              50.2039802
            ],
            [
              15.8235966,
              50.2045471
            ],
            [
              15.8233587,
              50.2049013
            ],
            [
              15.8225368,
              50.2045588
            ],
            [
              15.8225878,
              50.2041656
            ],
            [
              15.8230611,
              50.2037354
            ]
          ]
        ]
      },
      "id": "way/656180764"
    },
    {
      "type": "Feature",
      "properties": {
        "@id": "way/680693653",
        "amenity": "hospital",
        "healthcare": "hospital",
        "name": "Nemocnice Brandýs nad Labem",
        "operator": "PP Hospitals",
        "website": "https://www.nemocnicebrandys.cz/"
      },
      "geometry": {
        "type": "Polygon",
        "coordinates": [
          [
            [
              14.6514616,
              50.1870867
            ],
            [
              14.6517275,
              50.1871661
            ],
            [
              14.6519346,
              50.1872282
            ],
            [
              14.6522094,
              50.1868575
            ],
            [
              14.6532155,
              50.1871037
            ],
            [
              14.6529615,
              50.1874927
            ],
            [
              14.6529379,
              50.1874866
            ],
            [
              14.6529325,
              50.1874847
            ],
            [
              14.6528771,
              50.1875989
            ],
            [
              14.6528731,
              50.1875981
            ],
            [
              14.652794,
              50.187759
            ],
            [
              14.652716,
              50.187919
            ],
            [
              14.652443,
              50.1885002
            ],
            [
              14.6507792,
              50.188164
            ],
            [
              14.6514509,
              50.1871037
            ],
            [
              14.6514616,
              50.1870867
            ]
          ]
        ]
      },
      "id": "way/680693653"
    },
    {
      "type": "Feature",
      "properties": {
        "@id": "way/686166546",
        "amenity": "hospital",
        "healthcare": "hospital"
      },
      "geometry": {
        "type": "Polygon",
        "coordinates": [
          [
            [
              13.2931575,
              49.4030288
            ],
            [
              13.2937749,
              49.4038116
            ],
            [
              13.2939076,
              49.4040402
            ],
            [
              13.2939555,
              49.4041421
            ],
            [
              13.2937219,
              49.4043214
            ],
            [
              13.2937165,
              49.4043227
            ],
            [
              13.2937021,
              49.4043131
            ],
            [
              13.2936623,
              49.4043384
            ],
            [
              13.293632,
              49.4043594
            ],
            [
              13.2936072,
              49.4043422
            ],
            [
              13.2935857,
              49.4043557
            ],
            [
              13.2935316,
              49.4043897
            ],
            [
              13.2936003,
              49.4044335
            ],
            [
              13.2936833,
              49.4044759
            ],
            [
              13.2939311,
              49.404556
            ],
            [
              13.2939593,
              49.4045712
            ],
            [
              13.293989,
              49.4046019
            ],
            [
              13.2940581,
              49.4047039
            ],
            [
              13.2940545,
              49.4052441
            ],
            [
              13.294054,
              49.405275
            ],
            [
              13.2940477,
              49.4055966
            ],
            [
              13.2933436,
              49.4055689
            ],
            [
              13.2933287,
              49.4057003
            ],
            [
              13.2929384,
              49.4057088
            ],
            [
              13.2929293,
              49.4055848
            ],
            [
              13.2929515,
              49.4054389
            ],
            [
              13.2931865,
              49.4054353
            ],
            [
              13.2932006,
              49.4052944
            ],
            [
              13.2926919,
              49.4052753
            ],
            [
              13.2921823,
              49.4052479
            ],
            [
              13.2922058,
              49.4061457
            ],
            [
              13.2916814,
              49.4060966
            ],
            [
              13.2903441,
              49.4059425
            ],
            [
              13.290359,
              49.4052593
            ],
            [
              13.2903551,
              49.4050346
            ],
            [
              13.2903544,
              49.4049961
            ],
            [
              13.2895249,
              49.4049478
            ],
            [
              13.2891735,
              49.4048762
            ],
            [
              13.2888524,
              49.4047882
            ],
            [
              13.2888828,
              49.4046996
            ],
            [
              13.289008,
              49.4043252
            ],
            [
              13.289073,
              49.4041467
            ],
            [
              13.2893137,
              49.4034285
            ],
            [
              13.2893238,
              49.4034027
            ],
            [
              13.289331,
              49.4033843
            ],
            [
              13.2893408,
              49.4033488
            ],
            [
              13.2894999,
              49.4033285
            ],
            [
              13.2894984,
              49.4033162
            ],
            [
              13.2895477,
              49.4033129
            ],
            [
              13.2895472,
              49.4033052
            ],
            [
              13.2897055,
              49.4032953
            ],
            [
              13.289709,
              49.4033189
            ],
            [
              13.2899121,
              49.4032993
            ],
            [
              13.2901102,
              49.4032837
            ],
            [
              13.2901241,
              49.4032836
            ],
            [
              13.2901562,
              49.4032821
            ],
            [
              13.2902156,
              49.4032779
            ],
            [
              13.2902786,
              49.4032589
            ],
            [
              13.2903579,
              49.4032516
            ],
            [
              13.2904047,
              49.4032478
            ],
            [
              13.29045,
              49.4032414
            ],
            [
              13.2911725,
              49.4031677
            ],
            [
              13.2911905,
              49.4032444
            ],
            [
              13.2912806,
              49.4032352
            ],
            [
              13.2912757,
              49.4031946
            ],
            [
              13.2928526,
              49.4030353
            ],
            [
              13.2928555,
              49.4030412
            ],
            [
              13.2931281,
              49.4029871
            ],
            [
              13.2931575,
              49.4030288
            ]
          ]
        ]
      },
      "id": "way/686166546"
    },
    {
      "type": "Feature",
      "properties": {
        "@id": "way/687850289",
        "amenity": "hospital",
        "emergency": "yes",
        "healthcare": "hospital",
        "name": "Nemocnice Tanvald",
        "wheelchair": "yes"
      },
      "geometry": {
        "type": "Polygon",
        "coordinates": [
          [
            [
              15.3009296,
              50.7402699
            ],
            [
              15.300935,
              50.7402393
            ],
            [
              15.3008749,
              50.7400387
            ],
            [
              15.3026997,
              50.739743
            ],
            [
              15.3027515,
              50.7399129
            ],
            [
              15.3025745,
              50.7400141
            ],
            [
              15.3023563,
              50.7400918
            ],
            [
              15.3023399,
              50.7403703
            ],
            [
              15.3021503,
              50.7403389
            ],
            [
              15.3012212,
              50.7404932
            ],
            [
              15.3009296,
              50.7402699
            ]
          ]
        ]
      },
      "id": "way/687850289"
    },
    {
      "type": "Feature",
      "properties": {
        "@id": "way/690638235",
        "amenity": "hospital",
        "healthcare": "hospital",
        "name": "Šumperská nemocnice",
        "website": "https://www.nemocnicesumperk.cz/"
      },
      "geometry": {
        "type": "Polygon",
        "coordinates": [
          [
            [
              16.9621371,
              49.9571827
            ],
            [
              16.9626326,
              49.9568685
            ],
            [
              16.9657307,
              49.9583844
            ],
            [
              16.9689607,
              49.9596782
            ],
            [
              16.9687169,
              49.961049
            ],
            [
              16.968325,
              49.9609765
            ],
            [
              16.9655946,
              49.9600506
            ],
            [
              16.9653952,
              49.960271
            ],
            [
              16.9642181,
              49.9598011
            ],
            [
              16.9643356,
              49.9595948
            ],
            [
              16.9641284,
              49.9595344
            ],
            [
              16.9639587,
              49.9595085
            ],
            [
              16.9637103,
              49.9595153
            ],
            [
              16.9635983,
              49.9592835
            ],
            [
              16.9632838,
              49.958604
            ],
            [
              16.9635589,
              49.9585507
            ],
            [
              16.9635393,
              49.9585078
            ],
            [
              16.963573,
              49.9585013
            ],
            [
              16.9635489,
              49.9584482
            ],
            [
              16.9635212,
              49.9584541
            ],
            [
              16.9635016,
              49.9584109
            ],
            [
              16.9632193,
              49.958465
            ],
            [
              16.9631372,
              49.9582894
            ],
            [
              16.9630704,
              49.9583024
            ],
            [
              16.9630616,
              49.9582828
            ],
            [
              16.9629796,
              49.958299
            ],
            [
              16.9629881,
              49.9583183
            ],
            [
              16.9628572,
              49.958344
            ],
            [
              16.9628482,
              49.9583248
            ],
            [
              16.9627646,
              49.9583406
            ],
            [
              16.962771,
              49.9583546
            ],
            [
              16.9627445,
              49.9583598
            ],
            [
              16.9628413,
              49.9585656
            ],
            [
              16.9628676,
              49.9585604
            ],
            [
              16.9628706,
              49.9585679
            ],
            [
              16.9628681,
              49.9585733
            ],
            [
              16.9628632,
              49.9585775
            ],
            [
              16.9628492,
              49.958582
            ],
            [
              16.9627919,
              49.9585929
            ],
            [
              16.9627635,
              49.9585952
            ],
            [
              16.9621371,
              49.9571827
            ]
          ]
        ]
      },
      "id": "way/690638235"
    },
    {
      "type": "Feature",
      "properties": {
        "@id": "way/691742214",
        "amenity": "hospital",
        "healthcare": "hospital",
        "healthcare:speciality": "psychiatry",
        "name": "Psychiatrická léčebna Červený Dvůr",
        "phone": "+420 380 309 130",
        "website": "https://cervenydvur.cz/",
        "wikidata": "Q101064005"
      },
      "geometry": {
        "type": "Polygon",
        "coordinates": [
          [
            [
              14.2307325,
              48.8455412
            ],
            [
              14.2308426,
              48.845512
            ],
            [
              14.2310951,
              48.8459779
            ],
            [
              14.2309541,
              48.846005
            ],
            [
              14.2310945,
              48.846294
            ],
            [
              14.2309513,
              48.8463221
            ],
            [
              14.2308666,
              48.8464712
            ],
            [
              14.2307746,
              48.8465038
            ],
            [
              14.230516,
              48.8470164
            ],
            [
              14.2305216,
              48.8471518
            ],
            [
              14.230191,
              48.8473518
            ],
            [
              14.2300975,
              48.8473965
            ],
            [
              14.2299114,
              48.8469275
            ],
            [
              14.2297761,
              48.8466803
            ],
            [
              14.2296968,
              48.8465848
            ],
            [
              14.229319,
              48.8461134
            ],
            [
              14.2292969,
              48.8460858
            ],
            [
              14.2290479,
              48.8458033
            ],
            [
              14.2288195,
              48.8456018
            ],
            [
              14.229142,
              48.8455322
            ],
            [
              14.2290415,
              48.8453763
            ],
            [
              14.2292631,
              48.8453328
            ],
            [
              14.2295988,
              48.8452635
            ],
            [
              14.2301192,
              48.8453675
            ],
            [
              14.230596,
              48.8452637
            ],
            [
              14.2307325,
              48.8455412
            ]
          ]
        ]
      },
      "id": "way/691742214"
    },
    {
      "type": "Feature",
      "properties": {
        "@id": "way/692406151",
        "amenity": "hospital",
        "healthcare": "hospital"
      },
      "geometry": {
        "type": "Polygon",
        "coordinates": [
          [
            [
              17.3805663,
              49.2902457
            ],
            [
              17.3817687,
              49.2907195
            ],
            [
              17.3820369,
              49.2909946
            ],
            [
              17.3834972,
              49.2915215
            ],
            [
              17.3831262,
              49.2919437
            ],
            [
              17.383111,
              49.2919579
            ],
            [
              17.3829962,
              49.2919169
            ],
            [
              17.3825263,
              49.2925567
            ],
            [
              17.38254,
              49.2926449
            ],
            [
              17.3825084,
              49.2927015
            ],
            [
              17.3823987,
              49.2927196
            ],
            [
              17.3819102,
              49.2931787
            ],
            [
              17.3818186,
              49.2933381
            ],
            [
              17.3817959,
              49.2933856
            ],
            [
              17.3817699,
              49.2934094
            ],
            [
              17.3817077,
              49.2934365
            ],
            [
              17.3816274,
              49.2934478
            ],
            [
              17.3815551,
              49.2934365
            ],
            [
              17.3813153,
              49.2936876
            ],
            [
              17.3773901,
              49.2920129
            ],
            [
              17.3769382,
              49.2917762
            ],
            [
              17.3772403,
              49.2915009
            ],
            [
              17.3771332,
              49.291452
            ],
            [
              17.3772671,
              49.2913286
            ],
            [
              17.3773582,
              49.2912447
            ],
            [
              17.3776305,
              49.2911186
            ],
            [
              17.3786162,
              49.2910475
            ],
            [
              17.3792484,
              49.2911413
            ],
            [
              17.3797326,
              49.2907093
            ],
            [
              17.3800175,
              49.2907595
            ],
            [
              17.3805663,
              49.2902457
            ]
          ]
        ]
      },
      "id": "way/692406151"
    },
    {
      "type": "Feature",
      "properties": {
        "@id": "way/700652229",
        "addr:housenumber": "282",
        "addr:postcode": "28201",
        "addr:street": "Žižkova",
        "amenity": "hospital",
        "email": "info@nem-cb.cz",
        "healthcare": "hospital",
        "name": "Nemocnice",
        "opening_hours": "24/7",
        "phone": "+420 321610 867",
        "website": "https://www.nem-cb.cz/"
      },
      "geometry": {
        "type": "Polygon",
        "coordinates": [
          [
            [
              14.8502878,
              50.0719765
            ],
            [
              14.8504065,
              50.0719296
            ],
            [
              14.8507621,
              50.0718313
            ],
            [
              14.8511521,
              50.0717437
            ],
            [
              14.8512083,
              50.0717271
            ],
            [
              14.8515993,
              50.0716014
            ],
            [
              14.8517889,
              50.0715343
            ],
            [
              14.8521636,
              50.071402
            ],
            [
              14.8521975,
              50.0713901
            ],
            [
              14.8523594,
              50.0715086
            ],
            [
              14.8525852,
              50.0716741
            ],
            [
              14.8527004,
              50.0717587
            ],
            [
              14.8529608,
              50.0719493
            ],
            [
              14.8534874,
              50.0723351
            ],
            [
              14.8536138,
              50.0724883
            ],
            [
              14.8537975,
              50.072711
            ],
            [
              14.8537118,
              50.0727812
            ],
            [
              14.8536688,
              50.0728637
            ],
            [
              14.8535567,
              50.0730786
            ],
            [
              14.8533907,
              50.073081
            ],
            [
              14.8533907,
              50.0731571
            ],
            [
              14.8530813,
              50.0731664
            ],
            [
              14.8529836,
              50.0731694
            ],
            [
              14.8526387,
              50.073177
            ],
            [
              14.8526392,
              50.0731862
            ],
            [
              14.8524209,
              50.0731907
            ],
            [
              14.8524203,
              50.0731827
            ],
            [
              14.8518624,
              50.0731975
            ],
            [
              14.8518629,
              50.0732019
            ],
            [
              14.8516014,
              50.0732128
            ],
            [
              14.851601,
              50.0732176
            ],
            [
              14.8514662,
              50.0732219
            ],
            [
              14.8514664,
              50.0732418
            ],
            [
              14.8507637,
              50.073269
            ],
            [
              14.8507598,
              50.0732393
            ],
            [
              14.8499586,
              50.0732696
            ],
            [
              14.8499279,
              50.0729743
            ],
            [
              14.8495037,
              50.0729874
            ],
            [
              14.8494894,
              50.0728399
            ],
            [
              14.8494685,
              50.0725438
            ],
            [
              14.8494329,
              50.0720378
            ],
            [
              14.849735,
              50.0720306
            ],
            [
              14.8497989,
              50.0720284
            ],
            [
              14.8498731,
              50.0720261
            ],
            [
              14.8502878,
              50.0719765
            ]
          ]
        ]
      },
      "id": "way/700652229"
    },
    {
      "type": "Feature",
      "properties": {
        "@id": "way/704250469",
        "amenity": "hospital",
        "contact:email": "nsphav@nsphav.cz",
        "contact:phone": "+420 596 491 111",
        "contact:website": "http://www.nsphav.cz",
        "healthcare": "hospital",
        "name": "Nemocnice s poliklinikou Havířov",
        "operator": "Moravskoslezský kraj"
      },
      "geometry": {
        "type": "Polygon",
        "coordinates": [
          [
            [
              18.4402256,
              49.7817509
            ],
            [
              18.4417183,
              49.7829408
            ],
            [
              18.4417816,
              49.7829913
            ],
            [
              18.4424014,
              49.7834857
            ],
            [
              18.4424337,
              49.7835115
            ],
            [
              18.4426801,
              49.7836909
            ],
            [
              18.4430592,
              49.7839669
            ],
            [
              18.4426211,
              49.7843485
            ],
            [
              18.4421879,
              49.7847031
            ],
            [
              18.4418687,
              49.7849365
            ],
            [
              18.4414959,
              49.7851767
            ],
            [
              18.4412857,
              49.7852999
            ],
            [
              18.4412235,
              49.7853254
            ],
            [
              18.4405305,
              49.7856899
            ],
            [
              18.4403027,
              49.7858098
            ],
            [
              18.4402995,
              49.7858072
            ],
            [
              18.4400956,
              49.7859187
            ],
            [
              18.4399217,
              49.7859945
            ],
            [
              18.4398323,
              49.7860422
            ],
            [
              18.4397575,
              49.7860753
            ],
            [
              18.4387015,
              49.7865485
            ],
            [
              18.4385736,
              49.7865565
            ],
            [
              18.4365875,
              49.7850175
            ],
            [
              18.4358067,
              49.7843643
            ],
            [
              18.4364366,
              49.7839548
            ],
            [
              18.4363366,
              49.7838069
            ],
            [
              18.4372388,
              49.783326
            ],
            [
              18.4394707,
              49.7821487
            ],
            [
              18.4402256,
              49.7817509
            ]
          ]
        ]
      },
      "id": "way/704250469"
    },
    {
      "type": "Feature",
      "properties": {
        "@id": "way/722485544",
        "amenity": "hospital",
        "healthcare": "hospital",
        "name": "Nemocnice v Podhájí"
      },
      "geometry": {
        "type": "Polygon",
        "coordinates": [
          [
            [
              14.5410669,
              50.9462416
            ],
            [
              14.5412967,
              50.9450574
            ],
            [
              14.5418259,
              50.9449271
            ],
            [
              14.5420235,
              50.944676
            ],
            [
              14.542302,
              50.9446189
            ],
            [
              14.542631,
              50.9460299
            ],
            [
              14.5420425,
              50.9461503
            ],
            [
              14.5418176,
              50.9464492
            ],
            [
              14.5410669,
              50.9462416
            ]
          ]
        ]
      },
      "id": "way/722485544"
    },
    {
      "type": "Feature",
      "properties": {
        "@id": "way/732481752",
        "amenity": "hospital",
        "contact:website": "http://www.nemsl.cz/",
        "healthcare": "hospital",
        "name": "Nemocnice Slaný"
      },
      "geometry": {
        "type": "Polygon",
        "coordinates": [
          [
            [
              14.0854517,
              50.2352308
            ],
            [
              14.0853202,
              50.235311
            ],
            [
              14.0840033,
              50.2352647
            ],
            [
              14.0830444,
              50.2352981
            ],
            [
              14.0830645,
              50.2348023
            ],
            [
              14.0822545,
              50.2348092
            ],
            [
              14.0815477,
              50.2348512
            ],
            [
              14.0808597,
              50.2348375
            ],
            [
              14.0808644,
              50.2344305
            ],
            [
              14.0808664,
              50.234225
            ],
            [
              14.0810958,
              50.2342096
            ],
            [
              14.0810944,
              50.2339162
            ],
            [
              14.0831839,
              50.2338964
            ],
            [
              14.0831865,
              50.2339428
            ],
            [
              14.0859143,
              50.2339256
            ],
            [
              14.0858279,
              50.2341508
            ],
            [
              14.0858205,
              50.2341701
            ],
            [
              14.0857916,
              50.2341881
            ],
            [
              14.0857574,
              50.2342023
            ],
            [
              14.085733,
              50.2344028
            ],
            [
              14.0855013,
              50.2349732
            ],
            [
              14.0854517,
              50.2352308
            ]
          ]
        ]
      },
      "id": "way/732481752"
    },
    {
      "type": "Feature",
      "properties": {
        "@id": "way/767909174",
        "amenity": "hospital",
        "healthcare": "hospital"
      },
      "geometry": {
        "type": "Polygon",
        "coordinates": [
          [
            [
              17.6563037,
              49.2227113
            ],
            [
              17.6565492,
              49.2222588
            ],
            [
              17.6569011,
              49.2223177
            ],
            [
              17.6574474,
              49.2224434
            ],
            [
              17.6574595,
              49.222426
            ],
            [
              17.6580067,
              49.2225636
            ],
            [
              17.6580329,
              49.2226017
            ],
            [
              17.6580054,
              49.2226435
            ],
            [
              17.6579612,
              49.2227104
            ],
            [
              17.657644,
              49.2226305
            ],
            [
              17.6576322,
              49.2226502
            ],
            [
              17.6574193,
              49.222985
            ],
            [
              17.6563037,
              49.2227113
            ]
          ]
        ]
      },
      "id": "way/767909174"
    },
    {
      "type": "Feature",
      "properties": {
        "@id": "way/769430533",
        "amenity": "hospital"
      },
      "geometry": {
        "type": "Polygon",
        "coordinates": [
          [
            [
              17.7074223,
              49.2208559
            ],
            [
              17.7072541,
              49.2208383
            ],
            [
              17.707092,
              49.2208663
            ],
            [
              17.707107,
              49.2208981
            ],
            [
              17.706466,
              49.221001
            ],
            [
              17.7062213,
              49.2208843
            ],
            [
              17.7060517,
              49.2209206
            ],
            [
              17.7059856,
              49.2208196
            ],
            [
              17.7059592,
              49.2208258
            ],
            [
              17.7059107,
              49.2208147
            ],
            [
              17.7058315,
              49.2207803
            ],
            [
              17.7057398,
              49.2207347
            ],
            [
              17.7056963,
              49.2207152
            ],
            [
              17.7056672,
              49.2206806
            ],
            [
              17.7056679,
              49.2206335
            ],
            [
              17.7057141,
              49.2205867
            ],
            [
              17.7057486,
              49.2205004
            ],
            [
              17.7057706,
              49.2204381
            ],
            [
              17.7057919,
              49.2204195
            ],
            [
              17.7058315,
              49.2204075
            ],
            [
              17.7059731,
              49.2203821
            ],
            [
              17.7059889,
              49.2204056
            ],
            [
              17.7071109,
              49.2202321
            ],
            [
              17.7071845,
              49.2203673
            ],
            [
              17.7073153,
              49.2206361
            ],
            [
              17.7074223,
              49.2208559
            ]
          ]
        ]
      },
      "id": "way/769430533"
    },
    {
      "type": "Feature",
      "properties": {
        "@id": "way/770682201",
        "amenity": "hospital",
        "healthcare": "hospital"
      },
      "geometry": {
        "type": "Polygon",
        "coordinates": [
          [
            [
              17.4717992,
              49.0403263
            ],
            [
              17.4717397,
              49.0401944
            ],
            [
              17.4717322,
              49.0401857
            ],
            [
              17.4716394,
              49.0399268
            ],
            [
              17.4721955,
              49.0398338
            ],
            [
              17.4723452,
              49.0402043
            ],
            [
              17.4719961,
              49.0402827
            ],
            [
              17.4717992,
              49.0403263
            ]
          ]
        ]
      },
      "id": "way/770682201"
    },
    {
      "type": "Feature",
      "properties": {
        "@id": "way/770684777",
        "amenity": "hospital",
        "healthcare": "hospital"
      },
      "geometry": {
        "type": "Polygon",
        "coordinates": [
          [
            [
              17.6903111,
              49.2242648
            ],
            [
              17.6903913,
              49.2246084
            ],
            [
              17.690078,
              49.2246205
            ],
            [
              17.6899015,
              49.2246435
            ],
            [
              17.6898227,
              49.2243223
            ],
            [
              17.6898894,
              49.2243144
            ],
            [
              17.6903111,
              49.2242648
            ]
          ]
        ]
      },
      "id": "way/770684777"
    },
    {
      "type": "Feature",
      "properties": {
        "@id": "way/778013541",
        "amenity": "hospital",
        "healthcare": "hospital",
        "name": "Poliklinika Poděbrady",
        "website": "https://poliklinikapodebrady.cz/"
      },
      "geometry": {
        "type": "Polygon",
        "coordinates": [
          [
            [
              15.1298552,
              50.1454672
            ],
            [
              15.1298292,
              50.1454495
            ],
            [
              15.1297532,
              50.1453985
            ],
            [
              15.129495,
              50.145227
            ],
            [
              15.1295114,
              50.1452154
            ],
            [
              15.1294688,
              50.1451876
            ],
            [
              15.1295363,
              50.1451424
            ],
            [
              15.1296153,
              50.1450788
            ],
            [
              15.1296736,
              50.1450421
            ],
            [
              15.1296215,
              50.1450214
            ],
            [
              15.1298143,
              50.1448984
            ],
            [
              15.1299233,
              50.1448287
            ],
            [
              15.1299363,
              50.1448203
            ],
            [
              15.1299703,
              50.1448431
            ],
            [
              15.1300145,
              50.1448718
            ],
            [
              15.130074,
              50.1449117
            ],
            [
              15.1300978,
              50.144927
            ],
            [
              15.130111,
              50.1449368
            ],
            [
              15.1304437,
              50.1451541
            ],
            [
              15.1298711,
              50.1454589
            ],
            [
              15.1298552,
              50.1454672
            ]
          ]
        ]
      },
      "id": "way/778013541"
    },
    {
      "type": "Feature",
      "properties": {
        "@id": "way/781068854",
        "amenity": "hospital",
        "email": "filip.podebrady@seznam.cz",
        "healthcare": "hospital",
        "name": "Dětská léčebna Dr. Filipa",
        "operator": "Lázně Poděbrady, a.s.",
        "phone": "+420 325 612 907",
        "website": "https://www.lazne-podebrady.cz/detska-lecebna-dr-filipa",
        "wikidata": "Q110947022"
      },
      "geometry": {
        "type": "Polygon",
        "coordinates": [
          [
            [
              15.1191849,
              50.1468174
            ],
            [
              15.1193443,
              50.1467626
            ],
            [
              15.1194883,
              50.1467131
            ],
            [
              15.1196071,
              50.1466759
            ],
            [
              15.119727,
              50.1466377
            ],
            [
              15.1197885,
              50.146616
            ],
            [
              15.1200626,
              50.1469727
            ],
            [
              15.1199559,
              50.1470065
            ],
            [
              15.1197638,
              50.147067
            ],
            [
              15.1196927,
              50.1470918
            ],
            [
              15.119759,
              50.1471826
            ],
            [
              15.1196034,
              50.1472596
            ],
            [
              15.1192449,
              50.147301
            ],
            [
              15.1191877,
              50.1473025
            ],
            [
              15.119184,
              50.1472432
            ],
            [
              15.1191801,
              50.1471804
            ],
            [
              15.11918,
              50.1471511
            ],
            [
              15.1191824,
              50.1471144
            ],
            [
              15.1191798,
              50.147077
            ],
            [
              15.1191798,
              50.1470515
            ],
            [
              15.1192719,
              50.1470523
            ],
            [
              15.1192729,
              50.1469186
            ],
            [
              15.1191814,
              50.1469164
            ],
            [
              15.1191849,
              50.1468174
            ]
          ]
        ]
      },
      "id": "way/781068854"
    },
    {
      "type": "Feature",
      "properties": {
        "@id": "way/796366413",
        "amenity": "hospital",
        "healthcare": "hospital",
        "name": "Nemocnice Říčany",
        "website": "https://nemocnicericany.agel.cz/"
      },
      "geometry": {
        "type": "Polygon",
        "coordinates": [
          [
            [
              14.6753906,
              49.9949196
            ],
            [
              14.6766186,
              49.9955398
            ],
            [
              14.6766534,
              49.9955984
            ],
            [
              14.6753144,
              49.9962527
            ],
            [
              14.6752654,
              49.9962562
            ],
            [
              14.6749623,
              49.996117
            ],
            [
              14.6745975,
              49.9959352
            ],
            [
              14.6746381,
              49.9959043
            ],
            [
              14.6748341,
              49.9957587
            ],
            [
              14.6750064,
              49.9956301
            ],
            [
              14.6752775,
              49.9954182
            ],
            [
              14.6749395,
              49.9952294
            ],
            [
              14.6753906,
              49.9949196
            ]
          ]
        ]
      },
      "id": "way/796366413"
    },
    {
      "type": "Feature",
      "properties": {
        "@id": "way/809062582",
        "amenity": "hospital",
        "check_date": "2026-03-19",
        "emergency": "yes",
        "fax": "+420315637406",
        "healthcare": "hospital",
        "name": "Městská nemocnice Neratovice",
        "operator": "ALMEDA, a.s.",
        "phone": "+420315637111",
        "website": "https://www.nemocnice-neratovice.cz"
      },
      "geometry": {
        "type": "Polygon",
        "coordinates": [
          [
            [
              14.5105442,
              50.2583336
            ],
            [
              14.5112235,
              50.2587276
            ],
            [
              14.5109707,
              50.2589055
            ],
            [
              14.5106891,
              50.2590358
            ],
            [
              14.510453,
              50.2588013
            ],
            [
              14.5103478,
              50.2588442
            ],
            [
              14.5100588,
              50.2585685
            ],
            [
              14.5105442,
              50.2583336
            ]
          ]
        ]
      },
      "id": "way/809062582"
    },
    {
      "type": "Feature",
      "properties": {
        "@id": "way/825130450",
        "amenity": "hospital",
        "check_date": "2025-06-01",
        "emergency": "yes",
        "healthcare": "hospital",
        "name": "Nemocnice TGM Hodonín",
        "website": "https://www.nemho.cz/",
        "wikidata": "Q58507279",
        "wikipedia": "cs:Nemocnice TGM Hodonín"
      },
      "geometry": {
        "type": "Polygon",
        "coordinates": [
          [
            [
              17.146115,
              48.8657381
            ],
            [
              17.1436474,
              48.8648356
            ],
            [
              17.1449563,
              48.8630685
            ],
            [
              17.1447994,
              48.8630173
            ],
            [
              17.1450595,
              48.8626503
            ],
            [
              17.1475983,
              48.8634761
            ],
            [
              17.1470377,
              48.8642489
            ],
            [
              17.1473998,
              48.8643425
            ],
            [
              17.1470082,
              48.8648559
            ],
            [
              17.146115,
              48.8657381
            ]
          ]
        ]
      },
      "id": "way/825130450"
    },
    {
      "type": "Feature",
      "properties": {
        "@id": "way/827073078",
        "amenity": "hospital",
        "emergency": "yes",
        "healthcare": "hospital",
        "name": "Nemocnice Strakonice",
        "name:de": "Spital Strakonice",
        "name:en": "Strakonice hospital",
        "phone": "+420383314111"
      },
      "geometry": {
        "type": "Polygon",
        "coordinates": [
          [
            [
              13.905731,
              49.2663466
            ],
            [
              13.9058078,
              49.2656492
            ],
            [
              13.905833,
              49.265538
            ],
            [
              13.9058693,
              49.2653957
            ],
            [
              13.905915,
              49.265259
            ],
            [
              13.9061425,
              49.2647229
            ],
            [
              13.9062247,
              49.2645288
            ],
            [
              13.9063056,
              49.264334
            ],
            [
              13.9065236,
              49.2643909
            ],
            [
              13.9068782,
              49.2644558
            ],
            [
              13.9069169,
              49.264279
            ],
            [
              13.9069086,
              49.264277
            ],
            [
              13.906917,
              49.2642161
            ],
            [
              13.906904,
              49.2642097
            ],
            [
              13.9069519,
              49.2641422
            ],
            [
              13.9089744,
              49.2652932
            ],
            [
              13.9096674,
              49.2662139
            ],
            [
              13.9096383,
              49.2662465
            ],
            [
              13.909717,
              49.2663901
            ],
            [
              13.9100123,
              49.2669486
            ],
            [
              13.9104712,
              49.2675346
            ],
            [
              13.91029,
              49.267565
            ],
            [
              13.9076158,
              49.2680905
            ],
            [
              13.9071512,
              49.267689
            ],
            [
              13.9071022,
              49.2676455
            ],
            [
              13.9070694,
              49.2676388
            ],
            [
              13.9068886,
              49.26764
            ],
            [
              13.906301,
              49.2675378
            ],
            [
              13.9060866,
              49.2675692
            ],
            [
              13.9060279,
              49.2673647
            ],
            [
              13.9059385,
              49.2670746
            ],
            [
              13.9058332,
              49.2667374
            ],
            [
              13.9057701,
              49.2665217
            ],
            [
              13.9057436,
              49.2664639
            ],
            [
              13.905731,
              49.2663466
            ]
          ]
        ]
      },
      "id": "way/827073078"
    },
    {
      "type": "Feature",
      "properties": {
        "@id": "way/850446593",
        "addr:city": "Praha 1",
        "addr:housenumber": "847/8",
        "addr:postcode": "11000",
        "addr:street": "Na Františku",
        "amenity": "hospital",
        "healthcare": "hospital",
        "name": "Nemocnice Na Františku",
        "ref:vatin": "CZ00879444",
        "website": "https://www.nnfp.cz/",
        "wheelchair": "yes",
        "wikidata": "Q23770558",
        "wikimedia_commons": "Category:Nemocnice Na Františku"
      },
      "geometry": {
        "type": "Polygon",
        "coordinates": [
          [
            [
              14.4201884,
              50.092639
            ],
            [
              14.4203715,
              50.0921417
            ],
            [
              14.4204753,
              50.092158
            ],
            [
              14.4204874,
              50.0921596
            ],
            [
              14.420481,
              50.0921874
            ],
            [
              14.4204773,
              50.0922224
            ],
            [
              14.4204886,
              50.0922238
            ],
            [
              14.4204897,
              50.09221
            ],
            [
              14.4206224,
              50.0922238
            ],
            [
              14.4206192,
              50.0922371
            ],
            [
              14.4206517,
              50.0922418
            ],
            [
              14.4206749,
              50.0921869
            ],
            [
              14.4207436,
              50.0921948
            ],
            [
              14.4207559,
              50.0921737
            ],
            [
              14.4208952,
              50.0921956
            ],
            [
              14.4209511,
              50.0920096
            ],
            [
              14.4209712,
              50.0919481
            ],
            [
              14.4222035,
              50.092008
            ],
            [
              14.4222186,
              50.0920986
            ],
            [
              14.4222147,
              50.0921377
            ],
            [
              14.4221754,
              50.092286
            ],
            [
              14.4221695,
              50.0922964
            ],
            [
              14.4221652,
              50.092296
            ],
            [
              14.4221393,
              50.0923771
            ],
            [
              14.4221081,
              50.0924842
            ],
            [
              14.4220975,
              50.0925167
            ],
            [
              14.4220233,
              50.0927442
            ],
            [
              14.4220265,
              50.0927446
            ],
            [
              14.4219968,
              50.0928513
            ],
            [
              14.421986,
              50.0928523
            ],
            [
              14.4219038,
              50.09284
            ],
            [
              14.4219026,
              50.0928462
            ],
            [
              14.421529,
              50.092804
            ],
            [
              14.4215277,
              50.0928086
            ],
            [
              14.4214027,
              50.0927943
            ],
            [
              14.4212778,
              50.0927799
            ],
            [
              14.4212789,
              50.0927757
            ],
            [
              14.4209015,
              50.0927331
            ],
            [
              14.420904,
              50.092726
            ],
            [
              14.4208173,
              50.0927161
            ],
            [
              14.4201884,
              50.092639
            ]
          ]
        ]
      },
      "id": "way/850446593"
    },
    {
      "type": "Feature",
      "properties": {
        "@id": "way/895276780",
        "amenity": "hospital",
        "healthcare": "hospital",
        "name": "Městská nemocnice Městec Králové"
      },
      "geometry": {
        "type": "Polygon",
        "coordinates": [
          [
            [
              15.2872134,
              50.205826
            ],
            [
              15.2870357,
              50.2057702
            ],
            [
              15.2868935,
              50.2057036
            ],
            [
              15.2865737,
              50.2054994
            ],
            [
              15.2861854,
              50.2052285
            ],
            [
              15.2859552,
              50.2050193
            ],
            [
              15.2863798,
              50.2044933
            ],
            [
              15.2865864,
              50.2045646
            ],
            [
              15.2868238,
              50.2046195
            ],
            [
              15.2870934,
              50.204671
            ],
            [
              15.2876982,
              50.2047474
            ],
            [
              15.2887496,
              50.2049232
            ],
            [
              15.2901685,
              50.2052363
            ],
            [
              15.2899739,
              50.2055504
            ],
            [
              15.2896709,
              50.2059183
            ],
            [
              15.2896395,
              50.205969
            ],
            [
              15.2896294,
              50.2059671
            ],
            [
              15.2892498,
              50.2064294
            ],
            [
              15.2874782,
              50.2059107
            ],
            [
              15.2872134,
              50.205826
            ]
          ]
        ]
      },
      "id": "way/895276780"
    },
    {
      "type": "Feature",
      "properties": {
        "@id": "way/923957587",
        "amenity": "hospital",
        "healthcare": "hospital",
        "name": "Nemocnice Louny"
      },
      "geometry": {
        "type": "Polygon",
        "coordinates": [
          [
            [
              13.8102038,
              50.3480194
            ],
            [
              13.8116249,
              50.3486607
            ],
            [
              13.8130403,
              50.3493071
            ],
            [
              13.8123001,
              50.3497464
            ],
            [
              13.8111316,
              50.3504386
            ],
            [
              13.8105431,
              50.3507894
            ],
            [
              13.8100631,
              50.351071
            ],
            [
              13.8100384,
              50.351054
            ],
            [
              13.8091955,
              50.3505748
            ],
            [
              13.8092839,
              50.350509
            ],
            [
              13.8092978,
              50.3504652
            ],
            [
              13.808653,
              50.3501477
            ],
            [
              13.807607,
              50.3496877
            ],
            [
              13.8074824,
              50.3498055
            ],
            [
              13.8074465,
              50.3497902
            ],
            [
              13.8074067,
              50.3498274
            ],
            [
              13.8069641,
              50.3496339
            ],
            [
              13.8070096,
              50.3495913
            ],
            [
              13.8066833,
              50.3494435
            ],
            [
              13.806737,
              50.3493862
            ],
            [
              13.8072554,
              50.3489795
            ],
            [
              13.8074943,
              50.3488028
            ],
            [
              13.8076251,
              50.3487061
            ],
            [
              13.8089203,
              50.3489165
            ],
            [
              13.8102038,
              50.3480194
            ]
          ]
        ]
      },
      "id": "way/923957587"
    },
    {
      "type": "Feature",
      "properties": {
        "@id": "way/926018252",
        "amenity": "hospital",
        "healthcare": "hospital"
      },
      "geometry": {
        "type": "Polygon",
        "coordinates": [
          [
            [
              13.5374957,
              50.318437
            ],
            [
              13.5375586,
              50.3184683
            ],
            [
              13.5394339,
              50.3205209
            ],
            [
              13.5386588,
              50.3208171
            ],
            [
              13.5388465,
              50.3211254
            ],
            [
              13.5388921,
              50.3213326
            ],
            [
              13.5388841,
              50.321759
            ],
            [
              13.5389056,
              50.3219672
            ],
            [
              13.5387803,
              50.3219742
            ],
            [
              13.5387886,
              50.3220899
            ],
            [
              13.5373635,
              50.3220521
            ],
            [
              13.5357436,
              50.3220092
            ],
            [
              13.535572,
              50.3219593
            ],
            [
              13.5355393,
              50.3216731
            ],
            [
              13.5356931,
              50.3211564
            ],
            [
              13.5358612,
              50.3203216
            ],
            [
              13.5363096,
              50.3199936
            ],
            [
              13.5366832,
              50.318777
            ],
            [
              13.5374957,
              50.318437
            ]
          ]
        ]
      },
      "id": "way/926018252"
    },
    {
      "type": "Feature",
      "properties": {
        "@id": "way/929376022",
        "amenity": "hospital",
        "emergency": "yes",
        "healthcare": "hospital",
        "name": "Litoměřická nemocnice",
        "website": "https://www.kzcr.eu/cz/lt/"
      },
      "geometry": {
        "type": "Polygon",
        "coordinates": [
          [
            [
              14.1426672,
              50.5401838
            ],
            [
              14.1422367,
              50.539187
            ],
            [
              14.1423453,
              50.5391478
            ],
            [
              14.1436221,
              50.5388094
            ],
            [
              14.1441089,
              50.5398799
            ],
            [
              14.1448961,
              50.5397512
            ],
            [
              14.1448773,
              50.5396711
            ],
            [
              14.146024,
              50.5395365
            ],
            [
              14.146494,
              50.5417091
            ],
            [
              14.146081,
              50.542182
            ],
            [
              14.146207,
              50.5427697
            ],
            [
              14.1448478,
              50.5429103
            ],
            [
              14.144646,
              50.5429052
            ],
            [
              14.1445273,
              50.5428898
            ],
            [
              14.1431352,
              50.5426244
            ],
            [
              14.1426524,
              50.5423619
            ],
            [
              14.142682,
              50.5423312
            ],
            [
              14.1430937,
              50.5422212
            ],
            [
              14.1431808,
              50.5415351
            ],
            [
              14.1439533,
              50.5414789
            ],
            [
              14.1424231,
              50.5410255
            ],
            [
              14.1426102,
              50.5408039
            ],
            [
              14.1426162,
              50.5407476
            ],
            [
              14.1426089,
              50.5406943
            ],
            [
              14.1425881,
              50.5406641
            ],
            [
              14.1425579,
              50.5406364
            ],
            [
              14.1425049,
              50.5406078
            ],
            [
              14.1421106,
              50.5404604
            ],
            [
              14.1420087,
              50.5403939
            ],
            [
              14.1420168,
              50.5403197
            ],
            [
              14.1421992,
              50.5402703
            ],
            [
              14.1426672,
              50.5401838
            ]
          ]
        ]
      },
      "id": "way/929376022"
    },
    {
      "type": "Feature",
      "properties": {
        "@id": "way/931776662",
        "amenity": "hospital",
        "healthcare": "hospital",
        "name": "Nemocnice Svaté Zdislavy",
        "website": "https://www.nemocnice-mostiste.cz/"
      },
      "geometry": {
        "type": "Polygon",
        "coordinates": [
          [
            [
              16.0075701,
              49.3907981
            ],
            [
              16.008202,
              49.3907803
            ],
            [
              16.0087489,
              49.3916455
            ],
            [
              16.0091964,
              49.3920066
            ],
            [
              16.0092801,
              49.3922365
            ],
            [
              16.0090996,
              49.3924357
            ],
            [
              16.007629,
              49.3925379
            ],
            [
              16.0074981,
              49.3919589
            ],
            [
              16.0073307,
              49.3914377
            ],
            [
              16.0077605,
              49.3913338
            ],
            [
              16.0075701,
              49.3907981
            ]
          ]
        ]
      },
      "id": "way/931776662"
    },
    {
      "type": "Feature",
      "properties": {
        "@id": "way/946068307",
        "addr:housenumber": "146",
        "addr:postcode": "28002",
        "addr:street": "Žižkova",
        "amenity": "hospital",
        "contact:facebook": "https://www.facebook.com/pages/Oblastn%C3%AD-nemocnice-Kol%C3%ADn-as/237832082900135",
        "contact:instagram": "https://www.instagram.com/nemocnicekolin",
        "email": "info@nemocnicekolin.cz",
        "healthcare": "hospital",
        "name": "Oblastní nemocnice Kolín",
        "opening_hours": "24/7",
        "operator": "Středočeský kraj",
        "operator:ref:ico": "27256391",
        "phone": "+420 321 756 111",
        "website": "https://www.nemocnicekolin.cz/",
        "wheelchair": "yes",
        "wikidata": "Q15091755"
      },
      "geometry": {
        "type": "Polygon",
        "coordinates": [
          [
            [
              15.1917546,
              50.0198136
            ],
            [
              15.1915391,
              50.0197689
            ],
            [
              15.191533,
              50.0197819
            ],
            [
              15.1915133,
              50.0198203
            ],
            [
              15.1914974,
              50.019852
            ],
            [
              15.1914032,
              50.0198628
            ],
            [
              15.1911075,
              50.0198371
            ],
            [
              15.1907288,
              50.0198032
            ],
            [
              15.1906847,
              50.0197959
            ],
            [
              15.1899167,
              50.0188653
            ],
            [
              15.1908966,
              50.0185458
            ],
            [
              15.1916226,
              50.0182844
            ],
            [
              15.1924914,
              50.017956
            ],
            [
              15.1935059,
              50.0188812
            ],
            [
              15.1935579,
              50.0188623
            ],
            [
              15.1949539,
              50.018484
            ],
            [
              15.19565,
              50.0185775
            ],
            [
              15.1961445,
              50.0185378
            ],
            [
              15.1963813,
              50.0188703
            ],
            [
              15.196531,
              50.0190805
            ],
            [
              15.1965902,
              50.0190599
            ],
            [
              15.1966813,
              50.019194
            ],
            [
              15.1967662,
              50.0193174
            ],
            [
              15.1967394,
              50.0193269
            ],
            [
              15.1968258,
              50.0194634
            ],
            [
              15.1968344,
              50.019507
            ],
            [
              15.1969677,
              50.0195694
            ],
            [
              15.1970964,
              50.0197578
            ],
            [
              15.1974501,
              50.020312
            ],
            [
              15.197472,
              50.0203457
            ],
            [
              15.1976251,
              50.0205656
            ],
            [
              15.1974963,
              50.0205981
            ],
            [
              15.1973171,
              50.0206276
            ],
            [
              15.1972242,
              50.0204877
            ],
            [
              15.1969193,
              50.0205787
            ],
            [
              15.1969854,
              50.0207317
            ],
            [
              15.1967742,
              50.0207757
            ],
            [
              15.1952545,
              50.020497
            ],
            [
              15.195232,
              50.0204821
            ],
            [
              15.1952336,
              50.0204536
            ],
            [
              15.1951504,
              50.0204369
            ],
            [
              15.195175,
              50.020387
            ],
            [
              15.1948771,
              50.0203261
            ],
            [
              15.1948668,
              50.0203471
            ],
            [
              15.1946998,
              50.020313
            ],
            [
              15.1946836,
              50.0203456
            ],
            [
              15.1945808,
              50.0203243
            ],
            [
              15.1945833,
              50.0203192
            ],
            [
              15.194586,
              50.0203198
            ],
            [
              15.1945996,
              50.0202923
            ],
            [
              15.1943774,
              50.0202467
            ],
            [
              15.1943632,
              50.0202708
            ],
            [
              15.193344,
              50.0200675
            ],
            [
              15.1931054,
              50.02002
            ],
            [
              15.1923396,
              50.0199438
            ],
            [
              15.1923747,
              50.0198782
            ],
            [
              15.1919446,
              50.0197909
            ],
            [
              15.1917807,
              50.0197612
            ],
            [
              15.1917546,
              50.0198136
            ]
          ]
        ]
      },
      "id": "way/946068307"
    },
    {
      "type": "Feature",
      "properties": {
        "@id": "way/953141958",
        "addr:city": "Plzeň",
        "addr:housenumber": "923/80",
        "addr:postcode": "32300",
        "addr:street": "alej Svobody",
        "amenity": "hospital",
        "emergency": "yes",
        "healthcare": "hospital",
        "name": "Fakultní nemocnice Plzeň",
        "ref:vatin": "CZ00669806",
        "website": "https://www.fnplzen.cz/"
      },
      "geometry": {
        "type": "Polygon",
        "coordinates": [
          [
            [
              13.3804075,
              49.7635227
            ],
            [
              13.3803159,
              49.7635147
            ],
            [
              13.3802606,
              49.7635099
            ],
            [
              13.3800615,
              49.7634925
            ],
            [
              13.3800552,
              49.7635187
            ],
            [
              13.3799309,
              49.7635086
            ],
            [
              13.3799673,
              49.7633368
            ],
            [
              13.3795413,
              49.7632994
            ],
            [
              13.3794844,
              49.7632958
            ],
            [
              13.3792958,
              49.7632802
            ],
            [
              13.3791545,
              49.7632696
            ],
            [
              13.3791424,
              49.7633237
            ],
            [
              13.3790662,
              49.763318
            ],
            [
              13.3782157,
              49.7632433
            ],
            [
              13.3781577,
              49.7635192
            ],
            [
              13.3781458,
              49.7636252
            ],
            [
              13.3780428,
              49.7636503
            ],
            [
              13.3774748,
              49.7636036
            ],
            [
              13.3775109,
              49.7636993
            ],
            [
              13.3774646,
              49.7637101
            ],
            [
              13.3774389,
              49.7637161
            ],
            [
              13.3774116,
              49.7637231
            ],
            [
              13.3766342,
              49.763922
            ],
            [
              13.3762532,
              49.7633123
            ],
            [
              13.3762447,
              49.7632602
            ],
            [
              13.3762087,
              49.7630385
            ],
            [
              13.3765844,
              49.7626404
            ],
            [
              13.3766649,
              49.7625472
            ],
            [
              13.3765709,
              49.7624839
            ],
            [
              13.3764219,
              49.761767
            ],
            [
              13.3766452,
              49.7617925
            ],
            [
              13.3766839,
              49.761656
            ],
            [
              13.3770043,
              49.7614534
            ],
            [
              13.3776248,
              49.7615664
            ],
            [
              13.3776565,
              49.7615074
            ],
            [
              13.3776734,
              49.7614766
            ],
            [
              13.3776855,
              49.7614545
            ],
            [
              13.3789151,
              49.7616719
            ],
            [
              13.3790137,
              49.7616507
            ],
            [
              13.3791177,
              49.7616502
            ],
            [
              13.3791897,
              49.7616656
            ],
            [
              13.3792831,
              49.7616153
            ],
            [
              13.3792611,
              49.7615405
            ],
            [
              13.3791615,
              49.761202
            ],
            [
              13.3792568,
              49.7610715
            ],
            [
              13.3794588,
              49.7610075
            ],
            [
              13.379859,
              49.760978
            ],
            [
              13.3804041,
              49.7610248
            ],
            [
              13.3805413,
              49.7610346
            ],
            [
              13.380805,
              49.7610005
            ],
            [
              13.3810206,
              49.760897
            ],
            [
              13.3813496,
              49.7605972
            ],
            [
              13.3818502,
              49.7604789
            ],
            [
              13.3822043,
              49.7605065
            ],
            [
              13.3826255,
              49.7604237
            ],
            [
              13.3826255,
              49.7602383
            ],
            [
              13.3822104,
              49.7601713
            ],
            [
              13.382077,
              49.7598428
            ],
            [
              13.3822797,
              49.7597822
            ],
            [
              13.3829402,
              49.7599433
            ],
            [
              13.3842897,
              49.7603828
            ],
            [
              13.384416,
              49.7604632
            ],
            [
              13.3844395,
              49.7604774
            ],
            [
              13.3844777,
              49.7605005
            ],
            [
              13.3845328,
              49.7605337
            ],
            [
              13.3845069,
              49.760552
            ],
            [
              13.3847477,
              49.7607016
            ],
            [
              13.384775,
              49.7606839
            ],
            [
              13.3848996,
              49.7607642
            ],
            [
              13.3854369,
              49.7611044
            ],
            [
              13.3848513,
              49.761397
            ],
            [
              13.3848068,
              49.7616758
            ],
            [
              13.3840262,
              49.7622992
            ],
            [
              13.3838878,
              49.7623665
            ],
            [
              13.383676,
              49.7624259
            ],
            [
              13.3828724,
              49.7621369
            ],
            [
              13.3827399,
              49.7622659
            ],
            [
              13.3824143,
              49.7625543
            ],
            [
              13.3824287,
              49.7626538
            ],
            [
              13.3826308,
              49.763227
            ],
            [
              13.3819758,
              49.7637105
            ],
            [
              13.3808147,
              49.7636972
            ],
            [
              13.3807276,
              49.7636904
            ],
            [
              13.3805642,
              49.7636775
            ],
            [
              13.3805642,
              49.7636361
            ],
            [
              13.3805852,
              49.7635366
            ],
            [
              13.3804837,
              49.7635287
            ],
            [
              13.3804075,
              49.7635227
            ]
          ]
        ]
      },
      "id": "way/953141958"
    },
    {
      "type": "Feature",
      "properties": {
        "@id": "way/967811297",
        "amenity": "hospital",
        "brand": "Agel",
        "brand:wikidata": "Q41365932",
        "contact:website": "https://nemocnicevalasskemezirici.agel.cz/",
        "emergency": "yes",
        "healthcare": "hospital",
        "name": "Nemocnice Valašské Meziříčí",
        "wheelchair": "yes"
      },
      "geometry": {
        "type": "Polygon",
        "coordinates": [
          [
            [
              17.9759033,
              49.4632002
            ],
            [
              17.9756884,
              49.4631425
            ],
            [
              17.9756471,
              49.4631179
            ],
            [
              17.9756189,
              49.4629838
            ],
            [
              17.9756132,
              49.4629522
            ],
            [
              17.9756164,
              49.462922
            ],
            [
              17.9756279,
              49.4628153
            ],
            [
              17.9757504,
              49.4628166
            ],
            [
              17.9757543,
              49.4627836
            ],
            [
              17.9757786,
              49.4625769
            ],
            [
              17.9749355,
              49.4625326
            ],
            [
              17.974969,
              49.4622508
            ],
            [
              17.9751627,
              49.4622626
            ],
            [
              17.975422,
              49.4622784
            ],
            [
              17.9755247,
              49.4617856
            ],
            [
              17.9755459,
              49.4616338
            ],
            [
              17.9757476,
              49.4615188
            ],
            [
              17.9760591,
              49.4614337
            ],
            [
              17.9766855,
              49.4614774
            ],
            [
              17.9781507,
              49.4617212
            ],
            [
              17.9785754,
              49.4618799
            ],
            [
              17.9787793,
              49.4621309
            ],
            [
              17.9789061,
              49.4623916
            ],
            [
              17.978894,
              49.463048
            ],
            [
              17.978279,
              49.4630043
            ],
            [
              17.9782043,
              49.4633989
            ],
            [
              17.9775682,
              49.4633619
            ],
            [
              17.9772064,
              49.4633377
            ],
            [
              17.9772148,
              49.4632809
            ],
            [
              17.9759033,
              49.4632002
            ]
          ]
        ]
      },
      "id": "way/967811297"
    },
    {
      "type": "Feature",
      "properties": {
        "@id": "way/970426563",
        "amenity": "hospital",
        "emergency": "no",
        "healthcare": "hospital",
        "healthcare:speciality": "rehabilitation"
      },
      "geometry": {
        "type": "Polygon",
        "coordinates": [
          [
            [
              14.3965889,
              50.0644599
            ],
            [
              14.3964595,
              50.064457
            ],
            [
              14.3948831,
              50.0643174
            ],
            [
              14.3948483,
              50.0642431
            ],
            [
              14.3948382,
              50.0642289
            ],
            [
              14.3947668,
              50.0642293
            ],
            [
              14.3947653,
              50.0641895
            ],
            [
              14.3947781,
              50.0641264
            ],
            [
              14.3947208,
              50.0641148
            ],
            [
              14.3946455,
              50.0640996
            ],
            [
              14.39483,
              50.0633762
            ],
            [
              14.3951672,
              50.063416
            ],
            [
              14.3957388,
              50.0634936
            ],
            [
              14.3962805,
              50.0635648
            ],
            [
              14.3968142,
              50.0636325
            ],
            [
              14.3967926,
              50.0637
            ],
            [
              14.3968689,
              50.0637305
            ],
            [
              14.3967263,
              50.0643503
            ],
            [
              14.3967163,
              50.0644083
            ],
            [
              14.3966913,
              50.0644299
            ],
            [
              14.3966738,
              50.0644457
            ],
            [
              14.3965889,
              50.0644599
            ]
          ]
        ]
      },
      "id": "way/970426563"
    },
    {
      "type": "Feature",
      "properties": {
        "@id": "way/974964384",
        "amenity": "hospital",
        "emergency": "yes",
        "healthcare": "hospital",
        "name": "Nemocnice Nové Město na Moravě",
        "operator": "Kraj Vysočina",
        "website": "https://www.nnm.cz/",
        "wikidata": "Q58221543"
      },
      "geometry": {
        "type": "Polygon",
        "coordinates": [
          [
            [
              16.0613928,
              49.5622869
            ],
            [
              16.0613202,
              49.5622971
            ],
            [
              16.0614775,
              49.5617395
            ],
            [
              16.061657,
              49.5611181
            ],
            [
              16.0619397,
              49.5601312
            ],
            [
              16.0619554,
              49.5600742
            ],
            [
              16.0620307,
              49.5598016
            ],
            [
              16.0620328,
              49.5597939
            ],
            [
              16.0620702,
              49.5596363
            ],
            [
              16.0620863,
              49.5594789
            ],
            [
              16.0620895,
              49.5593716
            ],
            [
              16.0620817,
              49.5592399
            ],
            [
              16.0620702,
              49.5591369
            ],
            [
              16.0621284,
              49.5590628
            ],
            [
              16.0622229,
              49.5589927
            ],
            [
              16.0626037,
              49.5591596
            ],
            [
              16.0632106,
              49.5587331
            ],
            [
              16.0637316,
              49.5589609
            ],
            [
              16.0661706,
              49.560388
            ],
            [
              16.0664293,
              49.560561
            ],
            [
              16.0663668,
              49.5605989
            ],
            [
              16.066296,
              49.5606287
            ],
            [
              16.0669404,
              49.5609889
            ],
            [
              16.0667038,
              49.5613835
            ],
            [
              16.0664583,
              49.5613217
            ],
            [
              16.0662831,
              49.5616368
            ],
            [
              16.0655982,
              49.5616427
            ],
            [
              16.0654857,
              49.5619262
            ],
            [
              16.0654532,
              49.5620083
            ],
            [
              16.0653052,
              49.5619838
            ],
            [
              16.065284,
              49.562069
            ],
            [
              16.0652605,
              49.5621605
            ],
            [
              16.0624759,
              49.5621995
            ],
            [
              16.0622729,
              49.5622012
            ],
            [
              16.0622671,
              49.5621923
            ],
            [
              16.062205,
              49.5621815
            ],
            [
              16.0622009,
              49.562192
            ],
            [
              16.0621947,
              49.5621909
            ],
            [
              16.0621626,
              49.5621861
            ],
            [
              16.062123,
              49.562178
            ],
            [
              16.0621157,
              49.5621899
            ],
            [
              16.0620722,
              49.5621824
            ],
            [
              16.0620573,
              49.5622044
            ],
            [
              16.0620271,
              49.5622197
            ],
            [
              16.0613928,
              49.5622869
            ]
          ]
        ]
      },
      "id": "way/974964384"
    },
    {
      "type": "Feature",
      "properties": {
        "@id": "way/1001841396",
        "amenity": "hospital",
        "contact:website": "https://www.nemocnicenachod.cz/lokality-oddeleni/nemocnice-broumov",
        "healthcare": "hospital",
        "name": "Nemocnice Broumov"
      },
      "geometry": {
        "type": "Polygon",
        "coordinates": [
          [
            [
              16.3337357,
              50.5802842
            ],
            [
              16.3338434,
              50.5803059
            ],
            [
              16.3341273,
              50.5803561
            ],
            [
              16.3353077,
              50.5805288
            ],
            [
              16.3353307,
              50.580874
            ],
            [
              16.3353001,
              50.581263
            ],
            [
              16.335032,
              50.5815694
            ],
            [
              16.3348712,
              50.5816472
            ],
            [
              16.3346415,
              50.5817153
            ],
            [
              16.333411,
              50.5819508
            ],
            [
              16.3330945,
              50.5815505
            ],
            [
              16.3330744,
              50.5815045
            ],
            [
              16.3330677,
              50.5814645
            ],
            [
              16.3330724,
              50.5814092
            ],
            [
              16.3330912,
              50.5813398
            ],
            [
              16.3331375,
              50.5812308
            ],
            [
              16.3333078,
              50.5808914
            ],
            [
              16.3335503,
              50.580415
            ],
            [
              16.3336848,
              50.5803774
            ],
            [
              16.3337357,
              50.5802842
            ]
          ]
        ]
      },
      "id": "way/1001841396"
    },
    {
      "type": "Feature",
      "properties": {
        "@id": "way/1004773828",
        "amenity": "hospital",
        "healthcare": "hospital",
        "name": "Nemocnice Třebotov"
      },
      "geometry": {
        "type": "Polygon",
        "coordinates": [
          [
            [
              14.2957908,
              49.9727589
            ],
            [
              14.2951762,
              49.9725279
            ],
            [
              14.2956228,
              49.9720561
            ],
            [
              14.2953102,
              49.9718887
            ],
            [
              14.2939083,
              49.971401
            ],
            [
              14.2935869,
              49.9710244
            ],
            [
              14.2929066,
              49.9707595
            ],
            [
              14.2920037,
              49.9703015
            ],
            [
              14.2918725,
              49.9686624
            ],
            [
              14.2942947,
              49.9685826
            ],
            [
              14.2949599,
              49.9686033
            ],
            [
              14.2955983,
              49.968693
            ],
            [
              14.3006676,
              49.9702595
            ],
            [
              14.2993629,
              49.9719193
            ],
            [
              14.2989118,
              49.9721347
            ],
            [
              14.2976416,
              49.9724441
            ],
            [
              14.2969198,
              49.972612
            ],
            [
              14.2957908,
              49.9727589
            ]
          ]
        ]
      },
      "id": "way/1004773828"
    },
    {
      "type": "Feature",
      "properties": {
        "@id": "way/1014232003",
        "addr:city": "Sokolov",
        "addr:postcode": "35601",
        "addr:street": "Bratislavská",
        "amenity": "hospital",
        "contact:website": "https://www.pentahospitals.cz/nemocnice-sokolov/",
        "healthcare": "hospital",
        "name": "Nemocnice Sokolov",
        "operator": "Penta Hospitals",
        "operator:type": "public",
        "operator:wikidata": "Q106671960"
      },
      "geometry": {
        "type": "Polygon",
        "coordinates": [
          [
            [
              12.6539795,
              50.1780882
            ],
            [
              12.6540026,
              50.1780616
            ],
            [
              12.6543847,
              50.1782133
            ],
            [
              12.6544079,
              50.1782434
            ],
            [
              12.6545378,
              50.1783025
            ],
            [
              12.6545671,
              50.1782785
            ],
            [
              12.6546598,
              50.1783226
            ],
            [
              12.6546458,
              50.1783348
            ],
            [
              12.6546801,
              50.1783512
            ],
            [
              12.6546479,
              50.1783789
            ],
            [
              12.6545615,
              50.1784119
            ],
            [
              12.6544328,
              50.1784143
            ],
            [
              12.6542401,
              50.1784366
            ],
            [
              12.6536583,
              50.1783668
            ],
            [
              12.6534276,
              50.1783062
            ],
            [
              12.6531741,
              50.1783023
            ],
            [
              12.6528648,
              50.1782539
            ],
            [
              12.6526479,
              50.1782291
            ],
            [
              12.652247,
              50.1782108
            ],
            [
              12.6520241,
              50.1782405
            ],
            [
              12.6520282,
              50.1784646
            ],
            [
              12.6518393,
              50.1784243
            ],
            [
              12.6513682,
              50.1783656
            ],
            [
              12.6508616,
              50.1783025
            ],
            [
              12.6508613,
              50.1782964
            ],
            [
              12.6500098,
              50.1782096
            ],
            [
              12.6494607,
              50.1780439
            ],
            [
              12.6489525,
              50.17787
            ],
            [
              12.6485709,
              50.1777631
            ],
            [
              12.6482318,
              50.1777107
            ],
            [
              12.6483602,
              50.1777026
            ],
            [
              12.64852,
              50.1776258
            ],
            [
              12.6485875,
              50.177589
            ],
            [
              12.6489825,
              50.1773739
            ],
            [
              12.6491797,
              50.1772744
            ],
            [
              12.649288,
              50.1772534
            ],
            [
              12.649399,
              50.1772497
            ],
            [
              12.6495593,
              50.1772679
            ],
            [
              12.6496461,
              50.1772913
            ],
            [
              12.6497267,
              50.177313
            ],
            [
              12.6497993,
              50.1772891
            ],
            [
              12.6514067,
              50.1769431
            ],
            [
              12.6517731,
              50.1769323
            ],
            [
              12.6523777,
              50.1771669
            ],
            [
              12.6518471,
              50.1776762
            ],
            [
              12.6519467,
              50.1777073
            ],
            [
              12.6531327,
              50.1778917
            ],
            [
              12.6531565,
              50.1778691
            ],
            [
              12.6532288,
              50.1778809
            ],
            [
              12.6532433,
              50.1779061
            ],
            [
              12.6539795,
              50.1780882
            ]
          ]
        ]
      },
      "id": "way/1014232003"
    },
    {
      "type": "Feature",
      "properties": {
        "@id": "way/1014232172",
        "amenity": "hospital",
        "contact:website": "https://www.pentahospitals.cz/nemocnice-roudnice/",
        "healthcare": "hospital",
        "name": "Nemocnice Roudnice nad Labem",
        "operator": "Penta Hospitals CZ",
        "operator:wikidata": "Q106671960"
      },
      "geometry": {
        "type": "Polygon",
        "coordinates": [
          [
            [
              14.2501956,
              50.4231375
            ],
            [
              14.2479908,
              50.4234698
            ],
            [
              14.2478004,
              50.423202
            ],
            [
              14.2471312,
              50.4234083
            ],
            [
              14.2470427,
              50.4233237
            ],
            [
              14.2469396,
              50.4233085
            ],
            [
              14.2465712,
              50.4227715
            ],
            [
              14.246344,
              50.4224402
            ],
            [
              14.2466927,
              50.422348
            ],
            [
              14.246403,
              50.4219686
            ],
            [
              14.2469099,
              50.4218267
            ],
            [
              14.2473364,
              50.4223377
            ],
            [
              14.2476904,
              50.4223121
            ],
            [
              14.2481783,
              50.4212235
            ],
            [
              14.2486566,
              50.421203
            ],
            [
              14.2486965,
              50.4211847
            ],
            [
              14.2487062,
              50.4211802
            ],
            [
              14.2501956,
              50.4231375
            ]
          ]
        ]
      },
      "id": "way/1014232172"
    },
    {
      "type": "Feature",
      "properties": {
        "@id": "way/1014450238",
        "amenity": "hospital",
        "barrier": "fence",
        "healthcare": "hospital",
        "name": "Městská nemocnice Duchcov"
      },
      "geometry": {
        "type": "Polygon",
        "coordinates": [
          [
            [
              13.7423671,
              50.6079124
            ],
            [
              13.7433312,
              50.6094407
            ],
            [
              13.743345,
              50.6094616
            ],
            [
              13.7433567,
              50.6094794
            ],
            [
              13.7434995,
              50.6097045
            ],
            [
              13.7421893,
              50.6102075
            ],
            [
              13.7414266,
              50.6094249
            ],
            [
              13.7407127,
              50.6086551
            ],
            [
              13.7409434,
              50.6085683
            ],
            [
              13.7408709,
              50.6084696
            ],
            [
              13.7423671,
              50.6079124
            ]
          ]
        ]
      },
      "id": "way/1014450238"
    },
    {
      "type": "Feature",
      "properties": {
        "@id": "way/1014547392",
        "amenity": "hospital",
        "brand": "Agel",
        "brand:wikidata": "Q41365932",
        "contact:website": "https://nemocnicepodhorska.agel.cz/",
        "healthcare": "hospital",
        "name": "Podhorská nemocnice"
      },
      "geometry": {
        "type": "Polygon",
        "coordinates": [
          [
            [
              17.4680337,
              49.9944548
            ],
            [
              17.4679745,
              49.9943828
            ],
            [
              17.4679149,
              49.9942801
            ],
            [
              17.4678835,
              49.9942276
            ],
            [
              17.4697356,
              49.9935758
            ],
            [
              17.4707454,
              49.9932525
            ],
            [
              17.4713369,
              49.9939483
            ],
            [
              17.4714877,
              49.9940819
            ],
            [
              17.4726113,
              49.9949768
            ],
            [
              17.4725579,
              49.9950035
            ],
            [
              17.4725141,
              49.9949724
            ],
            [
              17.4721975,
              49.9951366
            ],
            [
              17.4722204,
              49.9951873
            ],
            [
              17.4719304,
              49.9953571
            ],
            [
              17.4712262,
              49.9957325
            ],
            [
              17.4703528,
              49.9960741
            ],
            [
              17.4702842,
              49.9959726
            ],
            [
              17.4701349,
              49.9958017
            ],
            [
              17.4700102,
              49.9956862
            ],
            [
              17.4698804,
              49.9955912
            ],
            [
              17.4697219,
              49.9954891
            ],
            [
              17.4695584,
              49.9954043
            ],
            [
              17.4693886,
              49.9953282
            ],
            [
              17.4691895,
              49.9952587
            ],
            [
              17.4690192,
              49.9952052
            ],
            [
              17.4688672,
              49.9951685
            ],
            [
              17.4686878,
              49.9951394
            ],
            [
              17.4685314,
              49.9951213
            ],
            [
              17.4680337,
              49.9944548
            ]
          ]
        ]
      },
      "id": "way/1014547392"
    },
    {
      "type": "Feature",
      "properties": {
        "@id": "way/1017845225",
        "addr:city": "Praha 1",
        "addr:conscriptionnumber": "336",
        "addr:country": "CZ",
        "addr:housenumber": "336/36",
        "addr:place": "Malá Strana",
        "addr:postcode": "11800",
        "addr:street": "Vlašská",
        "addr:streetnumber": "36",
        "addr:suburb": "Praha 1",
        "amenity": "hospital",
        "email": "nmskb@nmskb.cz",
        "emergency": "yes",
        "healthcare": "hospital",
        "healthcare:speciality": "internal;lenitive;surgery",
        "loc_name": "Nemocnice pod Petřínem",
        "name": "Nemocnice Milosrdných sester sv. Karla Boromejského v Praze",
        "opening_hours": "24/7",
        "operator": "Kongregace Milosrdných sester sv. Karla Boromejského",
        "operator:type": "religious",
        "phone": "+420 257 197 111",
        "short_name": "Nemocnice Milosrdných sester sv. Karla Boromejského",
        "source:addr": "cuzk:ruian",
        "source:loc": "survey",
        "website": "https://www.nmskb.cz/",
        "wikidata": "Q12040652",
        "wikimedia_commons": "Category:Nemocnice pod Petřínem",
        "wikipedia": "cs:Nemocnice Milosrdných sester sv. Karla Boromejského"
      },
      "geometry": {
        "type": "Polygon",
        "coordinates": [
          [
            [
              14.3947006,
              50.086134
            ],
            [
              14.3947085,
              50.0861388
            ],
            [
              14.3949134,
              50.0861751
            ],
            [
              14.3950224,
              50.0862039
            ],
            [
              14.3953731,
              50.0863321
            ],
            [
              14.3954048,
              50.0863505
            ],
            [
              14.395434,
              50.0863674
            ],
            [
              14.3954978,
              50.0863912
            ],
            [
              14.3955138,
              50.0863969
            ],
            [
              14.3955724,
              50.0864177
            ],
            [
              14.3957952,
              50.0864973
            ],
            [
              14.3957965,
              50.0865001
            ],
            [
              14.3962194,
              50.0866584
            ],
            [
              14.3963662,
              50.0867466
            ],
            [
              14.3964256,
              50.0867793
            ],
            [
              14.3964853,
              50.0868115
            ],
            [
              14.3965792,
              50.0868636
            ],
            [
              14.3966523,
              50.0869001
            ],
            [
              14.3966328,
              50.0869492
            ],
            [
              14.3965232,
              50.0872396
            ],
            [
              14.3964847,
              50.0873624
            ],
            [
              14.3964834,
              50.0873679
            ],
            [
              14.3964718,
              50.0874097
            ],
            [
              14.3962308,
              50.0873906
            ],
            [
              14.3961992,
              50.0874676
            ],
            [
              14.3961452,
              50.0874985
            ],
            [
              14.3960834,
              50.0876424
            ],
            [
              14.396046,
              50.0876368
            ],
            [
              14.3960188,
              50.0876312
            ],
            [
              14.3954063,
              50.0875491
            ],
            [
              14.3953633,
              50.0875679
            ],
            [
              14.3950689,
              50.0875327
            ],
            [
              14.3950883,
              50.0874458
            ],
            [
              14.3950496,
              50.0873575
            ],
            [
              14.3949819,
              50.0872979
            ],
            [
              14.3945129,
              50.0872581
            ],
            [
              14.3945358,
              50.0871116
            ],
            [
              14.3945518,
              50.0870125
            ],
            [
              14.3946309,
              50.0865622
            ],
            [
              14.3946421,
              50.0865054
            ],
            [
              14.3947038,
              50.086193
            ],
            [
              14.3947006,
              50.086134
            ]
          ]
        ]
      },
      "id": "way/1017845225"
    },
    {
      "type": "Feature",
      "properties": {
        "@id": "way/1028130308",
        "amenity": "hospital",
        "landuse": "military",
        "name": "Centrum biologické ochrany",
        "wikidata": "Q85492086",
        "wikipedia": "cs:Centrum biologické ochrany Těchonín"
      },
      "geometry": {
        "type": "Polygon",
        "coordinates": [
          [
            [
              16.6121054,
              50.0618457
            ],
            [
              16.6119653,
              50.0616668
            ],
            [
              16.6121026,
              50.0610843
            ],
            [
              16.6117216,
              50.0611958
            ],
            [
              16.6117177,
              50.0611101
            ],
            [
              16.6116568,
              50.0608617
            ],
            [
              16.6109997,
              50.0604154
            ],
            [
              16.6100797,
              50.0604744
            ],
            [
              16.6098535,
              50.0603774
            ],
            [
              16.6097898,
              50.059773
            ],
            [
              16.6101083,
              50.0594549
            ],
            [
              16.6102003,
              50.0591868
            ],
            [
              16.6105613,
              50.0590414
            ],
            [
              16.6111064,
              50.0590005
            ],
            [
              16.6118648,
              50.0587226
            ],
            [
              16.6126641,
              50.0587355
            ],
            [
              16.6129933,
              50.0587824
            ],
            [
              16.6130268,
              50.0588536
            ],
            [
              16.6130429,
              50.0593564
            ],
            [
              16.614091,
              50.0595819
            ],
            [
              16.614372,
              50.0597343
            ],
            [
              16.6144377,
              50.0612678
            ],
            [
              16.6146576,
              50.0612712
            ],
            [
              16.6146737,
              50.0615123
            ],
            [
              16.6144591,
              50.0615123
            ],
            [
              16.6144645,
              50.0616776
            ],
            [
              16.6121054,
              50.0618457
            ]
          ]
        ]
      },
      "id": "way/1028130308"
    },
    {
      "type": "Feature",
      "properties": {
        "@id": "way/1056949848",
        "amenity": "hospital",
        "healthcare": "hospital"
      },
      "geometry": {
        "type": "Polygon",
        "coordinates": [
          [
            [
              14.485954,
              50.0928394
            ],
            [
              14.4860386,
              50.0927969
            ],
            [
              14.4862183,
              50.0927916
            ],
            [
              14.4864048,
              50.0927912
            ],
            [
              14.4866527,
              50.0927879
            ],
            [
              14.4866713,
              50.0927898
            ],
            [
              14.4866894,
              50.0927949
            ],
            [
              14.4869427,
              50.0929378
            ],
            [
              14.4869005,
              50.0929644
            ],
            [
              14.4869493,
              50.0929938
            ],
            [
              14.4868039,
              50.0930991
            ],
            [
              14.486768,
              50.0931265
            ],
            [
              14.4866321,
              50.0930466
            ],
            [
              14.4861609,
              50.0930462
            ],
            [
              14.4861417,
              50.0929958
            ],
            [
              14.4861048,
              50.0929638
            ],
            [
              14.4859952,
              50.092876
            ],
            [
              14.485954,
              50.0928394
            ]
          ]
        ]
      },
      "id": "way/1056949848"
    },
    {
      "type": "Feature",
      "properties": {
        "@id": "way/1072923970",
        "amenity": "hospital",
        "check_date": "2026-04-25",
        "emergency": "no",
        "healthcare": "hospital",
        "name": "Nemocnice Kralupy",
        "phone": "+420 350 704411",
        "website": "https://www.nemocnicekralupy.cz"
      },
      "geometry": {
        "type": "Polygon",
        "coordinates": [
          [
            [
              14.3131122,
              50.2430967
            ],
            [
              14.3130884,
              50.2431502
            ],
            [
              14.3128306,
              50.2432673
            ],
            [
              14.3127166,
              50.2432863
            ],
            [
              14.3126569,
              50.2433074
            ],
            [
              14.3123746,
              50.2433785
            ],
            [
              14.3117007,
              50.2427439
            ],
            [
              14.3117204,
              50.2426843
            ],
            [
              14.3117376,
              50.2425938
            ],
            [
              14.3117738,
              50.2425805
            ],
            [
              14.3118972,
              50.2425372
            ],
            [
              14.3129861,
              50.2423892
            ],
            [
              14.3130545,
              50.2426937
            ],
            [
              14.3131122,
              50.2430967
            ]
          ]
        ]
      },
      "id": "way/1072923970"
    },
    {
      "type": "Feature",
      "properties": {
        "@id": "way/1138466034",
        "amenity": "hospital",
        "healthcare": "hospital"
      },
      "geometry": {
        "type": "Polygon",
        "coordinates": [
          [
            [
              14.4100976,
              50.0349404
            ],
            [
              14.4104357,
              50.0344561
            ],
            [
              14.4105189,
              50.0344406
            ],
            [
              14.4109749,
              50.0342339
            ],
            [
              14.4118895,
              50.0338928
            ],
            [
              14.4120343,
              50.03386
            ],
            [
              14.4123619,
              50.0342218
            ],
            [
              14.4122504,
              50.0342685
            ],
            [
              14.4119005,
              50.0343992
            ],
            [
              14.4118746,
              50.0345952
            ],
            [
              14.411645,
              50.034733
            ],
            [
              14.4115798,
              50.0347707
            ],
            [
              14.411399,
              50.0348782
            ],
            [
              14.4113688,
              50.0348934
            ],
            [
              14.4111738,
              50.0350074
            ],
            [
              14.4111518,
              50.035024
            ],
            [
              14.4108992,
              50.0351697
            ],
            [
              14.4107495,
              50.0352904
            ],
            [
              14.4102268,
              50.0350156
            ],
            [
              14.4100976,
              50.0349404
            ]
          ]
        ]
      },
      "id": "way/1138466034"
    },
    {
      "type": "Feature",
      "properties": {
        "@id": "way/1150521630",
        "amenity": "hospital",
        "check_date": "2026-03-18",
        "healthcare": "hospital",
        "name": "Transfúzní oddělení FN Plzeň"
      },
      "geometry": {
        "type": "Polygon",
        "coordinates": [
          [
            [
              13.3747085,
              49.7288589
            ],
            [
              13.3746723,
              49.7284769
            ],
            [
              13.376024,
              49.7284331
            ],
            [
              13.3761033,
              49.7284804
            ],
            [
              13.376165,
              49.7285636
            ],
            [
              13.3762266,
              49.7287942
            ],
            [
              13.3761694,
              49.7287967
            ],
            [
              13.3747085,
              49.7288589
            ]
          ]
        ]
      },
      "id": "way/1150521630"
    },
    {
      "type": "Feature",
      "properties": {
        "@id": "way/1174575416",
        "addr:city": "Praha 2",
        "addr:housenumber": "448/6",
        "addr:postcode": "12800",
        "addr:street": "Na Slupi",
        "amenity": "hospital",
        "healthcare": "hospital",
        "name": "Nemocnice svaté Alžběty",
        "name:de": "Krankenhaus St. Elisabeth",
        "website": "https://www.alzbeta.cz/"
      },
      "geometry": {
        "type": "Polygon",
        "coordinates": [
          [
            [
              14.4201935,
              50.0696042
            ],
            [
              14.4202094,
              50.0695511
            ],
            [
              14.4202137,
              50.0695218
            ],
            [
              14.4202025,
              50.06952
            ],
            [
              14.4202123,
              50.0694942
            ],
            [
              14.4202315,
              50.0694496
            ],
            [
              14.4202464,
              50.0694235
            ],
            [
              14.4204465,
              50.0690804
            ],
            [
              14.4206258,
              50.0687848
            ],
            [
              14.4206511,
              50.0687432
            ],
            [
              14.4208138,
              50.0684762
            ],
            [
              14.4209466,
              50.0682595
            ],
            [
              14.4210679,
              50.0682905
            ],
            [
              14.4211373,
              50.0683055
            ],
            [
              14.4213171,
              50.0683376
            ],
            [
              14.4223166,
              50.0685801
            ],
            [
              14.4228834,
              50.0687192
            ],
            [
              14.4220701,
              50.0697326
            ],
            [
              14.4227965,
              50.0699696
            ],
            [
              14.4226523,
              50.0702579
            ],
            [
              14.4223707,
              50.0702341
            ],
            [
              14.4223479,
              50.0702596
            ],
            [
              14.4218054,
              50.0700967
            ],
            [
              14.4217077,
              50.0702424
            ],
            [
              14.4216763,
              50.0703129
            ],
            [
              14.421674,
              50.0703195
            ],
            [
              14.421377,
              50.0702361
            ],
            [
              14.4210974,
              50.0701375
            ],
            [
              14.4204811,
              50.0699084
            ],
            [
              14.4203722,
              50.0698647
            ],
            [
              14.4203467,
              50.0698257
            ],
            [
              14.4203205,
              50.0698136
            ],
            [
              14.4202812,
              50.0697761
            ],
            [
              14.4202325,
              50.0696997
            ],
            [
              14.4202117,
              50.0696577
            ],
            [
              14.4202,
              50.0696586
            ],
            [
              14.4201935,
              50.0696042
            ]
          ]
        ]
      },
      "id": "way/1174575416"
    },
    {
      "type": "Feature",
      "properties": {
        "@id": "way/1177886168",
        "amenity": "hospital",
        "healthcare": "rehabilitation"
      },
      "geometry": {
        "type": "Polygon",
        "coordinates": [
          [
            [
              18.4352828,
              49.7878514
            ],
            [
              18.4353001,
              49.7879955
            ],
            [
              18.4353452,
              49.7883919
            ],
            [
              18.4353483,
              49.7884195
            ],
            [
              18.4353332,
              49.7884207
            ],
            [
              18.4351044,
              49.7885491
            ],
            [
              18.4350548,
              49.7885588
            ],
            [
              18.4348225,
              49.7885966
            ],
            [
              18.434622,
              49.788601
            ],
            [
              18.434575,
              49.7886035
            ],
            [
              18.4345335,
              49.7886057
            ],
            [
              18.4344407,
              49.7886111
            ],
            [
              18.434406,
              49.788579
            ],
            [
              18.4343879,
              49.7885581
            ],
            [
              18.4343663,
              49.7885256
            ],
            [
              18.4343439,
              49.7884742
            ],
            [
              18.4343354,
              49.788413
            ],
            [
              18.4343381,
              49.7883808
            ],
            [
              18.4343507,
              49.7883316
            ],
            [
              18.434373,
              49.788289
            ],
            [
              18.4343972,
              49.7882563
            ],
            [
              18.4344084,
              49.7881855
            ],
            [
              18.4344733,
              49.7878866
            ],
            [
              18.4344953,
              49.7878651
            ],
            [
              18.4345328,
              49.7878482
            ],
            [
              18.4345865,
              49.7878454
            ],
            [
              18.4346605,
              49.7878504
            ],
            [
              18.4352828,
              49.7878514
            ]
          ]
        ]
      },
      "id": "way/1177886168"
    },
    {
      "type": "Feature",
      "properties": {
        "@id": "way/1212118773",
        "amenity": "hospital",
        "healthcare": "hospital"
      },
      "geometry": {
        "type": "Polygon",
        "coordinates": [
          [
            [
              15.3537707,
              50.4406457
            ],
            [
              15.3536864,
              50.4405854
            ],
            [
              15.3536461,
              50.4405746
            ],
            [
              15.353664,
              50.4404613
            ],
            [
              15.3539428,
              50.44048
            ],
            [
              15.3539624,
              50.4404825
            ],
            [
              15.3539729,
              50.4404871
            ],
            [
              15.3539781,
              50.4404936
            ],
            [
              15.3539797,
              50.440501
            ],
            [
              15.3539788,
              50.4405084
            ],
            [
              15.3539723,
              50.4405159
            ],
            [
              15.3537707,
              50.4406457
            ]
          ]
        ]
      },
      "id": "way/1212118773"
    },
    {
      "type": "Feature",
      "properties": {
        "@id": "way/1212119249",
        "amenity": "hospital",
        "healthcare": "hospital"
      },
      "geometry": {
        "type": "Polygon",
        "coordinates": [
          [
            [
              15.3557279,
              50.4393721
            ],
            [
              15.3551646,
              50.4389887
            ],
            [
              15.3550165,
              50.4389805
            ],
            [
              15.3550508,
              50.4387823
            ],
            [
              15.3552397,
              50.4386607
            ],
            [
              15.3555122,
              50.4386798
            ],
            [
              15.3558083,
              50.4387495
            ],
            [
              15.3562478,
              50.4390307
            ],
            [
              15.3557279,
              50.4393721
            ]
          ]
        ]
      },
      "id": "way/1212119249"
    },
    {
      "type": "Feature",
      "properties": {
        "@id": "way/1249881472",
        "amenity": "hospital",
        "healthcare": "hospital"
      },
      "geometry": {
        "type": "Polygon",
        "coordinates": [
          [
            [
              12.9642936,
              50.3136659
            ],
            [
              12.9640356,
              50.3134298
            ],
            [
              12.9641132,
              50.3133562
            ],
            [
              12.964029,
              50.3132883
            ],
            [
              12.9641248,
              50.3132352
            ],
            [
              12.9637135,
              50.3128901
            ],
            [
              12.9627303,
              50.3120552
            ],
            [
              12.9627702,
              50.3120234
            ],
            [
              12.9627829,
              50.3120177
            ],
            [
              12.9626107,
              50.3118666
            ],
            [
              12.9628799,
              50.3117416
            ],
            [
              12.963608,
              50.3114075
            ],
            [
              12.9645899,
              50.3122021
            ],
            [
              12.9653796,
              50.3128553
            ],
            [
              12.9651366,
              50.3129775
            ],
            [
              12.9656838,
              50.3135922
            ],
            [
              12.9654355,
              50.3136929
            ],
            [
              12.9652727,
              50.3137014
            ],
            [
              12.9651304,
              50.3137705
            ],
            [
              12.9642936,
              50.3136659
            ]
          ]
        ]
      },
      "id": "way/1249881472"
    },
    {
      "type": "Feature",
      "properties": {
        "@id": "way/1251311984",
        "CLC:id": "EU-1139588",
        "amenity": "hospital",
        "emergency": "no",
        "landuse": "residential",
        "name": "Nemocnice Vítkov",
        "source": "corine;bing"
      },
      "geometry": {
        "type": "Polygon",
        "coordinates": [
          [
            [
              17.763047,
              49.7868514
            ],
            [
              17.7631264,
              49.7870024
            ],
            [
              17.7627629,
              49.7870864
            ],
            [
              17.761867,
              49.7872492
            ],
            [
              17.761648,
              49.7871419
            ],
            [
              17.7615026,
              49.7870858
            ],
            [
              17.7613827,
              49.787035
            ],
            [
              17.7609256,
              49.7868639
            ],
            [
              17.7602262,
              49.7857655
            ],
            [
              17.7600049,
              49.7854127
            ],
            [
              17.7601652,
              49.7853707
            ],
            [
              17.7609631,
              49.7852213
            ],
            [
              17.7616692,
              49.7851356
            ],
            [
              17.7622157,
              49.7850884
            ],
            [
              17.7622982,
              49.7851105
            ],
            [
              17.7627347,
              49.7860154
            ],
            [
              17.7628206,
              49.7861981
            ],
            [
              17.7629064,
              49.7865349
            ],
            [
              17.763047,
              49.7868514
            ]
          ]
        ]
      },
      "id": "way/1251311984"
    },
    {
      "type": "Feature",
      "properties": {
        "@id": "way/1254926923",
        "amenity": "hospital",
        "healthcare": "hospital"
      },
      "geometry": {
        "type": "Polygon",
        "coordinates": [
          [
            [
              15.0617979,
              50.7692863
            ],
            [
              15.0617686,
              50.7692754
            ],
            [
              15.0617248,
              50.7692591
            ],
            [
              15.0616001,
              50.7692446
            ],
            [
              15.061603,
              50.7692416
            ],
            [
              15.0615812,
              50.7692377
            ],
            [
              15.0615551,
              50.7692295
            ],
            [
              15.0615134,
              50.7692202
            ],
            [
              15.0616501,
              50.7690506
            ],
            [
              15.0618341,
              50.7689928
            ],
            [
              15.0621793,
              50.768875
            ],
            [
              15.0622005,
              50.7688926
            ],
            [
              15.062296,
              50.7689963
            ],
            [
              15.0623085,
              50.76901
            ],
            [
              15.0620557,
              50.7691028
            ],
            [
              15.0619399,
              50.7691625
            ],
            [
              15.0617979,
              50.7692863
            ]
          ]
        ]
      },
      "id": "way/1254926923"
    },
    {
      "type": "Feature",
      "properties": {
        "@id": "way/1257140137",
        "amenity": "hospital",
        "area": "yes",
        "healthcare": "hospital",
        "name": "Privamed"
      },
      "geometry": {
        "type": "Polygon",
        "coordinates": [
          [
            [
              13.3601017,
              49.76515
            ],
            [
              13.3602446,
              49.7652153
            ],
            [
              13.3603205,
              49.7652455
            ],
            [
              13.360359,
              49.7652553
            ],
            [
              13.3604104,
              49.7652613
            ],
            [
              13.3604617,
              49.7653345
            ],
            [
              13.3603485,
              49.7653518
            ],
            [
              13.3602025,
              49.7653465
            ],
            [
              13.3599492,
              49.7653722
            ],
            [
              13.3596279,
              49.765435
            ],
            [
              13.359173,
              49.7654796
            ],
            [
              13.3584184,
              49.7655468
            ],
            [
              13.3582637,
              49.7655418
            ],
            [
              13.3577109,
              49.7655198
            ],
            [
              13.3578066,
              49.7653052
            ],
            [
              13.3579003,
              49.7648801
            ],
            [
              13.358188,
              49.7645317
            ],
            [
              13.3582348,
              49.7644747
            ],
            [
              13.3582553,
              49.7644902
            ],
            [
              13.3583191,
              49.7645026
            ],
            [
              13.3583545,
              49.764505
            ],
            [
              13.3587318,
              49.7644491
            ],
            [
              13.3588066,
              49.7644114
            ],
            [
              13.3588867,
              49.7643865
            ],
            [
              13.3596565,
              49.7642502
            ],
            [
              13.3598494,
              49.7645705
            ],
            [
              13.3601017,
              49.76515
            ]
          ]
        ]
      },
      "id": "way/1257140137"
    },
    {
      "type": "Feature",
      "properties": {
        "@id": "way/1282584605",
        "amenity": "hospital",
        "healthcare": "hospital"
      },
      "geometry": {
        "type": "Polygon",
        "coordinates": [
          [
            [
              15.6404775,
              50.3690672
            ],
            [
              15.6388198,
              50.3692704
            ],
            [
              15.6384272,
              50.3680965
            ],
            [
              15.6386184,
              50.368081
            ],
            [
              15.6390278,
              50.3680544
            ],
            [
              15.6390063,
              50.3679894
            ],
            [
              15.6400712,
              50.3678397
            ],
            [
              15.6404775,
              50.3690672
            ]
          ]
        ]
      },
      "id": "way/1282584605"
    },
    {
      "type": "Feature",
      "properties": {
        "@id": "way/1283800115",
        "amenity": "hospital",
        "healthcare": "hospital",
        "name": "Poliklinika Hlučín"
      },
      "geometry": {
        "type": "Polygon",
        "coordinates": [
          [
            [
              18.1870131,
              49.9003466
            ],
            [
              18.1865437,
              49.9000645
            ],
            [
              18.1865134,
              49.9000485
            ],
            [
              18.1864604,
              49.8999882
            ],
            [
              18.1863093,
              49.8998922
            ],
            [
              18.1862211,
              49.8998592
            ],
            [
              18.1858885,
              49.8996471
            ],
            [
              18.1859133,
              49.8996428
            ],
            [
              18.1859431,
              49.8996283
            ],
            [
              18.1861665,
              49.8994801
            ],
            [
              18.1861884,
              49.8994507
            ],
            [
              18.1861829,
              49.8994162
            ],
            [
              18.1861514,
              49.8993867
            ],
            [
              18.185897,
              49.8992225
            ],
            [
              18.1861915,
              49.8990316
            ],
            [
              18.186272,
              49.8990177
            ],
            [
              18.1864165,
              49.898914
            ],
            [
              18.1866879,
              49.8990536
            ],
            [
              18.186893,
              49.8988894
            ],
            [
              18.1870938,
              49.8989882
            ],
            [
              18.1871814,
              49.8989136
            ],
            [
              18.1873665,
              49.8990015
            ],
            [
              18.1870512,
              49.89925
            ],
            [
              18.1874044,
              49.8994478
            ],
            [
              18.1870608,
              49.8996946
            ],
            [
              18.187065,
              49.8997187
            ],
            [
              18.1875133,
              49.8999767
            ],
            [
              18.1870131,
              49.9003466
            ]
          ]
        ]
      },
      "id": "way/1283800115"
    },
    {
      "type": "Feature",
      "properties": {
        "@id": "way/1329887433",
        "amenity": "hospital",
        "healthcare": "hospital",
        "name": "Oblastní nemocnice Rychnov nad Kněžnou"
      },
      "geometry": {
        "type": "Polygon",
        "coordinates": [
          [
            [
              16.270127,
              50.1711904
            ],
            [
              16.2684546,
              50.1707482
            ],
            [
              16.2690137,
              50.1698835
            ],
            [
              16.2690145,
              50.1698801
            ],
            [
              16.2694609,
              50.1691778
            ],
            [
              16.2694921,
              50.169184
            ],
            [
              16.2695226,
              50.1691331
            ],
            [
              16.269491,
              50.1691279
            ],
            [
              16.2698181,
              50.1686013
            ],
            [
              16.2698225,
              50.1686011
            ],
            [
              16.269953,
              50.1683932
            ],
            [
              16.2700114,
              50.1683681
            ],
            [
              16.2700769,
              50.1682701
            ],
            [
              16.2700605,
              50.1682458
            ],
            [
              16.2700948,
              50.1681926
            ],
            [
              16.2701179,
              50.1681862
            ],
            [
              16.2701086,
              50.1681712
            ],
            [
              16.2701428,
              50.1681181
            ],
            [
              16.2701659,
              50.1681116
            ],
            [
              16.2701567,
              50.1680966
            ],
            [
              16.2701908,
              50.1680435
            ],
            [
              16.2704266,
              50.1676735
            ],
            [
              16.2704439,
              50.1675844
            ],
            [
              16.2706495,
              50.1672765
            ],
            [
              16.2707034,
              50.1672622
            ],
            [
              16.2707515,
              50.1672704
            ],
            [
              16.2712605,
              50.1674212
            ],
            [
              16.2713098,
              50.1674914
            ],
            [
              16.2713433,
              50.1675012
            ],
            [
              16.2713769,
              50.167511
            ],
            [
              16.2714089,
              50.1674647
            ],
            [
              16.2717694,
              50.1675678
            ],
            [
              16.2718555,
              50.1675843
            ],
            [
              16.2719301,
              50.1678194
            ],
            [
              16.2719934,
              50.1680775
            ],
            [
              16.2720584,
              50.1682486
            ],
            [
              16.2721338,
              50.1683912
            ],
            [
              16.2722289,
              50.1685261
            ],
            [
              16.2723432,
              50.1686555
            ],
            [
              16.2724607,
              50.1687777
            ],
            [
              16.272622,
              50.1689111
            ],
            [
              16.2727972,
              50.1690377
            ],
            [
              16.2730041,
              50.1691578
            ],
            [
              16.2732494,
              50.169264
            ],
            [
              16.2733838,
              50.1693162
            ],
            [
              16.2729525,
              50.1698989
            ],
            [
              16.2726821,
              50.1703003
            ],
            [
              16.271187,
              50.1699268
            ],
            [
              16.2711353,
              50.1700111
            ],
            [
              16.270763,
              50.1701864
            ],
            [
              16.270127,
              50.1711904
            ]
          ]
        ]
      },
      "id": "way/1329887433"
    },
    {
      "type": "Feature",
      "properties": {
        "@id": "way/1348216353",
        "amenity": "hospital",
        "healthcare": "hospital",
        "name": "Váš praktik Stěžery"
      },
      "geometry": {
        "type": "Polygon",
        "coordinates": [
          [
            [
              15.7475238,
              50.2161811
            ],
            [
              15.7475123,
              50.2161914
            ],
            [
              15.7469457,
              50.2159114
            ],
            [
              15.7468484,
              50.2158497
            ],
            [
              15.7469599,
              50.2157464
            ],
            [
              15.747088,
              50.2156294
            ],
            [
              15.7476997,
              50.2158973
            ],
            [
              15.7475673,
              50.2159951
            ],
            [
              15.7475233,
              50.2160286
            ],
            [
              15.7475006,
              50.2160479
            ],
            [
              15.7474858,
              50.2160606
            ],
            [
              15.7474726,
              50.2160774
            ],
            [
              15.7474693,
              50.216107
            ],
            [
              15.7474772,
              50.2161308
            ],
            [
              15.7474862,
              50.2161488
            ],
            [
              15.7474999,
              50.2161669
            ],
            [
              15.7475238,
              50.2161811
            ]
          ]
        ]
      },
      "id": "way/1348216353"
    },
    {
      "type": "Feature",
      "properties": {
        "@id": "way/1363617144",
        "amenity": "hospital"
      },
      "geometry": {
        "type": "Polygon",
        "coordinates": [
          [
            [
              12.7412733,
              50.3287036
            ],
            [
              12.7414772,
              50.328868
            ],
            [
              12.7416676,
              50.3290033
            ],
            [
              12.7418715,
              50.3291111
            ],
            [
              12.7420646,
              50.3291882
            ],
            [
              12.7422094,
              50.3292344
            ],
            [
              12.7423355,
              50.3292652
            ],
            [
              12.7422631,
              50.3293509
            ],
            [
              12.7418876,
              50.3296111
            ],
            [
              12.741276,
              50.3295255
            ],
            [
              12.74082,
              50.3295289
            ],
            [
              12.7405813,
              50.3294519
            ],
            [
              12.7407369,
              50.3293303
            ],
            [
              12.7408147,
              50.329255
            ],
            [
              12.7408978,
              50.3291351
            ],
            [
              12.741099,
              50.3288098
            ],
            [
              12.7412733,
              50.3287036
            ]
          ]
        ]
      },
      "id": "way/1363617144"
    },
    {
      "type": "Feature",
      "properties": {
        "@id": "way/1365783572",
        "alt_name": "zámek Petrohrad",
        "amenity": "hospital",
        "emergency": "no",
        "healthcare": "hospital",
        "healthcare:speciality": "psychiatry",
        "name": "Psychiatrická léčebna Petrohrad",
        "phone": "+420 415 236 111",
        "website": "https://www.plpetrohrad.cz/"
      },
      "geometry": {
        "type": "Polygon",
        "coordinates": [
          [
            [
              13.4420524,
              50.1261721
            ],
            [
              13.441979,
              50.1262354
            ],
            [
              13.4419019,
              50.1263033
            ],
            [
              13.4418568,
              50.1263396
            ],
            [
              13.4416878,
              50.1264178
            ],
            [
              13.44144,
              50.1263673
            ],
            [
              13.4412643,
              50.1261783
            ],
            [
              13.4411395,
              50.1259229
            ],
            [
              13.4410113,
              50.1255456
            ],
            [
              13.4409907,
              50.1252542
            ],
            [
              13.4409498,
              50.1250612
            ],
            [
              13.441178,
              50.124739
            ],
            [
              13.4412809,
              50.1246521
            ],
            [
              13.4415379,
              50.1245764
            ],
            [
              13.4421756,
              50.1247178
            ],
            [
              13.4427744,
              50.1248239
            ],
            [
              13.4436291,
              50.1249289
            ],
            [
              13.4441283,
              50.1250305
            ],
            [
              13.4444837,
              50.125137
            ],
            [
              13.4445044,
              50.1251992
            ],
            [
              13.4439525,
              50.1259585
            ],
            [
              13.4439312,
              50.1259838
            ],
            [
              13.4439145,
              50.1260037
            ],
            [
              13.4438144,
              50.1260912
            ],
            [
              13.4437262,
              50.1261622
            ],
            [
              13.4438163,
              50.1262102
            ],
            [
              13.4437475,
              50.1262776
            ],
            [
              13.4437109,
              50.1262623
            ],
            [
              13.4433167,
              50.1266032
            ],
            [
              13.4433449,
              50.126616
            ],
            [
              13.4432329,
              50.1267125
            ],
            [
              13.4431819,
              50.1267179
            ],
            [
              13.443067,
              50.126663
            ],
            [
              13.4430595,
              50.1266281
            ],
            [
              13.4430833,
              50.1266069
            ],
            [
              13.4423071,
              50.1262284
            ],
            [
              13.4422607,
              50.1262653
            ],
            [
              13.4421305,
              50.1262015
            ],
            [
              13.4420928,
              50.126182
            ],
            [
              13.4420605,
              50.1261667
            ],
            [
              13.4420524,
              50.1261721
            ]
          ]
        ]
      },
      "id": "way/1365783572"
    },
    {
      "type": "Feature",
      "properties": {
        "@id": "way/1380140089",
        "amenity": "hospital",
        "barrier": "fence",
        "healthcare": "hospital"
      },
      "geometry": {
        "type": "Polygon",
        "coordinates": [
          [
            [
              17.8808572,
              49.9339706
            ],
            [
              17.8816165,
              49.9342749
            ],
            [
              17.8823782,
              49.9345802
            ],
            [
              17.8813434,
              49.9356594
            ],
            [
              17.8808591,
              49.9354813
            ],
            [
              17.8806289,
              49.935427
            ],
            [
              17.8808949,
              49.9351499
            ],
            [
              17.8802819,
              49.9349013
            ],
            [
              17.8800923,
              49.9348223
            ],
            [
              17.8801473,
              49.9347655
            ],
            [
              17.8804422,
              49.9344611
            ],
            [
              17.8808639,
              49.9340257
            ],
            [
              17.8808317,
              49.9339769
            ],
            [
              17.8808572,
              49.9339706
            ]
          ]
        ]
      },
      "id": "way/1380140089"
    },
    {
      "type": "Feature",
      "properties": {
        "@id": "way/1384139212",
        "amenity": "hospital",
        "emergency": "yes",
        "healthcare": "hospital",
        "name": "Nemocnice Jindřichův Hradec",
        "website": "https://nemjh.cz"
      },
      "geometry": {
        "type": "Polygon",
        "coordinates": [
          [
            [
              15.0076806,
              49.139129
            ],
            [
              15.0074415,
              49.1392326
            ],
            [
              15.0064693,
              49.1396727
            ],
            [
              15.0063781,
              49.139699
            ],
            [
              15.0063459,
              49.1397121
            ],
            [
              15.0061152,
              49.1397621
            ],
            [
              15.0060066,
              49.1397298
            ],
            [
              15.0059006,
              49.1397008
            ],
            [
              15.0058,
              49.1397244
            ],
            [
              15.0058135,
              49.1397543
            ],
            [
              15.0057982,
              49.1397747
            ],
            [
              15.0057384,
              49.1397885
            ],
            [
              15.0056968,
              49.1398148
            ],
            [
              15.0056592,
              49.1398534
            ],
            [
              15.0056136,
              49.1398903
            ],
            [
              15.0054395,
              49.1399471
            ],
            [
              15.0053827,
              49.1398667
            ],
            [
              15.0052905,
              49.1398832
            ],
            [
              15.0052725,
              49.1398663
            ],
            [
              15.0048967,
              49.1399766
            ],
            [
              15.0049138,
              49.1400015
            ],
            [
              15.0047339,
              49.1400499
            ],
            [
              15.0044201,
              49.1401658
            ],
            [
              15.0042082,
              49.1403044
            ],
            [
              15.003551,
              49.1408729
            ],
            [
              15.0035269,
              49.1408554
            ],
            [
              15.0033874,
              49.1409413
            ],
            [
              15.0033204,
              49.1409536
            ],
            [
              15.0027759,
              49.1409799
            ],
            [
              15.0025854,
              49.1409571
            ],
            [
              15.002584,
              49.1409287
            ],
            [
              15.0025693,
              49.140908
            ],
            [
              15.0023494,
              49.1409185
            ],
            [
              15.0023464,
              49.1407664
            ],
            [
              15.0022544,
              49.140155
            ],
            [
              15.002253,
              49.1398979
            ],
            [
              15.002297,
              49.1397477
            ],
            [
              15.0024178,
              49.1395384
            ],
            [
              15.0024304,
              49.1393772
            ],
            [
              15.0024329,
              49.1391451
            ],
            [
              15.0024138,
              49.1389734
            ],
            [
              15.0032055,
              49.1388106
            ],
            [
              15.0034276,
              49.1387567
            ],
            [
              15.0048358,
              49.1384812
            ],
            [
              15.0049732,
              49.1387271
            ],
            [
              15.0052127,
              49.1386799
            ],
            [
              15.007142,
              49.1382941
            ],
            [
              15.0073276,
              49.1382573
            ],
            [
              15.0077265,
              49.1381851
            ],
            [
              15.007898,
              49.1385606
            ],
            [
              15.0074555,
              49.1386659
            ],
            [
              15.0075546,
              49.1389202
            ],
            [
              15.0076806,
              49.139129
            ]
          ]
        ]
      },
      "id": "way/1384139212"
    },
    {
      "type": "Feature",
      "properties": {
        "@id": "way/1454099255",
        "amenity": "hospital",
        "email": "info@ldn-rybitvi.cz",
        "healthcare": "hospital",
        "healthcare:speciality": "long_term_care",
        "name": "Léčebna dlouhodobě nemocných Rybitví",
        "ref:ico": "00190560",
        "website": "https://www.ldn-rybitvi.cz/"
      },
      "geometry": {
        "type": "Polygon",
        "coordinates": [
          [
            [
              15.7019329,
              50.0592702
            ],
            [
              15.7019292,
              50.0592749
            ],
            [
              15.7017636,
              50.0592199
            ],
            [
              15.701767,
              50.0592157
            ],
            [
              15.7017138,
              50.0591977
            ],
            [
              15.7017006,
              50.0591848
            ],
            [
              15.7016907,
              50.0591631
            ],
            [
              15.7016894,
              50.0591433
            ],
            [
              15.7019333,
              50.0588427
            ],
            [
              15.7019567,
              50.0588281
            ],
            [
              15.7019862,
              50.058824
            ],
            [
              15.7020099,
              50.0588231
            ],
            [
              15.7020705,
              50.058845
            ],
            [
              15.7021073,
              50.0588
            ],
            [
              15.7020478,
              50.0587803
            ],
            [
              15.7020238,
              50.0587666
            ],
            [
              15.702017,
              50.0587455
            ],
            [
              15.7021579,
              50.0585599
            ],
            [
              15.7021755,
              50.0585425
            ],
            [
              15.7021999,
              50.0585312
            ],
            [
              15.7022297,
              50.0585262
            ],
            [
              15.7022585,
              50.0585275
            ],
            [
              15.7033733,
              50.0589065
            ],
            [
              15.703391,
              50.0589232
            ],
            [
              15.7033998,
              50.0589406
            ],
            [
              15.7033904,
              50.0589606
            ],
            [
              15.7031808,
              50.0592205
            ],
            [
              15.7031517,
              50.0592277
            ],
            [
              15.7031182,
              50.059226
            ],
            [
              15.7030552,
              50.0593037
            ],
            [
              15.7030668,
              50.0593083
            ],
            [
              15.7030798,
              50.0593189
            ],
            [
              15.7030825,
              50.0593316
            ],
            [
              15.7030811,
              50.0593439
            ],
            [
              15.7029229,
              50.0595408
            ],
            [
              15.7029019,
              50.0595543
            ],
            [
              15.7028759,
              50.059562
            ],
            [
              15.702846,
              50.0595675
            ],
            [
              15.7028165,
              50.0595637
            ],
            [
              15.7025791,
              50.0594865
            ],
            [
              15.702559,
              50.0594748
            ],
            [
              15.7025438,
              50.0594555
            ],
            [
              15.7025405,
              50.0594287
            ],
            [
              15.7024656,
              50.0594063
            ],
            [
              15.7024449,
              50.0594113
            ],
            [
              15.7024063,
              50.0594165
            ],
            [
              15.7023684,
              50.0594126
            ],
            [
              15.7019329,
              50.0592702
            ]
          ]
        ]
      },
      "id": "way/1454099255"
    },
    {
      "type": "Feature",
      "properties": {
        "@id": "way/1460218259",
        "amenity": "hospital",
        "healthcare": "hospital",
        "name": "Vojenská nemocnice"
      },
      "geometry": {
        "type": "Polygon",
        "coordinates": [
          [
            [
              17.2645614,
              49.6078951
            ],
            [
              17.264474,
              49.6066833
            ],
            [
              17.264405,
              49.6065508
            ],
            [
              17.2643201,
              49.605514
            ],
            [
              17.2643485,
              49.6054352
            ],
            [
              17.2649447,
              49.605451
            ],
            [
              17.2649852,
              49.6049516
            ],
            [
              17.2651779,
              49.6048202
            ],
            [
              17.265184,
              49.6046231
            ],
            [
              17.2676145,
              49.6046013
            ],
            [
              17.2676389,
              49.6054134
            ],
            [
              17.2663858,
              49.6054609
            ],
            [
              17.2661087,
              49.6055126
            ],
            [
              17.2662304,
              49.6057202
            ],
            [
              17.2662689,
              49.605916
            ],
            [
              17.2663745,
              49.6072329
            ],
            [
              17.2659481,
              49.6072547
            ],
            [
              17.2659816,
              49.6076748
            ],
            [
              17.2661184,
              49.6076879
            ],
            [
              17.2661311,
              49.6078308
            ],
            [
              17.2660889,
              49.6078395
            ],
            [
              17.2660942,
              49.6079064
            ],
            [
              17.2649602,
              49.6079492
            ],
            [
              17.2649537,
              49.6078831
            ],
            [
              17.2645614,
              49.6078951
            ]
          ]
        ]
      },
      "id": "way/1460218259"
    },
    {
      "type": "Feature",
      "properties": {
        "@id": "way/1462099130",
        "amenity": "hospital",
        "healthcare": "hospital",
        "name": "Psychiatrická nemocnice v Kroměříži",
        "website": "http://www.pnkm.cz/cs/uvod",
        "wikidata": "Q12047509"
      },
      "geometry": {
        "type": "Polygon",
        "coordinates": [
          [
            [
              17.3733791,
              49.295909
            ],
            [
              17.3743867,
              49.2949526
            ],
            [
              17.3741803,
              49.2948449
            ],
            [
              17.3737517,
              49.2946259
            ],
            [
              17.3730563,
              49.2942333
            ],
            [
              17.3728079,
              49.2940841
            ],
            [
              17.3724778,
              49.2938892
            ],
            [
              17.371389,
              49.2933953
            ],
            [
              17.3714292,
              49.2933607
            ],
            [
              17.371828,
              49.2929762
            ],
            [
              17.3722143,
              49.2931533
            ],
            [
              17.372192,
              49.2931716
            ],
            [
              17.3720968,
              49.293261
            ],
            [
              17.3725016,
              49.2934446
            ],
            [
              17.3727532,
              49.2932081
            ],
            [
              17.37301,
              49.2929669
            ],
            [
              17.373053,
              49.2929265
            ],
            [
              17.3727427,
              49.2927824
            ],
            [
              17.3727297,
              49.2927373
            ],
            [
              17.3732589,
              49.2922339
            ],
            [
              17.3730399,
              49.2921336
            ],
            [
              17.373371,
              49.2918092
            ],
            [
              17.3736799,
              49.2914906
            ],
            [
              17.374072,
              49.2916796
            ],
            [
              17.3743733,
              49.2914288
            ],
            [
              17.3765286,
              49.292499
            ],
            [
              17.3768179,
              49.2922274
            ],
            [
              17.3768677,
              49.292254
            ],
            [
              17.3768166,
              49.2922955
            ],
            [
              17.3769475,
              49.2923636
            ],
            [
              17.3769997,
              49.2923219
            ],
            [
              17.3770171,
              49.2923315
            ],
            [
              17.377084,
              49.2923637
            ],
            [
              17.3772884,
              49.2921928
            ],
            [
              17.3777189,
              49.2923875
            ],
            [
              17.3788779,
              49.2929087
            ],
            [
              17.3790705,
              49.2929949
            ],
            [
              17.3791603,
              49.2930354
            ],
            [
              17.3791648,
              49.293038
            ],
            [
              17.3791686,
              49.293041
            ],
            [
              17.3791715,
              49.2930444
            ],
            [
              17.3791734,
              49.2930481
            ],
            [
              17.3791742,
              49.293052
            ],
            [
              17.379174,
              49.2930559
            ],
            [
              17.3791727,
              49.2930597
            ],
            [
              17.379135,
              49.2930967
            ],
            [
              17.3796819,
              49.2933443
            ],
            [
              17.3797024,
              49.2933535
            ],
            [
              17.3797612,
              49.29338
            ],
            [
              17.3797946,
              49.2933486
            ],
            [
              17.3797984,
              49.2933457
            ],
            [
              17.379803,
              49.2933433
            ],
            [
              17.379808,
              49.2933414
            ],
            [
              17.3798135,
              49.29334
            ],
            [
              17.3798192,
              49.2933393
            ],
            [
              17.3798251,
              49.2933391
            ],
            [
              17.3798309,
              49.2933396
            ],
            [
              17.3798409,
              49.2933422
            ],
            [
              17.3799304,
              49.2933831
            ],
            [
              17.3801836,
              49.2934837
            ],
            [
              17.381748,
              49.2941052
            ],
            [
              17.3817575,
              49.2941104
            ],
            [
              17.3817618,
              49.2941139
            ],
            [
              17.3817647,
              49.2941202
            ],
            [
              17.381764,
              49.2941249
            ],
            [
              17.3817637,
              49.2941288
            ],
            [
              17.381762,
              49.2941317
            ],
            [
              17.3817575,
              49.2941366
            ],
            [
              17.3806043,
              49.2952303
            ],
            [
              17.3790445,
              49.2967118
            ],
            [
              17.3782424,
              49.2974644
            ],
            [
              17.3779318,
              49.2977675
            ],
            [
              17.3776556,
              49.297704
            ],
            [
              17.377068,
              49.2975353
            ],
            [
              17.3764952,
              49.2973359
            ],
            [
              17.3760653,
              49.2971675
            ],
            [
              17.3755622,
              49.2969514
            ],
            [
              17.3747362,
              49.2965781
            ],
            [
              17.3738551,
              49.2961531
            ],
            [
              17.3733791,
              49.295909
            ]
          ]
        ]
      },
      "id": "way/1462099130"
    },
    {
      "type": "Feature",
      "properties": {
        "@id": "way/1509919159",
        "amenity": "hospital",
        "emergency": "yes",
        "healthcare": "hospital",
        "name": "Nemocnice Vimperk a.s.",
        "operator": "Bohemia Hospitals",
        "phone": "+420 388 400 100",
        "website": "https://www.nemocnicevimperk.cz/"
      },
      "geometry": {
        "type": "Polygon",
        "coordinates": [
          [
            [
              13.7632892,
              49.0574552
            ],
            [
              13.7628118,
              49.0570299
            ],
            [
              13.7628815,
              49.0569068
            ],
            [
              13.7638364,
              49.0565799
            ],
            [
              13.7657408,
              49.0561088
            ],
            [
              13.7665669,
              49.0559401
            ],
            [
              13.7670229,
              49.0557397
            ],
            [
              13.7670819,
              49.0557467
            ],
            [
              13.7664725,
              49.0563287
            ],
            [
              13.7662646,
              49.0564611
            ],
            [
              13.7660816,
              49.0565179
            ],
            [
              13.7648859,
              49.056781
            ],
            [
              13.7639524,
              49.0571674
            ],
            [
              13.7632892,
              49.0574552
            ]
          ]
        ]
      },
      "id": "way/1509919159"
    },
    {
      "type": "Feature",
      "properties": {
        "@id": "way/242634456",
        "amenity": "hospital",
        "emergency": "yes",
        "healthcare": "hospital",
        "name": "Thomayerova nemocnice",
        "old_name": "Masarykovy domovy",
        "start_date": "1928",
        "website": "https://www.ftn.cz/",
        "wikidata": "Q12058918",
        "wikipedia": "cs:Thomayerova nemocnice",
        "@relations": [
          {
            "role": "perimeter",
            "rel": 3279059,
            "reltags": {
              "amenity": "hospital",
              "loc_name": "Krčská nemocnice",
              "name": "Thomayerova nemocnice",
              "old_name": "Masarykovy domovy",
              "type": "site",
              "website": "https://www.ftn.cz/",
              "wikidata": "Q12058918",
              "wikipedia": "cs:Thomayerova nemocnice"
            }
          }
        ]
      },
      "geometry": {
        "type": "Polygon",
        "coordinates": [
          [
            [
              14.4609048,
              50.0235183
            ],
            [
              14.4609898,
              50.0234071
            ],
            [
              14.4617783,
              50.0235978
            ],
            [
              14.4620288,
              50.0237275
            ],
            [
              14.4616615,
              50.0245445
            ],
            [
              14.4623307,
              50.0247152
            ],
            [
              14.4627966,
              50.0246254
            ],
            [
              14.4638861,
              50.0242775
            ],
            [
              14.4634823,
              50.0244645
            ],
            [
              14.4630101,
              50.0246033
            ],
            [
              14.4628813,
              50.024804
            ],
            [
              14.4623275,
              50.0253015
            ],
            [
              14.4617093,
              50.0256607
            ],
            [
              14.4614544,
              50.0257848
            ],
            [
              14.4612348,
              50.0258588
            ],
            [
              14.4609193,
              50.0261114
            ],
            [
              14.46058,
              50.0268414
            ],
            [
              14.4609874,
              50.0277741
            ],
            [
              14.4624916,
              50.0289149
            ],
            [
              14.4623305,
              50.0290355
            ],
            [
              14.4623404,
              50.0290922
            ],
            [
              14.4622692,
              50.0292128
            ],
            [
              14.4621111,
              50.0292852
            ],
            [
              14.4619443,
              50.0293375
            ],
            [
              14.4617356,
              50.0296385
            ],
            [
              14.4617431,
              50.0297124
            ],
            [
              14.4614169,
              50.0300157
            ],
            [
              14.4599846,
              50.03082
            ],
            [
              14.4593347,
              50.0312709
            ],
            [
              14.4590416,
              50.0315409
            ],
            [
              14.4588546,
              50.031671
            ],
            [
              14.4586875,
              50.0317083
            ],
            [
              14.4580438,
              50.031984
            ],
            [
              14.4568679,
              50.0321108
            ],
            [
              14.4567218,
              50.0321925
            ],
            [
              14.4566408,
              50.0323238
            ],
            [
              14.4566374,
              50.0327004
            ],
            [
              14.4566447,
              50.0327808
            ],
            [
              14.4560701,
              50.032792
            ],
            [
              14.4560559,
              50.0327758
            ],
            [
              14.4560958,
              50.0317487
            ],
            [
              14.4561463,
              50.0305865
            ],
            [
              14.4561528,
              50.0302909
            ],
            [
              14.4561633,
              50.0302767
            ],
            [
              14.4561794,
              50.0302665
            ],
            [
              14.456199,
              50.0302605
            ],
            [
              14.4562208,
              50.0302612
            ],
            [
              14.456224,
              50.0301799
            ],
            [
              14.4563615,
              50.0301821
            ],
            [
              14.4563665,
              50.0300566
            ],
            [
              14.4563715,
              50.0299318
            ],
            [
              14.4562699,
              50.0299301
            ],
            [
              14.4562314,
              50.0299295
            ],
            [
              14.4562346,
              50.0298487
            ],
            [
              14.4562174,
              50.0298485
            ],
            [
              14.4561954,
              50.0298417
            ],
            [
              14.456182,
              50.0298298
            ],
            [
              14.4561699,
              50.0298103
            ],
            [
              14.456194,
              50.0293542
            ],
            [
              14.456237,
              50.0292651
            ],
            [
              14.4562895,
              50.0291945
            ],
            [
              14.456418,
              50.0290382
            ],
            [
              14.4564457,
              50.0290081
            ],
            [
              14.456464,
              50.0289882
            ],
            [
              14.4565203,
              50.0289199
            ],
            [
              14.4568516,
              50.0285608
            ],
            [
              14.4569146,
              50.0284979
            ],
            [
              14.4569786,
              50.0284283
            ],
            [
              14.4572991,
              50.0280789
            ],
            [
              14.4576574,
              50.0276883
            ],
            [
              14.4577575,
              50.0275791
            ],
            [
              14.4580936,
              50.0272071
            ],
            [
              14.4585878,
              50.0266604
            ],
            [
              14.4586499,
              50.0265916
            ],
            [
              14.4590633,
              50.0261324
            ],
            [
              14.4590692,
              50.0261241
            ],
            [
              14.4590817,
              50.0261064
            ],
            [
              14.4603318,
              50.0243441
            ],
            [
              14.4608694,
              50.0235882
            ],
            [
              14.4609048,
              50.0235183
            ]
          ]
        ]
      },
      "id": "way/242634456"
    },
    {
      "type": "Feature",
      "properties": {
        "@id": "way/51945803",
        "@relations": [
          {
            "role": "",
            "rel": 445219,
            "reltags": {
              "amenity": "hospital",
              "emergency": "no",
              "name": "Lázně Libverda",
              "site": "hospital",
              "source": "cuzk:km;uhul:ortofoto;survey",
              "type": "site"
            }
          }
        ]
      },
      "geometry": {
        "type": "LineString",
        "coordinates": [
          [
            15.1892798,
            50.8901208
          ],
          [
            15.189315,
            50.890113
          ],
          [
            15.1893309,
            50.8900986
          ],
          [
            15.1893221,
            50.8900652
          ],
          [
            15.1893256,
            50.8900296
          ],
          [
            15.1893468,
            50.8899873
          ],
          [
            15.1893785,
            50.8899495
          ],
          [
            15.1894244,
            50.8899161
          ],
          [
            15.1894515,
            50.8899201
          ],
          [
            15.1897772,
            50.8899684
          ],
          [
            15.1897983,
            50.8899828
          ],
          [
            15.1898319,
            50.8899918
          ],
          [
            15.1898548,
            50.889984
          ],
          [
            15.1898707,
            50.8899461
          ],
          [
            15.189853,
            50.8899261
          ],
          [
            15.1898178,
            50.8899228
          ],
          [
            15.1897878,
            50.8899306
          ],
          [
            15.1894673,
            50.8898823
          ],
          [
            15.1894032,
            50.8898727
          ],
          [
            15.1893891,
            50.8898627
          ],
          [
            15.1893203,
            50.8898983
          ],
          [
            15.1893274,
            50.8899161
          ],
          [
            15.1892886,
            50.8899584
          ],
          [
            15.1892639,
            50.8899984
          ],
          [
            15.1892551,
            50.8900262
          ],
          [
            15.1892286,
            50.8900307
          ],
          [
            15.1892286,
            50.8900852
          ],
          [
            15.1892586,
            50.8900963
          ],
          [
            15.1892586,
            50.890113
          ],
          [
            15.1892798,
            50.8901208
          ]
        ]
      },
      "id": "way/51945803"
    },
    {
      "type": "Feature",
      "properties": {
        "@id": "way/51945829",
        "@relations": [
          {
            "role": "",
            "rel": 445219,
            "reltags": {
              "amenity": "hospital",
              "emergency": "no",
              "name": "Lázně Libverda",
              "site": "hospital",
              "source": "cuzk:km;uhul:ortofoto;survey",
              "type": "site"
            }
          }
        ]
      },
      "geometry": {
        "type": "LineString",
        "coordinates": [
          [
            15.190109,
            50.89047
          ],
          [
            15.1901166,
            50.8903743
          ],
          [
            15.189938,
            50.8903639
          ],
          [
            15.189926,
            50.890456
          ],
          [
            15.190109,
            50.89047
          ]
        ]
      },
      "id": "way/51945829"
    },
    {
      "type": "Feature",
      "properties": {
        "@id": "way/51945831",
        "@relations": [
          {
            "role": "",
            "rel": 445219,
            "reltags": {
              "amenity": "hospital",
              "emergency": "no",
              "name": "Lázně Libverda",
              "site": "hospital",
              "source": "cuzk:km;uhul:ortofoto;survey",
              "type": "site"
            }
          }
        ]
      },
      "geometry": {
        "type": "LineString",
        "coordinates": [
          [
            15.1898856,
            50.8904627
          ],
          [
            15.1898993,
            50.8903963
          ],
          [
            15.1895543,
            50.8903714
          ],
          [
            15.189543,
            50.8904402
          ],
          [
            15.1898856,
            50.8904627
          ]
        ]
      },
      "id": "way/51945831"
    },
    {
      "type": "Feature",
      "properties": {
        "@id": "way/51945832",
        "@relations": [
          {
            "role": "",
            "rel": 445219,
            "reltags": {
              "amenity": "hospital",
              "emergency": "no",
              "name": "Lázně Libverda",
              "site": "hospital",
              "source": "cuzk:km;uhul:ortofoto;survey",
              "type": "site"
            }
          }
        ]
      },
      "geometry": {
        "type": "LineString",
        "coordinates": [
          [
            15.189616,
            50.8903459
          ],
          [
            15.189644,
            50.890324
          ],
          [
            15.1897773,
            50.8903296
          ],
          [
            15.1897883,
            50.8902622
          ],
          [
            15.1897286,
            50.8902598
          ],
          [
            15.1896742,
            50.8902583
          ],
          [
            15.1895266,
            50.8901828
          ],
          [
            15.1895357,
            50.890174
          ],
          [
            15.1894778,
            50.8901452
          ],
          [
            15.1894677,
            50.8901515
          ],
          [
            15.1894206,
            50.8901278
          ],
          [
            15.1893147,
            50.8902168
          ],
          [
            15.1892626,
            50.8901901
          ],
          [
            15.1891793,
            50.8902273
          ],
          [
            15.189391,
            50.8903351
          ],
          [
            15.189424,
            50.890308
          ],
          [
            15.18945,
            50.890291
          ],
          [
            15.189421,
            50.890276
          ],
          [
            15.189443,
            50.89026
          ],
          [
            15.189616,
            50.8903459
          ]
        ]
      },
      "id": "way/51945832"
    },
    {
      "type": "Feature",
      "properties": {
        "@id": "way/51945835",
        "@relations": [
          {
            "role": "",
            "rel": 445219,
            "reltags": {
              "amenity": "hospital",
              "emergency": "no",
              "name": "Lázně Libverda",
              "site": "hospital",
              "source": "cuzk:km;uhul:ortofoto;survey",
              "type": "site"
            }
          }
        ]
      },
      "geometry": {
        "type": "LineString",
        "coordinates": [
          [
            15.1902053,
            50.8903227
          ],
          [
            15.190231,
            50.890314
          ],
          [
            15.190198,
            50.890158
          ],
          [
            15.1900616,
            50.8901704
          ],
          [
            15.1900939,
            50.890326
          ],
          [
            15.1902053,
            50.8903227
          ]
        ]
      },
      "id": "way/51945835"
    },
    {
      "type": "Feature",
      "properties": {
        "@id": "node/296788406",
        "addr:city": "Praha 6",
        "addr:conscriptionnumber": "229",
        "addr:housenumber": "229/1",
        "addr:postcode": "16000",
        "addr:street": "Generála Píky",
        "addr:streetnumber": "1",
        "amenity": "hospital",
        "full_name": "Ústav leteckého zdravotnictví",
        "healthcare": "hospital",
        "name": "Ústav leteckého zdravotnictví Praha",
        "name:en": "Institute of Aviation Medicine",
        "source:addr": "cuzk:ruian",
        "website": "https://www.ulc.cz/"
      },
      "geometry": {
        "type": "Point",
        "coordinates": [
          14.3940382,
          50.0980038
        ]
      },
      "id": "node/296788406"
    },
    {
      "type": "Feature",
      "properties": {
        "@id": "node/300929385",
        "amenity": "hospital",
        "check_date": "2025-03-29",
        "healthcare": "hospital",
        "name": "Pohotovostní služba"
      },
      "geometry": {
        "type": "Point",
        "coordinates": [
          16.021491,
          49.3529502
        ]
      },
      "id": "node/300929385"
    },
    {
      "type": "Feature",
      "properties": {
        "@id": "node/332743091",
        "amenity": "hospital",
        "healthcare": "hospital",
        "highway": "emergency_access_point",
        "name": "Nemocnice Kroměříž budova A",
        "wheelchair": "yes"
      },
      "geometry": {
        "type": "Point",
        "coordinates": [
          17.378665,
          49.2922906
        ]
      },
      "id": "node/332743091"
    },
    {
      "type": "Feature",
      "properties": {
        "@id": "node/363495040",
        "@relations": [
          {
            "role": "entrance",
            "rel": 3279059,
            "reltags": {
              "amenity": "hospital",
              "loc_name": "Krčská nemocnice",
              "name": "Thomayerova nemocnice",
              "old_name": "Masarykovy domovy",
              "type": "site",
              "website": "https://www.ftn.cz/",
              "wikidata": "Q12058918",
              "wikipedia": "cs:Thomayerova nemocnice"
            }
          }
        ]
      },
      "geometry": {
        "type": "Point",
        "coordinates": [
          14.4603318,
          50.0243441
        ]
      },
      "id": "node/363495040"
    },
    {
      "type": "Feature",
      "properties": {
        "@id": "node/363529654",
        "@relations": [
          {
            "role": "label",
            "rel": 3279059,
            "reltags": {
              "amenity": "hospital",
              "loc_name": "Krčská nemocnice",
              "name": "Thomayerova nemocnice",
              "old_name": "Masarykovy domovy",
              "type": "site",
              "website": "https://www.ftn.cz/",
              "wikidata": "Q12058918",
              "wikipedia": "cs:Thomayerova nemocnice"
            }
          }
        ]
      },
      "geometry": {
        "type": "Point",
        "coordinates": [
          14.4578723,
          50.0300827
        ]
      },
      "id": "node/363529654"
    },
    {
      "type": "Feature",
      "properties": {
        "@id": "node/363569361",
        "@relations": [
          {
            "role": "entrance",
            "rel": 3279059,
            "reltags": {
              "amenity": "hospital",
              "loc_name": "Krčská nemocnice",
              "name": "Thomayerova nemocnice",
              "old_name": "Masarykovy domovy",
              "type": "site",
              "website": "https://www.ftn.cz/",
              "wikidata": "Q12058918",
              "wikipedia": "cs:Thomayerova nemocnice"
            }
          }
        ]
      },
      "geometry": {
        "type": "Point",
        "coordinates": [
          14.4563665,
          50.0300566
        ]
      },
      "id": "node/363569361"
    },
    {
      "type": "Feature",
      "properties": {
        "@id": "node/478745210",
        "amenity": "hospital",
        "contact:website": "https://stod.nemocnicepk.cz/",
        "healthcare": "hospital",
        "name": "Stodská nemocnice"
      },
      "geometry": {
        "type": "Point",
        "coordinates": [
          13.1550448,
          49.6363793
        ]
      },
      "id": "node/478745210"
    },
    {
      "type": "Feature",
      "properties": {
        "@id": "node/485990960",
        "amenity": "hospital",
        "check_date": "2024-10-14",
        "healthcare": "hospital",
        "name": "Léčebna dlouhodobě nemocných",
        "website": "https://www.ldnhk.cz/"
      },
      "geometry": {
        "type": "Point",
        "coordinates": [
          15.8399194,
          50.2121256
        ]
      },
      "id": "node/485990960"
    },
    {
      "type": "Feature",
      "properties": {
        "@id": "node/610351314",
        "amenity": "hospital",
        "healthcare": "hospital",
        "name": "Nemocnice Jindřichův Hradec, a.s.",
        "note": "http://www.hospitaljh.cz",
        "source": "uhul:ortofoto"
      },
      "geometry": {
        "type": "Point",
        "coordinates": [
          15.0034888,
          49.1389974
        ]
      },
      "id": "node/610351314"
    },
    {
      "type": "Feature",
      "properties": {
        "@id": "node/846158278",
        "addr:conscriptionnumber": "167",
        "addr:country": "CZ",
        "addr:housenumber": "167",
        "addr:place": "Oskava",
        "addr:postcode": "78801",
        "amenity": "hospital",
        "designation": "Zdravotní středisko Oskava",
        "emergency": "no",
        "name": "Zdravotní středisko Oskava",
        "ref:ruian:addr": "8048363"
      },
      "geometry": {
        "type": "Point",
        "coordinates": [
          17.1350241,
          49.8914136
        ]
      },
      "id": "node/846158278"
    },
    {
      "type": "Feature",
      "properties": {
        "@id": "node/886450355",
        "addr:city": "Jablonec nad Nisou",
        "addr:housenumber": "4446/15",
        "addr:postcode": "46601",
        "addr:street": "Nemocniční",
        "amenity": "hospital",
        "emergency": "yes",
        "name": "Nemocnice Jablonec nad Nisou",
        "phone": "+420 483 345 111",
        "website": "https://www.nemjbc.cz/",
        "wheelchair": "yes"
      },
      "geometry": {
        "type": "Point",
        "coordinates": [
          15.15903,
          50.7298146
        ]
      },
      "id": "node/886450355"
    },
    {
      "type": "Feature",
      "properties": {
        "@id": "node/920067909",
        "addr:city": "Praha",
        "addr:conscriptionnumber": "1250",
        "addr:country": "CZ",
        "addr:housenumber": "1250/16",
        "addr:place": "Žižkov",
        "addr:postcode": "13000",
        "addr:street": "Kubelíkova",
        "addr:streetnumber": "16",
        "addr:suburb": "Praha 3",
        "amenity": "hospital",
        "healthcare": "hospital",
        "name": "Nemocnice na Žižkově",
        "operator": "řádu Milosrdných sester sv. Kříže",
        "phone": "+420 221 012 211",
        "source:addr": "cuzk:ruian",
        "source:loc": "survey",
        "website": "https://www.nskz.cz/"
      },
      "geometry": {
        "type": "Point",
        "coordinates": [
          14.4478868,
          50.0817424
        ]
      },
      "id": "node/920067909"
    },
    {
      "type": "Feature",
      "properties": {
        "@id": "node/1223290689",
        "amenity": "hospital",
        "name": "Léčebna dlouhodobě nemocných"
      },
      "geometry": {
        "type": "Point",
        "coordinates": [
          13.8903084,
          49.1648759
        ]
      },
      "id": "node/1223290689"
    },
    {
      "type": "Feature",
      "properties": {
        "@id": "node/1284772286",
        "amenity": "hospital",
        "emergency": "no",
        "name": "Léčebna dlouhodobě nemocných Vojkov"
      },
      "geometry": {
        "type": "Point",
        "coordinates": [
          14.7169792,
          49.9844906
        ]
      },
      "id": "node/1284772286"
    },
    {
      "type": "Feature",
      "properties": {
        "@id": "node/1324008250",
        "amenity": "hospital",
        "healthcare": "hospital",
        "name": "LDN"
      },
      "geometry": {
        "type": "Point",
        "coordinates": [
          15.3018051,
          50.7409711
        ]
      },
      "id": "node/1324008250"
    },
    {
      "type": "Feature",
      "properties": {
        "@id": "node/1331331556",
        "amenity": "hospital",
        "healthcare": "hospital",
        "name": "Nemocnice Ostrov"
      },
      "geometry": {
        "type": "Point",
        "coordinates": [
          12.9638984,
          50.3122314
        ]
      },
      "id": "node/1331331556"
    },
    {
      "type": "Feature",
      "properties": {
        "@id": "node/1366848089",
        "addr:city": "Mělník",
        "addr:conscriptionnumber": "715",
        "addr:country": "CZ",
        "addr:housenumber": "715/14",
        "addr:postcode": "27601",
        "addr:street": "Bezručova",
        "addr:streetnumber": "14",
        "amenity": "hospital",
        "healthcare": "hospital",
        "name": "Nemocnice Na Podolí",
        "website": "https://www.nemocnice-melnik.cz/luzkove/689-2/"
      },
      "geometry": {
        "type": "Point",
        "coordinates": [
          14.475532,
          50.3570385
        ]
      },
      "id": "node/1366848089"
    },
    {
      "type": "Feature",
      "properties": {
        "@id": "node/1558937713",
        "amenity": "hospital",
        "emergency": "no",
        "name": "REHOS Nejdek",
        "website": "https://rehos-nejdek.cz/"
      },
      "geometry": {
        "type": "Point",
        "coordinates": [
          12.7413515,
          50.3290788
        ]
      },
      "id": "node/1558937713"
    },
    {
      "type": "Feature",
      "properties": {
        "@id": "node/1714969249",
        "amenity": "hospital",
        "name": "Rehamedica Žacléř"
      },
      "geometry": {
        "type": "Point",
        "coordinates": [
          15.9088043,
          50.650842
        ]
      },
      "id": "node/1714969249"
    },
    {
      "type": "Feature",
      "properties": {
        "@id": "node/1756492755",
        "amenity": "hospital"
      },
      "geometry": {
        "type": "Point",
        "coordinates": [
          18.7646563,
          49.5746616
        ]
      },
      "id": "node/1756492755"
    },
    {
      "type": "Feature",
      "properties": {
        "@id": "node/1811024410",
        "amenity": "hospital",
        "healthcare": "hospital",
        "name": "Léčebna dlouhodobě nemocných",
        "website": "https://ldnopocno.cz/"
      },
      "geometry": {
        "type": "Point",
        "coordinates": [
          16.1123794,
          50.2698185
        ]
      },
      "id": "node/1811024410"
    },
    {
      "type": "Feature",
      "properties": {
        "@id": "node/1827980113",
        "addr:conscriptionnumber": "271",
        "addr:country": "CZ",
        "addr:housenumber": "271",
        "addr:place": "Litomyšlské Předměstí",
        "addr:postcode": "56601",
        "addr:street": "Žižkova",
        "amenity": "hospital",
        "description": "Oddělení následné lůžkové péče",
        "healthcare": "hospital",
        "name": "Vysokomýtská nemocnice",
        "ref:ruian:addr": "5708940"
      },
      "geometry": {
        "type": "Point",
        "coordinates": [
          16.1500827,
          49.9484559
        ]
      },
      "id": "node/1827980113"
    },
    {
      "type": "Feature",
      "properties": {
        "@id": "node/1989291376",
        "addr:city": "Litvínov",
        "addr:conscriptionnumber": "638",
        "addr:country": "CZ",
        "addr:housenumber": "638",
        "addr:postcode": "43601",
        "addr:street": "Podkrušnohorská",
        "amenity": "hospital",
        "healthcare": "hospital",
        "name": "Podkrušnohorská nemocnice následné péče",
        "ref:ruian:addr": "5153409",
        "source:addr": "cuzk:ruian"
      },
      "geometry": {
        "type": "Point",
        "coordinates": [
          13.6132958,
          50.6041712
        ]
      },
      "id": "node/1989291376"
    },
    {
      "type": "Feature",
      "properties": {
        "@id": "node/2087894904",
        "amenity": "hospital",
        "emergency": "no",
        "name": "Městská nemocnice Slavičín"
      },
      "geometry": {
        "type": "Point",
        "coordinates": [
          17.8736981,
          49.0903822
        ]
      },
      "id": "node/2087894904"
    },
    {
      "type": "Feature",
      "properties": {
        "@id": "node/2098128033",
        "amenity": "hospital",
        "healthcare": "hospital",
        "name": "Ambulantní zařízení"
      },
      "geometry": {
        "type": "Point",
        "coordinates": [
          16.4398936,
          49.9033205
        ]
      },
      "id": "node/2098128033"
    },
    {
      "type": "Feature",
      "properties": {
        "@id": "node/2146319647",
        "amenity": "hospital",
        "emergency": "yes",
        "healthcare": "hospital",
        "name": "Krnovská nemocnice",
        "website": "https://www.szzkrnov.cz/"
      },
      "geometry": {
        "type": "Point",
        "coordinates": [
          17.6880418,
          50.0959538
        ]
      },
      "id": "node/2146319647"
    },
    {
      "type": "Feature",
      "properties": {
        "@id": "node/2206675969",
        "amenity": "hospital",
        "emergency": "yes",
        "healthcare": "hospital",
        "source": "local knowledge"
      },
      "geometry": {
        "type": "Point",
        "coordinates": [
          15.6399156,
          50.3688294
        ]
      },
      "id": "node/2206675969"
    },
    {
      "type": "Feature",
      "properties": {
        "@id": "node/2294573941",
        "amenity": "hospital",
        "healthcare": "hospital",
        "name": "Pečovatelský dům"
      },
      "geometry": {
        "type": "Point",
        "coordinates": [
          13.6495548,
          50.5125274
        ]
      },
      "id": "node/2294573941"
    },
    {
      "type": "Feature",
      "properties": {
        "@id": "node/2302260503",
        "amenity": "hospital",
        "emergency": "no",
        "healthcare": "hospital"
      },
      "geometry": {
        "type": "Point",
        "coordinates": [
          14.101688,
          50.7599783
        ]
      },
      "id": "node/2302260503"
    },
    {
      "type": "Feature",
      "properties": {
        "@id": "node/2367682021",
        "amenity": "hospital"
      },
      "geometry": {
        "type": "Point",
        "coordinates": [
          17.2281734,
          49.8093293
        ]
      },
      "id": "node/2367682021"
    },
    {
      "type": "Feature",
      "properties": {
        "@id": "node/2371251684",
        "amenity": "hospital"
      },
      "geometry": {
        "type": "Point",
        "coordinates": [
          17.2228276,
          49.7964267
        ]
      },
      "id": "node/2371251684"
    },
    {
      "type": "Feature",
      "properties": {
        "@id": "node/2378272852",
        "amenity": "hospital"
      },
      "geometry": {
        "type": "Point",
        "coordinates": [
          17.3680366,
          49.3619784
        ]
      },
      "id": "node/2378272852"
    },
    {
      "type": "Feature",
      "properties": {
        "@id": "node/2399375805",
        "amenity": "hospital",
        "check_date": "2024-08-17",
        "emergency": "no",
        "healthcare": "hospital",
        "name": "Státní léčebné lázně Janské Lázně, s.p."
      },
      "geometry": {
        "type": "Point",
        "coordinates": [
          15.7808618,
          50.6303297
        ]
      },
      "id": "node/2399375805"
    },
    {
      "type": "Feature",
      "properties": {
        "@id": "node/2468466403",
        "addr:city": "Roztoky",
        "addr:housenumber": "376",
        "addr:postcode": "25263",
        "addr:street": "Tiché údolí",
        "amenity": "hospital",
        "email": "sekretariat.roztoky@rhg.cz",
        "emergency": "no",
        "fax": "+420 220 910 027",
        "healthcare": "hospital",
        "name": "Nemocnice Roztoky",
        "operator": "RHG spol. s r.o.",
        "operator:type": "private",
        "phone": "+420 220 911 032",
        "ref:vatin": "CZ61852287",
        "website": "https://www.nemocniceroztoky.cz/"
      },
      "geometry": {
        "type": "Point",
        "coordinates": [
          14.3949422,
          50.1574822
        ]
      },
      "id": "node/2468466403"
    },
    {
      "type": "Feature",
      "properties": {
        "@id": "node/3530005157",
        "addr:city": "Most",
        "addr:housenumber": "1528",
        "addr:postcode": "43401",
        "addr:street": "Svážná",
        "amenity": "hospital",
        "healthcare": "hospital",
        "name": "Hospic v Mostě",
        "phone": "+420 476 000 166",
        "website": "https://www.hospic-most.cz/"
      },
      "geometry": {
        "type": "Point",
        "coordinates": [
          13.6228219,
          50.5088942
        ]
      },
      "id": "node/3530005157"
    },
    {
      "type": "Feature",
      "properties": {
        "@id": "node/3667623172",
        "amenity": "hospital",
        "name": "Karvinská hornická nemocnice a.s.",
        "website": "https://www.khn.cz/"
      },
      "geometry": {
        "type": "Point",
        "coordinates": [
          18.540292,
          49.8694377
        ]
      },
      "id": "node/3667623172"
    },
    {
      "type": "Feature",
      "properties": {
        "@id": "node/3758933372",
        "amenity": "hospital"
      },
      "geometry": {
        "type": "Point",
        "coordinates": [
          17.5518499,
          49.4701297
        ]
      },
      "id": "node/3758933372"
    },
    {
      "type": "Feature",
      "properties": {
        "@id": "node/3765456092",
        "amenity": "hospital",
        "emergency": "no",
        "name": "Zdravotní středisko Kozlany"
      },
      "geometry": {
        "type": "Point",
        "coordinates": [
          17.0342753,
          49.203201
        ]
      },
      "id": "node/3765456092"
    },
    {
      "type": "Feature",
      "properties": {
        "@id": "node/4609306594",
        "amenity": "hospital",
        "emergency": "yes",
        "name": "Nemocnice s poliklinikou Karviná-Ráj"
      },
      "geometry": {
        "type": "Point",
        "coordinates": [
          18.5496464,
          49.8484664
        ]
      },
      "id": "node/4609306594"
    },
    {
      "type": "Feature",
      "properties": {
        "@id": "node/4687284589",
        "amenity": "hospital",
        "healthcare": "hospital",
        "internet_access": "wlan",
        "name": "Dětská Nemocnice",
        "name:cs": "Dětská Nemocnice",
        "name:en": "Child Hospital"
      },
      "geometry": {
        "type": "Point",
        "coordinates": [
          17.1261563,
          49.0112007
        ]
      },
      "id": "node/4687284589"
    },
    {
      "type": "Feature",
      "properties": {
        "@id": "node/5144678474",
        "amenity": "hospital",
        "healthcare": "hospital",
        "name": "LDN"
      },
      "geometry": {
        "type": "Point",
        "coordinates": [
          14.2546776,
          50.4223994
        ]
      },
      "id": "node/5144678474"
    },
    {
      "type": "Feature",
      "properties": {
        "@id": "node/5578103091",
        "amenity": "hospital",
        "healthcare": "centre",
        "healthcare:speciality": "gynaecology",
        "name": "Porodnice Lochotín"
      },
      "geometry": {
        "type": "Point",
        "coordinates": [
          13.3774538,
          49.7624283
        ]
      },
      "id": "node/5578103091"
    },
    {
      "type": "Feature",
      "properties": {
        "@id": "node/8631542689",
        "amenity": "hospital",
        "healthcare": "hospital",
        "name": "Viamedica - chirurgie, gynekologie"
      },
      "geometry": {
        "type": "Point",
        "coordinates": [
          18.1535399,
          49.468842
        ]
      },
      "id": "node/8631542689"
    },
    {
      "type": "Feature",
      "properties": {
        "@id": "node/10744168706",
        "addr:housenumber": "314",
        "addr:postcode": "34101",
        "addr:street": "Blatenská",
        "amenity": "hospital",
        "emergency": "no",
        "healthcare": "hospital",
        "name": "Nemocnice následné péče LDN Horažďovice s.r.o."
      },
      "geometry": {
        "type": "Point",
        "coordinates": [
          13.7080502,
          49.3238849
        ]
      },
      "id": "node/10744168706"
    },
    {
      "type": "Feature",
      "properties": {
        "@id": "node/12135399444",
        "amenity": "hospital",
        "contact:phone": "+420544221810",
        "emergency": "no",
        "healthcare": "hospital",
        "healthcare:speciality": "psychiatry",
        "name": "Psychiatrická nemocnice Brno - Detašované pracoviště Slavkov u Brna"
      },
      "geometry": {
        "type": "Point",
        "coordinates": [
          16.8782597,
          49.1511005
        ]
      },
      "id": "node/12135399444"
    },
    {
      "type": "Feature",
      "properties": {
        "@id": "node/12539486759",
        "addr:city": "Zlín",
        "addr:housenumber": "4393",
        "addr:postcode": "76001",
        "addr:street": "Bartošova",
        "amenity": "hospital",
        "email": "info@amem.cz",
        "healthcare": "hospital",
        "healthcare:speciality": "plastic_surgery;estetická_medicína",
        "name": "AMEM klinika estetické a plastické medicíny",
        "operator": "KR institut s.r.o.",
        "operator:type": "private"
      },
      "geometry": {
        "type": "Point",
        "coordinates": [
          17.665163,
          49.2268854
        ]
      },
      "id": "node/12539486759"
    },
    {
      "type": "Feature",
      "properties": {
        "@id": "node/12539599120",
        "addr:city": "Valašské Meziříčí",
        "addr:housenumber": "980",
        "addr:postcode": "75742",
        "addr:street": "U Nemocnice",
        "amenity": "hospital",
        "healthcare": "hospital",
        "name": "AMEM klinika estetické medicíny a plastické chirurgie",
        "operator": "KR institut s.r.o.",
        "operator:type": "public"
      },
      "geometry": {
        "type": "Point",
        "coordinates": [
          17.9766679,
          49.4631006
        ]
      },
      "id": "node/12539599120"
    },
    {
      "type": "Feature",
      "properties": {
        "@id": "node/12561278943",
        "addr:place": "Pavlův Studenec 1",
        "amenity": "hospital",
        "description": "Automatic non-stop communication rescue point",
        "email": "zsrr@email.cz",
        "healthcare": "centre",
        "healthcare:speciality": "emergency",
        "mobile": "+420 724 800 500",
        "name": "Rescue point",
        "opening_hours": "24/7",
        "operator": "Záchranná služba RR",
        "operator:type": "private_non_profit",
        "website": "https://zs-rr.cz/",
        "wheelchair": "no"
      },
      "geometry": {
        "type": "Point",
        "coordinates": [
          12.4100745,
          49.7425716
        ]
      },
      "id": "node/12561278943"
    },
    {
      "type": "Feature",
      "properties": {
        "@id": "node/12806164214",
        "addr:city": "Lnáře",
        "addr:housenumber": "16",
        "addr:postcode": "38742",
        "amenity": "hospital",
        "email": "info@pllnare.cz",
        "healthcare": "hospital",
        "healthcare:speciality": "psychiatry",
        "name": "Psychiatrická léčebna Lnáře",
        "phone": "+420 383 495 101",
        "website": "https://www.pllnare.cz"
      },
      "geometry": {
        "type": "Point",
        "coordinates": [
          13.796473,
          49.4523272
        ]
      },
      "id": "node/12806164214"
    },
    {
      "type": "Feature",
      "properties": {
        "@id": "node/13274425855",
        "addr:city": "Praha 9",
        "addr:housenumber": "810/304",
        "addr:postcode": "190 00",
        "addr:street": "Sokolovská",
        "amenity": "hospital",
        "healthcare": "hospital",
        "name": "Centrum nukleární medicíny",
        "website": "https://www.nuklearnimedicina.cz/"
      },
      "geometry": {
        "type": "Point",
        "coordinates": [
          14.4953524,
          50.1079567
        ]
      },
      "id": "node/13274425855"
    },
    {
      "type": "Feature",
      "properties": {
        "@id": "node/13342850301",
        "addr:housenumber": "146",
        "addr:postcode": "28002",
        "addr:street": "Žižkova",
        "amenity": "hospital",
        "email": "info@nemocnicekolin.cz",
        "name": "Dětské oční ambulance",
        "opening_hours": "Mo 08:00-14:30; Tu 13:00-17:00; We 08:00-15:00; Th 08:00-15:00; Fr 08:00-14:30",
        "phone": "+420321756592",
        "website": "https://www.nemocnicekolin.cz/ambulantni-cast/"
      },
      "geometry": {
        "type": "Point",
        "coordinates": [
          15.1939084,
          50.0199497
        ]
      },
      "id": "node/13342850301"
    },
    {
      "type": "Feature",
      "properties": {
        "@id": "node/13342853802",
        "addr:housenumber": "146",
        "addr:postcode": "28002",
        "addr:street": "Žižkova",
        "amenity": "hospital",
        "email": "info@nemocnicekolin.cz",
        "name": "Všeobecné oční ambulance",
        "opening_hours": "Mo-Fr 07:15-15:15",
        "phone": "+420321756370",
        "website": "https://www.nemocnicekolin.cz/ambulantni-cast/"
      },
      "geometry": {
        "type": "Point",
        "coordinates": [
          15.1938432,
          50.0199208
        ]
      },
      "id": "node/13342853802"
    },
    {
      "type": "Feature",
      "properties": {
        "@id": "node/13500469495",
        "amenity": "hospital",
        "healthcare": "hospital",
        "name": "A - stará polikliknika"
      },
      "geometry": {
        "type": "Point",
        "coordinates": [
          17.9771618,
          49.4631249
        ]
      },
      "id": "node/13500469495"
    },
    {
      "type": "Feature",
      "properties": {
        "@id": "node/13500469496",
        "amenity": "hospital",
        "healthcare": "hospital",
        "name": "C - lůžkové oddělení východ"
      },
      "geometry": {
        "type": "Point",
        "coordinates": [
          17.9773979,
          49.4625643
        ]
      },
      "id": "node/13500469496"
    },
    {
      "type": "Feature",
      "properties": {
        "@id": "node/13500469497",
        "amenity": "hospital",
        "healthcare": "hospital",
        "name": "D - lůžkové oddělení západ"
      },
      "geometry": {
        "type": "Point",
        "coordinates": [
          17.9766511,
          49.4625824
        ]
      },
      "id": "node/13500469497"
    },
    {
      "type": "Feature",
      "properties": {
        "@id": "node/13500469498",
        "amenity": "hospital",
        "healthcare": "hospital",
        "name": "Nemocnice AGEL - Valašské Meziříčí"
      },
      "geometry": {
        "type": "Point",
        "coordinates": [
          17.9770288,
          49.4628613
        ]
      },
      "id": "node/13500469498"
    },
    {
      "type": "Feature",
      "properties": {
        "@id": "node/13500469499",
        "amenity": "hospital",
        "healthcare": "hospital",
        "name": "E -  lůžkové oddělení dětské + rehabilitační oddělení"
      },
      "geometry": {
        "type": "Point",
        "coordinates": [
          17.9763443,
          49.4627721
        ]
      },
      "id": "node/13500469499"
    },
    {
      "type": "Feature",
      "properties": {
        "@id": "node/13500664602",
        "amenity": "hospital",
        "healthcare": "hospital",
        "name": "G - nová poliklinika"
      },
      "geometry": {
        "type": "Point",
        "coordinates": [
          17.9762606,
          49.4631402
        ]
      },
      "id": "node/13500664602"
    },
    {
      "type": "Feature",
      "properties": {
        "@id": "node/13611541809",
        "addr:city": "Kroměříž",
        "addr:housenumber": "660/69",
        "addr:postcode": "76701",
        "addr:street": "Havlíčkova",
        "amenity": "hospital",
        "emergency": "yes",
        "healthcare": "hospital",
        "level": "0",
        "name": "Vchod interna",
        "opening_hours": "24/7",
        "operator": "Kroměřížská nemocnice a.s.",
        "operator:type": "government_facility-public",
        "wheelchair": "yes"
      },
      "geometry": {
        "type": "Point",
        "coordinates": [
          17.3810439,
          49.2923677
        ]
      },
      "id": "node/13611541809"
    },
    {
      "type": "Feature",
      "properties": {
        "@id": "node/13526660187",
        "@relations": [
          {
            "role": "entrance / exit",
            "rel": 13062842,
            "reltags": {
              "amenity": "hospital",
              "emergency": "yes",
              "healthcare": "hospital",
              "language:physicians:cs": "yes",
              "language:physicians:en": "yes",
              "name": "Fakultní Nemocnice Motol a Homolka",
              "name:de": "Universitätskrankenhaus Motol und Homolka",
              "short_name": "FN Motol a Homolka",
              "start_date": "2026-01-01",
              "type": "multipolygon",
              "website": "https://fnmotol.cz/",
              "wheelchair": "yes",
              "wikidata": "Q11989409",
              "wikipedia": "cs:Fakultní nemocnice Motol a Homolka"
            }
          }
        ]
      },
      "geometry": {
        "type": "Point",
        "coordinates": [
          14.3409539,
          50.0742521
        ]
      },
      "id": "node/13526660187"
    }
  ]
}