{
"type": "FeatureCollection",
"name": "admin_boundaries_ORP_points",
"crs": { "type": "name", "properties": { "name": "urn:ogc:def:crs:EPSG::5514" } },
"features": [
{ "type": "Feature", "properties": { "OBJECTID": 1, "KOD_ORP": "1000", "NAZ_ZKR_ORP": "Praha", "NAZ_ORP": "Praha", "KOD_RUIAN": "19", "KOD_OKRES": "40924", "KOD_LAU1": "CZ0100", "NAZ_LAU1": "Praha", "KOD_KRAJ": "3018", "KOD_CZNUTS3": "CZ010", "NAZ_CZNUTS3": "Hlavní město Praha", "SNATKY": 6073.0, "ROZVODY": 2983.0, "NAROZENI": 14759.0, "ZEMRELI": 12420.0, "PRISTEHOVALI": 33711.0, "VYSTEHOVALI": 27680.0, "POCET_OBYV": 1267449.0, "MUZI": 614669.0, "ZENY": 652780.0, "OBYV_0_14": 188832.0, "MUZI_0_14": 97037.0, "ZENY_0_14": 91795.0, "OBYV_15_64": 844932.0, "MUZI_15_64": 421594.0, "ZENY_15_64": 423338.0, "OBYV_65": 233685.0, "MUZI_65": 96038.0, "ZENY_65": 137647.0, "MIRA_NEZAM": 4.162175, "SX": -739951.99350700004, "SY": -1045726.52822 }, "geometry": { "type": "Point", "coordinates": [ -739951.993500001728535, -1045726.528200000524521 ] } },
{ "type": "Feature", "properties": { "OBJECTID": 2, "KOD_ORP": "2101", "NAZ_ZKR_ORP": "Benešov", "NAZ_ORP": "Benešov", "KOD_RUIAN": "27", "KOD_OKRES": "40169", "KOD_LAU1": "CZ0201", "NAZ_LAU1": "Benešov", "KOD_KRAJ": "3026", "KOD_CZNUTS3": "CZ020", "NAZ_CZNUTS3": "Středočeský kraj", "SNATKY": 245.0, "ROZVODY": 160.0, "NAROZENI": 656.0, "ZEMRELI": 580.0, "PRISTEHOVALI": 1192.0, "VYSTEHOVALI": 863.0, "POCET_OBYV": 58981.0, "MUZI": 29099.0, "ZENY": 29882.0, "OBYV_0_14": 9848.0, "MUZI_0_14": 5045.0, "ZENY_0_14": 4803.0, "OBYV_15_64": 38588.0, "MUZI_15_64": 19569.0, "ZENY_15_64": 19019.0, "OBYV_65": 10545.0, "MUZI_65": 4485.0, "ZENY_65": 6060.0, "MIRA_NEZAM": 3.637629, "SX": -729312.08626200003, "SY": -1078138.3231200001 }, "geometry": { "type": "Point", "coordinates": [ -729312.086300000548363, -1078138.323100000619888 ] } },
{ "type": "Feature", "properties": { "OBJECTID": 3, "KOD_ORP": "2102", "NAZ_ZKR_ORP": "Beroun", "NAZ_ORP": "Beroun", "KOD_RUIAN": "51", "KOD_OKRES": "40177", "KOD_LAU1": "CZ0202", "NAZ_LAU1": "Beroun", "KOD_KRAJ": "3026", "KOD_CZNUTS3": "CZ020", "NAZ_CZNUTS3": "Středočeský kraj", "SNATKY": 271.0, "ROZVODY": 198.0, "NAROZENI": 763.0, "ZEMRELI": 553.0, "PRISTEHOVALI": 1655.0, "VYSTEHOVALI": 972.0, "POCET_OBYV": 60809.0, "MUZI": 29807.0, "ZENY": 31002.0, "OBYV_0_14": 10759.0, "MUZI_0_14": 5511.0, "ZENY_0_14": 5248.0, "OBYV_15_64": 39845.0, "MUZI_15_64": 20019.0, "ZENY_15_64": 19826.0, "OBYV_65": 10205.0, "MUZI_65": 4277.0, "ZENY_65": 5928.0, "MIRA_NEZAM": 5.705857, "SX": -770206.99551899999, "SY": -1054275.9026800001 }, "geometry": { "type": "Point", "coordinates": [ -770206.99549999833107, -1054275.902699999511242 ] } },
{ "type": "Feature", "properties": { "OBJECTID": 4, "KOD_ORP": "2103", "NAZ_ZKR_ORP": "Brandýs n.L.-S.Boleslav", "NAZ_ORP": "Brandýs nad Labem-Stará Boleslav", "KOD_RUIAN": "213", "KOD_OKRES": "40240", "KOD_LAU1": "CZ0209", "NAZ_LAU1": "Praha-východ", "KOD_KRAJ": "3026", "KOD_CZNUTS3": "CZ020", "NAZ_CZNUTS3": "Středočeský kraj", "SNATKY": 485.0, "ROZVODY": 331.0, "NAROZENI": 1242.0, "ZEMRELI": 824.0, "PRISTEHOVALI": 4401.0, "VYSTEHOVALI": 2538.0, "POCET_OBYV": 102715.0, "MUZI": 50649.0, "ZENY": 52066.0, "OBYV_0_14": 20809.0, "MUZI_0_14": 10639.0, "ZENY_0_14": 10170.0, "OBYV_15_64": 67564.0, "MUZI_15_64": 33846.0, "ZENY_15_64": 33718.0, "OBYV_65": 14342.0, "MUZI_65": 6164.0, "ZENY_65": 8178.0, "MIRA_NEZAM": 2.728937, "SX": -727347.28968299995, "SY": -1035152.16949 }, "geometry": { "type": "Point", "coordinates": [ -727347.289700001478195, -1035152.16950000077486 ] } },
{ "type": "Feature", "properties": { "OBJECTID": 5, "KOD_ORP": "2104", "NAZ_ZKR_ORP": "Čáslav", "NAZ_ORP": "Čáslav", "KOD_RUIAN": "124", "KOD_OKRES": "40207", "KOD_LAU1": "CZ0205", "NAZ_LAU1": "Kutná Hora", "KOD_KRAJ": "3026", "KOD_CZNUTS3": "CZ020", "NAZ_CZNUTS3": "Středočeský kraj", "SNATKY": 116.0, "ROZVODY": 57.0, "NAROZENI": 300.0, "ZEMRELI": 278.0, "PRISTEHOVALI": 579.0, "VYSTEHOVALI": 485.0, "POCET_OBYV": 25351.0, "MUZI": 12504.0, "ZENY": 12847.0, "OBYV_0_14": 3813.0, "MUZI_0_14": 1986.0, "ZENY_0_14": 1827.0, "OBYV_15_64": 16777.0, "MUZI_15_64": 8552.0, "ZENY_15_64": 8225.0, "OBYV_65": 4761.0, "MUZI_65": 1966.0, "ZENY_65": 2795.0, "MIRA_NEZAM": 6.947979, "SX": -675649.7158, "SY": -1073549.84889 }, "geometry": { "type": "Point", "coordinates": [ -675649.715799998492002, -1073549.848900001496077 ] } },
{ "type": "Feature", "properties": { "OBJECTID": 6, "KOD_ORP": "2105", "NAZ_ZKR_ORP": "Černošice", "NAZ_ORP": "Černošice", "KOD_RUIAN": "230", "KOD_OKRES": "40258", "KOD_LAU1": "CZ020A", "NAZ_LAU1": "Praha-západ", "KOD_KRAJ": "3026", "KOD_CZNUTS3": "CZ020", "NAZ_CZNUTS3": "Středočeský kraj", "SNATKY": 610.0, "ROZVODY": 393.0, "NAROZENI": 1651.0, "ZEMRELI": 1019.0, "PRISTEHOVALI": 5960.0, "VYSTEHOVALI": 3420.0, "POCET_OBYV": 137523.0, "MUZI": 67534.0, "ZENY": 69989.0, "OBYV_0_14": 27972.0, "MUZI_0_14": 14415.0, "ZENY_0_14": 13557.0, "OBYV_15_64": 89539.0, "MUZI_15_64": 44282.0, "ZENY_15_64": 45257.0, "OBYV_65": 20012.0, "MUZI_65": 8837.0, "ZENY_65": 11175.0, "MIRA_NEZAM": 3.639409, "SX": -750258.24912699999, "SY": -1055074.04645 }, "geometry": { "type": "Point", "coordinates": [ -750258.249099999666214, -1055074.046399999409914 ] } },
{ "type": "Feature", "properties": { "OBJECTID": 7, "KOD_ORP": "2106", "NAZ_ZKR_ORP": "Český Brod", "NAZ_ORP": "Český Brod", "KOD_RUIAN": "108", "KOD_OKRES": "40193", "KOD_LAU1": "CZ0204", "NAZ_LAU1": "Kolín", "KOD_KRAJ": "3026", "KOD_CZNUTS3": "CZ020", "NAZ_CZNUTS3": "Středočeský kraj", "SNATKY": 79.0, "ROZVODY": 63.0, "NAROZENI": 217.0, "ZEMRELI": 201.0, "PRISTEHOVALI": 757.0, "VYSTEHOVALI": 438.0, "POCET_OBYV": 20367.0, "MUZI": 10034.0, "ZENY": 10333.0, "OBYV_0_14": 3799.0, "MUZI_0_14": 1917.0, "ZENY_0_14": 1882.0, "OBYV_15_64": 13263.0, "MUZI_15_64": 6705.0, "ZENY_15_64": 6558.0, "OBYV_65": 3305.0, "MUZI_65": 1412.0, "ZENY_65": 1893.0, "MIRA_NEZAM": 5.895692, "SX": -712369.25837699999, "SY": -1049566.8986500001 }, "geometry": { "type": "Point", "coordinates": [ -712369.258400000631809, -1049566.898600000888109 ] } },
{ "type": "Feature", "properties": { "OBJECTID": 8, "KOD_ORP": "2107", "NAZ_ZKR_ORP": "Dobříš", "NAZ_ORP": "Dobříš", "KOD_RUIAN": "248", "KOD_OKRES": "40266", "KOD_LAU1": "CZ020B", "NAZ_LAU1": "Příbram", "KOD_KRAJ": "3026", "KOD_CZNUTS3": "CZ020", "NAZ_CZNUTS3": "Středočeský kraj", "SNATKY": 90.0, "ROZVODY": 65.0, "NAROZENI": 236.0, "ZEMRELI": 202.0, "PRISTEHOVALI": 545.0, "VYSTEHOVALI": 392.0, "POCET_OBYV": 22150.0, "MUZI": 10970.0, "ZENY": 11180.0, "OBYV_0_14": 3717.0, "MUZI_0_14": 1938.0, "ZENY_0_14": 1779.0, "OBYV_15_64": 14492.0, "MUZI_15_64": 7354.0, "ZENY_15_64": 7138.0, "OBYV_65": 3941.0, "MUZI_65": 1678.0, "ZENY_65": 2263.0, "MIRA_NEZAM": 7.70077, "SX": -760917.82177799998, "SY": -1075963.1245500001 }, "geometry": { "type": "Point", "coordinates": [ -760917.821800000965595, -1075963.124499998986721 ] } },
{ "type": "Feature", "properties": { "OBJECTID": 9, "KOD_ORP": "2108", "NAZ_ZKR_ORP": "Hořovice", "NAZ_ORP": "Hořovice", "KOD_RUIAN": "60", "KOD_OKRES": "40177", "KOD_LAU1": "CZ0202", "NAZ_LAU1": "Beroun", "KOD_KRAJ": "3026", "KOD_CZNUTS3": "CZ020", "NAZ_CZNUTS3": "Středočeský kraj", "SNATKY": 112.0, "ROZVODY": 72.0, "NAROZENI": 283.0, "ZEMRELI": 327.0, "PRISTEHOVALI": 626.0, "VYSTEHOVALI": 479.0, "POCET_OBYV": 29359.0, "MUZI": 14624.0, "ZENY": 14735.0, "OBYV_0_14": 4511.0, "MUZI_0_14": 2340.0, "ZENY_0_14": 2171.0, "OBYV_15_64": 19315.0, "MUZI_15_64": 9901.0, "ZENY_15_64": 9414.0, "OBYV_65": 5533.0, "MUZI_65": 2383.0, "ZENY_65": 3150.0, "MIRA_NEZAM": 3.563876, "SX": -782199.03634300001, "SY": -1066166.7758 }, "geometry": { "type": "Point", "coordinates": [ -782199.036299999803305, -1066166.775800000876188 ] } },
{ "type": "Feature", "properties": { "OBJECTID": 10, "KOD_ORP": "2109", "NAZ_ZKR_ORP": "Kladno", "NAZ_ORP": "Kladno", "KOD_RUIAN": "78", "KOD_OKRES": "40185", "KOD_LAU1": "CZ0203", "NAZ_LAU1": "Kladno", "KOD_KRAJ": "3026", "KOD_CZNUTS3": "CZ020", "NAZ_CZNUTS3": "Středočeský kraj", "SNATKY": 553.0, "ROZVODY": 370.0, "NAROZENI": 1251.0, "ZEMRELI": 1268.0, "PRISTEHOVALI": 2680.0, "VYSTEHOVALI": 2090.0, "POCET_OBYV": 122445.0, "MUZI": 59765.0, "ZENY": 62680.0, "OBYV_0_14": 19897.0, "MUZI_0_14": 10188.0, "ZENY_0_14": 9709.0, "OBYV_15_64": 80544.0, "MUZI_15_64": 40399.0, "ZENY_15_64": 40145.0, "OBYV_65": 22004.0, "MUZI_65": 9178.0, "ZENY_65": 12826.0, "MIRA_NEZAM": 6.888373, "SX": -766468.84309700003, "SY": -1034881.46201 }, "geometry": { "type": "Point", "coordinates": [ -766468.843100000172853, -1034881.462000001221895 ] } },
{ "type": "Feature", "properties": { "OBJECTID": 11, "KOD_ORP": "2110", "NAZ_ZKR_ORP": "Kolín", "NAZ_ORP": "Kolín", "KOD_RUIAN": "94", "KOD_OKRES": "40193", "KOD_LAU1": "CZ0204", "NAZ_LAU1": "Kolín", "KOD_KRAJ": "3026", "KOD_CZNUTS3": "CZ020", "NAZ_CZNUTS3": "Středočeský kraj", "SNATKY": 330.0, "ROZVODY": 195.0, "NAROZENI": 851.0, "ZEMRELI": 842.0, "PRISTEHOVALI": 1653.0, "VYSTEHOVALI": 1276.0, "POCET_OBYV": 80699.0, "MUZI": 39855.0, "ZENY": 40844.0, "OBYV_0_14": 12712.0, "MUZI_0_14": 6604.0, "ZENY_0_14": 6108.0, "OBYV_15_64": 52735.0, "MUZI_15_64": 26933.0, "ZENY_15_64": 25802.0, "OBYV_65": 15252.0, "MUZI_65": 6318.0, "ZENY_65": 8934.0, "MIRA_NEZAM": 6.901549, "SX": -692208.60171399999, "SY": -1056325.4427100001 }, "geometry": { "type": "Point", "coordinates": [ -692208.601700000464916, -1056325.442699998617172 ] } },
{ "type": "Feature", "properties": { "OBJECTID": 12, "KOD_ORP": "2111", "NAZ_ZKR_ORP": "Kralupy nad Vltavou", "NAZ_ORP": "Kralupy nad Vltavou", "KOD_RUIAN": "132", "KOD_OKRES": "40215", "KOD_LAU1": "CZ0206", "NAZ_LAU1": "Mělník", "KOD_KRAJ": "3026", "KOD_CZNUTS3": "CZ020", "NAZ_CZNUTS3": "Středočeský kraj", "SNATKY": 159.0, "ROZVODY": 75.0, "NAROZENI": 337.0, "ZEMRELI": 307.0, "PRISTEHOVALI": 777.0, "VYSTEHOVALI": 680.0, "POCET_OBYV": 30929.0, "MUZI": 15339.0, "ZENY": 15590.0, "OBYV_0_14": 5096.0, "MUZI_0_14": 2630.0, "ZENY_0_14": 2466.0, "OBYV_15_64": 20427.0, "MUZI_15_64": 10423.0, "ZENY_15_64": 10004.0, "OBYV_65": 5406.0, "MUZI_65": 2286.0, "ZENY_65": 3120.0, "MIRA_NEZAM": 5.373149, "SX": -746096.26964900002, "SY": -1021998.8348299999 }, "geometry": { "type": "Point", "coordinates": [ -746096.269600000232458, -1021998.834800001233816 ] } },
{ "type": "Feature", "properties": { "OBJECTID": 13, "KOD_ORP": "2112", "NAZ_ZKR_ORP": "Kutná Hora", "NAZ_ORP": "Kutná Hora", "KOD_RUIAN": "116", "KOD_OKRES": "40207", "KOD_LAU1": "CZ0205", "NAZ_LAU1": "Kutná Hora", "KOD_KRAJ": "3026", "KOD_CZNUTS3": "CZ020", "NAZ_CZNUTS3": "Středočeský kraj", "SNATKY": 218.0, "ROZVODY": 109.0, "NAROZENI": 518.0, "ZEMRELI": 589.0, "PRISTEHOVALI": 975.0, "VYSTEHOVALI": 769.0, "POCET_OBYV": 49144.0, "MUZI": 24317.0, "ZENY": 24827.0, "OBYV_0_14": 7116.0, "MUZI_0_14": 3645.0, "ZENY_0_14": 3471.0, "OBYV_15_64": 32503.0, "MUZI_15_64": 16709.0, "ZENY_15_64": 15794.0, "OBYV_65": 9525.0, "MUZI_65": 3963.0, "ZENY_65": 5562.0, "MIRA_NEZAM": 6.168613, "SX": -693598.37739100005, "SY": -1075537.85191 }, "geometry": { "type": "Point", "coordinates": [ -693598.377399999648333, -1075537.85190000012517 ] } },
{ "type": "Feature", "properties": { "OBJECTID": 14, "KOD_ORP": "2113", "NAZ_ZKR_ORP": "Lysá nad Labem", "NAZ_ORP": "Lysá nad Labem", "KOD_RUIAN": "183", "KOD_OKRES": "40231", "KOD_LAU1": "CZ0208", "NAZ_LAU1": "Nymburk", "KOD_KRAJ": "3026", "KOD_CZNUTS3": "CZ020", "NAZ_CZNUTS3": "Středočeský kraj", "SNATKY": 129.0, "ROZVODY": 85.0, "NAROZENI": 338.0, "ZEMRELI": 183.0, "PRISTEHOVALI": 938.0, "VYSTEHOVALI": 688.0, "POCET_OBYV": 24767.0, "MUZI": 12173.0, "ZENY": 12594.0, "OBYV_0_14": 5185.0, "MUZI_0_14": 2648.0, "ZENY_0_14": 2537.0, "OBYV_15_64": 16604.0, "MUZI_15_64": 8266.0, "ZENY_15_64": 8338.0, "OBYV_65": 2978.0, "MUZI_65": 1259.0, "ZENY_65": 1719.0, "MIRA_NEZAM": 5.933757, "SX": -710478.85527299996, "SY": -1034312.7669 }, "geometry": { "type": "Point", "coordinates": [ -710478.85530000180006, -1034312.7668999992311 ] } },
{ "type": "Feature", "properties": { "OBJECTID": 15, "KOD_ORP": "2114", "NAZ_ZKR_ORP": "Mělník", "NAZ_ORP": "Mělník", "KOD_RUIAN": "141", "KOD_OKRES": "40215", "KOD_LAU1": "CZ0206", "NAZ_LAU1": "Mělník", "KOD_KRAJ": "3026", "KOD_CZNUTS3": "CZ020", "NAZ_CZNUTS3": "Středočeský kraj", "SNATKY": 203.0, "ROZVODY": 116.0, "NAROZENI": 433.0, "ZEMRELI": 468.0, "PRISTEHOVALI": 900.0, "VYSTEHOVALI": 680.0, "POCET_OBYV": 43365.0, "MUZI": 21425.0, "ZENY": 21940.0, "OBYV_0_14": 7067.0, "MUZI_0_14": 3678.0, "ZENY_0_14": 3389.0, "OBYV_15_64": 28433.0, "MUZI_15_64": 14481.0, "ZENY_15_64": 13952.0, "OBYV_65": 7865.0, "MUZI_65": 3266.0, "ZENY_65": 4599.0, "MIRA_NEZAM": 7.084469, "SX": -729839.28988199995, "SY": -1010822.456 }, "geometry": { "type": "Point", "coordinates": [ -729839.289900001138449, -1010822.456000000238419 ] } },
{ "type": "Feature", "properties": { "OBJECTID": 16, "KOD_ORP": "2115", "NAZ_ZKR_ORP": "Mladá Boleslav", "NAZ_ORP": "Mladá Boleslav", "KOD_RUIAN": "167", "KOD_OKRES": "40223", "KOD_LAU1": "CZ0207", "NAZ_LAU1": "Mladá Boleslav", "KOD_KRAJ": "3026", "KOD_CZNUTS3": "CZ020", "NAZ_CZNUTS3": "Středočeský kraj", "SNATKY": 499.0, "ROZVODY": 282.0, "NAROZENI": 1115.0, "ZEMRELI": 946.0, "PRISTEHOVALI": 1981.0, "VYSTEHOVALI": 1965.0, "POCET_OBYV": 109186.0, "MUZI": 54969.0, "ZENY": 54217.0, "OBYV_0_14": 17410.0, "MUZI_0_14": 8961.0, "ZENY_0_14": 8449.0, "OBYV_15_64": 73428.0, "MUZI_15_64": 38212.0, "ZENY_15_64": 35216.0, "OBYV_65": 18348.0, "MUZI_65": 7796.0, "ZENY_65": 10552.0, "MIRA_NEZAM": 3.561592, "SX": -705932.02946500003, "SY": -1014730.57355 }, "geometry": { "type": "Point", "coordinates": [ -705932.029500000178814, -1014730.5735 ] } },
{ "type": "Feature", "properties": { "OBJECTID": 17, "KOD_ORP": "2116", "NAZ_ZKR_ORP": "Mnichovo Hradiště", "NAZ_ORP": "Mnichovo Hradiště", "KOD_RUIAN": "175", "KOD_OKRES": "40223", "KOD_LAU1": "CZ0207", "NAZ_LAU1": "Mladá Boleslav", "KOD_KRAJ": "3026", "KOD_CZNUTS3": "CZ020", "NAZ_CZNUTS3": "Středočeský kraj", "SNATKY": 72.0, "ROZVODY": 38.0, "NAROZENI": 203.0, "ZEMRELI": 196.0, "PRISTEHOVALI": 470.0, "VYSTEHOVALI": 307.0, "POCET_OBYV": 17100.0, "MUZI": 8482.0, "ZENY": 8618.0, "OBYV_0_14": 2777.0, "MUZI_0_14": 1429.0, "ZENY_0_14": 1348.0, "OBYV_15_64": 11236.0, "MUZI_15_64": 5770.0, "ZENY_15_64": 5466.0, "OBYV_65": 3087.0, "MUZI_65": 1283.0, "ZENY_65": 1804.0, "MIRA_NEZAM": 3.015746, "SX": -696224.04033600003, "SY": -999287.03783199994 }, "geometry": { "type": "Point", "coordinates": [ -696224.040300000458956, -999287.037799999117851 ] } },
{ "type": "Feature", "properties": { "OBJECTID": 18, "KOD_ORP": "2117", "NAZ_ZKR_ORP": "Neratovice", "NAZ_ORP": "Neratovice", "KOD_RUIAN": "159", "KOD_OKRES": "40215", "KOD_LAU1": "CZ0206", "NAZ_LAU1": "Mělník", "KOD_KRAJ": "3026", "KOD_CZNUTS3": "CZ020", "NAZ_CZNUTS3": "Středočeský kraj", "SNATKY": 129.0, "ROZVODY": 109.0, "NAROZENI": 375.0, "ZEMRELI": 267.0, "PRISTEHOVALI": 866.0, "VYSTEHOVALI": 665.0, "POCET_OBYV": 31300.0, "MUZI": 15486.0, "ZENY": 15814.0, "OBYV_0_14": 5173.0, "MUZI_0_14": 2668.0, "ZENY_0_14": 2505.0, "OBYV_15_64": 21091.0, "MUZI_15_64": 10634.0, "ZENY_15_64": 10457.0, "OBYV_65": 5036.0, "MUZI_65": 2184.0, "ZENY_65": 2852.0, "MIRA_NEZAM": 7.768001, "SX": -732899.95502500003, "SY": -1024164.46607 }, "geometry": { "type": "Point", "coordinates": [ -732899.954999998211861, -1024164.466099999845028 ] } },
{ "type": "Feature", "properties": { "OBJECTID": 19, "KOD_ORP": "2118", "NAZ_ZKR_ORP": "Nymburk", "NAZ_ORP": "Nymburk", "KOD_RUIAN": "191", "KOD_OKRES": "40231", "KOD_LAU1": "CZ0208", "NAZ_LAU1": "Nymburk", "KOD_KRAJ": "3026", "KOD_CZNUTS3": "CZ020", "NAZ_CZNUTS3": "Středočeský kraj", "SNATKY": 192.0, "ROZVODY": 106.0, "NAROZENI": 374.0, "ZEMRELI": 463.0, "PRISTEHOVALI": 890.0, "VYSTEHOVALI": 676.0, "POCET_OBYV": 39509.0, "MUZI": 19362.0, "ZENY": 20147.0, "OBYV_0_14": 6413.0, "MUZI_0_14": 3288.0, "ZENY_0_14": 3125.0, "OBYV_15_64": 25822.0, "MUZI_15_64": 13012.0, "ZENY_15_64": 12810.0, "OBYV_65": 7274.0, "MUZI_65": 3062.0, "ZENY_65": 4212.0, "MIRA_NEZAM": 6.861725, "SX": -696558.59666699998, "SY": -1033910.98915 }, "geometry": { "type": "Point", "coordinates": [ -696558.596700001507998, -1033910.989100001752377 ] } },
{ "type": "Feature", "properties": { "OBJECTID": 20, "KOD_ORP": "2119", "NAZ_ZKR_ORP": "Poděbrady", "NAZ_ORP": "Poděbrady", "KOD_RUIAN": "205", "KOD_OKRES": "40231", "KOD_LAU1": "CZ0208", "NAZ_LAU1": "Nymburk", "KOD_KRAJ": "3026", "KOD_CZNUTS3": "CZ020", "NAZ_CZNUTS3": "Středočeský kraj", "SNATKY": 126.0, "ROZVODY": 81.0, "NAROZENI": 297.0, "ZEMRELI": 361.0, "PRISTEHOVALI": 911.0, "VYSTEHOVALI": 758.0, "POCET_OBYV": 30812.0, "MUZI": 15083.0, "ZENY": 15729.0, "OBYV_0_14": 4633.0, "MUZI_0_14": 2379.0, "ZENY_0_14": 2254.0, "OBYV_15_64": 19832.0, "MUZI_15_64": 10029.0, "ZENY_15_64": 9803.0, "OBYV_65": 6347.0, "MUZI_65": 2675.0, "ZENY_65": 3672.0, "MIRA_NEZAM": 7.034724, "SX": -683709.716701, "SY": -1039219.2068 }, "geometry": { "type": "Point", "coordinates": [ -683709.716699998825788, -1039219.206799998879433 ] } },
{ "type": "Feature", "properties": { "OBJECTID": 21, "KOD_ORP": "2120", "NAZ_ZKR_ORP": "Příbram", "NAZ_ORP": "Příbram", "KOD_RUIAN": "256", "KOD_OKRES": "40266", "KOD_LAU1": "CZ020B", "NAZ_LAU1": "Příbram", "KOD_KRAJ": "3026", "KOD_CZNUTS3": "CZ020", "NAZ_CZNUTS3": "Středočeský kraj", "SNATKY": 321.0, "ROZVODY": 160.0, "NAROZENI": 702.0, "ZEMRELI": 781.0, "PRISTEHOVALI": 931.0, "VYSTEHOVALI": 879.0, "POCET_OBYV": 69996.0, "MUZI": 34394.0, "ZENY": 35602.0, "OBYV_0_14": 10338.0, "MUZI_0_14": 5258.0, "ZENY_0_14": 5080.0, "OBYV_15_64": 46698.0, "MUZI_15_64": 23758.0, "ZENY_15_64": 22940.0, "OBYV_65": 12960.0, "MUZI_65": 5378.0, "ZENY_65": 7582.0, "MIRA_NEZAM": 8.12357, "SX": -780790.44601499999, "SY": -1087615.0373500001 }, "geometry": { "type": "Point", "coordinates": [ -780790.445999998599291, -1087615.037300001829863 ] } },
{ "type": "Feature", "properties": { "OBJECTID": 22, "KOD_ORP": "2121", "NAZ_ZKR_ORP": "Rakovník", "NAZ_ORP": "Rakovník", "KOD_RUIAN": "272", "KOD_OKRES": "40274", "KOD_LAU1": "CZ020C", "NAZ_LAU1": "Rakovník", "KOD_KRAJ": "3026", "KOD_CZNUTS3": "CZ020", "NAZ_CZNUTS3": "Středočeský kraj", "SNATKY": 223.0, "ROZVODY": 175.0, "NAROZENI": 591.0, "ZEMRELI": 614.0, "PRISTEHOVALI": 972.0, "VYSTEHOVALI": 1080.0, "POCET_OBYV": 55258.0, "MUZI": 27510.0, "ZENY": 27748.0, "OBYV_0_14": 8353.0, "MUZI_0_14": 4329.0, "ZENY_0_14": 4024.0, "OBYV_15_64": 36698.0, "MUZI_15_64": 18840.0, "ZENY_15_64": 17858.0, "OBYV_65": 10207.0, "MUZI_65": 4341.0, "ZENY_65": 5866.0, "MIRA_NEZAM": 5.701707, "SX": -792274.35297400004, "SY": -1034924.0453699999 }, "geometry": { "type": "Point", "coordinates": [ -792274.353000000119209, -1034924.045400001108646 ] } },
{ "type": "Feature", "properties": { "OBJECTID": 23, "KOD_ORP": "2122", "NAZ_ZKR_ORP": "Říčany", "NAZ_ORP": "Říčany", "KOD_RUIAN": "221", "KOD_OKRES": "40240", "KOD_LAU1": "CZ0209", "NAZ_LAU1": "Praha-východ", "KOD_KRAJ": "3026", "KOD_CZNUTS3": "CZ020", "NAZ_CZNUTS3": "Středočeský kraj", "SNATKY": 297.0, "ROZVODY": 196.0, "NAROZENI": 776.0, "ZEMRELI": 540.0, "PRISTEHOVALI": 2619.0, "VYSTEHOVALI": 1287.0, "POCET_OBYV": 65136.0, "MUZI": 32047.0, "ZENY": 33089.0, "OBYV_0_14": 13347.0, "MUZI_0_14": 6853.0, "ZENY_0_14": 6494.0, "OBYV_15_64": 42275.0, "MUZI_15_64": 21034.0, "ZENY_15_64": 21241.0, "OBYV_65": 9514.0, "MUZI_65": 4160.0, "ZENY_65": 5354.0, "MIRA_NEZAM": 2.300451, "SX": -722792.42170199996, "SY": -1061196.4828699999 }, "geometry": { "type": "Point", "coordinates": [ -722792.421700000762939, -1061196.482900001108646 ] } },
{ "type": "Feature", "properties": { "OBJECTID": 24, "KOD_ORP": "2123", "NAZ_ZKR_ORP": "Sedlčany", "NAZ_ORP": "Sedlčany", "KOD_RUIAN": "264", "KOD_OKRES": "40266", "KOD_LAU1": "CZ020B", "NAZ_LAU1": "Příbram", "KOD_KRAJ": "3026", "KOD_CZNUTS3": "CZ020", "NAZ_CZNUTS3": "Středočeský kraj", "SNATKY": 86.0, "ROZVODY": 51.0, "NAROZENI": 224.0, "ZEMRELI": 248.0, "PRISTEHOVALI": 254.0, "VYSTEHOVALI": 268.0, "POCET_OBYV": 22060.0, "MUZI": 10990.0, "ZENY": 11070.0, "OBYV_0_14": 3174.0, "MUZI_0_14": 1645.0, "ZENY_0_14": 1529.0, "OBYV_15_64": 14660.0, "MUZI_15_64": 7529.0, "ZENY_15_64": 7131.0, "OBYV_65": 4226.0, "MUZI_65": 1816.0, "ZENY_65": 2410.0, "MIRA_NEZAM": 5.727972, "SX": -752392.29046699998, "SY": -1094244.0879599999 }, "geometry": { "type": "Point", "coordinates": [ -752392.290500000119209, -1094244.087999999523163 ] } },
{ "type": "Feature", "properties": { "OBJECTID": 25, "KOD_ORP": "2124", "NAZ_ZKR_ORP": "Slaný", "NAZ_ORP": "Slaný", "KOD_RUIAN": "86", "KOD_OKRES": "40185", "KOD_LAU1": "CZ0203", "NAZ_LAU1": "Kladno", "KOD_KRAJ": "3026", "KOD_CZNUTS3": "CZ020", "NAZ_CZNUTS3": "Středočeský kraj", "SNATKY": 191.0, "ROZVODY": 111.0, "NAROZENI": 439.0, "ZEMRELI": 499.0, "PRISTEHOVALI": 952.0, "VYSTEHOVALI": 830.0, "POCET_OBYV": 39811.0, "MUZI": 19606.0, "ZENY": 20205.0, "OBYV_0_14": 6596.0, "MUZI_0_14": 3370.0, "ZENY_0_14": 3226.0, "OBYV_15_64": 26179.0, "MUZI_15_64": 13253.0, "ZENY_15_64": 12926.0, "OBYV_65": 7036.0, "MUZI_65": 2983.0, "ZENY_65": 4053.0, "MIRA_NEZAM": 6.574263, "SX": -763724.85613500001, "SY": -1020035.32946 }, "geometry": { "type": "Point", "coordinates": [ -763724.856100000441074, -1020035.329500000923872 ] } },
{ "type": "Feature", "properties": { "OBJECTID": 26, "KOD_ORP": "2125", "NAZ_ZKR_ORP": "Vlašim", "NAZ_ORP": "Vlašim", "KOD_RUIAN": "35", "KOD_OKRES": "40169", "KOD_LAU1": "CZ0201", "NAZ_LAU1": "Benešov", "KOD_KRAJ": "3026", "KOD_CZNUTS3": "CZ020", "NAZ_CZNUTS3": "Středočeský kraj", "SNATKY": 119.0, "ROZVODY": 46.0, "NAROZENI": 284.0, "ZEMRELI": 317.0, "PRISTEHOVALI": 374.0, "VYSTEHOVALI": 387.0, "POCET_OBYV": 25751.0, "MUZI": 12836.0, "ZENY": 12915.0, "OBYV_0_14": 3695.0, "MUZI_0_14": 1848.0, "ZENY_0_14": 1847.0, "OBYV_15_64": 16922.0, "MUZI_15_64": 8799.0, "ZENY_15_64": 8123.0, "OBYV_65": 5134.0, "MUZI_65": 2189.0, "ZENY_65": 2945.0, "MIRA_NEZAM": 3.953122, "SX": -708527.46099599998, "SY": -1094509.8935100001 }, "geometry": { "type": "Point", "coordinates": [ -708527.460999999195337, -1094509.893500000238419 ] } },
{ "type": "Feature", "properties": { "OBJECTID": 27, "KOD_ORP": "2126", "NAZ_ZKR_ORP": "Votice", "NAZ_ORP": "Votice", "KOD_RUIAN": "43", "KOD_OKRES": "40169", "KOD_LAU1": "CZ0201", "NAZ_LAU1": "Benešov", "KOD_KRAJ": "3026", "KOD_CZNUTS3": "CZ020", "NAZ_CZNUTS3": "Středočeský kraj", "SNATKY": 48.0, "ROZVODY": 26.0, "NAROZENI": 146.0, "ZEMRELI": 176.0, "PRISTEHOVALI": 228.0, "VYSTEHOVALI": 190.0, "POCET_OBYV": 12353.0, "MUZI": 6075.0, "ZENY": 6278.0, "OBYV_0_14": 1994.0, "MUZI_0_14": 995.0, "ZENY_0_14": 999.0, "OBYV_15_64": 7912.0, "MUZI_15_64": 4059.0, "ZENY_15_64": 3853.0, "OBYV_65": 2447.0, "MUZI_65": 1021.0, "ZENY_65": 1426.0, "MIRA_NEZAM": 2.806314, "SX": -732826.60171099997, "SY": -1096677.9079700001 }, "geometry": { "type": "Point", "coordinates": [ -732826.601700000464916, -1096677.907999999821186 ] } },
{ "type": "Feature", "properties": { "OBJECTID": 28, "KOD_ORP": "3101", "NAZ_ZKR_ORP": "Blatná", "NAZ_ORP": "Blatná", "KOD_RUIAN": "434", "KOD_OKRES": "40339", "KOD_LAU1": "CZ0316", "NAZ_LAU1": "Strakonice", "KOD_KRAJ": "3034", "KOD_CZNUTS3": "CZ031", "NAZ_CZNUTS3": "Jihočeský kraj", "SNATKY": 45.0, "ROZVODY": 30.0, "NAROZENI": 137.0, "ZEMRELI": 177.0, "PRISTEHOVALI": 222.0, "VYSTEHOVALI": 185.0, "POCET_OBYV": 13787.0, "MUZI": 6853.0, "ZENY": 6934.0, "OBYV_0_14": 1984.0, "MUZI_0_14": 1074.0, "ZENY_0_14": 910.0, "OBYV_15_64": 9015.0, "MUZI_15_64": 4587.0, "ZENY_15_64": 4428.0, "OBYV_65": 2788.0, "MUZI_65": 1192.0, "ZENY_65": 1596.0, "MIRA_NEZAM": 5.038419, "SX": -791761.81135800004, "SY": -1109429.7884800001 }, "geometry": { "type": "Point", "coordinates": [ -791761.8114, -1109429.788499999791384 ] } },
{ "type": "Feature", "properties": { "OBJECTID": 29, "KOD_ORP": "3102", "NAZ_ZKR_ORP": "České Budějovice", "NAZ_ORP": "České Budějovice", "KOD_RUIAN": "302", "KOD_OKRES": "40282", "KOD_LAU1": "CZ0311", "NAZ_LAU1": "České Budějovice", "KOD_KRAJ": "3034", "KOD_CZNUTS3": "CZ031", "NAZ_CZNUTS3": "Jihočeský kraj", "SNATKY": 743.0, "ROZVODY": 446.0, "NAROZENI": 1773.0, "ZEMRELI": 1588.0, "PRISTEHOVALI": 2577.0, "VYSTEHOVALI": 1855.0, "POCET_OBYV": 157925.0, "MUZI": 76758.0, "ZENY": 81167.0, "OBYV_0_14": 25053.0, "MUZI_0_14": 12843.0, "ZENY_0_14": 12210.0, "OBYV_15_64": 104456.0, "MUZI_15_64": 51983.0, "ZENY_15_64": 52473.0, "OBYV_65": 28416.0, "MUZI_65": 11932.0, "ZENY_65": 16484.0, "MIRA_NEZAM": 3.895806, "SX": -755541.64118499996, "SY": -1161076.9506000001 }, "geometry": { "type": "Point", "coordinates": [ -755541.641199998557568, -1161076.950599998235703 ] } },
{ "type": "Feature", "properties": { "OBJECTID": 30, "KOD_ORP": "3103", "NAZ_ZKR_ORP": "Český Krumlov", "NAZ_ORP": "Český Krumlov", "KOD_RUIAN": "329", "KOD_OKRES": "40291", "KOD_LAU1": "CZ0312", "NAZ_LAU1": "Český Krumlov", "KOD_KRAJ": "3034", "KOD_CZNUTS3": "CZ031", "NAZ_CZNUTS3": "Jihočeský kraj", "SNATKY": 199.0, "ROZVODY": 100.0, "NAROZENI": 433.0, "ZEMRELI": 402.0, "PRISTEHOVALI": 628.0, "VYSTEHOVALI": 649.0, "POCET_OBYV": 41700.0, "MUZI": 20859.0, "ZENY": 20841.0, "OBYV_0_14": 6839.0, "MUZI_0_14": 3501.0, "ZENY_0_14": 3338.0, "OBYV_15_64": 27853.0, "MUZI_15_64": 14274.0, "ZENY_15_64": 13579.0, "OBYV_65": 7008.0, "MUZI_65": 3084.0, "ZENY_65": 3924.0, "MIRA_NEZAM": 7.523745, "SX": -779164.46437599999, "SY": -1186441.52045 }, "geometry": { "type": "Point", "coordinates": [ -779164.464400000870228, -1186441.520399998873472 ] } },
{ "type": "Feature", "properties": { "OBJECTID": 31, "KOD_ORP": "3104", "NAZ_ZKR_ORP": "Dačice", "NAZ_ORP": "Dačice", "KOD_RUIAN": "337", "KOD_OKRES": "40304", "KOD_LAU1": "CZ0313", "NAZ_LAU1": "Jindřichův Hradec", "KOD_KRAJ": "3034", "KOD_CZNUTS3": "CZ031", "NAZ_CZNUTS3": "Jihočeský kraj", "SNATKY": 76.0, "ROZVODY": 38.0, "NAROZENI": 203.0, "ZEMRELI": 241.0, "PRISTEHOVALI": 190.0, "VYSTEHOVALI": 321.0, "POCET_OBYV": 19210.0, "MUZI": 9639.0, "ZENY": 9571.0, "OBYV_0_14": 2814.0, "MUZI_0_14": 1456.0, "ZENY_0_14": 1358.0, "OBYV_15_64": 12784.0, "MUZI_15_64": 6643.0, "ZENY_15_64": 6141.0, "OBYV_65": 3612.0, "MUZI_65": 1540.0, "ZENY_65": 2072.0, "MIRA_NEZAM": 5.882805, "SX": -687259.43059700006, "SY": -1165318.1431199999 }, "geometry": { "type": "Point", "coordinates": [ -687259.430599998682737, -1165318.143100000917912 ] } },
{ "type": "Feature", "properties": { "OBJECTID": 32, "KOD_ORP": "3105", "NAZ_ZKR_ORP": "Jindřichův Hradec", "NAZ_ORP": "Jindřichův Hradec", "KOD_RUIAN": "345", "KOD_OKRES": "40304", "KOD_LAU1": "CZ0313", "NAZ_LAU1": "Jindřichův Hradec", "KOD_KRAJ": "3034", "KOD_CZNUTS3": "CZ031", "NAZ_CZNUTS3": "Jihočeský kraj", "SNATKY": 163.0, "ROZVODY": 109.0, "NAROZENI": 456.0, "ZEMRELI": 541.0, "PRISTEHOVALI": 575.0, "VYSTEHOVALI": 688.0, "POCET_OBYV": 47377.0, "MUZI": 23250.0, "ZENY": 24127.0, "OBYV_0_14": 7122.0, "MUZI_0_14": 3594.0, "ZENY_0_14": 3528.0, "OBYV_15_64": 31278.0, "MUZI_15_64": 15819.0, "ZENY_15_64": 15459.0, "OBYV_65": 8977.0, "MUZI_65": 3837.0, "ZENY_65": 5140.0, "MIRA_NEZAM": 4.293764, "SX": -712363.03874999995, "SY": -1154098.96071 }, "geometry": { "type": "Point", "coordinates": [ -712363.038699999451637, -1154098.960700001567602 ] } },
{ "type": "Feature", "properties": { "OBJECTID": 33, "KOD_ORP": "3106", "NAZ_ZKR_ORP": "Kaplice", "NAZ_ORP": "Kaplice", "KOD_RUIAN": "311", "KOD_OKRES": "40291", "KOD_LAU1": "CZ0312", "NAZ_LAU1": "Český Krumlov", "KOD_KRAJ": "3034", "KOD_CZNUTS3": "CZ031", "NAZ_CZNUTS3": "Jihočeský kraj", "SNATKY": 94.0, "ROZVODY": 60.0, "NAROZENI": 236.0, "ZEMRELI": 190.0, "PRISTEHOVALI": 412.0, "VYSTEHOVALI": 452.0, "POCET_OBYV": 19426.0, "MUZI": 9836.0, "ZENY": 9590.0, "OBYV_0_14": 3146.0, "MUZI_0_14": 1637.0, "ZENY_0_14": 1509.0, "OBYV_15_64": 13312.0, "MUZI_15_64": 6881.0, "ZENY_15_64": 6431.0, "OBYV_65": 2968.0, "MUZI_65": 1318.0, "ZENY_65": 1650.0, "MIRA_NEZAM": 6.859394, "SX": -755807.70046700002, "SY": -1197266.46508 }, "geometry": { "type": "Point", "coordinates": [ -755807.700500000268221, -1197266.46510000154376 ] } },
{ "type": "Feature", "properties": { "OBJECTID": 34, "KOD_ORP": "3107", "NAZ_ZKR_ORP": "Milevsko", "NAZ_ORP": "Milevsko", "KOD_RUIAN": "396", "KOD_OKRES": "40312", "KOD_LAU1": "CZ0314", "NAZ_LAU1": "Písek", "KOD_KRAJ": "3034", "KOD_CZNUTS3": "CZ031", "NAZ_CZNUTS3": "Jihočeský kraj", "SNATKY": 71.0, "ROZVODY": 32.0, "NAROZENI": 172.0, "ZEMRELI": 217.0, "PRISTEHOVALI": 296.0, "VYSTEHOVALI": 241.0, "POCET_OBYV": 18476.0, "MUZI": 9170.0, "ZENY": 9306.0, "OBYV_0_14": 2490.0, "MUZI_0_14": 1255.0, "ZENY_0_14": 1235.0, "OBYV_15_64": 11962.0, "MUZI_15_64": 6189.0, "ZENY_15_64": 5773.0, "OBYV_65": 4024.0, "MUZI_65": 1726.0, "ZENY_65": 2298.0, "MIRA_NEZAM": 4.47242, "SX": -758790.42875600001, "SY": -1111576.57406 }, "geometry": { "type": "Point", "coordinates": [ -758790.428800001740456, -1111576.574099998921156 ] } },
{ "type": "Feature", "properties": { "OBJECTID": 35, "KOD_ORP": "3108", "NAZ_ZKR_ORP": "Písek", "NAZ_ORP": "Písek", "KOD_RUIAN": "400", "KOD_OKRES": "40312", "KOD_LAU1": "CZ0314", "NAZ_LAU1": "Písek", "KOD_KRAJ": "3034", "KOD_CZNUTS3": "CZ031", "NAZ_CZNUTS3": "Jihočeský kraj", "SNATKY": 218.0, "ROZVODY": 112.0, "NAROZENI": 524.0, "ZEMRELI": 592.0, "PRISTEHOVALI": 882.0, "VYSTEHOVALI": 717.0, "POCET_OBYV": 52265.0, "MUZI": 25675.0, "ZENY": 26590.0, "OBYV_0_14": 7937.0, "MUZI_0_14": 4108.0, "ZENY_0_14": 3829.0, "OBYV_15_64": 34087.0, "MUZI_15_64": 17221.0, "ZENY_15_64": 16866.0, "OBYV_65": 10241.0, "MUZI_65": 4346.0, "ZENY_65": 5895.0, "MIRA_NEZAM": 4.148967, "SX": -773249.44461500004, "SY": -1121434.16004 }, "geometry": { "type": "Point", "coordinates": [ -773249.444600000977516, -1121434.160000000149012 ] } },
{ "type": "Feature", "properties": { "OBJECTID": 36, "KOD_ORP": "3109", "NAZ_ZKR_ORP": "Prachatice", "NAZ_ORP": "Prachatice", "KOD_RUIAN": "418", "KOD_OKRES": "40321", "KOD_LAU1": "CZ0315", "NAZ_LAU1": "Prachatice", "KOD_KRAJ": "3034", "KOD_CZNUTS3": "CZ031", "NAZ_CZNUTS3": "Jihočeský kraj", "SNATKY": 169.0, "ROZVODY": 85.0, "NAROZENI": 344.0, "ZEMRELI": 337.0, "PRISTEHOVALI": 556.0, "VYSTEHOVALI": 605.0, "POCET_OBYV": 33292.0, "MUZI": 16680.0, "ZENY": 16612.0, "OBYV_0_14": 5175.0, "MUZI_0_14": 2623.0, "ZENY_0_14": 2552.0, "OBYV_15_64": 22424.0, "MUZI_15_64": 11605.0, "ZENY_15_64": 10819.0, "OBYV_65": 5693.0, "MUZI_65": 2452.0, "ZENY_65": 3241.0, "MIRA_NEZAM": 4.411505, "SX": -791115.55810200004, "SY": -1162706.65585 }, "geometry": { "type": "Point", "coordinates": [ -791115.558100000023842, -1162706.655799999833107 ] } },
{ "type": "Feature", "properties": { "OBJECTID": 37, "KOD_ORP": "3110", "NAZ_ZKR_ORP": "Soběslav", "NAZ_ORP": "Soběslav", "KOD_RUIAN": "469", "KOD_OKRES": "40347", "KOD_LAU1": "CZ0317", "NAZ_LAU1": "Tábor", "KOD_KRAJ": "3034", "KOD_CZNUTS3": "CZ031", "NAZ_CZNUTS3": "Jihočeský kraj", "SNATKY": 81.0, "ROZVODY": 53.0, "NAROZENI": 216.0, "ZEMRELI": 277.0, "PRISTEHOVALI": 382.0, "VYSTEHOVALI": 347.0, "POCET_OBYV": 21957.0, "MUZI": 10837.0, "ZENY": 11120.0, "OBYV_0_14": 3212.0, "MUZI_0_14": 1608.0, "ZENY_0_14": 1604.0, "OBYV_15_64": 14316.0, "MUZI_15_64": 7369.0, "ZENY_15_64": 6947.0, "OBYV_65": 4429.0, "MUZI_65": 1860.0, "ZENY_65": 2569.0, "MIRA_NEZAM": 6.751989, "SX": -734431.32043800002, "SY": -1139530.4855 }, "geometry": { "type": "Point", "coordinates": [ -734431.32039999961853, -1139530.485500000417233 ] } },
{ "type": "Feature", "properties": { "OBJECTID": 38, "KOD_ORP": "3111", "NAZ_ZKR_ORP": "Strakonice", "NAZ_ORP": "Strakonice", "KOD_RUIAN": "442", "KOD_OKRES": "40339", "KOD_LAU1": "CZ0316", "NAZ_LAU1": "Strakonice", "KOD_KRAJ": "3034", "KOD_CZNUTS3": "CZ031", "NAZ_CZNUTS3": "Jihočeský kraj", "SNATKY": 207.0, "ROZVODY": 101.0, "NAROZENI": 457.0, "ZEMRELI": 503.0, "PRISTEHOVALI": 621.0, "VYSTEHOVALI": 566.0, "POCET_OBYV": 45271.0, "MUZI": 22302.0, "ZENY": 22969.0, "OBYV_0_14": 6957.0, "MUZI_0_14": 3540.0, "ZENY_0_14": 3417.0, "OBYV_15_64": 29816.0, "MUZI_15_64": 15197.0, "ZENY_15_64": 14619.0, "OBYV_65": 8498.0, "MUZI_65": 3565.0, "ZENY_65": 4933.0, "MIRA_NEZAM": 5.580749, "SX": -794840.55029699998, "SY": -1131056.85347 }, "geometry": { "type": "Point", "coordinates": [ -794840.550299998372793, -1131056.853500001132488 ] } },
{ "type": "Feature", "properties": { "OBJECTID": 39, "KOD_ORP": "3112", "NAZ_ZKR_ORP": "Tábor", "NAZ_ORP": "Tábor", "KOD_RUIAN": "477", "KOD_OKRES": "40347", "KOD_LAU1": "CZ0317", "NAZ_LAU1": "Tábor", "KOD_KRAJ": "3034", "KOD_CZNUTS3": "CZ031", "NAZ_CZNUTS3": "Jihočeský kraj", "SNATKY": 393.0, "ROZVODY": 204.0, "NAROZENI": 763.0, "ZEMRELI": 904.0, "PRISTEHOVALI": 1010.0, "VYSTEHOVALI": 938.0, "POCET_OBYV": 80412.0, "MUZI": 39379.0, "ZENY": 41033.0, "OBYV_0_14": 12124.0, "MUZI_0_14": 6196.0, "ZENY_0_14": 5928.0, "OBYV_15_64": 52677.0, "MUZI_15_64": 26555.0, "ZENY_15_64": 26122.0, "OBYV_65": 15611.0, "MUZI_65": 6628.0, "ZENY_65": 8983.0, "MIRA_NEZAM": 5.928973, "SX": -734438.92837199999, "SY": -1118999.5874900001 }, "geometry": { "type": "Point", "coordinates": [ -734438.928399998694658, -1118999.587499998509884 ] } },
{ "type": "Feature", "properties": { "OBJECTID": 40, "KOD_ORP": "3113", "NAZ_ZKR_ORP": "Trhové Sviny", "NAZ_ORP": "Trhové Sviny", "KOD_RUIAN": "281", "KOD_OKRES": "40282", "KOD_LAU1": "CZ0311", "NAZ_LAU1": "České Budějovice", "KOD_KRAJ": "3034", "KOD_CZNUTS3": "CZ031", "NAZ_CZNUTS3": "Jihočeský kraj", "SNATKY": 101.0, "ROZVODY": 44.0, "NAROZENI": 209.0, "ZEMRELI": 195.0, "PRISTEHOVALI": 401.0, "VYSTEHOVALI": 347.0, "POCET_OBYV": 18815.0, "MUZI": 9483.0, "ZENY": 9332.0, "OBYV_0_14": 2972.0, "MUZI_0_14": 1562.0, "ZENY_0_14": 1410.0, "OBYV_15_64": 12688.0, "MUZI_15_64": 6533.0, "ZENY_15_64": 6155.0, "OBYV_65": 3155.0, "MUZI_65": 1388.0, "ZENY_65": 1767.0, "MIRA_NEZAM": 3.684581, "SX": -741382.95390700002, "SY": -1184694.1721900001 }, "geometry": { "type": "Point", "coordinates": [ -741382.953899998217821, -1184694.172200001776218 ] } },
{ "type": "Feature", "properties": { "OBJECTID": 41, "KOD_ORP": "3114", "NAZ_ZKR_ORP": "Třeboň", "NAZ_ORP": "Třeboň", "KOD_RUIAN": "353", "KOD_OKRES": "40304", "KOD_LAU1": "CZ0313", "NAZ_LAU1": "Jindřichův Hradec", "KOD_KRAJ": "3034", "KOD_CZNUTS3": "CZ031", "NAZ_CZNUTS3": "Jihočeský kraj", "SNATKY": 102.0, "ROZVODY": 59.0, "NAROZENI": 224.0, "ZEMRELI": 280.0, "PRISTEHOVALI": 397.0, "VYSTEHOVALI": 393.0, "POCET_OBYV": 24772.0, "MUZI": 12144.0, "ZENY": 12628.0, "OBYV_0_14": 3569.0, "MUZI_0_14": 1805.0, "ZENY_0_14": 1764.0, "OBYV_15_64": 16202.0, "MUZI_15_64": 8242.0, "ZENY_15_64": 7960.0, "OBYV_65": 5001.0, "MUZI_65": 2097.0, "ZENY_65": 2904.0, "MIRA_NEZAM": 4.311927, "SX": -729438.76459200005, "SY": -1170080.6756 }, "geometry": { "type": "Point", "coordinates": [ -729438.764600001275539, -1170080.675599999725819 ] } },
{ "type": "Feature", "properties": { "OBJECTID": 42, "KOD_ORP": "3115", "NAZ_ZKR_ORP": "Týn nad Vltavou", "NAZ_ORP": "Týn nad Vltavou", "KOD_RUIAN": "299", "KOD_OKRES": "40282", "KOD_LAU1": "CZ0311", "NAZ_LAU1": "České Budějovice", "KOD_KRAJ": "3034", "KOD_CZNUTS3": "CZ031", "NAZ_CZNUTS3": "Jihočeský kraj", "SNATKY": 82.0, "ROZVODY": 36.0, "NAROZENI": 152.0, "ZEMRELI": 151.0, "PRISTEHOVALI": 263.0, "VYSTEHOVALI": 256.0, "POCET_OBYV": 14104.0, "MUZI": 7079.0, "ZENY": 7025.0, "OBYV_0_14": 2169.0, "MUZI_0_14": 1101.0, "ZENY_0_14": 1068.0, "OBYV_15_64": 9604.0, "MUZI_15_64": 4970.0, "ZENY_15_64": 4634.0, "OBYV_65": 2331.0, "MUZI_65": 1008.0, "ZENY_65": 1323.0, "MIRA_NEZAM": 4.555315, "SX": -754589.96371799998, "SY": -1139601.6762900001 }, "geometry": { "type": "Point", "coordinates": [ -754589.963700000196695, -1139601.676300000399351 ] } },
{ "type": "Feature", "properties": { "OBJECTID": 43, "KOD_ORP": "3116", "NAZ_ZKR_ORP": "Vimperk", "NAZ_ORP": "Vimperk", "KOD_RUIAN": "426", "KOD_OKRES": "40321", "KOD_LAU1": "CZ0315", "NAZ_LAU1": "Prachatice", "KOD_KRAJ": "3034", "KOD_CZNUTS3": "CZ031", "NAZ_CZNUTS3": "Jihočeský kraj", "SNATKY": 94.0, "ROZVODY": 47.0, "NAROZENI": 182.0, "ZEMRELI": 196.0, "PRISTEHOVALI": 285.0, "VYSTEHOVALI": 317.0, "POCET_OBYV": 17420.0, "MUZI": 8710.0, "ZENY": 8710.0, "OBYV_0_14": 2648.0, "MUZI_0_14": 1409.0, "ZENY_0_14": 1239.0, "OBYV_15_64": 11577.0, "MUZI_15_64": 5918.0, "ZENY_15_64": 5659.0, "OBYV_65": 3195.0, "MUZI_65": 1383.0, "ZENY_65": 1812.0, "MIRA_NEZAM": 4.151072, "SX": -809645.36108499998, "SY": -1152272.0599400001 }, "geometry": { "type": "Point", "coordinates": [ -809645.361099999397993, -1152272.059900000691414 ] } },
{ "type": "Feature", "properties": { "OBJECTID": 44, "KOD_ORP": "3117", "NAZ_ZKR_ORP": "Vodňany", "NAZ_ORP": "Vodňany", "KOD_RUIAN": "451", "KOD_OKRES": "40339", "KOD_LAU1": "CZ0316", "NAZ_LAU1": "Strakonice", "KOD_KRAJ": "3034", "KOD_CZNUTS3": "CZ031", "NAZ_CZNUTS3": "Jihočeský kraj", "SNATKY": 49.0, "ROZVODY": 27.0, "NAROZENI": 119.0, "ZEMRELI": 142.0, "PRISTEHOVALI": 270.0, "VYSTEHOVALI": 223.0, "POCET_OBYV": 11625.0, "MUZI": 5793.0, "ZENY": 5832.0, "OBYV_0_14": 1756.0, "MUZI_0_14": 902.0, "ZENY_0_14": 854.0, "OBYV_15_64": 7818.0, "MUZI_15_64": 4030.0, "ZENY_15_64": 3788.0, "OBYV_65": 2051.0, "MUZI_65": 861.0, "ZENY_65": 1190.0, "MIRA_NEZAM": 6.629199, "SX": -778479.89331399999, "SY": -1143818.21939 }, "geometry": { "type": "Point", "coordinates": [ -778479.893300000578165, -1143818.219399999827147 ] } },
{ "type": "Feature", "properties": { "OBJECTID": 45, "KOD_ORP": "3201", "NAZ_ZKR_ORP": "Blovice", "NAZ_ORP": "Blovice", "KOD_RUIAN": "591", "KOD_OKRES": "40380", "KOD_LAU1": "CZ0324", "NAZ_LAU1": "Plzeň-jih", "KOD_KRAJ": "3042", "KOD_CZNUTS3": "CZ032", "NAZ_CZNUTS3": "Plzeňský kraj", "SNATKY": 50.0, "ROZVODY": 38.0, "NAROZENI": 98.0, "ZEMRELI": 121.0, "PRISTEHOVALI": 296.0, "VYSTEHOVALI": 217.0, "POCET_OBYV": 11926.0, "MUZI": 5968.0, "ZENY": 5958.0, "OBYV_0_14": 1806.0, "MUZI_0_14": 954.0, "ZENY_0_14": 852.0, "OBYV_15_64": 7857.0, "MUZI_15_64": 4039.0, "ZENY_15_64": 3818.0, "OBYV_65": 2263.0, "MUZI_65": 975.0, "ZENY_65": 1288.0, "MIRA_NEZAM": 4.23772, "SX": -810880.18924600002, "SY": -1088709.51557 }, "geometry": { "type": "Point", "coordinates": [ -810880.1891999989748, -1088709.515599999576807 ] } },
{ "type": "Feature", "properties": { "OBJECTID": 46, "KOD_ORP": "3202", "NAZ_ZKR_ORP": "Domažlice", "NAZ_ORP": "Domažlice", "KOD_RUIAN": "485", "KOD_OKRES": "40355", "KOD_LAU1": "CZ0321", "NAZ_LAU1": "Domažlice", "KOD_KRAJ": "3042", "KOD_CZNUTS3": "CZ032", "NAZ_CZNUTS3": "Plzeňský kraj", "SNATKY": 205.0, "ROZVODY": 99.0, "NAROZENI": 452.0, "ZEMRELI": 433.0, "PRISTEHOVALI": 688.0, "VYSTEHOVALI": 571.0, "POCET_OBYV": 40510.0, "MUZI": 20094.0, "ZENY": 20416.0, "OBYV_0_14": 6211.0, "MUZI_0_14": 3126.0, "ZENY_0_14": 3085.0, "OBYV_15_64": 26865.0, "MUZI_15_64": 13774.0, "ZENY_15_64": 13091.0, "OBYV_65": 7434.0, "MUZI_65": 3194.0, "ZENY_65": 4240.0, "MIRA_NEZAM": 5.204942, "SX": -863371.50413500005, "SY": -1096365.09696 }, "geometry": { "type": "Point", "coordinates": [ -863371.504099998623133, -1096365.096999999135733 ] } },
{ "type": "Feature", "properties": { "OBJECTID": 47, "KOD_ORP": "3203", "NAZ_ZKR_ORP": "Horažďovice", "NAZ_ORP": "Horažďovice", "KOD_RUIAN": "558", "KOD_OKRES": "40363", "KOD_LAU1": "CZ0322", "NAZ_LAU1": "Klatovy", "KOD_KRAJ": "3042", "KOD_CZNUTS3": "CZ032", "NAZ_CZNUTS3": "Plzeňský kraj", "SNATKY": 41.0, "ROZVODY": 21.0, "NAROZENI": 105.0, "ZEMRELI": 152.0, "PRISTEHOVALI": 155.0, "VYSTEHOVALI": 224.0, "POCET_OBYV": 11707.0, "MUZI": 5833.0, "ZENY": 5874.0, "OBYV_0_14": 1619.0, "MUZI_0_14": 812.0, "ZENY_0_14": 807.0, "OBYV_15_64": 7656.0, "MUZI_15_64": 4004.0, "ZENY_15_64": 3652.0, "OBYV_65": 2432.0, "MUZI_65": 1017.0, "ZENY_65": 1415.0, "MIRA_NEZAM": 4.94795, "SX": -810123.13398200006, "SY": -1115752.74633 }, "geometry": { "type": "Point", "coordinates": [ -810123.13399999961257, -1115752.746300000697374 ] } },
{ "type": "Feature", "properties": { "OBJECTID": 48, "KOD_ORP": "3204", "NAZ_ZKR_ORP": "Horšovský Týn", "NAZ_ORP": "Horšovský Týn", "KOD_RUIAN": "493", "KOD_OKRES": "40355", "KOD_LAU1": "CZ0321", "NAZ_LAU1": "Domažlice", "KOD_KRAJ": "3042", "KOD_CZNUTS3": "CZ032", "NAZ_CZNUTS3": "Plzeňský kraj", "SNATKY": 74.0, "ROZVODY": 32.0, "NAROZENI": 131.0, "ZEMRELI": 141.0, "PRISTEHOVALI": 339.0, "VYSTEHOVALI": 262.0, "POCET_OBYV": 14404.0, "MUZI": 7259.0, "ZENY": 7145.0, "OBYV_0_14": 2303.0, "MUZI_0_14": 1172.0, "ZENY_0_14": 1131.0, "OBYV_15_64": 9640.0, "MUZI_15_64": 4991.0, "ZENY_15_64": 4649.0, "OBYV_65": 2461.0, "MUZI_65": 1096.0, "ZENY_65": 1365.0, "MIRA_NEZAM": 5.355112, "SX": -855794.46855200001, "SY": -1086847.9200500001 }, "geometry": { "type": "Point", "coordinates": [ -855794.468600001186132, -1086847.920000001788139 ] } },
{ "type": "Feature", "properties": { "OBJECTID": 49, "KOD_ORP": "3205", "NAZ_ZKR_ORP": "Klatovy", "NAZ_ORP": "Klatovy", "KOD_RUIAN": "566", "KOD_OKRES": "40363", "KOD_LAU1": "CZ0322", "NAZ_LAU1": "Klatovy", "KOD_KRAJ": "3042", "KOD_CZNUTS3": "CZ032", "NAZ_CZNUTS3": "Plzeňský kraj", "SNATKY": 218.0, "ROZVODY": 150.0, "NAROZENI": 458.0, "ZEMRELI": 562.0, "PRISTEHOVALI": 712.0, "VYSTEHOVALI": 647.0, "POCET_OBYV": 50549.0, "MUZI": 25016.0, "ZENY": 25533.0, "OBYV_0_14": 7582.0, "MUZI_0_14": 3889.0, "ZENY_0_14": 3693.0, "OBYV_15_64": 33383.0, "MUZI_15_64": 16943.0, "ZENY_15_64": 16440.0, "OBYV_65": 9584.0, "MUZI_65": 4184.0, "ZENY_65": 5400.0, "MIRA_NEZAM": 3.56538, "SX": -836549.47580300004, "SY": -1113310.8699399999 }, "geometry": { "type": "Point", "coordinates": [ -836549.47580000013113, -1113310.869899999350309 ] } },
{ "type": "Feature", "properties": { "OBJECTID": 50, "KOD_ORP": "3206", "NAZ_ZKR_ORP": "Kralovice", "NAZ_ORP": "Kralovice", "KOD_RUIAN": "639", "KOD_OKRES": "40398", "KOD_LAU1": "CZ0325", "NAZ_LAU1": "Plzeň-sever", "KOD_KRAJ": "3042", "KOD_CZNUTS3": "CZ032", "NAZ_CZNUTS3": "Plzeňský kraj", "SNATKY": 96.0, "ROZVODY": 47.0, "NAROZENI": 218.0, "ZEMRELI": 244.0, "PRISTEHOVALI": 451.0, "VYSTEHOVALI": 411.0, "POCET_OBYV": 22192.0, "MUZI": 11153.0, "ZENY": 11039.0, "OBYV_0_14": 3161.0, "MUZI_0_14": 1597.0, "ZENY_0_14": 1564.0, "OBYV_15_64": 14800.0, "MUZI_15_64": 7640.0, "ZENY_15_64": 7160.0, "OBYV_65": 4231.0, "MUZI_65": 1916.0, "ZENY_65": 2315.0, "MIRA_NEZAM": 5.722308, "SX": -820448.33083800005, "SY": -1044972.98888 }, "geometry": { "type": "Point", "coordinates": [ -820448.330800000578165, -1044972.988899998366833 ] } },
{ "type": "Feature", "properties": { "OBJECTID": 51, "KOD_ORP": "3207", "NAZ_ZKR_ORP": "Nepomuk", "NAZ_ORP": "Nepomuk", "KOD_RUIAN": "604", "KOD_OKRES": "40380", "KOD_LAU1": "CZ0324", "NAZ_LAU1": "Plzeň-jih", "KOD_KRAJ": "3042", "KOD_CZNUTS3": "CZ032", "NAZ_CZNUTS3": "Plzeňský kraj", "SNATKY": 42.0, "ROZVODY": 20.0, "NAROZENI": 98.0, "ZEMRELI": 131.0, "PRISTEHOVALI": 231.0, "VYSTEHOVALI": 242.0, "POCET_OBYV": 11575.0, "MUZI": 6002.0, "ZENY": 5573.0, "OBYV_0_14": 1618.0, "MUZI_0_14": 801.0, "ZENY_0_14": 817.0, "OBYV_15_64": 7583.0, "MUZI_15_64": 4140.0, "ZENY_15_64": 3443.0, "OBYV_65": 2374.0, "MUZI_65": 1061.0, "ZENY_65": 1313.0, "MIRA_NEZAM": 5.214444, "SX": -808226.23934800003, "SY": -1100679.46588 }, "geometry": { "type": "Point", "coordinates": [ -808226.23930000141263, -1100679.465900000184774 ] } },
{ "type": "Feature", "properties": { "OBJECTID": 52, "KOD_ORP": "3208", "NAZ_ZKR_ORP": "Nýřany", "NAZ_ORP": "Nýřany", "KOD_RUIAN": "647", "KOD_OKRES": "40398", "KOD_LAU1": "CZ0325", "NAZ_LAU1": "Plzeň-sever", "KOD_KRAJ": "3042", "KOD_CZNUTS3": "CZ032", "NAZ_CZNUTS3": "Plzeňský kraj", "SNATKY": 242.0, "ROZVODY": 126.0, "NAROZENI": 610.0, "ZEMRELI": 525.0, "PRISTEHOVALI": 1313.0, "VYSTEHOVALI": 956.0, "POCET_OBYV": 55286.0, "MUZI": 27541.0, "ZENY": 27745.0, "OBYV_0_14": 9115.0, "MUZI_0_14": 4720.0, "ZENY_0_14": 4395.0, "OBYV_15_64": 36934.0, "MUZI_15_64": 18745.0, "ZENY_15_64": 18189.0, "OBYV_65": 9237.0, "MUZI_65": 4076.0, "ZENY_65": 5161.0, "MIRA_NEZAM": 3.611494, "SX": -833025.59317200002, "SY": -1060081.1594400001 }, "geometry": { "type": "Point", "coordinates": [ -833025.593199998140335, -1060081.159400001168251 ] } },
{ "type": "Feature", "properties": { "OBJECTID": 53, "KOD_ORP": "3209", "NAZ_ZKR_ORP": "Plzeň", "NAZ_ORP": "Plzeň", "KOD_RUIAN": "582", "KOD_OKRES": "40371", "KOD_LAU1": "CZ0323", "NAZ_LAU1": "Plzeň-město", "KOD_KRAJ": "3042", "KOD_CZNUTS3": "CZ032", "NAZ_CZNUTS3": "Plzeňský kraj", "SNATKY": 887.0, "ROZVODY": 496.0, "NAROZENI": 2024.0, "ZEMRELI": 2081.0, "PRISTEHOVALI": 4345.0, "VYSTEHOVALI": 3343.0, "POCET_OBYV": 188190.0, "MUZI": 91686.0, "ZENY": 96504.0, "OBYV_0_14": 27481.0, "MUZI_0_14": 13912.0, "ZENY_0_14": 13569.0, "OBYV_15_64": 123229.0, "MUZI_15_64": 62051.0, "ZENY_15_64": 61178.0, "OBYV_65": 37480.0, "MUZI_65": 15723.0, "ZENY_65": 21757.0, "MIRA_NEZAM": 4.013914, "SX": -819208.43432300002, "SY": -1073157.1185300001 }, "geometry": { "type": "Point", "coordinates": [ -819208.434300001710653, -1073157.118500001728535 ] } },
{ "type": "Feature", "properties": { "OBJECTID": 54, "KOD_ORP": "3210", "NAZ_ZKR_ORP": "Přeštice", "NAZ_ORP": "Přeštice", "KOD_RUIAN": "612", "KOD_OKRES": "40380", "KOD_LAU1": "CZ0324", "NAZ_LAU1": "Plzeň-jih", "KOD_KRAJ": "3042", "KOD_CZNUTS3": "CZ032", "NAZ_CZNUTS3": "Plzeňský kraj", "SNATKY": 98.0, "ROZVODY": 58.0, "NAROZENI": 206.0, "ZEMRELI": 224.0, "PRISTEHOVALI": 458.0, "VYSTEHOVALI": 434.0, "POCET_OBYV": 22206.0, "MUZI": 11173.0, "ZENY": 11033.0, "OBYV_0_14": 3342.0, "MUZI_0_14": 1695.0, "ZENY_0_14": 1647.0, "OBYV_15_64": 14810.0, "MUZI_15_64": 7661.0, "ZENY_15_64": 7149.0, "OBYV_65": 4054.0, "MUZI_65": 1817.0, "ZENY_65": 2237.0, "MIRA_NEZAM": 3.668251, "SX": -828573.06004999997, "SY": -1088421.7293199999 }, "geometry": { "type": "Point", "coordinates": [ -828573.059999998658895, -1088421.729299999773502 ] } },
{ "type": "Feature", "properties": { "OBJECTID": 55, "KOD_ORP": "3211", "NAZ_ZKR_ORP": "Rokycany", "NAZ_ORP": "Rokycany", "KOD_RUIAN": "655", "KOD_OKRES": "40401", "KOD_LAU1": "CZ0326", "NAZ_LAU1": "Rokycany", "KOD_KRAJ": "3042", "KOD_CZNUTS3": "CZ032", "NAZ_CZNUTS3": "Plzeňský kraj", "SNATKY": 211.0, "ROZVODY": 109.0, "NAROZENI": 472.0, "ZEMRELI": 578.0, "PRISTEHOVALI": 800.0, "VYSTEHOVALI": 614.0, "POCET_OBYV": 47967.0, "MUZI": 23916.0, "ZENY": 24051.0, "OBYV_0_14": 7044.0, "MUZI_0_14": 3700.0, "ZENY_0_14": 3344.0, "OBYV_15_64": 31744.0, "MUZI_15_64": 16249.0, "ZENY_15_64": 15495.0, "OBYV_65": 9179.0, "MUZI_65": 3967.0, "ZENY_65": 5212.0, "MIRA_NEZAM": 3.814953, "SX": -800430.09656199999, "SY": -1067093.13487 }, "geometry": { "type": "Point", "coordinates": [ -800430.096599999815226, -1067093.1349 ] } },
{ "type": "Feature", "properties": { "OBJECTID": 56, "KOD_ORP": "3212", "NAZ_ZKR_ORP": "Stod", "NAZ_ORP": "Stod", "KOD_RUIAN": "621", "KOD_OKRES": "40380", "KOD_LAU1": "CZ0324", "NAZ_LAU1": "Plzeň-jih", "KOD_KRAJ": "3042", "KOD_CZNUTS3": "CZ032", "NAZ_CZNUTS3": "Plzeňský kraj", "SNATKY": 106.0, "ROZVODY": 56.0, "NAROZENI": 229.0, "ZEMRELI": 231.0, "PRISTEHOVALI": 555.0, "VYSTEHOVALI": 489.0, "POCET_OBYV": 22906.0, "MUZI": 11500.0, "ZENY": 11406.0, "OBYV_0_14": 3598.0, "MUZI_0_14": 1879.0, "ZENY_0_14": 1719.0, "OBYV_15_64": 15240.0, "MUZI_15_64": 7827.0, "ZENY_15_64": 7413.0, "OBYV_65": 4068.0, "MUZI_65": 1794.0, "ZENY_65": 2274.0, "MIRA_NEZAM": 3.960396, "SX": -840016.69879299996, "SY": -1080616.4310099999 }, "geometry": { "type": "Point", "coordinates": [ -840016.698800001293421, -1080616.431000001728535 ] } },
{ "type": "Feature", "properties": { "OBJECTID": 57, "KOD_ORP": "3213", "NAZ_ZKR_ORP": "Stříbro", "NAZ_ORP": "Stříbro", "KOD_RUIAN": "680", "KOD_OKRES": "40410", "KOD_LAU1": "CZ0327", "NAZ_LAU1": "Tachov", "KOD_KRAJ": "3042", "KOD_CZNUTS3": "CZ032", "NAZ_CZNUTS3": "Plzeňský kraj", "SNATKY": 82.0, "ROZVODY": 40.0, "NAROZENI": 176.0, "ZEMRELI": 180.0, "PRISTEHOVALI": 347.0, "VYSTEHOVALI": 338.0, "POCET_OBYV": 16865.0, "MUZI": 8463.0, "ZENY": 8402.0, "OBYV_0_14": 2472.0, "MUZI_0_14": 1248.0, "ZENY_0_14": 1224.0, "OBYV_15_64": 11520.0, "MUZI_15_64": 5974.0, "ZENY_15_64": 5546.0, "OBYV_65": 2873.0, "MUZI_65": 1241.0, "ZENY_65": 1632.0, "MIRA_NEZAM": 6.088973, "SX": -851562.89238099998, "SY": -1061618.9443600001 }, "geometry": { "type": "Point", "coordinates": [ -851562.892400000244379, -1061618.944400001317263 ] } },
{ "type": "Feature", "properties": { "OBJECTID": 58, "KOD_ORP": "3214", "NAZ_ZKR_ORP": "Sušice", "NAZ_ORP": "Sušice", "KOD_RUIAN": "574", "KOD_OKRES": "40363", "KOD_LAU1": "CZ0322", "NAZ_LAU1": "Klatovy", "KOD_KRAJ": "3042", "KOD_CZNUTS3": "CZ032", "NAZ_CZNUTS3": "Plzeňský kraj", "SNATKY": 108.0, "ROZVODY": 73.0, "NAROZENI": 228.0, "ZEMRELI": 341.0, "PRISTEHOVALI": 366.0, "VYSTEHOVALI": 340.0, "POCET_OBYV": 24361.0, "MUZI": 12016.0, "ZENY": 12345.0, "OBYV_0_14": 3482.0, "MUZI_0_14": 1780.0, "ZENY_0_14": 1702.0, "OBYV_15_64": 15839.0, "MUZI_15_64": 8089.0, "ZENY_15_64": 7750.0, "OBYV_65": 5040.0, "MUZI_65": 2147.0, "ZENY_65": 2893.0, "MIRA_NEZAM": 7.514451, "SX": -823850.28971599997, "SY": -1134843.2580899999 }, "geometry": { "type": "Point", "coordinates": [ -823850.289700001478195, -1134843.258099999278784 ] } },
{ "type": "Feature", "properties": { "OBJECTID": 59, "KOD_ORP": "3215", "NAZ_ZKR_ORP": "Tachov", "NAZ_ORP": "Tachov", "KOD_RUIAN": "698", "KOD_OKRES": "40410", "KOD_LAU1": "CZ0327", "NAZ_LAU1": "Tachov", "KOD_KRAJ": "3042", "KOD_CZNUTS3": "CZ032", "NAZ_CZNUTS3": "Plzeňský kraj", "SNATKY": 178.0, "ROZVODY": 97.0, "NAROZENI": 356.0, "ZEMRELI": 363.0, "PRISTEHOVALI": 614.0, "VYSTEHOVALI": 643.0, "POCET_OBYV": 35972.0, "MUZI": 18027.0, "ZENY": 17945.0, "OBYV_0_14": 5564.0, "MUZI_0_14": 2795.0, "ZENY_0_14": 2769.0, "OBYV_15_64": 24834.0, "MUZI_15_64": 12809.0, "ZENY_15_64": 12025.0, "OBYV_65": 5574.0, "MUZI_65": 2423.0, "ZENY_65": 3151.0, "MIRA_NEZAM": 6.024528, "SX": -871988.66977100004, "SY": -1060181.33931 }, "geometry": { "type": "Point", "coordinates": [ -871988.669799998402596, -1060181.339299999177456 ] } },
{ "type": "Feature", "properties": { "OBJECTID": 60, "KOD_ORP": "4101", "NAZ_ZKR_ORP": "Aš", "NAZ_ORP": "Aš", "KOD_RUIAN": "507", "KOD_OKRES": "40428", "KOD_LAU1": "CZ0411", "NAZ_LAU1": "Cheb", "KOD_KRAJ": "3051", "KOD_CZNUTS3": "CZ041", "NAZ_CZNUTS3": "Karlovarský kraj", "SNATKY": 81.0, "ROZVODY": 42.0, "NAROZENI": 178.0, "ZEMRELI": 179.0, "PRISTEHOVALI": 312.0, "VYSTEHOVALI": 324.0, "POCET_OBYV": 17640.0, "MUZI": 8824.0, "ZENY": 8816.0, "OBYV_0_14": 2948.0, "MUZI_0_14": 1592.0, "ZENY_0_14": 1356.0, "OBYV_15_64": 11826.0, "MUZI_15_64": 6007.0, "ZENY_15_64": 5819.0, "OBYV_65": 2866.0, "MUZI_65": 1225.0, "ZENY_65": 1641.0, "MIRA_NEZAM": 3.883495, "SX": -896966.843827, "SY": -1003327.24601 }, "geometry": { "type": "Point", "coordinates": [ -896966.843800000846386, -1003327.245999999344349 ] } },
{ "type": "Feature", "properties": { "OBJECTID": 61, "KOD_ORP": "4102", "NAZ_ZKR_ORP": "Cheb", "NAZ_ORP": "Cheb", "KOD_RUIAN": "515", "KOD_OKRES": "40428", "KOD_LAU1": "CZ0411", "NAZ_LAU1": "Cheb", "KOD_KRAJ": "3051", "KOD_CZNUTS3": "CZ041", "NAZ_CZNUTS3": "Karlovarský kraj", "SNATKY": 224.0, "ROZVODY": 127.0, "NAROZENI": 465.0, "ZEMRELI": 483.0, "PRISTEHOVALI": 810.0, "VYSTEHOVALI": 875.0, "POCET_OBYV": 50072.0, "MUZI": 24692.0, "ZENY": 25380.0, "OBYV_0_14": 7871.0, "MUZI_0_14": 4059.0, "ZENY_0_14": 3812.0, "OBYV_15_64": 33476.0, "MUZI_15_64": 16979.0, "ZENY_15_64": 16497.0, "OBYV_65": 8725.0, "MUZI_65": 3654.0, "ZENY_65": 5071.0, "MIRA_NEZAM": 6.54313, "SX": -884282.83993699995, "SY": -1018361.04146 }, "geometry": { "type": "Point", "coordinates": [ -884282.839899998158216, -1018361.041499998420477 ] } },
{ "type": "Feature", "properties": { "OBJECTID": 62, "KOD_ORP": "4103", "NAZ_ZKR_ORP": "Karlovy Vary", "NAZ_ORP": "Karlovy Vary", "KOD_RUIAN": "531", "KOD_OKRES": "40436", "KOD_LAU1": "CZ0412", "NAZ_LAU1": "Karlovy Vary", "KOD_KRAJ": "3051", "KOD_CZNUTS3": "CZ041", "NAZ_CZNUTS3": "Karlovarský kraj", "SNATKY": 385.0, "ROZVODY": 220.0, "NAROZENI": 747.0, "ZEMRELI": 968.0, "PRISTEHOVALI": 1498.0, "VYSTEHOVALI": 1821.0, "POCET_OBYV": 88048.0, "MUZI": 43194.0, "ZENY": 44854.0, "OBYV_0_14": 12216.0, "MUZI_0_14": 6169.0, "ZENY_0_14": 6047.0, "OBYV_15_64": 58332.0, "MUZI_15_64": 29722.0, "ZENY_15_64": 28610.0, "OBYV_65": 17500.0, "MUZI_65": 7303.0, "ZENY_65": 10197.0, "MIRA_NEZAM": 6.769236, "SX": -840900.80538399995, "SY": -1018307.7779 }, "geometry": { "type": "Point", "coordinates": [ -840900.805399999022484, -1018307.777899999171495 ] } },
{ "type": "Feature", "properties": { "OBJECTID": 63, "KOD_ORP": "4104", "NAZ_ZKR_ORP": "Kraslice", "NAZ_ORP": "Kraslice", "KOD_RUIAN": "663", "KOD_OKRES": "40444", "KOD_LAU1": "CZ0413", "NAZ_LAU1": "Sokolov", "KOD_KRAJ": "3051", "KOD_CZNUTS3": "CZ041", "NAZ_CZNUTS3": "Karlovarský kraj", "SNATKY": 63.0, "ROZVODY": 27.0, "NAROZENI": 115.0, "ZEMRELI": 164.0, "PRISTEHOVALI": 292.0, "VYSTEHOVALI": 364.0, "POCET_OBYV": 13408.0, "MUZI": 6823.0, "ZENY": 6585.0, "OBYV_0_14": 2012.0, "MUZI_0_14": 1037.0, "ZENY_0_14": 975.0, "OBYV_15_64": 8946.0, "MUZI_15_64": 4726.0, "ZENY_15_64": 4220.0, "OBYV_65": 2450.0, "MUZI_65": 1060.0, "ZENY_65": 1390.0, "MIRA_NEZAM": 8.074942, "SX": -870676.74702100002, "SY": -997508.85323300003 }, "geometry": { "type": "Point", "coordinates": [ -870676.747000001370907, -997508.853199999779463 ] } },
{ "type": "Feature", "properties": { "OBJECTID": 64, "KOD_ORP": "4105", "NAZ_ZKR_ORP": "Mariánské Lázně", "NAZ_ORP": "Mariánské Lázně", "KOD_RUIAN": "523", "KOD_OKRES": "40428", "KOD_LAU1": "CZ0411", "NAZ_LAU1": "Cheb", "KOD_KRAJ": "3051", "KOD_CZNUTS3": "CZ041", "NAZ_CZNUTS3": "Karlovarský kraj", "SNATKY": 117.0, "ROZVODY": 70.0, "NAROZENI": 212.0, "ZEMRELI": 283.0, "PRISTEHOVALI": 673.0, "VYSTEHOVALI": 674.0, "POCET_OBYV": 24139.0, "MUZI": 11640.0, "ZENY": 12499.0, "OBYV_0_14": 3352.0, "MUZI_0_14": 1757.0, "ZENY_0_14": 1595.0, "OBYV_15_64": 15954.0, "MUZI_15_64": 7881.0, "ZENY_15_64": 8073.0, "OBYV_65": 4833.0, "MUZI_65": 2002.0, "ZENY_65": 2831.0, "MIRA_NEZAM": 4.217016, "SX": -865294.80075000005, "SY": -1036858.65643 }, "geometry": { "type": "Point", "coordinates": [ -865294.800700001418591, -1036858.656399998813868 ] } },
{ "type": "Feature", "properties": { "OBJECTID": 65, "KOD_ORP": "4106", "NAZ_ZKR_ORP": "Ostrov", "NAZ_ORP": "Ostrov", "KOD_RUIAN": "540", "KOD_OKRES": "40436", "KOD_LAU1": "CZ0412", "NAZ_LAU1": "Karlovy Vary", "KOD_KRAJ": "3051", "KOD_CZNUTS3": "CZ041", "NAZ_CZNUTS3": "Karlovarský kraj", "SNATKY": 118.0, "ROZVODY": 74.0, "NAROZENI": 273.0, "ZEMRELI": 307.0, "PRISTEHOVALI": 571.0, "VYSTEHOVALI": 645.0, "POCET_OBYV": 28316.0, "MUZI": 14058.0, "ZENY": 14258.0, "OBYV_0_14": 4364.0, "MUZI_0_14": 2253.0, "ZENY_0_14": 2111.0, "OBYV_15_64": 19185.0, "MUZI_15_64": 9817.0, "ZENY_15_64": 9368.0, "OBYV_65": 4767.0, "MUZI_65": 1988.0, "ZENY_65": 2779.0, "MIRA_NEZAM": 7.11428, "SX": -845417.25852200005, "SY": -997904.07579000003 }, "geometry": { "type": "Point", "coordinates": [ -845417.258499998599291, -997904.075800001621246 ] } },
{ "type": "Feature", "properties": { "OBJECTID": 66, "KOD_ORP": "4107", "NAZ_ZKR_ORP": "Sokolov", "NAZ_ORP": "Sokolov", "KOD_RUIAN": "671", "KOD_OKRES": "40444", "KOD_LAU1": "CZ0413", "NAZ_LAU1": "Sokolov", "KOD_KRAJ": "3051", "KOD_CZNUTS3": "CZ041", "NAZ_CZNUTS3": "Karlovarský kraj", "SNATKY": 404.0, "ROZVODY": 187.0, "NAROZENI": 741.0, "ZEMRELI": 884.0, "PRISTEHOVALI": 936.0, "VYSTEHOVALI": 1317.0, "POCET_OBYV": 76205.0, "MUZI": 37894.0, "ZENY": 38311.0, "OBYV_0_14": 11619.0, "MUZI_0_14": 6050.0, "ZENY_0_14": 5569.0, "OBYV_15_64": 51630.0, "MUZI_15_64": 26349.0, "ZENY_15_64": 25281.0, "OBYV_65": 12956.0, "MUZI_65": 5495.0, "ZENY_65": 7461.0, "MIRA_NEZAM": 8.656853, "SX": -865772.982112, "SY": -1016452.4621 }, "geometry": { "type": "Point", "coordinates": [ -865772.982099998742342, -1016452.462099999189377 ] } },
{ "type": "Feature", "properties": { "OBJECTID": 67, "KOD_ORP": "4201", "NAZ_ZKR_ORP": "Bílina", "NAZ_ORP": "Bílina", "KOD_RUIAN": "906", "KOD_OKRES": "40509", "KOD_LAU1": "CZ0426", "NAZ_LAU1": "Teplice", "KOD_KRAJ": "3069", "KOD_CZNUTS3": "CZ042", "NAZ_CZNUTS3": "Ústecký kraj", "SNATKY": 77.0, "ROZVODY": 45.0, "NAROZENI": 198.0, "ZEMRELI": 209.0, "PRISTEHOVALI": 920.0, "VYSTEHOVALI": 615.0, "POCET_OBYV": 22413.0, "MUZI": 12122.0, "ZENY": 10291.0, "OBYV_0_14": 3365.0, "MUZI_0_14": 1721.0, "ZENY_0_14": 1644.0, "OBYV_15_64": 15586.0, "MUZI_15_64": 8864.0, "ZENY_15_64": 6722.0, "OBYV_65": 3462.0, "MUZI_65": 1537.0, "ZENY_65": 1925.0, "MIRA_NEZAM": 7.059892, "SX": -779207.40423, "SY": -987035.27834299998 }, "geometry": { "type": "Point", "coordinates": [ -779207.404199998825788, -987035.278299998492002 ] } },
{ "type": "Feature", "properties": { "OBJECTID": 68, "KOD_ORP": "4202", "NAZ_ZKR_ORP": "Děčín", "NAZ_ORP": "Děčín", "KOD_RUIAN": "728", "KOD_OKRES": "40452", "KOD_LAU1": "CZ0421", "NAZ_LAU1": "Děčín", "KOD_KRAJ": "3069", "KOD_CZNUTS3": "CZ042", "NAZ_CZNUTS3": "Ústecký kraj", "SNATKY": 351.0, "ROZVODY": 189.0, "NAROZENI": 754.0, "ZEMRELI": 803.0, "PRISTEHOVALI": 1080.0, "VYSTEHOVALI": 1135.0, "POCET_OBYV": 77902.0, "MUZI": 38488.0, "ZENY": 39414.0, "OBYV_0_14": 12553.0, "MUZI_0_14": 6447.0, "ZENY_0_14": 6106.0, "OBYV_15_64": 50511.0, "MUZI_15_64": 25686.0, "ZENY_15_64": 24825.0, "OBYV_65": 14838.0, "MUZI_65": 6355.0, "ZENY_65": 8483.0, "MIRA_NEZAM": 8.79078, "SX": -741438.46016300004, "SY": -964972.13874099997 }, "geometry": { "type": "Point", "coordinates": [ -741438.460200000554323, -964972.138700000941753 ] } },
{ "type": "Feature", "properties": { "OBJECTID": 69, "KOD_ORP": "4203", "NAZ_ZKR_ORP": "Chomutov", "NAZ_ORP": "Chomutov", "KOD_RUIAN": "752", "KOD_OKRES": "40461", "KOD_LAU1": "CZ0422", "NAZ_LAU1": "Chomutov", "KOD_KRAJ": "3069", "KOD_CZNUTS3": "CZ042", "NAZ_CZNUTS3": "Ústecký kraj", "SNATKY": 339.0, "ROZVODY": 219.0, "NAROZENI": 802.0, "ZEMRELI": 857.0, "PRISTEHOVALI": 1244.0, "VYSTEHOVALI": 1291.0, "POCET_OBYV": 81572.0, "MUZI": 40554.0, "ZENY": 41018.0, "OBYV_0_14": 12882.0, "MUZI_0_14": 6554.0, "ZENY_0_14": 6328.0, "OBYV_15_64": 55644.0, "MUZI_15_64": 28577.0, "ZENY_15_64": 27067.0, "OBYV_65": 13046.0, "MUZI_65": 5423.0, "ZENY_65": 7623.0, "MIRA_NEZAM": 9.8543, "SX": -810176.88823299995, "SY": -989087.15879100002 }, "geometry": { "type": "Point", "coordinates": [ -810176.888199999928474, -989087.1587999984622 ] } },
{ "type": "Feature", "properties": { "OBJECTID": 70, "KOD_ORP": "4204", "NAZ_ZKR_ORP": "Kadaň", "NAZ_ORP": "Kadaň", "KOD_RUIAN": "761", "KOD_OKRES": "40461", "KOD_LAU1": "CZ0422", "NAZ_LAU1": "Chomutov", "KOD_KRAJ": "3069", "KOD_CZNUTS3": "CZ042", "NAZ_CZNUTS3": "Ústecký kraj", "SNATKY": 211.0, "ROZVODY": 98.0, "NAROZENI": 432.0, "ZEMRELI": 490.0, "PRISTEHOVALI": 759.0, "VYSTEHOVALI": 908.0, "POCET_OBYV": 42763.0, "MUZI": 21354.0, "ZENY": 21409.0, "OBYV_0_14": 6565.0, "MUZI_0_14": 3325.0, "ZENY_0_14": 3240.0, "OBYV_15_64": 29116.0, "MUZI_15_64": 15077.0, "ZENY_15_64": 14039.0, "OBYV_65": 7082.0, "MUZI_65": 2952.0, "ZENY_65": 4130.0, "MIRA_NEZAM": 8.224173, "SX": -823512.89521700004, "SY": -998309.64927000005 }, "geometry": { "type": "Point", "coordinates": [ -823512.895199999213219, -998309.649300001561642 ] } },
{ "type": "Feature", "properties": { "OBJECTID": 71, "KOD_ORP": "4205", "NAZ_ZKR_ORP": "Litoměřice", "NAZ_ORP": "Litoměřice", "KOD_RUIAN": "825", "KOD_OKRES": "40479", "KOD_LAU1": "CZ0423", "NAZ_LAU1": "Litoměřice", "KOD_KRAJ": "3069", "KOD_CZNUTS3": "CZ042", "NAZ_CZNUTS3": "Ústecký kraj", "SNATKY": 237.0, "ROZVODY": 143.0, "NAROZENI": 650.0, "ZEMRELI": 713.0, "PRISTEHOVALI": 1128.0, "VYSTEHOVALI": 1011.0, "POCET_OBYV": 59188.0, "MUZI": 29284.0, "ZENY": 29904.0, "OBYV_0_14": 9396.0, "MUZI_0_14": 4842.0, "ZENY_0_14": 4554.0, "OBYV_15_64": 39370.0, "MUZI_15_64": 20060.0, "ZENY_15_64": 19310.0, "OBYV_65": 10422.0, "MUZI_65": 4382.0, "ZENY_65": 6040.0, "MIRA_NEZAM": 7.427996, "SX": -746711.65729700006, "SY": -991636.33501699998 }, "geometry": { "type": "Point", "coordinates": [ -746711.657299999147654, -991636.33500000089407 ] } },
{ "type": "Feature", "properties": { "OBJECTID": 72, "KOD_ORP": "4206", "NAZ_ZKR_ORP": "Litvínov", "NAZ_ORP": "Litvínov", "KOD_RUIAN": "884", "KOD_OKRES": "40495", "KOD_LAU1": "CZ0425", "NAZ_LAU1": "Most", "KOD_KRAJ": "3069", "KOD_CZNUTS3": "CZ042", "NAZ_CZNUTS3": "Ústecký kraj", "SNATKY": 177.0, "ROZVODY": 89.0, "NAROZENI": 336.0, "ZEMRELI": 468.0, "PRISTEHOVALI": 710.0, "VYSTEHOVALI": 867.0, "POCET_OBYV": 37724.0, "MUZI": 18959.0, "ZENY": 18765.0, "OBYV_0_14": 5805.0, "MUZI_0_14": 2996.0, "ZENY_0_14": 2809.0, "OBYV_15_64": 24768.0, "MUZI_15_64": 12894.0, "ZENY_15_64": 11874.0, "OBYV_65": 7151.0, "MUZI_65": 3069.0, "ZENY_65": 4082.0, "MIRA_NEZAM": 11.619788, "SX": -795977.38208600006, "SY": -976808.72548200004 }, "geometry": { "type": "Point", "coordinates": [ -795977.382100000977516, -976808.725499998778105 ] } },
{ "type": "Feature", "properties": { "OBJECTID": 73, "KOD_ORP": "4207", "NAZ_ZKR_ORP": "Louny", "NAZ_ORP": "Louny", "KOD_RUIAN": "850", "KOD_OKRES": "40487", "KOD_LAU1": "CZ0424", "NAZ_LAU1": "Louny", "KOD_KRAJ": "3069", "KOD_CZNUTS3": "CZ042", "NAZ_CZNUTS3": "Ústecký kraj", "SNATKY": 183.0, "ROZVODY": 112.0, "NAROZENI": 448.0, "ZEMRELI": 463.0, "PRISTEHOVALI": 852.0, "VYSTEHOVALI": 863.0, "POCET_OBYV": 43437.0, "MUZI": 21468.0, "ZENY": 21969.0, "OBYV_0_14": 6868.0, "MUZI_0_14": 3494.0, "ZENY_0_14": 3374.0, "OBYV_15_64": 28924.0, "MUZI_15_64": 14705.0, "ZENY_15_64": 14219.0, "OBYV_65": 7645.0, "MUZI_65": 3269.0, "ZENY_65": 4376.0, "MIRA_NEZAM": 7.386034, "SX": -781222.335173, "SY": -1008057.53756 }, "geometry": { "type": "Point", "coordinates": [ -781222.335200000554323, -1008057.537599999457598 ] } },
{ "type": "Feature", "properties": { "OBJECTID": 74, "KOD_ORP": "4208", "NAZ_ZKR_ORP": "Lovosice", "NAZ_ORP": "Lovosice", "KOD_RUIAN": "833", "KOD_OKRES": "40479", "KOD_LAU1": "CZ0423", "NAZ_LAU1": "Litoměřice", "KOD_KRAJ": "3069", "KOD_CZNUTS3": "CZ042", "NAZ_CZNUTS3": "Ústecký kraj", "SNATKY": 113.0, "ROZVODY": 88.0, "NAROZENI": 234.0, "ZEMRELI": 359.0, "PRISTEHOVALI": 561.0, "VYSTEHOVALI": 548.0, "POCET_OBYV": 27445.0, "MUZI": 13787.0, "ZENY": 13658.0, "OBYV_0_14": 4141.0, "MUZI_0_14": 2165.0, "ZENY_0_14": 1976.0, "OBYV_15_64": 17931.0, "MUZI_15_64": 9342.0, "ZENY_15_64": 8589.0, "OBYV_65": 5373.0, "MUZI_65": 2280.0, "ZENY_65": 3093.0, "MIRA_NEZAM": 7.44804, "SX": -766773.42998599994, "SY": -995766.29068900004 }, "geometry": { "type": "Point", "coordinates": [ -766773.429999999701977, -995766.290699999779463 ] } },
{ "type": "Feature", "properties": { "OBJECTID": 75, "KOD_ORP": "4209", "NAZ_ZKR_ORP": "Most", "NAZ_ORP": "Most", "KOD_RUIAN": "892", "KOD_OKRES": "40495", "KOD_LAU1": "CZ0425", "NAZ_LAU1": "Most", "KOD_KRAJ": "3069", "KOD_CZNUTS3": "CZ042", "NAZ_CZNUTS3": "Ústecký kraj", "SNATKY": 335.0, "ROZVODY": 184.0, "NAROZENI": 777.0, "ZEMRELI": 850.0, "PRISTEHOVALI": 1512.0, "VYSTEHOVALI": 1636.0, "POCET_OBYV": 75647.0, "MUZI": 37393.0, "ZENY": 38254.0, "OBYV_0_14": 11680.0, "MUZI_0_14": 6006.0, "ZENY_0_14": 5674.0, "OBYV_15_64": 51444.0, "MUZI_15_64": 26308.0, "ZENY_15_64": 25136.0, "OBYV_65": 12523.0, "MUZI_65": 5079.0, "ZENY_65": 7444.0, "MIRA_NEZAM": 10.686291, "SX": -790641.92948399996, "SY": -991414.91458500002 }, "geometry": { "type": "Point", "coordinates": [ -790641.929499998688698, -991414.914599999785423 ] } },
{ "type": "Feature", "properties": { "OBJECTID": 76, "KOD_ORP": "4210", "NAZ_ZKR_ORP": "Podbořany", "NAZ_ORP": "Podbořany", "KOD_RUIAN": "868", "KOD_OKRES": "40487", "KOD_LAU1": "CZ0424", "NAZ_LAU1": "Louny", "KOD_KRAJ": "3069", "KOD_CZNUTS3": "CZ042", "NAZ_CZNUTS3": "Ústecký kraj", "SNATKY": 62.0, "ROZVODY": 33.0, "NAROZENI": 178.0, "ZEMRELI": 196.0, "PRISTEHOVALI": 387.0, "VYSTEHOVALI": 330.0, "POCET_OBYV": 15701.0, "MUZI": 7810.0, "ZENY": 7891.0, "OBYV_0_14": 2463.0, "MUZI_0_14": 1230.0, "ZENY_0_14": 1233.0, "OBYV_15_64": 10490.0, "MUZI_15_64": 5407.0, "ZENY_15_64": 5083.0, "OBYV_65": 2748.0, "MUZI_65": 1173.0, "ZENY_65": 1575.0, "MIRA_NEZAM": 7.65821, "SX": -813837.90440100001, "SY": -1021127.18619 }, "geometry": { "type": "Point", "coordinates": [ -813837.904399998486042, -1021127.186200000345707 ] } },
{ "type": "Feature", "properties": { "OBJECTID": 77, "KOD_ORP": "4211", "NAZ_ZKR_ORP": "Roudnice nad Labem", "NAZ_ORP": "Roudnice nad Labem", "KOD_RUIAN": "841", "KOD_OKRES": "40479", "KOD_LAU1": "CZ0423", "NAZ_LAU1": "Litoměřice", "KOD_KRAJ": "3069", "KOD_CZNUTS3": "CZ042", "NAZ_CZNUTS3": "Ústecký kraj", "SNATKY": 131.0, "ROZVODY": 82.0, "NAROZENI": 371.0, "ZEMRELI": 338.0, "PRISTEHOVALI": 794.0, "VYSTEHOVALI": 573.0, "POCET_OBYV": 32529.0, "MUZI": 16118.0, "ZENY": 16411.0, "OBYV_0_14": 5334.0, "MUZI_0_14": 2745.0, "ZENY_0_14": 2589.0, "OBYV_15_64": 21189.0, "MUZI_15_64": 10850.0, "ZENY_15_64": 10339.0, "OBYV_65": 6006.0, "MUZI_65": 2523.0, "ZENY_65": 3483.0, "MIRA_NEZAM": 6.714662, "SX": -752252.88561999996, "SY": -1006189.66827 }, "geometry": { "type": "Point", "coordinates": [ -752252.885600000619888, -1006189.668299999088049 ] } },
{ "type": "Feature", "properties": { "OBJECTID": 78, "KOD_ORP": "4212", "NAZ_ZKR_ORP": "Rumburk", "NAZ_ORP": "Rumburk", "KOD_RUIAN": "736", "KOD_OKRES": "40452", "KOD_LAU1": "CZ0421", "NAZ_LAU1": "Děčín", "KOD_KRAJ": "3069", "KOD_CZNUTS3": "CZ042", "NAZ_CZNUTS3": "Ústecký kraj", "SNATKY": 154.0, "ROZVODY": 66.0, "NAROZENI": 343.0, "ZEMRELI": 444.0, "PRISTEHOVALI": 630.0, "VYSTEHOVALI": 734.0, "POCET_OBYV": 33161.0, "MUZI": 16548.0, "ZENY": 16613.0, "OBYV_0_14": 5347.0, "MUZI_0_14": 2709.0, "ZENY_0_14": 2638.0, "OBYV_15_64": 21940.0, "MUZI_15_64": 11332.0, "ZENY_15_64": 10608.0, "OBYV_65": 5874.0, "MUZI_65": 2507.0, "ZENY_65": 3367.0, "MIRA_NEZAM": 8.554163, "SX": -728319.22906899999, "SY": -945884.99106599996 }, "geometry": { "type": "Point", "coordinates": [ -728319.229100000113249, -945884.991099998354912 ] } },
{ "type": "Feature", "properties": { "OBJECTID": 79, "KOD_ORP": "4213", "NAZ_ZKR_ORP": "Teplice", "NAZ_ORP": "Teplice", "KOD_RUIAN": "914", "KOD_OKRES": "40509", "KOD_LAU1": "CZ0426", "NAZ_LAU1": "Teplice", "KOD_KRAJ": "3069", "KOD_CZNUTS3": "CZ042", "NAZ_CZNUTS3": "Ústecký kraj", "SNATKY": 453.0, "ROZVODY": 230.0, "NAROZENI": 1021.0, "ZEMRELI": 1302.0, "PRISTEHOVALI": 1596.0, "VYSTEHOVALI": 1726.0, "POCET_OBYV": 106321.0, "MUZI": 52078.0, "ZENY": 54243.0, "OBYV_0_14": 16642.0, "MUZI_0_14": 8669.0, "ZENY_0_14": 7973.0, "OBYV_15_64": 70325.0, "MUZI_15_64": 35380.0, "ZENY_15_64": 34945.0, "OBYV_65": 19354.0, "MUZI_65": 8029.0, "ZENY_65": 11325.0, "MIRA_NEZAM": 7.351806, "SX": -778430.55429100001, "SY": -974465.03551700001 }, "geometry": { "type": "Point", "coordinates": [ -778430.554299999028444, -974465.035500001162291 ] } },
{ "type": "Feature", "properties": { "OBJECTID": 80, "KOD_ORP": "4214", "NAZ_ZKR_ORP": "Ústí nad Labem", "NAZ_ORP": "Ústí nad Labem", "KOD_RUIAN": "922", "KOD_OKRES": "40517", "KOD_LAU1": "CZ0427", "NAZ_LAU1": "Ústí nad Labem", "KOD_KRAJ": "3069", "KOD_CZNUTS3": "CZ042", "NAZ_CZNUTS3": "Ústecký kraj", "SNATKY": 549.0, "ROZVODY": 419.0, "NAROZENI": 1287.0, "ZEMRELI": 1270.0, "PRISTEHOVALI": 1915.0, "VYSTEHOVALI": 1912.0, "POCET_OBYV": 119512.0, "MUZI": 58488.0, "ZENY": 61024.0, "OBYV_0_14": 19494.0, "MUZI_0_14": 9935.0, "ZENY_0_14": 9559.0, "OBYV_15_64": 78382.0, "MUZI_15_64": 39520.0, "ZENY_15_64": 38862.0, "OBYV_65": 21636.0, "MUZI_65": 9033.0, "ZENY_65": 12603.0, "MIRA_NEZAM": 10.233785, "SX": -760532.66077199997, "SY": -973402.88733900001 }, "geometry": { "type": "Point", "coordinates": [ -760532.660799998790026, -973402.887299999594688 ] } },
{ "type": "Feature", "properties": { "OBJECTID": 81, "KOD_ORP": "4215", "NAZ_ZKR_ORP": "Varnsdorf", "NAZ_ORP": "Varnsdorf", "KOD_RUIAN": "744", "KOD_OKRES": "40452", "KOD_LAU1": "CZ0421", "NAZ_LAU1": "Děčín", "KOD_KRAJ": "3069", "KOD_CZNUTS3": "CZ042", "NAZ_CZNUTS3": "Ústecký kraj", "SNATKY": 84.0, "ROZVODY": 44.0, "NAROZENI": 207.0, "ZEMRELI": 201.0, "PRISTEHOVALI": 386.0, "VYSTEHOVALI": 469.0, "POCET_OBYV": 20250.0, "MUZI": 9979.0, "ZENY": 10271.0, "OBYV_0_14": 3244.0, "MUZI_0_14": 1681.0, "ZENY_0_14": 1563.0, "OBYV_15_64": 13336.0, "MUZI_15_64": 6750.0, "ZENY_15_64": 6586.0, "OBYV_65": 3670.0, "MUZI_65": 1548.0, "ZENY_65": 2122.0, "MIRA_NEZAM": 8.227336, "SX": -721205.225355, "SY": -956941.15921399998 }, "geometry": { "type": "Point", "coordinates": [ -721205.225400000810623, -956941.159200001507998 ] } },
{ "type": "Feature", "properties": { "OBJECTID": 82, "KOD_ORP": "4216", "NAZ_ZKR_ORP": "Žatec", "NAZ_ORP": "Žatec", "KOD_RUIAN": "876", "KOD_OKRES": "40487", "KOD_LAU1": "CZ0424", "NAZ_LAU1": "Louny", "KOD_KRAJ": "3069", "KOD_CZNUTS3": "CZ042", "NAZ_CZNUTS3": "Ústecký kraj", "SNATKY": 116.0, "ROZVODY": 76.0, "NAROZENI": 275.0, "ZEMRELI": 275.0, "PRISTEHOVALI": 585.0, "VYSTEHOVALI": 662.0, "POCET_OBYV": 27261.0, "MUZI": 13498.0, "ZENY": 13763.0, "OBYV_0_14": 4434.0, "MUZI_0_14": 2225.0, "ZENY_0_14": 2209.0, "OBYV_15_64": 18191.0, "MUZI_15_64": 9313.0, "ZENY_15_64": 8878.0, "OBYV_65": 4636.0, "MUZI_65": 1960.0, "ZENY_65": 2676.0, "MIRA_NEZAM": 8.771551, "SX": -799047.60765000002, "SY": -1009854.76187 }, "geometry": { "type": "Point", "coordinates": [ -799047.607599999755621, -1009854.761900000274181 ] } },
{ "type": "Feature", "properties": { "OBJECTID": 83, "KOD_ORP": "5101", "NAZ_ZKR_ORP": "Česká Lípa", "NAZ_ORP": "Česká Lípa", "KOD_RUIAN": "710", "KOD_OKRES": "40525", "KOD_LAU1": "CZ0511", "NAZ_LAU1": "Česká Lípa", "KOD_KRAJ": "3077", "KOD_CZNUTS3": "CZ051", "NAZ_CZNUTS3": "Liberecký kraj", "SNATKY": 345.0, "ROZVODY": 222.0, "NAROZENI": 807.0, "ZEMRELI": 725.0, "PRISTEHOVALI": 1557.0, "VYSTEHOVALI": 1485.0, "POCET_OBYV": 76681.0, "MUZI": 37746.0, "ZENY": 38935.0, "OBYV_0_14": 12359.0, "MUZI_0_14": 6273.0, "ZENY_0_14": 6086.0, "OBYV_15_64": 51991.0, "MUZI_15_64": 26247.0, "ZENY_15_64": 25744.0, "OBYV_65": 12331.0, "MUZI_65": 5226.0, "ZENY_65": 7105.0, "MIRA_NEZAM": 5.508005, "SX": -719916.72982600005, "SY": -985513.69738799997 }, "geometry": { "type": "Point", "coordinates": [ -719916.729800000786781, -985513.697399999946356 ] } },
{ "type": "Feature", "properties": { "OBJECTID": 84, "KOD_ORP": "5102", "NAZ_ZKR_ORP": "Frýdlant", "NAZ_ORP": "Frýdlant", "KOD_RUIAN": "809", "KOD_OKRES": "40541", "KOD_LAU1": "CZ0513", "NAZ_LAU1": "Liberec", "KOD_KRAJ": "3077", "KOD_CZNUTS3": "CZ051", "NAZ_CZNUTS3": "Liberecký kraj", "SNATKY": 102.0, "ROZVODY": 65.0, "NAROZENI": 253.0, "ZEMRELI": 249.0, "PRISTEHOVALI": 383.0, "VYSTEHOVALI": 416.0, "POCET_OBYV": 24542.0, "MUZI": 12208.0, "ZENY": 12334.0, "OBYV_0_14": 3966.0, "MUZI_0_14": 1975.0, "ZENY_0_14": 1991.0, "OBYV_15_64": 16274.0, "MUZI_15_64": 8358.0, "ZENY_15_64": 7916.0, "OBYV_65": 4302.0, "MUZI_65": 1875.0, "ZENY_65": 2427.0, "MIRA_NEZAM": 8.953777, "SX": -679798.36558900005, "SY": -957719.769524 }, "geometry": { "type": "Point", "coordinates": [ -679798.365600001066923, -957719.769499998539686 ] } },
{ "type": "Feature", "properties": { "OBJECTID": 85, "KOD_ORP": "5103", "NAZ_ZKR_ORP": "Jablonec nad Nisou", "NAZ_ORP": "Jablonec nad Nisou", "KOD_RUIAN": "779", "KOD_OKRES": "40533", "KOD_LAU1": "CZ0512", "NAZ_LAU1": "Jablonec nad Nisou", "KOD_KRAJ": "3077", "KOD_CZNUTS3": "CZ051", "NAZ_CZNUTS3": "Liberecký kraj", "SNATKY": 256.0, "ROZVODY": 162.0, "NAROZENI": 602.0, "ZEMRELI": 531.0, "PRISTEHOVALI": 1087.0, "VYSTEHOVALI": 1210.0, "POCET_OBYV": 55323.0, "MUZI": 26857.0, "ZENY": 28466.0, "OBYV_0_14": 8869.0, "MUZI_0_14": 4653.0, "ZENY_0_14": 4216.0, "OBYV_15_64": 36214.0, "MUZI_15_64": 17935.0, "ZENY_15_64": 18279.0, "OBYV_65": 10240.0, "MUZI_65": 4269.0, "ZENY_65": 5971.0, "MIRA_NEZAM": 5.26015, "SX": -680014.77454500005, "SY": -976891.29132299998 }, "geometry": { "type": "Point", "coordinates": [ -680014.774500001221895, -976891.291299998760223 ] } },
{ "type": "Feature", "properties": { "OBJECTID": 86, "KOD_ORP": "5104", "NAZ_ZKR_ORP": "Jilemnice", "NAZ_ORP": "Jilemnice", "KOD_RUIAN": "1139", "KOD_OKRES": "40550", "KOD_LAU1": "CZ0514", "NAZ_LAU1": "Semily", "KOD_KRAJ": "3077", "KOD_CZNUTS3": "CZ051", "NAZ_CZNUTS3": "Liberecký kraj", "SNATKY": 102.0, "ROZVODY": 61.0, "NAROZENI": 223.0, "ZEMRELI": 240.0, "PRISTEHOVALI": 284.0, "VYSTEHOVALI": 332.0, "POCET_OBYV": 22273.0, "MUZI": 11122.0, "ZENY": 11151.0, "OBYV_0_14": 3386.0, "MUZI_0_14": 1758.0, "ZENY_0_14": 1628.0, "OBYV_15_64": 14631.0, "MUZI_15_64": 7554.0, "ZENY_15_64": 7077.0, "OBYV_65": 4256.0, "MUZI_65": 1810.0, "ZENY_65": 2446.0, "MIRA_NEZAM": 6.50604, "SX": -658257.11197700002, "SY": -991302.24996799999 }, "geometry": { "type": "Point", "coordinates": [ -658257.111999999731779, -991302.25 ] } },
{ "type": "Feature", "properties": { "OBJECTID": 87, "KOD_ORP": "5105", "NAZ_ZKR_ORP": "Liberec", "NAZ_ORP": "Liberec", "KOD_RUIAN": "817", "KOD_OKRES": "40541", "KOD_LAU1": "CZ0513", "NAZ_LAU1": "Liberec", "KOD_KRAJ": "3077", "KOD_CZNUTS3": "CZ051", "NAZ_CZNUTS3": "Liberecký kraj", "SNATKY": 663.0, "ROZVODY": 431.0, "NAROZENI": 1618.0, "ZEMRELI": 1450.0, "PRISTEHOVALI": 2842.0, "VYSTEHOVALI": 2067.0, "POCET_OBYV": 142929.0, "MUZI": 69794.0, "ZENY": 73135.0, "OBYV_0_14": 23260.0, "MUZI_0_14": 11876.0, "ZENY_0_14": 11384.0, "OBYV_15_64": 93676.0, "MUZI_15_64": 47176.0, "ZENY_15_64": 46500.0, "OBYV_65": 25993.0, "MUZI_65": 10742.0, "ZENY_65": 15251.0, "MIRA_NEZAM": 6.75446, "SX": -695297.03844100004, "SY": -973855.85111000005 }, "geometry": { "type": "Point", "coordinates": [ -695297.038400001823902, -973855.851100001484156 ] } },
{ "type": "Feature", "properties": { "OBJECTID": 88, "KOD_ORP": "5106", "NAZ_ZKR_ORP": "Nový Bor", "NAZ_ORP": "Nový Bor", "KOD_RUIAN": "701", "KOD_OKRES": "40525", "KOD_LAU1": "CZ0511", "NAZ_LAU1": "Česká Lípa", "KOD_KRAJ": "3077", "KOD_CZNUTS3": "CZ051", "NAZ_CZNUTS3": "Liberecký kraj", "SNATKY": 120.0, "ROZVODY": 72.0, "NAROZENI": 247.0, "ZEMRELI": 264.0, "PRISTEHOVALI": 534.0, "VYSTEHOVALI": 466.0, "POCET_OBYV": 26340.0, "MUZI": 13034.0, "ZENY": 13306.0, "OBYV_0_14": 3912.0, "MUZI_0_14": 2012.0, "ZENY_0_14": 1900.0, "OBYV_15_64": 17388.0, "MUZI_15_64": 8847.0, "ZENY_15_64": 8541.0, "OBYV_65": 5040.0, "MUZI_65": 2175.0, "ZENY_65": 2865.0, "MIRA_NEZAM": 5.70797, "SX": -720343.30202599999, "SY": -968417.58655799995 }, "geometry": { "type": "Point", "coordinates": [ -720343.302000001072884, -968417.586599998176098 ] } },
{ "type": "Feature", "properties": { "OBJECTID": 89, "KOD_ORP": "5107", "NAZ_ZKR_ORP": "Semily", "NAZ_ORP": "Semily", "KOD_RUIAN": "1147", "KOD_OKRES": "40550", "KOD_LAU1": "CZ0514", "NAZ_LAU1": "Semily", "KOD_KRAJ": "3077", "KOD_CZNUTS3": "CZ051", "NAZ_CZNUTS3": "Liberecký kraj", "SNATKY": 126.0, "ROZVODY": 55.0, "NAROZENI": 268.0, "ZEMRELI": 328.0, "PRISTEHOVALI": 359.0, "VYSTEHOVALI": 426.0, "POCET_OBYV": 25719.0, "MUZI": 12759.0, "ZENY": 12960.0, "OBYV_0_14": 3825.0, "MUZI_0_14": 1931.0, "ZENY_0_14": 1894.0, "OBYV_15_64": 16752.0, "MUZI_15_64": 8668.0, "ZENY_15_64": 8084.0, "OBYV_65": 5142.0, "MUZI_65": 2160.0, "ZENY_65": 2982.0, "MIRA_NEZAM": 6.684696, "SX": -668289.16340700001, "SY": -996049.39757499995 }, "geometry": { "type": "Point", "coordinates": [ -668289.163400001823902, -996049.397599998861551 ] } },
{ "type": "Feature", "properties": { "OBJECTID": 90, "KOD_ORP": "5108", "NAZ_ZKR_ORP": "Tanvald", "NAZ_ORP": "Tanvald", "KOD_RUIAN": "787", "KOD_OKRES": "40533", "KOD_LAU1": "CZ0512", "NAZ_LAU1": "Jablonec nad Nisou", "KOD_KRAJ": "3077", "KOD_CZNUTS3": "CZ051", "NAZ_CZNUTS3": "Liberecký kraj", "SNATKY": 94.0, "ROZVODY": 44.0, "NAROZENI": 211.0, "ZEMRELI": 271.0, "PRISTEHOVALI": 449.0, "VYSTEHOVALI": 486.0, "POCET_OBYV": 20806.0, "MUZI": 10281.0, "ZENY": 10525.0, "OBYV_0_14": 3014.0, "MUZI_0_14": 1548.0, "ZENY_0_14": 1466.0, "OBYV_15_64": 13761.0, "MUZI_15_64": 7074.0, "ZENY_15_64": 6687.0, "OBYV_65": 4031.0, "MUZI_65": 1659.0, "ZENY_65": 2372.0, "MIRA_NEZAM": 6.892365, "SX": -668263.27950099995, "SY": -976422.79588800005 }, "geometry": { "type": "Point", "coordinates": [ -668263.279500000178814, -976422.795899998396635 ] } },
{ "type": "Feature", "properties": { "OBJECTID": 91, "KOD_ORP": "5109", "NAZ_ZKR_ORP": "Turnov", "NAZ_ORP": "Turnov", "KOD_RUIAN": "1155", "KOD_OKRES": "40541", "KOD_LAU1": "CZ0513", "NAZ_LAU1": "Liberec", "KOD_KRAJ": "3077", "KOD_CZNUTS3": "CZ051", "NAZ_CZNUTS3": "Liberecký kraj", "SNATKY": 167.0, "ROZVODY": 96.0, "NAROZENI": 336.0, "ZEMRELI": 359.0, "PRISTEHOVALI": 609.0, "VYSTEHOVALI": 491.0, "POCET_OBYV": 32953.0, "MUZI": 16202.0, "ZENY": 16751.0, "OBYV_0_14": 5013.0, "MUZI_0_14": 2607.0, "ZENY_0_14": 2406.0, "OBYV_15_64": 21472.0, "MUZI_15_64": 10826.0, "ZENY_15_64": 10646.0, "OBYV_65": 6468.0, "MUZI_65": 2769.0, "ZENY_65": 3699.0, "MIRA_NEZAM": 4.874105, "SX": -683378.82779899996, "SY": -995165.69735899998 }, "geometry": { "type": "Point", "coordinates": [ -683378.827799998223782, -995165.697399999946356 ] } },
{ "type": "Feature", "properties": { "OBJECTID": 92, "KOD_ORP": "5110", "NAZ_ZKR_ORP": "Železný Brod", "NAZ_ORP": "Železný Brod", "KOD_RUIAN": "795", "KOD_OKRES": "40533", "KOD_LAU1": "CZ0512", "NAZ_LAU1": "Jablonec nad Nisou", "KOD_KRAJ": "3077", "KOD_CZNUTS3": "CZ051", "NAZ_CZNUTS3": "Liberecký kraj", "SNATKY": 56.0, "ROZVODY": 27.0, "NAROZENI": 118.0, "ZEMRELI": 141.0, "PRISTEHOVALI": 219.0, "VYSTEHOVALI": 281.0, "POCET_OBYV": 12073.0, "MUZI": 5904.0, "ZENY": 6169.0, "OBYV_0_14": 1802.0, "MUZI_0_14": 900.0, "ZENY_0_14": 902.0, "OBYV_15_64": 7731.0, "MUZI_15_64": 3939.0, "ZENY_15_64": 3792.0, "OBYV_65": 2540.0, "MUZI_65": 1065.0, "ZENY_65": 1475.0, "MIRA_NEZAM": 4.597412, "SX": -675409.23305000004, "SY": -986922.60934800003 }, "geometry": { "type": "Point", "coordinates": [ -675409.232999999076128, -986922.609299998730421 ] } },
{ "type": "Feature", "properties": { "OBJECTID": 93, "KOD_ORP": "5201", "NAZ_ZKR_ORP": "Broumov", "NAZ_ORP": "Broumov", "KOD_RUIAN": "1031", "KOD_OKRES": "40584", "KOD_LAU1": "CZ0523", "NAZ_LAU1": "Náchod", "KOD_KRAJ": "3085", "KOD_CZNUTS3": "CZ052", "NAZ_CZNUTS3": "Královéhradecký kraj", "SNATKY": 79.0, "ROZVODY": 45.0, "NAROZENI": 158.0, "ZEMRELI": 192.0, "PRISTEHOVALI": 239.0, "VYSTEHOVALI": 304.0, "POCET_OBYV": 16357.0, "MUZI": 8121.0, "ZENY": 8236.0, "OBYV_0_14": 2485.0, "MUZI_0_14": 1306.0, "ZENY_0_14": 1179.0, "OBYV_15_64": 10670.0, "MUZI_15_64": 5430.0, "ZENY_15_64": 5240.0, "OBYV_65": 3202.0, "MUZI_65": 1385.0, "ZENY_65": 1817.0, "MIRA_NEZAM": 9.375, "SX": -605311.43262900005, "SY": -1002897.21037 }, "geometry": { "type": "Point", "coordinates": [ -605311.432599999010563, -1002897.210400000214577 ] } },
{ "type": "Feature", "properties": { "OBJECTID": 94, "KOD_ORP": "5202", "NAZ_ZKR_ORP": "Dobruška", "NAZ_ORP": "Dobruška", "KOD_RUIAN": "1104", "KOD_OKRES": "40592", "KOD_LAU1": "CZ0524", "NAZ_LAU1": "Rychnov nad Kněžnou", "KOD_KRAJ": "3085", "KOD_CZNUTS3": "CZ052", "NAZ_CZNUTS3": "Královéhradecký kraj", "SNATKY": 65.0, "ROZVODY": 46.0, "NAROZENI": 200.0, "ZEMRELI": 201.0, "PRISTEHOVALI": 271.0, "VYSTEHOVALI": 317.0, "POCET_OBYV": 20173.0, "MUZI": 9944.0, "ZENY": 10229.0, "OBYV_0_14": 3218.0, "MUZI_0_14": 1628.0, "ZENY_0_14": 1590.0, "OBYV_15_64": 13127.0, "MUZI_15_64": 6683.0, "ZENY_15_64": 6444.0, "OBYV_65": 3828.0, "MUZI_65": 1633.0, "ZENY_65": 2195.0, "MIRA_NEZAM": 2.926352, "SX": -613453.67474699998, "SY": -1036067.2747299999 }, "geometry": { "type": "Point", "coordinates": [ -613453.674699999392033, -1036067.274700000882149 ] } },
{ "type": "Feature", "properties": { "OBJECTID": 95, "KOD_ORP": "5203", "NAZ_ZKR_ORP": "Dvůr Králové nad Labem", "NAZ_ORP": "Dvůr Králové nad Labem", "KOD_RUIAN": "1201", "KOD_OKRES": "40606", "KOD_LAU1": "CZ0525", "NAZ_LAU1": "Trutnov", "KOD_KRAJ": "3085", "KOD_CZNUTS3": "CZ052", "NAZ_CZNUTS3": "Královéhradecký kraj", "SNATKY": 119.0, "ROZVODY": 59.0, "NAROZENI": 230.0, "ZEMRELI": 313.0, "PRISTEHOVALI": 348.0, "VYSTEHOVALI": 354.0, "POCET_OBYV": 27202.0, "MUZI": 13477.0, "ZENY": 13725.0, "OBYV_0_14": 3936.0, "MUZI_0_14": 2063.0, "ZENY_0_14": 1873.0, "OBYV_15_64": 17642.0, "MUZI_15_64": 9001.0, "ZENY_15_64": 8641.0, "OBYV_65": 5624.0, "MUZI_65": 2413.0, "ZENY_65": 3211.0, "MIRA_NEZAM": 6.855581, "SX": -641436.77394099999, "SY": -1016852.38107 }, "geometry": { "type": "Point", "coordinates": [ -641436.773899998515844, -1016852.381099998950958 ] } },
{ "type": "Feature", "properties": { "OBJECTID": 96, "KOD_ORP": "5204", "NAZ_ZKR_ORP": "Hořice", "NAZ_ORP": "Hořice", "KOD_RUIAN": "1007", "KOD_OKRES": "40576", "KOD_LAU1": "CZ0522", "NAZ_LAU1": "Jičín", "KOD_KRAJ": "3085", "KOD_CZNUTS3": "CZ052", "NAZ_CZNUTS3": "Královéhradecký kraj", "SNATKY": 70.0, "ROZVODY": 54.0, "NAROZENI": 187.0, "ZEMRELI": 217.0, "PRISTEHOVALI": 307.0, "VYSTEHOVALI": 296.0, "POCET_OBYV": 18354.0, "MUZI": 9081.0, "ZENY": 9273.0, "OBYV_0_14": 2789.0, "MUZI_0_14": 1432.0, "ZENY_0_14": 1357.0, "OBYV_15_64": 12004.0, "MUZI_15_64": 6141.0, "ZENY_15_64": 5863.0, "OBYV_65": 3561.0, "MUZI_65": 1508.0, "ZENY_65": 2053.0, "MIRA_NEZAM": 5.190739, "SX": -654514.88501199998, "SY": -1022968.55395 }, "geometry": { "type": "Point", "coordinates": [ -654514.885000001639128, -1022968.553899999707937 ] } },
{ "type": "Feature", "properties": { "OBJECTID": 97, "KOD_ORP": "5205", "NAZ_ZKR_ORP": "Hradec Králové", "NAZ_ORP": "Hradec Králové", "KOD_RUIAN": "965", "KOD_OKRES": "40568", "KOD_LAU1": "CZ0521", "NAZ_LAU1": "Hradec Králové", "KOD_KRAJ": "3085", "KOD_CZNUTS3": "CZ052", "NAZ_CZNUTS3": "Královéhradecký kraj", "SNATKY": 668.0, "ROZVODY": 356.0, "NAROZENI": 1536.0, "ZEMRELI": 1435.0, "PRISTEHOVALI": 2343.0, "VYSTEHOVALI": 2097.0, "POCET_OBYV": 145657.0, "MUZI": 70887.0, "ZENY": 74770.0, "OBYV_0_14": 21900.0, "MUZI_0_14": 11202.0, "ZENY_0_14": 10698.0, "OBYV_15_64": 94116.0, "MUZI_15_64": 47286.0, "ZENY_15_64": 46830.0, "OBYV_65": 29641.0, "MUZI_65": 12399.0, "ZENY_65": 17242.0, "MIRA_NEZAM": 5.490535, "SX": -646854.50534499995, "SY": -1040304.27039 }, "geometry": { "type": "Point", "coordinates": [ -646854.505300000309944, -1040304.270399998873472 ] } },
{ "type": "Feature", "properties": { "OBJECTID": 98, "KOD_ORP": "5206", "NAZ_ZKR_ORP": "Jaroměř", "NAZ_ORP": "Jaroměř", "KOD_RUIAN": "1040", "KOD_OKRES": "40584", "KOD_LAU1": "CZ0523", "NAZ_LAU1": "Náchod", "KOD_KRAJ": "3085", "KOD_CZNUTS3": "CZ052", "NAZ_CZNUTS3": "Královéhradecký kraj", "SNATKY": 99.0, "ROZVODY": 38.0, "NAROZENI": 213.0, "ZEMRELI": 192.0, "PRISTEHOVALI": 338.0, "VYSTEHOVALI": 316.0, "POCET_OBYV": 19333.0, "MUZI": 9573.0, "ZENY": 9760.0, "OBYV_0_14": 3088.0, "MUZI_0_14": 1591.0, "ZENY_0_14": 1497.0, "OBYV_15_64": 12791.0, "MUZI_15_64": 6552.0, "ZENY_15_64": 6239.0, "OBYV_65": 3454.0, "MUZI_65": 1430.0, "ZENY_65": 2024.0, "MIRA_NEZAM": 5.906187, "SX": -631731.17323199997, "SY": -1026973.30801 }, "geometry": { "type": "Point", "coordinates": [ -631731.173200000077486, -1026973.30799999833107 ] } },
{ "type": "Feature", "properties": { "OBJECTID": 99, "KOD_ORP": "5207", "NAZ_ZKR_ORP": "Jičín", "NAZ_ORP": "Jičín", "KOD_RUIAN": "1015", "KOD_OKRES": "40576", "KOD_LAU1": "CZ0522", "NAZ_LAU1": "Jičín", "KOD_KRAJ": "3085", "KOD_CZNUTS3": "CZ052", "NAZ_CZNUTS3": "Královéhradecký kraj", "SNATKY": 175.0, "ROZVODY": 100.0, "NAROZENI": 534.0, "ZEMRELI": 531.0, "PRISTEHOVALI": 791.0, "VYSTEHOVALI": 702.0, "POCET_OBYV": 47771.0, "MUZI": 23742.0, "ZENY": 24029.0, "OBYV_0_14": 7264.0, "MUZI_0_14": 3828.0, "ZENY_0_14": 3436.0, "OBYV_15_64": 31573.0, "MUZI_15_64": 16198.0, "ZENY_15_64": 15375.0, "OBYV_65": 8934.0, "MUZI_65": 3716.0, "ZENY_65": 5218.0, "MIRA_NEZAM": 3.523095, "SX": -673940.31381700002, "SY": -1016447.42663 }, "geometry": { "type": "Point", "coordinates": [ -673940.313799999654293, -1016447.426600001752377 ] } },
{ "type": "Feature", "properties": { "OBJECTID": 100, "KOD_ORP": "5208", "NAZ_ZKR_ORP": "Kostelec nad Orlicí", "NAZ_ORP": "Kostelec nad Orlicí", "KOD_RUIAN": "1112", "KOD_OKRES": "40592", "KOD_LAU1": "CZ0524", "NAZ_LAU1": "Rychnov nad Kněžnou", "KOD_KRAJ": "3085", "KOD_CZNUTS3": "CZ052", "NAZ_CZNUTS3": "Královéhradecký kraj", "SNATKY": 130.0, "ROZVODY": 70.0, "NAROZENI": 258.0, "ZEMRELI": 304.0, "PRISTEHOVALI": 444.0, "VYSTEHOVALI": 380.0, "POCET_OBYV": 24905.0, "MUZI": 12230.0, "ZENY": 12675.0, "OBYV_0_14": 3826.0, "MUZI_0_14": 1900.0, "ZENY_0_14": 1926.0, "OBYV_15_64": 16174.0, "MUZI_15_64": 8264.0, "ZENY_15_64": 7910.0, "OBYV_65": 4905.0, "MUZI_65": 2066.0, "ZENY_65": 2839.0, "MIRA_NEZAM": 2.958074, "SX": -620509.90107100003, "SY": -1053905.4188900001 }, "geometry": { "type": "Point", "coordinates": [ -620509.901099998503923, -1053905.4189000017941 ] } },
{ "type": "Feature", "properties": { "OBJECTID": 101, "KOD_ORP": "5209", "NAZ_ZKR_ORP": "Náchod", "NAZ_ORP": "Náchod", "KOD_RUIAN": "1066", "KOD_OKRES": "40584", "KOD_LAU1": "CZ0523", "NAZ_LAU1": "Náchod", "KOD_KRAJ": "3085", "KOD_CZNUTS3": "CZ052", "NAZ_CZNUTS3": "Královéhradecký kraj", "SNATKY": 268.0, "ROZVODY": 152.0, "NAROZENI": 622.0, "ZEMRELI": 686.0, "PRISTEHOVALI": 716.0, "VYSTEHOVALI": 838.0, "POCET_OBYV": 60903.0, "MUZI": 29779.0, "ZENY": 31124.0, "OBYV_0_14": 9289.0, "MUZI_0_14": 4824.0, "ZENY_0_14": 4465.0, "OBYV_15_64": 39292.0, "MUZI_15_64": 19775.0, "ZENY_15_64": 19517.0, "OBYV_65": 12322.0, "MUZI_65": 5180.0, "ZENY_65": 7142.0, "MIRA_NEZAM": 3.774676, "SX": -615620.167747, "SY": -1016953.54616 }, "geometry": { "type": "Point", "coordinates": [ -615620.167700000107288, -1016953.54619999974966 ] } },
{ "type": "Feature", "properties": { "OBJECTID": 102, "KOD_ORP": "5210", "NAZ_ZKR_ORP": "Nová Paka", "NAZ_ORP": "Nová Paka", "KOD_RUIAN": "1023", "KOD_OKRES": "40576", "KOD_LAU1": "CZ0522", "NAZ_LAU1": "Jičín", "KOD_KRAJ": "3085", "KOD_CZNUTS3": "CZ052", "NAZ_CZNUTS3": "Královéhradecký kraj", "SNATKY": 55.0, "ROZVODY": 35.0, "NAROZENI": 136.0, "ZEMRELI": 149.0, "PRISTEHOVALI": 251.0, "VYSTEHOVALI": 196.0, "POCET_OBYV": 13365.0, "MUZI": 6634.0, "ZENY": 6731.0, "OBYV_0_14": 1930.0, "MUZI_0_14": 977.0, "ZENY_0_14": 953.0, "OBYV_15_64": 8693.0, "MUZI_15_64": 4514.0, "ZENY_15_64": 4179.0, "OBYV_65": 2742.0, "MUZI_65": 1143.0, "ZENY_65": 1599.0, "MIRA_NEZAM": 4.009138, "SX": -658390.49071699998, "SY": -1008880.39355 }, "geometry": { "type": "Point", "coordinates": [ -658390.490699999034405, -1008880.393500000238419 ] } },
{ "type": "Feature", "properties": { "OBJECTID": 103, "KOD_ORP": "5211", "NAZ_ZKR_ORP": "Nové Město nad Metují", "NAZ_ORP": "Nové Město nad Metují", "KOD_RUIAN": "1058", "KOD_OKRES": "40584", "KOD_LAU1": "CZ0523", "NAZ_LAU1": "Náchod", "KOD_KRAJ": "3085", "KOD_CZNUTS3": "CZ052", "NAZ_CZNUTS3": "Královéhradecký kraj", "SNATKY": 68.0, "ROZVODY": 37.0, "NAROZENI": 130.0, "ZEMRELI": 139.0, "PRISTEHOVALI": 234.0, "VYSTEHOVALI": 244.0, "POCET_OBYV": 14276.0, "MUZI": 7000.0, "ZENY": 7276.0, "OBYV_0_14": 2137.0, "MUZI_0_14": 1100.0, "ZENY_0_14": 1037.0, "OBYV_15_64": 9189.0, "MUZI_15_64": 4653.0, "ZENY_15_64": 4536.0, "OBYV_65": 2950.0, "MUZI_65": 1247.0, "ZENY_65": 1703.0, "MIRA_NEZAM": 3.218884, "SX": -618888.33989499998, "SY": -1029218.76423 }, "geometry": { "type": "Point", "coordinates": [ -618888.339899998158216, -1029218.764199998229742 ] } },
{ "type": "Feature", "properties": { "OBJECTID": 104, "KOD_ORP": "5212", "NAZ_ZKR_ORP": "Nový Bydžov", "NAZ_ORP": "Nový Bydžov", "KOD_RUIAN": "973", "KOD_OKRES": "40568", "KOD_LAU1": "CZ0521", "NAZ_LAU1": "Hradec Králové", "KOD_KRAJ": "3085", "KOD_CZNUTS3": "CZ052", "NAZ_CZNUTS3": "Královéhradecký kraj", "SNATKY": 66.0, "ROZVODY": 36.0, "NAROZENI": 158.0, "ZEMRELI": 199.0, "PRISTEHOVALI": 344.0, "VYSTEHOVALI": 299.0, "POCET_OBYV": 17502.0, "MUZI": 8677.0, "ZENY": 8825.0, "OBYV_0_14": 2533.0, "MUZI_0_14": 1289.0, "ZENY_0_14": 1244.0, "OBYV_15_64": 11661.0, "MUZI_15_64": 6011.0, "ZENY_15_64": 5650.0, "OBYV_65": 3308.0, "MUZI_65": 1377.0, "ZENY_65": 1931.0, "MIRA_NEZAM": 6.977929, "SX": -664449.08678999997, "SY": -1034741.96364 }, "geometry": { "type": "Point", "coordinates": [ -664449.086800001561642, -1034741.963599998503923 ] } },
{ "type": "Feature", "properties": { "OBJECTID": 105, "KOD_ORP": "5213", "NAZ_ZKR_ORP": "Rychnov nad Kněžnou", "NAZ_ORP": "Rychnov nad Kněžnou", "KOD_RUIAN": "1121", "KOD_OKRES": "40592", "KOD_LAU1": "CZ0524", "NAZ_LAU1": "Rychnov nad Kněžnou", "KOD_KRAJ": "3085", "KOD_CZNUTS3": "CZ052", "NAZ_CZNUTS3": "Královéhradecký kraj", "SNATKY": 183.0, "ROZVODY": 90.0, "NAROZENI": 350.0, "ZEMRELI": 357.0, "PRISTEHOVALI": 450.0, "VYSTEHOVALI": 479.0, "POCET_OBYV": 33783.0, "MUZI": 16818.0, "ZENY": 16965.0, "OBYV_0_14": 5261.0, "MUZI_0_14": 2704.0, "ZENY_0_14": 2557.0, "OBYV_15_64": 22473.0, "MUZI_15_64": 11552.0, "ZENY_15_64": 10921.0, "OBYV_65": 6049.0, "MUZI_65": 2562.0, "ZENY_65": 3487.0, "MIRA_NEZAM": 2.69985, "SX": -604271.633393, "SY": -1048569.5466 }, "geometry": { "type": "Point", "coordinates": [ -604271.633400000631809, -1048569.546599999070168 ] } },
{ "type": "Feature", "properties": { "OBJECTID": 106, "KOD_ORP": "5214", "NAZ_ZKR_ORP": "Trutnov", "NAZ_ORP": "Trutnov", "KOD_RUIAN": "1210", "KOD_OKRES": "40606", "KOD_LAU1": "CZ0525", "NAZ_LAU1": "Trutnov", "KOD_KRAJ": "3085", "KOD_CZNUTS3": "CZ052", "NAZ_CZNUTS3": "Královéhradecký kraj", "SNATKY": 291.0, "ROZVODY": 167.0, "NAROZENI": 607.0, "ZEMRELI": 624.0, "PRISTEHOVALI": 840.0, "VYSTEHOVALI": 891.0, "POCET_OBYV": 64032.0, "MUZI": 31455.0, "ZENY": 32577.0, "OBYV_0_14": 9573.0, "MUZI_0_14": 4914.0, "ZENY_0_14": 4659.0, "OBYV_15_64": 42247.0, "MUZI_15_64": 21545.0, "ZENY_15_64": 20702.0, "OBYV_65": 12212.0, "MUZI_65": 4996.0, "ZENY_65": 7216.0, "MIRA_NEZAM": 5.749223, "SX": -631700.30113799998, "SY": -1000851.06498 }, "geometry": { "type": "Point", "coordinates": [ -631700.301100000739098, -1000851.065000001341105 ] } },
{ "type": "Feature", "properties": { "OBJECTID": 107, "KOD_ORP": "5215", "NAZ_ZKR_ORP": "Vrchlabí", "NAZ_ORP": "Vrchlabí", "KOD_RUIAN": "1228", "KOD_OKRES": "40606", "KOD_LAU1": "CZ0525", "NAZ_LAU1": "Trutnov", "KOD_KRAJ": "3085", "KOD_CZNUTS3": "CZ052", "NAZ_CZNUTS3": "Královéhradecký kraj", "SNATKY": 129.0, "ROZVODY": 75.0, "NAROZENI": 263.0, "ZEMRELI": 297.0, "PRISTEHOVALI": 379.0, "VYSTEHOVALI": 497.0, "POCET_OBYV": 27808.0, "MUZI": 13741.0, "ZENY": 14067.0, "OBYV_0_14": 4328.0, "MUZI_0_14": 2159.0, "ZENY_0_14": 2169.0, "OBYV_15_64": 18164.0, "MUZI_15_64": 9367.0, "ZENY_15_64": 8797.0, "OBYV_65": 5316.0, "MUZI_65": 2215.0, "ZENY_65": 3101.0, "MIRA_NEZAM": 4.376851, "SX": -647557.95163599995, "SY": -993035.02358599997 }, "geometry": { "type": "Point", "coordinates": [ -647557.95160000026226, -993035.023600000888109 ] } },
{ "type": "Feature", "properties": { "OBJECTID": 108, "KOD_ORP": "5301", "NAZ_ZKR_ORP": "Česká Třebová", "NAZ_ORP": "Česká Třebová", "KOD_RUIAN": "1279", "KOD_OKRES": "40649", "KOD_LAU1": "CZ0534", "NAZ_LAU1": "Ústí nad Orlicí", "KOD_KRAJ": "3093", "KOD_CZNUTS3": "CZ053", "NAZ_CZNUTS3": "Pardubický kraj", "SNATKY": 85.0, "ROZVODY": 33.0, "NAROZENI": 180.0, "ZEMRELI": 210.0, "PRISTEHOVALI": 271.0, "VYSTEHOVALI": 307.0, "POCET_OBYV": 18298.0, "MUZI": 8960.0, "ZENY": 9338.0, "OBYV_0_14": 2754.0, "MUZI_0_14": 1398.0, "ZENY_0_14": 1356.0, "OBYV_15_64": 11989.0, "MUZI_15_64": 6065.0, "ZENY_15_64": 5924.0, "OBYV_65": 3555.0, "MUZI_65": 1497.0, "ZENY_65": 2058.0, "MIRA_NEZAM": 5.281806, "SX": -600462.05385000003, "SY": -1082054.5911699999 }, "geometry": { "type": "Point", "coordinates": [ -600462.053800001740456, -1082054.5912000015378 ] } },
{ "type": "Feature", "properties": { "OBJECTID": 109, "KOD_ORP": "5302", "NAZ_ZKR_ORP": "Hlinsko", "NAZ_ORP": "Hlinsko", "KOD_RUIAN": "990", "KOD_OKRES": "40614", "KOD_LAU1": "CZ0531", "NAZ_LAU1": "Chrudim", "KOD_KRAJ": "3093", "KOD_CZNUTS3": "CZ053", "NAZ_CZNUTS3": "Pardubický kraj", "SNATKY": 84.0, "ROZVODY": 53.0, "NAROZENI": 210.0, "ZEMRELI": 245.0, "PRISTEHOVALI": 244.0, "VYSTEHOVALI": 303.0, "POCET_OBYV": 21128.0, "MUZI": 10510.0, "ZENY": 10618.0, "OBYV_0_14": 3087.0, "MUZI_0_14": 1636.0, "ZENY_0_14": 1451.0, "OBYV_15_64": 13938.0, "MUZI_15_64": 7181.0, "ZENY_15_64": 6757.0, "OBYV_65": 4103.0, "MUZI_65": 1693.0, "ZENY_65": 2410.0, "MIRA_NEZAM": 4.71457, "SX": -639786.50138499995, "SY": -1091813.7049700001 }, "geometry": { "type": "Point", "coordinates": [ -639786.501400001347065, -1091813.704999998211861 ] } },
{ "type": "Feature", "properties": { "OBJECTID": 110, "KOD_ORP": "5303", "NAZ_ZKR_ORP": "Holice", "NAZ_ORP": "Holice", "KOD_RUIAN": "1074", "KOD_OKRES": "40622", "KOD_LAU1": "CZ0532", "NAZ_LAU1": "Pardubice", "KOD_KRAJ": "3093", "KOD_CZNUTS3": "CZ053", "NAZ_CZNUTS3": "Pardubický kraj", "SNATKY": 78.0, "ROZVODY": 44.0, "NAROZENI": 139.0, "ZEMRELI": 183.0, "PRISTEHOVALI": 367.0, "VYSTEHOVALI": 310.0, "POCET_OBYV": 17486.0, "MUZI": 8702.0, "ZENY": 8784.0, "OBYV_0_14": 2862.0, "MUZI_0_14": 1493.0, "ZENY_0_14": 1369.0, "OBYV_15_64": 11530.0, "MUZI_15_64": 5890.0, "ZENY_15_64": 5640.0, "OBYV_65": 3094.0, "MUZI_65": 1319.0, "ZENY_65": 1775.0, "MIRA_NEZAM": 4.26009, "SX": -630969.65752100002, "SY": -1058572.87445 }, "geometry": { "type": "Point", "coordinates": [ -630969.657499998807907, -1058572.874400001019239 ] } },
{ "type": "Feature", "properties": { "OBJECTID": 111, "KOD_ORP": "5304", "NAZ_ZKR_ORP": "Chrudim", "NAZ_ORP": "Chrudim", "KOD_RUIAN": "981", "KOD_OKRES": "40614", "KOD_LAU1": "CZ0531", "NAZ_LAU1": "Chrudim", "KOD_KRAJ": "3093", "KOD_CZNUTS3": "CZ053", "NAZ_CZNUTS3": "Pardubický kraj", "SNATKY": 403.0, "ROZVODY": 214.0, "NAROZENI": 845.0, "ZEMRELI": 911.0, "PRISTEHOVALI": 1123.0, "VYSTEHOVALI": 1166.0, "POCET_OBYV": 82817.0, "MUZI": 41005.0, "ZENY": 41812.0, "OBYV_0_14": 12628.0, "MUZI_0_14": 6532.0, "ZENY_0_14": 6096.0, "OBYV_15_64": 54900.0, "MUZI_15_64": 28028.0, "ZENY_15_64": 26872.0, "OBYV_65": 15289.0, "MUZI_65": 6445.0, "ZENY_65": 8844.0, "MIRA_NEZAM": 5.772001, "SX": -645782.91370599996, "SY": -1077862.4170200001 }, "geometry": { "type": "Point", "coordinates": [ -645782.913699999451637, -1077862.416999999433756 ] } },
{ "type": "Feature", "properties": { "OBJECTID": 112, "KOD_ORP": "5305", "NAZ_ZKR_ORP": "Králíky", "NAZ_ORP": "Králíky", "KOD_RUIAN": "1236", "KOD_OKRES": "40649", "KOD_LAU1": "CZ0534", "NAZ_LAU1": "Ústí nad Orlicí", "KOD_KRAJ": "3093", "KOD_CZNUTS3": "CZ053", "NAZ_CZNUTS3": "Pardubický kraj", "SNATKY": 37.0, "ROZVODY": 13.0, "NAROZENI": 96.0, "ZEMRELI": 117.0, "PRISTEHOVALI": 147.0, "VYSTEHOVALI": 211.0, "POCET_OBYV": 8719.0, "MUZI": 4328.0, "ZENY": 4391.0, "OBYV_0_14": 1289.0, "MUZI_0_14": 621.0, "ZENY_0_14": 668.0, "OBYV_15_64": 5749.0, "MUZI_15_64": 3009.0, "ZENY_15_64": 2740.0, "OBYV_65": 1681.0, "MUZI_65": 698.0, "ZENY_65": 983.0, "MIRA_NEZAM": 6.01325, "SX": -577135.89633000002, "SY": -1062667.0727299999 }, "geometry": { "type": "Point", "coordinates": [ -577135.896299999207258, -1062667.072700001299381 ] } },
{ "type": "Feature", "properties": { "OBJECTID": 113, "KOD_ORP": "5306", "NAZ_ZKR_ORP": "Lanškroun", "NAZ_ORP": "Lanškroun", "KOD_RUIAN": "1244", "KOD_OKRES": "40649", "KOD_LAU1": "CZ0534", "NAZ_LAU1": "Ústí nad Orlicí", "KOD_KRAJ": "3093", "KOD_CZNUTS3": "CZ053", "NAZ_CZNUTS3": "Pardubický kraj", "SNATKY": 114.0, "ROZVODY": 34.0, "NAROZENI": 226.0, "ZEMRELI": 207.0, "PRISTEHOVALI": 318.0, "VYSTEHOVALI": 301.0, "POCET_OBYV": 23206.0, "MUZI": 11414.0, "ZENY": 11792.0, "OBYV_0_14": 3736.0, "MUZI_0_14": 1898.0, "ZENY_0_14": 1838.0, "OBYV_15_64": 15443.0, "MUZI_15_64": 7789.0, "ZENY_15_64": 7654.0, "OBYV_65": 4027.0, "MUZI_65": 1727.0, "ZENY_65": 2300.0, "MIRA_NEZAM": 4.016193, "SX": -587730.19907199999, "SY": -1080682.3462499999 }, "geometry": { "type": "Point", "coordinates": [ -587730.199099998921156, -1080682.346200000494719 ] } },
{ "type": "Feature", "properties": { "OBJECTID": 114, "KOD_ORP": "5307", "NAZ_ZKR_ORP": "Litomyšl", "NAZ_ORP": "Litomyšl", "KOD_RUIAN": "1163", "KOD_OKRES": "40631", "KOD_LAU1": "CZ0533", "NAZ_LAU1": "Svitavy", "KOD_KRAJ": "3093", "KOD_CZNUTS3": "CZ053", "NAZ_CZNUTS3": "Pardubický kraj", "SNATKY": 142.0, "ROZVODY": 59.0, "NAROZENI": 285.0, "ZEMRELI": 265.0, "PRISTEHOVALI": 309.0, "VYSTEHOVALI": 367.0, "POCET_OBYV": 26636.0, "MUZI": 13167.0, "ZENY": 13469.0, "OBYV_0_14": 4162.0, "MUZI_0_14": 2109.0, "ZENY_0_14": 2053.0, "OBYV_15_64": 17673.0, "MUZI_15_64": 8980.0, "ZENY_15_64": 8693.0, "OBYV_65": 4801.0, "MUZI_65": 2078.0, "ZENY_65": 2723.0, "MIRA_NEZAM": 4.467181, "SX": -613415.76001700002, "SY": -1086706.21361 }, "geometry": { "type": "Point", "coordinates": [ -613415.760000001639128, -1086706.213599998503923 ] } },
{ "type": "Feature", "properties": { "OBJECTID": 115, "KOD_ORP": "5308", "NAZ_ZKR_ORP": "Moravská Třebová", "NAZ_ORP": "Moravská Třebová", "KOD_RUIAN": "1171", "KOD_OKRES": "40631", "KOD_LAU1": "CZ0533", "NAZ_LAU1": "Svitavy", "KOD_KRAJ": "3093", "KOD_CZNUTS3": "CZ053", "NAZ_CZNUTS3": "Pardubický kraj", "SNATKY": 128.0, "ROZVODY": 62.0, "NAROZENI": 238.0, "ZEMRELI": 309.0, "PRISTEHOVALI": 307.0, "VYSTEHOVALI": 402.0, "POCET_OBYV": 26346.0, "MUZI": 13127.0, "ZENY": 13219.0, "OBYV_0_14": 3762.0, "MUZI_0_14": 1902.0, "ZENY_0_14": 1860.0, "OBYV_15_64": 17644.0, "MUZI_15_64": 9165.0, "ZENY_15_64": 8479.0, "OBYV_65": 4940.0, "MUZI_65": 2060.0, "ZENY_65": 2880.0, "MIRA_NEZAM": 9.530726, "SX": -585745.22933899995, "SY": -1102663.4105199999 }, "geometry": { "type": "Point", "coordinates": [ -585745.229299999773502, -1102663.410500001162291 ] } },
{ "type": "Feature", "properties": { "OBJECTID": 116, "KOD_ORP": "5309", "NAZ_ZKR_ORP": "Pardubice", "NAZ_ORP": "Pardubice", "KOD_RUIAN": "1082", "KOD_OKRES": "40622", "KOD_LAU1": "CZ0532", "NAZ_LAU1": "Pardubice", "KOD_KRAJ": "3093", "KOD_CZNUTS3": "CZ053", "NAZ_CZNUTS3": "Pardubický kraj", "SNATKY": 541.0, "ROZVODY": 331.0, "NAROZENI": 1383.0, "ZEMRELI": 1332.0, "PRISTEHOVALI": 2342.0, "VYSTEHOVALI": 1951.0, "POCET_OBYV": 127477.0, "MUZI": 62630.0, "ZENY": 64847.0, "OBYV_0_14": 19503.0, "MUZI_0_14": 10106.0, "ZENY_0_14": 9397.0, "OBYV_15_64": 83850.0, "MUZI_15_64": 42523.0, "ZENY_15_64": 41327.0, "OBYV_65": 24124.0, "MUZI_65": 10001.0, "ZENY_65": 14123.0, "MIRA_NEZAM": 3.955794, "SX": -647555.26948000002, "SY": -1057879.78303 }, "geometry": { "type": "Point", "coordinates": [ -647555.269499998539686, -1057879.782999999821186 ] } },
{ "type": "Feature", "properties": { "OBJECTID": 117, "KOD_ORP": "5310", "NAZ_ZKR_ORP": "Polička", "NAZ_ORP": "Polička", "KOD_RUIAN": "1180", "KOD_OKRES": "40631", "KOD_LAU1": "CZ0533", "NAZ_LAU1": "Svitavy", "KOD_KRAJ": "3093", "KOD_CZNUTS3": "CZ053", "NAZ_CZNUTS3": "Pardubický kraj", "SNATKY": 86.0, "ROZVODY": 43.0, "NAROZENI": 219.0, "ZEMRELI": 223.0, "PRISTEHOVALI": 235.0, "VYSTEHOVALI": 238.0, "POCET_OBYV": 19587.0, "MUZI": 9711.0, "ZENY": 9876.0, "OBYV_0_14": 3056.0, "MUZI_0_14": 1535.0, "ZENY_0_14": 1521.0, "OBYV_15_64": 12963.0, "MUZI_15_64": 6705.0, "ZENY_15_64": 6258.0, "OBYV_65": 3568.0, "MUZI_65": 1471.0, "ZENY_65": 2097.0, "MIRA_NEZAM": 4.276893, "SX": -616672.258179, "SY": -1103302.7162299999 }, "geometry": { "type": "Point", "coordinates": [ -616672.258200000971556, -1103302.7162000015378 ] } },
{ "type": "Feature", "properties": { "OBJECTID": 118, "KOD_ORP": "5311", "NAZ_ZKR_ORP": "Přelouč", "NAZ_ORP": "Přelouč", "KOD_RUIAN": "1091", "KOD_OKRES": "40622", "KOD_LAU1": "CZ0532", "NAZ_LAU1": "Pardubice", "KOD_KRAJ": "3093", "KOD_CZNUTS3": "CZ053", "NAZ_CZNUTS3": "Pardubický kraj", "SNATKY": 136.0, "ROZVODY": 68.0, "NAROZENI": 272.0, "ZEMRELI": 260.0, "PRISTEHOVALI": 528.0, "VYSTEHOVALI": 407.0, "POCET_OBYV": 24873.0, "MUZI": 12419.0, "ZENY": 12454.0, "OBYV_0_14": 3612.0, "MUZI_0_14": 1844.0, "ZENY_0_14": 1768.0, "OBYV_15_64": 16659.0, "MUZI_15_64": 8623.0, "ZENY_15_64": 8036.0, "OBYV_65": 4602.0, "MUZI_65": 1952.0, "ZENY_65": 2650.0, "MIRA_NEZAM": 5.50541, "SX": -664857.15134999994, "SY": -1059430.22007 }, "geometry": { "type": "Point", "coordinates": [ -664857.151299998164177, -1059430.220100000500679 ] } },
{ "type": "Feature", "properties": { "OBJECTID": 119, "KOD_ORP": "5312", "NAZ_ZKR_ORP": "Svitavy", "NAZ_ORP": "Svitavy", "KOD_RUIAN": "1198", "KOD_OKRES": "40631", "KOD_LAU1": "CZ0533", "NAZ_LAU1": "Svitavy", "KOD_KRAJ": "3093", "KOD_CZNUTS3": "CZ053", "NAZ_CZNUTS3": "Pardubický kraj", "SNATKY": 135.0, "ROZVODY": 84.0, "NAROZENI": 291.0, "ZEMRELI": 320.0, "PRISTEHOVALI": 343.0, "VYSTEHOVALI": 409.0, "POCET_OBYV": 31620.0, "MUZI": 15482.0, "ZENY": 16138.0, "OBYV_0_14": 4952.0, "MUZI_0_14": 2468.0, "ZENY_0_14": 2484.0, "OBYV_15_64": 20850.0, "MUZI_15_64": 10568.0, "ZENY_15_64": 10282.0, "OBYV_65": 5818.0, "MUZI_65": 2446.0, "ZENY_65": 3372.0, "MIRA_NEZAM": 7.651465, "SX": -601070.92409300001, "SY": -1101459.1284099999 }, "geometry": { "type": "Point", "coordinates": [ -601070.924100000411272, -1101459.128400001674891 ] } },
{ "type": "Feature", "properties": { "OBJECTID": 120, "KOD_ORP": "5313", "NAZ_ZKR_ORP": "Ústí nad Orlicí", "NAZ_ORP": "Ústí nad Orlicí", "KOD_RUIAN": "1287", "KOD_OKRES": "40649", "KOD_LAU1": "CZ0534", "NAZ_LAU1": "Ústí nad Orlicí", "KOD_KRAJ": "3093", "KOD_CZNUTS3": "CZ053", "NAZ_CZNUTS3": "Pardubický kraj", "SNATKY": 122.0, "ROZVODY": 74.0, "NAROZENI": 273.0, "ZEMRELI": 279.0, "PRISTEHOVALI": 325.0, "VYSTEHOVALI": 414.0, "POCET_OBYV": 26368.0, "MUZI": 13009.0, "ZENY": 13359.0, "OBYV_0_14": 4082.0, "MUZI_0_14": 2153.0, "ZENY_0_14": 1929.0, "OBYV_15_64": 17263.0, "MUZI_15_64": 8727.0, "ZENY_15_64": 8536.0, "OBYV_65": 5023.0, "MUZI_65": 2129.0, "ZENY_65": 2894.0, "MIRA_NEZAM": 4.428065, "SX": -603494.46270699997, "SY": -1071266.622 }, "geometry": { "type": "Point", "coordinates": [ -603494.462699998170137, -1071266.622000001370907 ] } },
{ "type": "Feature", "properties": { "OBJECTID": 121, "KOD_ORP": "5314", "NAZ_ZKR_ORP": "Vysoké Mýto", "NAZ_ORP": "Vysoké Mýto", "KOD_RUIAN": "1252", "KOD_OKRES": "40649", "KOD_LAU1": "CZ0534", "NAZ_LAU1": "Ústí nad Orlicí", "KOD_KRAJ": "3093", "KOD_CZNUTS3": "CZ053", "NAZ_CZNUTS3": "Pardubický kraj", "SNATKY": 147.0, "ROZVODY": 64.0, "NAROZENI": 333.0, "ZEMRELI": 331.0, "PRISTEHOVALI": 387.0, "VYSTEHOVALI": 409.0, "POCET_OBYV": 32498.0, "MUZI": 16173.0, "ZENY": 16325.0, "OBYV_0_14": 5196.0, "MUZI_0_14": 2683.0, "ZENY_0_14": 2513.0, "OBYV_15_64": 21300.0, "MUZI_15_64": 10949.0, "ZENY_15_64": 10351.0, "OBYV_65": 6002.0, "MUZI_65": 2541.0, "ZENY_65": 3461.0, "MIRA_NEZAM": 3.995174, "SX": -620287.57123100001, "SY": -1072371.51119 }, "geometry": { "type": "Point", "coordinates": [ -620287.571199998259544, -1072371.511199999600649 ] } },
{ "type": "Feature", "properties": { "OBJECTID": 122, "KOD_ORP": "5315", "NAZ_ZKR_ORP": "Žamberk", "NAZ_ORP": "Žamberk", "KOD_RUIAN": "1261", "KOD_OKRES": "40649", "KOD_LAU1": "CZ0534", "NAZ_LAU1": "Ústí nad Orlicí", "KOD_KRAJ": "3093", "KOD_CZNUTS3": "CZ053", "NAZ_CZNUTS3": "Pardubický kraj", "SNATKY": 144.0, "ROZVODY": 43.0, "NAROZENI": 312.0, "ZEMRELI": 248.0, "PRISTEHOVALI": 346.0, "VYSTEHOVALI": 482.0, "POCET_OBYV": 29090.0, "MUZI": 14522.0, "ZENY": 14568.0, "OBYV_0_14": 4634.0, "MUZI_0_14": 2388.0, "ZENY_0_14": 2246.0, "OBYV_15_64": 19438.0, "MUZI_15_64": 9954.0, "ZENY_15_64": 9484.0, "OBYV_65": 5018.0, "MUZI_65": 2180.0, "ZENY_65": 2838.0, "MIRA_NEZAM": 4.680678, "SX": -593404.324058, "SY": -1063285.8973000001 }, "geometry": { "type": "Point", "coordinates": [ -593404.324099998921156, -1063285.897300001233816 ] } },
{ "type": "Feature", "properties": { "OBJECTID": 123, "KOD_ORP": "6101", "NAZ_ZKR_ORP": "Bystřice n.Pernštejnem", "NAZ_ORP": "Bystřice nad Pernštejnem", "KOD_RUIAN": "1678", "KOD_OKRES": "40690", "KOD_LAU1": "CZ0635", "NAZ_LAU1": "Žďár nad Sázavou", "KOD_KRAJ": "3107", "KOD_CZNUTS3": "CZ063", "NAZ_CZNUTS3": "Kraj Vysočina", "SNATKY": 92.0, "ROZVODY": 36.0, "NAROZENI": 202.0, "ZEMRELI": 237.0, "PRISTEHOVALI": 230.0, "VYSTEHOVALI": 256.0, "POCET_OBYV": 20008.0, "MUZI": 9991.0, "ZENY": 10017.0, "OBYV_0_14": 2871.0, "MUZI_0_14": 1436.0, "ZENY_0_14": 1435.0, "OBYV_15_64": 13243.0, "MUZI_15_64": 6913.0, "ZENY_15_64": 6330.0, "OBYV_65": 3894.0, "MUZI_65": 1642.0, "ZENY_65": 2252.0, "MIRA_NEZAM": 7.361184, "SX": -619049.01781999995, "SY": -1122156.93994 }, "geometry": { "type": "Point", "coordinates": [ -619049.017799999564886, -1122156.939899999648333 ] } },
{ "type": "Feature", "properties": { "OBJECTID": 124, "KOD_ORP": "6102", "NAZ_ZKR_ORP": "Havlíčkův Brod", "NAZ_ORP": "Havlíčkův Brod", "KOD_RUIAN": "949", "KOD_OKRES": "40657", "KOD_LAU1": "CZ0631", "NAZ_LAU1": "Havlíčkův Brod", "KOD_KRAJ": "3107", "KOD_CZNUTS3": "CZ063", "NAZ_CZNUTS3": "Kraj Vysočina", "SNATKY": 241.0, "ROZVODY": 120.0, "NAROZENI": 548.0, "ZEMRELI": 552.0, "PRISTEHOVALI": 686.0, "VYSTEHOVALI": 708.0, "POCET_OBYV": 52220.0, "MUZI": 25856.0, "ZENY": 26364.0, "OBYV_0_14": 8150.0, "MUZI_0_14": 4201.0, "ZENY_0_14": 3949.0, "OBYV_15_64": 34262.0, "MUZI_15_64": 17497.0, "ZENY_15_64": 16765.0, "OBYV_65": 9808.0, "MUZI_65": 4158.0, "ZENY_65": 5650.0, "MIRA_NEZAM": 5.290883, "SX": -667558.25882999995, "SY": -1104663.5877499999 }, "geometry": { "type": "Point", "coordinates": [ -667558.258799999952316, -1104663.587699998170137 ] } },
{ "type": "Feature", "properties": { "OBJECTID": 125, "KOD_ORP": "6103", "NAZ_ZKR_ORP": "Humpolec", "NAZ_ORP": "Humpolec", "KOD_RUIAN": "361", "KOD_OKRES": "40673", "KOD_LAU1": "CZ0633", "NAZ_LAU1": "Pelhřimov", "KOD_KRAJ": "3107", "KOD_CZNUTS3": "CZ063", "NAZ_CZNUTS3": "Kraj Vysočina", "SNATKY": 73.0, "ROZVODY": 29.0, "NAROZENI": 180.0, "ZEMRELI": 219.0, "PRISTEHOVALI": 286.0, "VYSTEHOVALI": 192.0, "POCET_OBYV": 17495.0, "MUZI": 8665.0, "ZENY": 8830.0, "OBYV_0_14": 2599.0, "MUZI_0_14": 1358.0, "ZENY_0_14": 1241.0, "OBYV_15_64": 11377.0, "MUZI_15_64": 5835.0, "ZENY_15_64": 5542.0, "OBYV_65": 3519.0, "MUZI_65": 1472.0, "ZENY_65": 2047.0, "MIRA_NEZAM": 4.656863, "SX": -687813.53925000003, "SY": -1109890.72719 }, "geometry": { "type": "Point", "coordinates": [ -687813.539200000464916, -1109890.727200001478195 ] } },
{ "type": "Feature", "properties": { "OBJECTID": 126, "KOD_ORP": "6104", "NAZ_ZKR_ORP": "Chotěboř", "NAZ_ORP": "Chotěboř", "KOD_RUIAN": "931", "KOD_OKRES": "40657", "KOD_LAU1": "CZ0631", "NAZ_LAU1": "Havlíčkův Brod", "KOD_KRAJ": "3107", "KOD_CZNUTS3": "CZ063", "NAZ_CZNUTS3": "Kraj Vysočina", "SNATKY": 111.0, "ROZVODY": 38.0, "NAROZENI": 210.0, "ZEMRELI": 237.0, "PRISTEHOVALI": 327.0, "VYSTEHOVALI": 389.0, "POCET_OBYV": 22117.0, "MUZI": 10992.0, "ZENY": 11125.0, "OBYV_0_14": 3255.0, "MUZI_0_14": 1624.0, "ZENY_0_14": 1631.0, "OBYV_15_64": 14453.0, "MUZI_15_64": 7514.0, "ZENY_15_64": 6939.0, "OBYV_65": 4409.0, "MUZI_65": 1854.0, "ZENY_65": 2555.0, "MIRA_NEZAM": 5.796805, "SX": -657774.87225799996, "SY": -1093323.43594 }, "geometry": { "type": "Point", "coordinates": [ -657774.872299998998642, -1093323.435899998992682 ] } },
{ "type": "Feature", "properties": { "OBJECTID": 127, "KOD_ORP": "6105", "NAZ_ZKR_ORP": "Jihlava", "NAZ_ORP": "Jihlava", "KOD_RUIAN": "1503", "KOD_OKRES": "40665", "KOD_LAU1": "CZ0632", "NAZ_LAU1": "Jihlava", "KOD_KRAJ": "3107", "KOD_CZNUTS3": "CZ063", "NAZ_CZNUTS3": "Kraj Vysočina", "SNATKY": 496.0, "ROZVODY": 233.0, "NAROZENI": 1231.0, "ZEMRELI": 967.0, "PRISTEHOVALI": 1006.0, "VYSTEHOVALI": 1010.0, "POCET_OBYV": 99951.0, "MUZI": 49526.0, "ZENY": 50425.0, "OBYV_0_14": 16050.0, "MUZI_0_14": 8299.0, "ZENY_0_14": 7751.0, "OBYV_15_64": 66020.0, "MUZI_15_64": 33780.0, "ZENY_15_64": 32240.0, "OBYV_65": 17881.0, "MUZI_65": 7447.0, "ZENY_65": 10434.0, "MIRA_NEZAM": 5.411246, "SX": -670137.28507600003, "SY": -1132546.5301900001 }, "geometry": { "type": "Point", "coordinates": [ -670137.285100001841784, -1132546.530200000852346 ] } },
{ "type": "Feature", "properties": { "OBJECTID": 128, "KOD_ORP": "6106", "NAZ_ZKR_ORP": "Moravské Budějovice", "NAZ_ORP": "Moravské Budějovice", "KOD_RUIAN": "1571", "KOD_OKRES": "40681", "KOD_LAU1": "CZ0634", "NAZ_LAU1": "Třebíč", "KOD_KRAJ": "3107", "KOD_CZNUTS3": "CZ063", "NAZ_CZNUTS3": "Kraj Vysočina", "SNATKY": 99.0, "ROZVODY": 38.0, "NAROZENI": 239.0, "ZEMRELI": 237.0, "PRISTEHOVALI": 267.0, "VYSTEHOVALI": 336.0, "POCET_OBYV": 23330.0, "MUZI": 11660.0, "ZENY": 11670.0, "OBYV_0_14": 3227.0, "MUZI_0_14": 1646.0, "ZENY_0_14": 1581.0, "OBYV_15_64": 15640.0, "MUZI_15_64": 8115.0, "ZENY_15_64": 7525.0, "OBYV_65": 4463.0, "MUZI_65": 1899.0, "ZENY_65": 2564.0, "MIRA_NEZAM": 8.239321, "SX": -666003.27582400001, "SY": -1169492.38099 }, "geometry": { "type": "Point", "coordinates": [ -666003.275800000876188, -1169492.381000000983477 ] } },
{ "type": "Feature", "properties": { "OBJECTID": 129, "KOD_ORP": "6107", "NAZ_ZKR_ORP": "Náměšť nad Oslavou", "NAZ_ORP": "Náměšť nad Oslavou", "KOD_RUIAN": "1589", "KOD_OKRES": "40681", "KOD_LAU1": "CZ0634", "NAZ_LAU1": "Třebíč", "KOD_KRAJ": "3107", "KOD_CZNUTS3": "CZ063", "NAZ_CZNUTS3": "Kraj Vysočina", "SNATKY": 61.0, "ROZVODY": 25.0, "NAROZENI": 141.0, "ZEMRELI": 127.0, "PRISTEHOVALI": 238.0, "VYSTEHOVALI": 271.0, "POCET_OBYV": 13327.0, "MUZI": 6654.0, "ZENY": 6673.0, "OBYV_0_14": 1869.0, "MUZI_0_14": 975.0, "ZENY_0_14": 894.0, "OBYV_15_64": 8792.0, "MUZI_15_64": 4579.0, "ZENY_15_64": 4213.0, "OBYV_65": 2666.0, "MUZI_65": 1100.0, "ZENY_65": 1566.0, "MIRA_NEZAM": 7.844895, "SX": -630597.75440900004, "SY": -1157697.2615199999 }, "geometry": { "type": "Point", "coordinates": [ -630597.754399999976158, -1157697.261500000953674 ] } },
{ "type": "Feature", "properties": { "OBJECTID": 130, "KOD_ORP": "6108", "NAZ_ZKR_ORP": "Nové Město na Moravě", "NAZ_ORP": "Nové Město na Moravě", "KOD_RUIAN": "1686", "KOD_OKRES": "40690", "KOD_LAU1": "CZ0635", "NAZ_LAU1": "Žďár nad Sázavou", "KOD_KRAJ": "3107", "KOD_CZNUTS3": "CZ063", "NAZ_CZNUTS3": "Kraj Vysočina", "SNATKY": 91.0, "ROZVODY": 27.0, "NAROZENI": 177.0, "ZEMRELI": 179.0, "PRISTEHOVALI": 175.0, "VYSTEHOVALI": 243.0, "POCET_OBYV": 19341.0, "MUZI": 9673.0, "ZENY": 9668.0, "OBYV_0_14": 2997.0, "MUZI_0_14": 1515.0, "ZENY_0_14": 1482.0, "OBYV_15_64": 12678.0, "MUZI_15_64": 6527.0, "ZENY_15_64": 6151.0, "OBYV_65": 3666.0, "MUZI_65": 1631.0, "ZENY_65": 2035.0, "MIRA_NEZAM": 7.550113, "SX": -629188.78245199996, "SY": -1113286.4336600001 }, "geometry": { "type": "Point", "coordinates": [ -629188.782499998807907, -1113286.433699999004602 ] } },
{ "type": "Feature", "properties": { "OBJECTID": 131, "KOD_ORP": "6109", "NAZ_ZKR_ORP": "Pacov", "NAZ_ORP": "Pacov", "KOD_RUIAN": "370", "KOD_OKRES": "40673", "KOD_LAU1": "CZ0633", "NAZ_LAU1": "Pelhřimov", "KOD_KRAJ": "3107", "KOD_CZNUTS3": "CZ063", "NAZ_CZNUTS3": "Kraj Vysočina", "SNATKY": 34.0, "ROZVODY": 22.0, "NAROZENI": 86.0, "ZEMRELI": 122.0, "PRISTEHOVALI": 144.0, "VYSTEHOVALI": 123.0, "POCET_OBYV": 9581.0, "MUZI": 4788.0, "ZENY": 4793.0, "OBYV_0_14": 1253.0, "MUZI_0_14": 657.0, "ZENY_0_14": 596.0, "OBYV_15_64": 6214.0, "MUZI_15_64": 3238.0, "ZENY_15_64": 2976.0, "OBYV_65": 2114.0, "MUZI_65": 893.0, "ZENY_65": 1221.0, "MIRA_NEZAM": 3.866432, "SX": -710378.72370600002, "SY": -1114566.21744 }, "geometry": { "type": "Point", "coordinates": [ -710378.723700001835823, -1114566.217399999499321 ] } },
{ "type": "Feature", "properties": { "OBJECTID": 132, "KOD_ORP": "6110", "NAZ_ZKR_ORP": "Pelhřimov", "NAZ_ORP": "Pelhřimov", "KOD_RUIAN": "388", "KOD_OKRES": "40673", "KOD_LAU1": "CZ0633", "NAZ_LAU1": "Pelhřimov", "KOD_KRAJ": "3107", "KOD_CZNUTS3": "CZ063", "NAZ_CZNUTS3": "Kraj Vysočina", "SNATKY": 204.0, "ROZVODY": 79.0, "NAROZENI": 444.0, "ZEMRELI": 498.0, "PRISTEHOVALI": 574.0, "VYSTEHOVALI": 560.0, "POCET_OBYV": 44985.0, "MUZI": 22326.0, "ZENY": 22659.0, "OBYV_0_14": 6428.0, "MUZI_0_14": 3248.0, "ZENY_0_14": 3180.0, "OBYV_15_64": 29670.0, "MUZI_15_64": 15353.0, "ZENY_15_64": 14317.0, "OBYV_65": 8887.0, "MUZI_65": 3725.0, "ZENY_65": 5162.0, "MIRA_NEZAM": 3.832275, "SX": -699573.93421700003, "SY": -1127220.8499499999 }, "geometry": { "type": "Point", "coordinates": [ -699573.934200000017881, -1127220.849899999797344 ] } },
{ "type": "Feature", "properties": { "OBJECTID": 133, "KOD_ORP": "6111", "NAZ_ZKR_ORP": "Světlá nad Sázavou", "NAZ_ORP": "Světlá nad Sázavou", "KOD_RUIAN": "957", "KOD_OKRES": "40657", "KOD_LAU1": "CZ0631", "NAZ_LAU1": "Havlíčkův Brod", "KOD_KRAJ": "3107", "KOD_CZNUTS3": "CZ063", "NAZ_CZNUTS3": "Kraj Vysočina", "SNATKY": 95.0, "ROZVODY": 58.0, "NAROZENI": 182.0, "ZEMRELI": 204.0, "PRISTEHOVALI": 257.0, "VYSTEHOVALI": 349.0, "POCET_OBYV": 19892.0, "MUZI": 9947.0, "ZENY": 9945.0, "OBYV_0_14": 2674.0, "MUZI_0_14": 1363.0, "ZENY_0_14": 1311.0, "OBYV_15_64": 13336.0, "MUZI_15_64": 6943.0, "ZENY_15_64": 6393.0, "OBYV_65": 3882.0, "MUZI_65": 1641.0, "ZENY_65": 2241.0, "MIRA_NEZAM": 6.793398, "SX": -683353.47666799999, "SY": -1094948.5932100001 }, "geometry": { "type": "Point", "coordinates": [ -683353.476700000464916, -1094948.593199998140335 ] } },
{ "type": "Feature", "properties": { "OBJECTID": 134, "KOD_ORP": "6112", "NAZ_ZKR_ORP": "Telč", "NAZ_ORP": "Telč", "KOD_RUIAN": "1511", "KOD_OKRES": "40665", "KOD_LAU1": "CZ0632", "NAZ_LAU1": "Jihlava", "KOD_KRAJ": "3107", "KOD_CZNUTS3": "CZ063", "NAZ_CZNUTS3": "Kraj Vysočina", "SNATKY": 53.0, "ROZVODY": 28.0, "NAROZENI": 134.0, "ZEMRELI": 169.0, "PRISTEHOVALI": 171.0, "VYSTEHOVALI": 201.0, "POCET_OBYV": 13088.0, "MUZI": 6560.0, "ZENY": 6528.0, "OBYV_0_14": 1857.0, "MUZI_0_14": 983.0, "ZENY_0_14": 874.0, "OBYV_15_64": 8697.0, "MUZI_15_64": 4544.0, "ZENY_15_64": 4153.0, "OBYV_65": 2534.0, "MUZI_65": 1033.0, "ZENY_65": 1501.0, "MIRA_NEZAM": 7.531905, "SX": -679352.49520400004, "SY": -1153030.2625800001 }, "geometry": { "type": "Point", "coordinates": [ -679352.495200000703335, -1153030.262600000947714 ] } },
{ "type": "Feature", "properties": { "OBJECTID": 135, "KOD_ORP": "6113", "NAZ_ZKR_ORP": "Třebíč", "NAZ_ORP": "Třebíč", "KOD_RUIAN": "1597", "KOD_OKRES": "40681", "KOD_LAU1": "CZ0634", "NAZ_LAU1": "Třebíč", "KOD_KRAJ": "3107", "KOD_CZNUTS3": "CZ063", "NAZ_CZNUTS3": "Kraj Vysočina", "SNATKY": 334.0, "ROZVODY": 144.0, "NAROZENI": 766.0, "ZEMRELI": 673.0, "PRISTEHOVALI": 596.0, "VYSTEHOVALI": 806.0, "POCET_OBYV": 75216.0, "MUZI": 37089.0, "ZENY": 38127.0, "OBYV_0_14": 11236.0, "MUZI_0_14": 5684.0, "ZENY_0_14": 5552.0, "OBYV_15_64": 50503.0, "MUZI_15_64": 25713.0, "ZENY_15_64": 24790.0, "OBYV_65": 13477.0, "MUZI_65": 5692.0, "ZENY_65": 7785.0, "MIRA_NEZAM": 8.299437, "SX": -648529.29261400003, "SY": -1155643.35882 }, "geometry": { "type": "Point", "coordinates": [ -648529.292599998414516, -1155643.358800001442432 ] } },
{ "type": "Feature", "properties": { "OBJECTID": 136, "KOD_ORP": "6114", "NAZ_ZKR_ORP": "Velké Meziříčí", "NAZ_ORP": "Velké Meziříčí", "KOD_RUIAN": "1694", "KOD_OKRES": "40690", "KOD_LAU1": "CZ0635", "NAZ_LAU1": "Žďár nad Sázavou", "KOD_KRAJ": "3107", "KOD_CZNUTS3": "CZ063", "NAZ_CZNUTS3": "Kraj Vysočina", "SNATKY": 163.0, "ROZVODY": 85.0, "NAROZENI": 383.0, "ZEMRELI": 355.0, "PRISTEHOVALI": 392.0, "VYSTEHOVALI": 386.0, "POCET_OBYV": 35981.0, "MUZI": 17958.0, "ZENY": 18023.0, "OBYV_0_14": 5702.0, "MUZI_0_14": 2999.0, "ZENY_0_14": 2703.0, "OBYV_15_64": 24202.0, "MUZI_15_64": 12452.0, "ZENY_15_64": 11750.0, "OBYV_65": 6077.0, "MUZI_65": 2507.0, "ZENY_65": 3570.0, "MIRA_NEZAM": 6.268497, "SX": -635608.03428300004, "SY": -1137801.14836 }, "geometry": { "type": "Point", "coordinates": [ -635608.034299999475479, -1137801.148400001227856 ] } },
{ "type": "Feature", "properties": { "OBJECTID": 137, "KOD_ORP": "6115", "NAZ_ZKR_ORP": "Žďár nad Sázavou", "NAZ_ORP": "Žďár nad Sázavou", "KOD_RUIAN": "1708", "KOD_OKRES": "40690", "KOD_LAU1": "CZ0635", "NAZ_LAU1": "Žďár nad Sázavou", "KOD_KRAJ": "3107", "KOD_CZNUTS3": "CZ063", "NAZ_CZNUTS3": "Kraj Vysočina", "SNATKY": 186.0, "ROZVODY": 87.0, "NAROZENI": 426.0, "ZEMRELI": 402.0, "PRISTEHOVALI": 364.0, "VYSTEHOVALI": 474.0, "POCET_OBYV": 42943.0, "MUZI": 21279.0, "ZENY": 21664.0, "OBYV_0_14": 6554.0, "MUZI_0_14": 3384.0, "ZENY_0_14": 3170.0, "OBYV_15_64": 28404.0, "MUZI_15_64": 14539.0, "ZENY_15_64": 13865.0, "OBYV_65": 7985.0, "MUZI_65": 3356.0, "ZENY_65": 4629.0, "MIRA_NEZAM": 5.013239, "SX": -642982.34053599997, "SY": -1114161.52248 }, "geometry": { "type": "Point", "coordinates": [ -642982.340500000864267, -1114161.52250000089407 ] } },
{ "type": "Feature", "properties": { "OBJECTID": 138, "KOD_ORP": "6201", "NAZ_ZKR_ORP": "Blansko", "NAZ_ORP": "Blansko", "KOD_RUIAN": "1295", "KOD_OKRES": "40703", "KOD_LAU1": "CZ0641", "NAZ_LAU1": "Blansko", "KOD_KRAJ": "3115", "KOD_CZNUTS3": "CZ064", "NAZ_CZNUTS3": "Jihomoravský kraj", "SNATKY": 277.0, "ROZVODY": 105.0, "NAROZENI": 599.0, "ZEMRELI": 578.0, "PRISTEHOVALI": 952.0, "VYSTEHOVALI": 829.0, "POCET_OBYV": 56523.0, "MUZI": 27818.0, "ZENY": 28705.0, "OBYV_0_14": 8812.0, "MUZI_0_14": 4496.0, "ZENY_0_14": 4316.0, "OBYV_15_64": 36809.0, "MUZI_15_64": 18730.0, "ZENY_15_64": 18079.0, "OBYV_65": 10902.0, "MUZI_65": 4592.0, "ZENY_65": 6310.0, "MIRA_NEZAM": 4.73013, "SX": -590866.02504800004, "SY": -1141426.60087 }, "geometry": { "type": "Point", "coordinates": [ -590866.024999998509884, -1141426.600900001823902 ] } },
{ "type": "Feature", "properties": { "OBJECTID": 139, "KOD_ORP": "6202", "NAZ_ZKR_ORP": "Boskovice", "NAZ_ORP": "Boskovice", "KOD_RUIAN": "1309", "KOD_OKRES": "40703", "KOD_LAU1": "CZ0641", "NAZ_LAU1": "Blansko", "KOD_KRAJ": "3115", "KOD_CZNUTS3": "CZ064", "NAZ_CZNUTS3": "Jihomoravský kraj", "SNATKY": 212.0, "ROZVODY": 98.0, "NAROZENI": 526.0, "ZEMRELI": 540.0, "PRISTEHOVALI": 680.0, "VYSTEHOVALI": 609.0, "POCET_OBYV": 51603.0, "MUZI": 25450.0, "ZENY": 26153.0, "OBYV_0_14": 7990.0, "MUZI_0_14": 4094.0, "ZENY_0_14": 3896.0, "OBYV_15_64": 34113.0, "MUZI_15_64": 17436.0, "ZENY_15_64": 16677.0, "OBYV_65": 9500.0, "MUZI_65": 3920.0, "ZENY_65": 5580.0, "MIRA_NEZAM": 6.32602, "SX": -594944.85603300005, "SY": -1123978.24722 }, "geometry": { "type": "Point", "coordinates": [ -594944.855999998748302, -1123978.24720000103116 ] } },
{ "type": "Feature", "properties": { "OBJECTID": 140, "KOD_ORP": "6203", "NAZ_ZKR_ORP": "Brno", "NAZ_ORP": "Brno", "KOD_RUIAN": "1317", "KOD_OKRES": "40711", "KOD_LAU1": "CZ0642", "NAZ_LAU1": "Brno-město", "KOD_KRAJ": "3115", "KOD_CZNUTS3": "CZ064", "NAZ_CZNUTS3": "Jihomoravský kraj", "SNATKY": 1846.0, "ROZVODY": 929.0, "NAROZENI": 4405.0, "ZEMRELI": 4053.0, "PRISTEHOVALI": 8934.0, "VYSTEHOVALI": 9698.0, "POCET_OBYV": 377028.0, "MUZI": 181890.0, "ZENY": 195138.0, "OBYV_0_14": 55325.0, "MUZI_0_14": 28230.0, "ZENY_0_14": 27095.0, "OBYV_15_64": 246583.0, "MUZI_15_64": 123423.0, "ZENY_15_64": 123160.0, "OBYV_65": 75120.0, "MUZI_65": 30237.0, "ZENY_65": 44883.0, "MIRA_NEZAM": 7.316583, "SX": -599411.94967200002, "SY": -1159315.1560200001 }, "geometry": { "type": "Point", "coordinates": [ -599411.949700001627207, -1159315.155999999493361 ] } },
{ "type": "Feature", "properties": { "OBJECTID": 141, "KOD_ORP": "6204", "NAZ_ZKR_ORP": "Břeclav", "NAZ_ORP": "Břeclav", "KOD_RUIAN": "1384", "KOD_OKRES": "40738", "KOD_LAU1": "CZ0644", "NAZ_LAU1": "Břeclav", "KOD_KRAJ": "3115", "KOD_CZNUTS3": "CZ064", "NAZ_CZNUTS3": "Jihomoravský kraj", "SNATKY": 236.0, "ROZVODY": 166.0, "NAROZENI": 559.0, "ZEMRELI": 570.0, "PRISTEHOVALI": 719.0, "VYSTEHOVALI": 576.0, "POCET_OBYV": 59854.0, "MUZI": 29204.0, "ZENY": 30650.0, "OBYV_0_14": 8606.0, "MUZI_0_14": 4354.0, "ZENY_0_14": 4252.0, "OBYV_15_64": 40402.0, "MUZI_15_64": 20442.0, "ZENY_15_64": 19960.0, "OBYV_65": 10846.0, "MUZI_65": 4408.0, "ZENY_65": 6438.0, "MIRA_NEZAM": 6.140523, "SX": -583622.92066900001, "SY": -1208712.3414 }, "geometry": { "type": "Point", "coordinates": [ -583622.920699998736382, -1208712.341400001198053 ] } },
{ "type": "Feature", "properties": { "OBJECTID": 142, "KOD_ORP": "6205", "NAZ_ZKR_ORP": "Bučovice", "NAZ_ORP": "Bučovice", "KOD_RUIAN": "1627", "KOD_OKRES": "40754", "KOD_LAU1": "CZ0646", "NAZ_LAU1": "Vyškov", "KOD_KRAJ": "3115", "KOD_CZNUTS3": "CZ064", "NAZ_CZNUTS3": "Jihomoravský kraj", "SNATKY": 66.0, "ROZVODY": 37.0, "NAROZENI": 148.0, "ZEMRELI": 169.0, "PRISTEHOVALI": 317.0, "VYSTEHOVALI": 319.0, "POCET_OBYV": 15971.0, "MUZI": 8015.0, "ZENY": 7956.0, "OBYV_0_14": 2368.0, "MUZI_0_14": 1214.0, "ZENY_0_14": 1154.0, "OBYV_15_64": 10692.0, "MUZI_15_64": 5591.0, "ZENY_15_64": 5101.0, "OBYV_65": 2911.0, "MUZI_65": 1210.0, "ZENY_65": 1701.0, "MIRA_NEZAM": 6.071825, "SX": -566517.79587499995, "SY": -1168766.56816 }, "geometry": { "type": "Point", "coordinates": [ -566517.795899998396635, -1168766.568199999630451 ] } },
{ "type": "Feature", "properties": { "OBJECTID": 143, "KOD_ORP": "6206", "NAZ_ZKR_ORP": "Hodonín", "NAZ_ORP": "Hodonín", "KOD_RUIAN": "1473", "KOD_OKRES": "40746", "KOD_LAU1": "CZ0645", "NAZ_LAU1": "Hodonín", "KOD_KRAJ": "3115", "KOD_CZNUTS3": "CZ064", "NAZ_CZNUTS3": "Jihomoravský kraj", "SNATKY": 271.0, "ROZVODY": 119.0, "NAROZENI": 584.0, "ZEMRELI": 667.0, "PRISTEHOVALI": 636.0, "VYSTEHOVALI": 715.0, "POCET_OBYV": 61042.0, "MUZI": 30058.0, "ZENY": 30984.0, "OBYV_0_14": 8570.0, "MUZI_0_14": 4429.0, "ZENY_0_14": 4141.0, "OBYV_15_64": 41585.0, "MUZI_15_64": 21268.0, "ZENY_15_64": 20317.0, "OBYV_65": 10887.0, "MUZI_65": 4361.0, "ZENY_65": 6526.0, "MIRA_NEZAM": 10.122889, "SX": -568245.87947299995, "SY": -1198672.9516799999 }, "geometry": { "type": "Point", "coordinates": [ -568245.87950000166893, -1198672.951699998229742 ] } },
{ "type": "Feature", "properties": { "OBJECTID": 144, "KOD_ORP": "6207", "NAZ_ZKR_ORP": "Hustopeče", "NAZ_ORP": "Hustopeče", "KOD_RUIAN": "1392", "KOD_OKRES": "40738", "KOD_LAU1": "CZ0644", "NAZ_LAU1": "Břeclav", "KOD_KRAJ": "3115", "KOD_CZNUTS3": "CZ064", "NAZ_CZNUTS3": "Jihomoravský kraj", "SNATKY": 136.0, "ROZVODY": 96.0, "NAROZENI": 333.0, "ZEMRELI": 314.0, "PRISTEHOVALI": 576.0, "VYSTEHOVALI": 491.0, "POCET_OBYV": 35653.0, "MUZI": 17715.0, "ZENY": 17938.0, "OBYV_0_14": 5301.0, "MUZI_0_14": 2744.0, "ZENY_0_14": 2557.0, "OBYV_15_64": 24033.0, "MUZI_15_64": 12432.0, "ZENY_15_64": 11601.0, "OBYV_65": 6319.0, "MUZI_65": 2539.0, "ZENY_65": 3780.0, "MIRA_NEZAM": 6.240185, "SX": -588108.05862999998, "SY": -1188273.5533700001 }, "geometry": { "type": "Point", "coordinates": [ -588108.058600001037121, -1188273.553399998694658 ] } },
{ "type": "Feature", "properties": { "OBJECTID": 145, "KOD_ORP": "6208", "NAZ_ZKR_ORP": "Ivančice", "NAZ_ORP": "Ivančice", "KOD_RUIAN": "1325", "KOD_OKRES": "40720", "KOD_LAU1": "CZ0643", "NAZ_LAU1": "Brno-venkov", "KOD_KRAJ": "3115", "KOD_CZNUTS3": "CZ064", "NAZ_CZNUTS3": "Jihomoravský kraj", "SNATKY": 102.0, "ROZVODY": 75.0, "NAROZENI": 225.0, "ZEMRELI": 247.0, "PRISTEHOVALI": 457.0, "VYSTEHOVALI": 437.0, "POCET_OBYV": 23994.0, "MUZI": 11905.0, "ZENY": 12089.0, "OBYV_0_14": 3593.0, "MUZI_0_14": 1783.0, "ZENY_0_14": 1810.0, "OBYV_15_64": 16120.0, "MUZI_15_64": 8324.0, "ZENY_15_64": 7796.0, "OBYV_65": 4281.0, "MUZI_65": 1798.0, "ZENY_65": 2483.0, "MIRA_NEZAM": 6.188363, "SX": -616765.53800599999, "SY": -1169070.002 }, "geometry": { "type": "Point", "coordinates": [ -616765.537999998778105, -1169070.002000000327826 ] } },
{ "type": "Feature", "properties": { "OBJECTID": 146, "KOD_ORP": "6209", "NAZ_ZKR_ORP": "Kuřim", "NAZ_ORP": "Kuřim", "KOD_RUIAN": "1333", "KOD_OKRES": "40720", "KOD_LAU1": "CZ0643", "NAZ_LAU1": "Brno-venkov", "KOD_KRAJ": "3115", "KOD_CZNUTS3": "CZ064", "NAZ_CZNUTS3": "Jihomoravský kraj", "SNATKY": 118.0, "ROZVODY": 54.0, "NAROZENI": 253.0, "ZEMRELI": 192.0, "PRISTEHOVALI": 658.0, "VYSTEHOVALI": 485.0, "POCET_OBYV": 22614.0, "MUZI": 11116.0, "ZENY": 11498.0, "OBYV_0_14": 4168.0, "MUZI_0_14": 2130.0, "ZENY_0_14": 2038.0, "OBYV_15_64": 14618.0, "MUZI_15_64": 7325.0, "ZENY_15_64": 7293.0, "OBYV_65": 3828.0, "MUZI_65": 1661.0, "ZENY_65": 2167.0, "MIRA_NEZAM": 4.702903, "SX": -604853.77005499997, "SY": -1150032.0370799999 }, "geometry": { "type": "Point", "coordinates": [ -604853.770100001245737, -1150032.037099998444319 ] } },
{ "type": "Feature", "properties": { "OBJECTID": 147, "KOD_ORP": "6210", "NAZ_ZKR_ORP": "Kyjov", "NAZ_ORP": "Kyjov", "KOD_RUIAN": "1481", "KOD_OKRES": "40746", "KOD_LAU1": "CZ0645", "NAZ_LAU1": "Hodonín", "KOD_KRAJ": "3115", "KOD_CZNUTS3": "CZ064", "NAZ_CZNUTS3": "Jihomoravský kraj", "SNATKY": 264.0, "ROZVODY": 116.0, "NAROZENI": 494.0, "ZEMRELI": 628.0, "PRISTEHOVALI": 631.0, "VYSTEHOVALI": 740.0, "POCET_OBYV": 55521.0, "MUZI": 27447.0, "ZENY": 28074.0, "OBYV_0_14": 7882.0, "MUZI_0_14": 4069.0, "ZENY_0_14": 3813.0, "OBYV_15_64": 37226.0, "MUZI_15_64": 19243.0, "ZENY_15_64": 17983.0, "OBYV_65": 10413.0, "MUZI_65": 4135.0, "ZENY_65": 6278.0, "MIRA_NEZAM": 7.752041, "SX": -563711.119573, "SY": -1185172.8466 }, "geometry": { "type": "Point", "coordinates": [ -563711.119600001722574, -1185172.846599999815226 ] } },
{ "type": "Feature", "properties": { "OBJECTID": 148, "KOD_ORP": "6211", "NAZ_ZKR_ORP": "Mikulov", "NAZ_ORP": "Mikulov", "KOD_RUIAN": "1406", "KOD_OKRES": "40738", "KOD_LAU1": "CZ0644", "NAZ_LAU1": "Břeclav", "KOD_KRAJ": "3115", "KOD_CZNUTS3": "CZ064", "NAZ_CZNUTS3": "Jihomoravský kraj", "SNATKY": 79.0, "ROZVODY": 44.0, "NAROZENI": 216.0, "ZEMRELI": 202.0, "PRISTEHOVALI": 340.0, "VYSTEHOVALI": 305.0, "POCET_OBYV": 19827.0, "MUZI": 9704.0, "ZENY": 10123.0, "OBYV_0_14": 2958.0, "MUZI_0_14": 1511.0, "ZENY_0_14": 1447.0, "OBYV_15_64": 13437.0, "MUZI_15_64": 6784.0, "ZENY_15_64": 6653.0, "OBYV_65": 3432.0, "MUZI_65": 1409.0, "ZENY_65": 2023.0, "MIRA_NEZAM": 7.361285, "SX": -603784.59066900006, "SY": -1199862.2272900001 }, "geometry": { "type": "Point", "coordinates": [ -603784.590700000524521, -1199862.227299999445677 ] } },
{ "type": "Feature", "properties": { "OBJECTID": 149, "KOD_ORP": "6212", "NAZ_ZKR_ORP": "Moravský Krumlov", "NAZ_ORP": "Moravský Krumlov", "KOD_RUIAN": "1651", "KOD_OKRES": "40762", "KOD_LAU1": "CZ0647", "NAZ_LAU1": "Znojmo", "KOD_KRAJ": "3115", "KOD_CZNUTS3": "CZ064", "NAZ_CZNUTS3": "Jihomoravský kraj", "SNATKY": 91.0, "ROZVODY": 61.0, "NAROZENI": 209.0, "ZEMRELI": 212.0, "PRISTEHOVALI": 360.0, "VYSTEHOVALI": 343.0, "POCET_OBYV": 22215.0, "MUZI": 11060.0, "ZENY": 11155.0, "OBYV_0_14": 3056.0, "MUZI_0_14": 1563.0, "ZENY_0_14": 1493.0, "OBYV_15_64": 15008.0, "MUZI_15_64": 7722.0, "ZENY_15_64": 7286.0, "OBYV_65": 4151.0, "MUZI_65": 1775.0, "ZENY_65": 2376.0, "MIRA_NEZAM": 7.904982, "SX": -623513.29631000001, "SY": -1179646.7205699999 }, "geometry": { "type": "Point", "coordinates": [ -623513.296300001442432, -1179646.720600001513958 ] } },
{ "type": "Feature", "properties": { "OBJECTID": 150, "KOD_ORP": "6213", "NAZ_ZKR_ORP": "Pohořelice", "NAZ_ORP": "Pohořelice", "KOD_RUIAN": "1414", "KOD_OKRES": "40720", "KOD_LAU1": "CZ0643", "NAZ_LAU1": "Brno-venkov", "KOD_KRAJ": "3115", "KOD_CZNUTS3": "CZ064", "NAZ_CZNUTS3": "Jihomoravský kraj", "SNATKY": 65.0, "ROZVODY": 41.0, "NAROZENI": 147.0, "ZEMRELI": 131.0, "PRISTEHOVALI": 376.0, "VYSTEHOVALI": 265.0, "POCET_OBYV": 13849.0, "MUZI": 6908.0, "ZENY": 6941.0, "OBYV_0_14": 2169.0, "MUZI_0_14": 1096.0, "ZENY_0_14": 1073.0, "OBYV_15_64": 9407.0, "MUZI_15_64": 4896.0, "ZENY_15_64": 4511.0, "OBYV_65": 2273.0, "MUZI_65": 916.0, "ZENY_65": 1357.0, "MIRA_NEZAM": 6.182938, "SX": -607802.28810100001, "SY": -1186517.31657 }, "geometry": { "type": "Point", "coordinates": [ -607802.288100000470877, -1186517.316599998623133 ] } },
{ "type": "Feature", "properties": { "OBJECTID": 151, "KOD_ORP": "6214", "NAZ_ZKR_ORP": "Rosice", "NAZ_ORP": "Rosice", "KOD_RUIAN": "1341", "KOD_OKRES": "40720", "KOD_LAU1": "CZ0643", "NAZ_LAU1": "Brno-venkov", "KOD_KRAJ": "3115", "KOD_CZNUTS3": "CZ064", "NAZ_CZNUTS3": "Jihomoravský kraj", "SNATKY": 119.0, "ROZVODY": 58.0, "NAROZENI": 300.0, "ZEMRELI": 296.0, "PRISTEHOVALI": 676.0, "VYSTEHOVALI": 486.0, "POCET_OBYV": 25507.0, "MUZI": 12546.0, "ZENY": 12961.0, "OBYV_0_14": 4181.0, "MUZI_0_14": 2149.0, "ZENY_0_14": 2032.0, "OBYV_15_64": 16618.0, "MUZI_15_64": 8462.0, "ZENY_15_64": 8156.0, "OBYV_65": 4708.0, "MUZI_65": 1935.0, "ZENY_65": 2773.0, "MIRA_NEZAM": 5.948224, "SX": -617138.85007100005, "SY": -1156887.0381799999 }, "geometry": { "type": "Point", "coordinates": [ -617138.850099999457598, -1156887.038199998438358 ] } },
{ "type": "Feature", "properties": { "OBJECTID": 152, "KOD_ORP": "6215", "NAZ_ZKR_ORP": "Slavkov u Brna", "NAZ_ORP": "Slavkov u Brna", "KOD_RUIAN": "1635", "KOD_OKRES": "40754", "KOD_LAU1": "CZ0646", "NAZ_LAU1": "Vyškov", "KOD_KRAJ": "3115", "KOD_CZNUTS3": "CZ064", "NAZ_CZNUTS3": "Jihomoravský kraj", "SNATKY": 103.0, "ROZVODY": 53.0, "NAROZENI": 292.0, "ZEMRELI": 189.0, "PRISTEHOVALI": 587.0, "VYSTEHOVALI": 367.0, "POCET_OBYV": 22902.0, "MUZI": 11300.0, "ZENY": 11602.0, "OBYV_0_14": 3962.0, "MUZI_0_14": 2003.0, "ZENY_0_14": 1959.0, "OBYV_15_64": 15143.0, "MUZI_15_64": 7718.0, "ZENY_15_64": 7425.0, "OBYV_65": 3797.0, "MUZI_65": 1579.0, "ZENY_65": 2218.0, "MIRA_NEZAM": 4.04869, "SX": -580470.32732399995, "SY": -1171383.1871199999 }, "geometry": { "type": "Point", "coordinates": [ -580470.327300000935793, -1171383.187100000679493 ] } },
{ "type": "Feature", "properties": { "OBJECTID": 153, "KOD_ORP": "6216", "NAZ_ZKR_ORP": "Šlapanice", "NAZ_ORP": "Šlapanice", "KOD_RUIAN": "1368", "KOD_OKRES": "40720", "KOD_LAU1": "CZ0643", "NAZ_LAU1": "Brno-venkov", "KOD_KRAJ": "3115", "KOD_CZNUTS3": "CZ064", "NAZ_CZNUTS3": "Jihomoravský kraj", "SNATKY": 301.0, "ROZVODY": 145.0, "NAROZENI": 819.0, "ZEMRELI": 624.0, "PRISTEHOVALI": 2048.0, "VYSTEHOVALI": 1351.0, "POCET_OBYV": 66461.0, "MUZI": 32800.0, "ZENY": 33661.0, "OBYV_0_14": 12039.0, "MUZI_0_14": 6186.0, "ZENY_0_14": 5853.0, "OBYV_15_64": 43076.0, "MUZI_15_64": 21767.0, "ZENY_15_64": 21309.0, "OBYV_65": 11346.0, "MUZI_65": 4847.0, "ZENY_65": 6499.0, "MIRA_NEZAM": 4.051819, "SX": -594236.80235999997, "SY": -1162160.0114200001 }, "geometry": { "type": "Point", "coordinates": [ -594236.802400000393391, -1162160.011399999260902 ] } },
{ "type": "Feature", "properties": { "OBJECTID": 154, "KOD_ORP": "6217", "NAZ_ZKR_ORP": "Tišnov", "NAZ_ORP": "Tišnov", "KOD_RUIAN": "1350", "KOD_OKRES": "40720", "KOD_LAU1": "CZ0643", "NAZ_LAU1": "Brno-venkov", "KOD_KRAJ": "3115", "KOD_CZNUTS3": "CZ064", "NAZ_CZNUTS3": "Jihomoravský kraj", "SNATKY": 135.0, "ROZVODY": 57.0, "NAROZENI": 386.0, "ZEMRELI": 311.0, "PRISTEHOVALI": 612.0, "VYSTEHOVALI": 382.0, "POCET_OBYV": 30553.0, "MUZI": 15039.0, "ZENY": 15514.0, "OBYV_0_14": 5061.0, "MUZI_0_14": 2585.0, "ZENY_0_14": 2476.0, "OBYV_15_64": 19749.0, "MUZI_15_64": 10031.0, "ZENY_15_64": 9718.0, "OBYV_65": 5743.0, "MUZI_65": 2423.0, "ZENY_65": 3320.0, "MIRA_NEZAM": 6.078719, "SX": -612515.95216900005, "SY": -1139757.60203 }, "geometry": { "type": "Point", "coordinates": [ -612515.952199999243021, -1139757.602000001817942 ] } },
{ "type": "Feature", "properties": { "OBJECTID": 155, "KOD_ORP": "6218", "NAZ_ZKR_ORP": "Veselí nad Moravou", "NAZ_ORP": "Veselí nad Moravou", "KOD_RUIAN": "1490", "KOD_OKRES": "40746", "KOD_LAU1": "CZ0645", "NAZ_LAU1": "Hodonín", "KOD_KRAJ": "3115", "KOD_CZNUTS3": "CZ064", "NAZ_CZNUTS3": "Jihomoravský kraj", "SNATKY": 160.0, "ROZVODY": 64.0, "NAROZENI": 367.0, "ZEMRELI": 411.0, "PRISTEHOVALI": 339.0, "VYSTEHOVALI": 448.0, "POCET_OBYV": 38310.0, "MUZI": 18877.0, "ZENY": 19433.0, "OBYV_0_14": 5186.0, "MUZI_0_14": 2671.0, "ZENY_0_14": 2515.0, "OBYV_15_64": 25836.0, "MUZI_15_64": 13268.0, "ZENY_15_64": 12568.0, "OBYV_65": 7288.0, "MUZI_65": 2938.0, "ZENY_65": 4350.0, "MIRA_NEZAM": 8.425104, "SX": -540989.35721199994, "SY": -1200109.2797900001 }, "geometry": { "type": "Point", "coordinates": [ -540989.357200000435114, -1200109.279800001531839 ] } },
{ "type": "Feature", "properties": { "OBJECTID": 156, "KOD_ORP": "6219", "NAZ_ZKR_ORP": "Vyškov", "NAZ_ORP": "Vyškov", "KOD_RUIAN": "1643", "KOD_OKRES": "40754", "KOD_LAU1": "CZ0646", "NAZ_LAU1": "Vyškov", "KOD_KRAJ": "3115", "KOD_CZNUTS3": "CZ064", "NAZ_CZNUTS3": "Jihomoravský kraj", "SNATKY": 228.0, "ROZVODY": 123.0, "NAROZENI": 518.0, "ZEMRELI": 534.0, "PRISTEHOVALI": 788.0, "VYSTEHOVALI": 717.0, "POCET_OBYV": 51942.0, "MUZI": 25603.0, "ZENY": 26339.0, "OBYV_0_14": 7935.0, "MUZI_0_14": 4088.0, "ZENY_0_14": 3847.0, "OBYV_15_64": 34758.0, "MUZI_15_64": 17692.0, "ZENY_15_64": 17066.0, "OBYV_65": 9249.0, "MUZI_65": 3823.0, "ZENY_65": 5426.0, "MIRA_NEZAM": 4.493357, "SX": -570657.84262899996, "SY": -1151159.30116 }, "geometry": { "type": "Point", "coordinates": [ -570657.842599999159575, -1151159.301199998706579 ] } },
{ "type": "Feature", "properties": { "OBJECTID": 157, "KOD_ORP": "6220", "NAZ_ZKR_ORP": "Znojmo", "NAZ_ORP": "Znojmo", "KOD_RUIAN": "1660", "KOD_OKRES": "40762", "KOD_LAU1": "CZ0647", "NAZ_LAU1": "Znojmo", "KOD_KRAJ": "3115", "KOD_CZNUTS3": "CZ064", "NAZ_CZNUTS3": "Jihomoravský kraj", "SNATKY": 452.0, "ROZVODY": 236.0, "NAROZENI": 988.0, "ZEMRELI": 924.0, "PRISTEHOVALI": 914.0, "VYSTEHOVALI": 853.0, "POCET_OBYV": 91323.0, "MUZI": 44992.0, "ZENY": 46331.0, "OBYV_0_14": 14110.0, "MUZI_0_14": 7252.0, "ZENY_0_14": 6858.0, "OBYV_15_64": 61202.0, "MUZI_15_64": 31094.0, "ZENY_15_64": 30108.0, "OBYV_65": 16011.0, "MUZI_65": 6646.0, "ZENY_65": 9365.0, "MIRA_NEZAM": 9.618995, "SX": -642048.94252699998, "SY": -1190551.31109 }, "geometry": { "type": "Point", "coordinates": [ -642048.942499998956919, -1190551.311099998652935 ] } },
{ "type": "Feature", "properties": { "OBJECTID": 158, "KOD_ORP": "6221", "NAZ_ZKR_ORP": "Židlochovice", "NAZ_ORP": "Židlochovice", "KOD_RUIAN": "1376", "KOD_OKRES": "40720", "KOD_LAU1": "CZ0643", "NAZ_LAU1": "Brno-venkov", "KOD_KRAJ": "3115", "KOD_CZNUTS3": "CZ064", "NAZ_CZNUTS3": "Jihomoravský kraj", "SNATKY": 153.0, "ROZVODY": 93.0, "NAROZENI": 403.0, "ZEMRELI": 314.0, "PRISTEHOVALI": 902.0, "VYSTEHOVALI": 579.0, "POCET_OBYV": 32333.0, "MUZI": 16089.0, "ZENY": 16244.0, "OBYV_0_14": 5649.0, "MUZI_0_14": 2938.0, "ZENY_0_14": 2711.0, "OBYV_15_64": 21418.0, "MUZI_15_64": 10968.0, "ZENY_15_64": 10450.0, "OBYV_65": 5266.0, "MUZI_65": 2183.0, "ZENY_65": 3083.0, "MIRA_NEZAM": 4.452439, "SX": -597371.89627899998, "SY": -1176832.1988599999 }, "geometry": { "type": "Point", "coordinates": [ -597371.896299999207258, -1176832.198899999260902 ] } },
{ "type": "Feature", "properties": { "OBJECTID": 159, "KOD_ORP": "7101", "NAZ_ZKR_ORP": "Hranice", "NAZ_ORP": "Hranice", "KOD_RUIAN": "1970", "KOD_OKRES": "40801", "KOD_LAU1": "CZ0714", "NAZ_LAU1": "Přerov", "KOD_KRAJ": "3123", "KOD_CZNUTS3": "CZ071", "NAZ_CZNUTS3": "Olomoucký kraj", "SNATKY": 151.0, "ROZVODY": 69.0, "NAROZENI": 322.0, "ZEMRELI": 371.0, "PRISTEHOVALI": 418.0, "VYSTEHOVALI": 455.0, "POCET_OBYV": 34338.0, "MUZI": 16843.0, "ZENY": 17495.0, "OBYV_0_14": 5179.0, "MUZI_0_14": 2664.0, "ZENY_0_14": 2515.0, "OBYV_15_64": 23134.0, "MUZI_15_64": 11713.0, "ZENY_15_64": 11421.0, "OBYV_65": 6025.0, "MUZI_65": 2466.0, "ZENY_65": 3559.0, "MIRA_NEZAM": 5.866735, "SX": -512052.825786, "SY": -1127931.5461800001 }, "geometry": { "type": "Point", "coordinates": [ -512052.825800001621246, -1127931.54619999974966 ] } },
{ "type": "Feature", "properties": { "OBJECTID": 160, "KOD_ORP": "7102", "NAZ_ZKR_ORP": "Jeseník", "NAZ_ORP": "Jeseník", "KOD_RUIAN": "2062", "KOD_OKRES": "40771", "KOD_LAU1": "CZ0711", "NAZ_LAU1": "Jeseník", "KOD_KRAJ": "3123", "KOD_CZNUTS3": "CZ071", "NAZ_CZNUTS3": "Olomoucký kraj", "SNATKY": 192.0, "ROZVODY": 73.0, "NAROZENI": 348.0, "ZEMRELI": 450.0, "PRISTEHOVALI": 375.0, "VYSTEHOVALI": 596.0, "POCET_OBYV": 39261.0, "MUZI": 19482.0, "ZENY": 19779.0, "OBYV_0_14": 5508.0, "MUZI_0_14": 2757.0, "ZENY_0_14": 2751.0, "OBYV_15_64": 26334.0, "MUZI_15_64": 13631.0, "ZENY_15_64": 12703.0, "OBYV_65": 7419.0, "MUZI_65": 3094.0, "ZENY_65": 4325.0, "MIRA_NEZAM": 9.31989, "SX": -546896.39871700003, "SY": -1045080.14196 }, "geometry": { "type": "Point", "coordinates": [ -546896.398699998855591, -1045080.142000000923872 ] } },
{ "type": "Feature", "properties": { "OBJECTID": 161, "KOD_ORP": "7103", "NAZ_ZKR_ORP": "Konice", "NAZ_ORP": "Konice", "KOD_RUIAN": "1554", "KOD_OKRES": "40797", "KOD_LAU1": "CZ0713", "NAZ_LAU1": "Prostějov", "KOD_KRAJ": "3123", "KOD_CZNUTS3": "CZ071", "NAZ_CZNUTS3": "Olomoucký kraj", "SNATKY": 48.0, "ROZVODY": 28.0, "NAROZENI": 82.0, "ZEMRELI": 130.0, "PRISTEHOVALI": 166.0, "VYSTEHOVALI": 203.0, "POCET_OBYV": 10824.0, "MUZI": 5425.0, "ZENY": 5399.0, "OBYV_0_14": 1477.0, "MUZI_0_14": 729.0, "ZENY_0_14": 748.0, "OBYV_15_64": 7202.0, "MUZI_15_64": 3785.0, "ZENY_15_64": 3417.0, "OBYV_65": 2145.0, "MUZI_65": 911.0, "ZENY_65": 1234.0, "MIRA_NEZAM": 4.889374, "SX": -574850.6417, "SY": -1118910.2757699999 }, "geometry": { "type": "Point", "coordinates": [ -574850.641699999570847, -1118910.275800000876188 ] } },
{ "type": "Feature", "properties": { "OBJECTID": 162, "KOD_ORP": "7104", "NAZ_ZKR_ORP": "Lipník nad Bečvou", "NAZ_ORP": "Lipník nad Bečvou", "KOD_RUIAN": "1988", "KOD_OKRES": "40801", "KOD_LAU1": "CZ0714", "NAZ_LAU1": "Přerov", "KOD_KRAJ": "3123", "KOD_CZNUTS3": "CZ071", "NAZ_CZNUTS3": "Olomoucký kraj", "SNATKY": 62.0, "ROZVODY": 24.0, "NAROZENI": 148.0, "ZEMRELI": 156.0, "PRISTEHOVALI": 291.0, "VYSTEHOVALI": 286.0, "POCET_OBYV": 15286.0, "MUZI": 7560.0, "ZENY": 7726.0, "OBYV_0_14": 2315.0, "MUZI_0_14": 1186.0, "ZENY_0_14": 1129.0, "OBYV_15_64": 10317.0, "MUZI_15_64": 5286.0, "ZENY_15_64": 5031.0, "OBYV_65": 2654.0, "MUZI_65": 1088.0, "ZENY_65": 1566.0, "MIRA_NEZAM": 8.357376, "SX": -523579.29016099998, "SY": -1131983.9505400001 }, "geometry": { "type": "Point", "coordinates": [ -523579.290199998766184, -1131983.950500000268221 ] } },
{ "type": "Feature", "properties": { "OBJECTID": 163, "KOD_ORP": "7105", "NAZ_ZKR_ORP": "Litovel", "NAZ_ORP": "Litovel", "KOD_RUIAN": "1881", "KOD_OKRES": "40789", "KOD_LAU1": "CZ0712", "NAZ_LAU1": "Olomouc", "KOD_KRAJ": "3123", "KOD_CZNUTS3": "CZ071", "NAZ_CZNUTS3": "Olomoucký kraj", "SNATKY": 104.0, "ROZVODY": 56.0, "NAROZENI": 251.0, "ZEMRELI": 274.0, "PRISTEHOVALI": 364.0, "VYSTEHOVALI": 374.0, "POCET_OBYV": 23771.0, "MUZI": 11882.0, "ZENY": 11889.0, "OBYV_0_14": 3610.0, "MUZI_0_14": 1876.0, "ZENY_0_14": 1734.0, "OBYV_15_64": 15748.0, "MUZI_15_64": 8126.0, "ZENY_15_64": 7622.0, "OBYV_65": 4413.0, "MUZI_65": 1880.0, "ZENY_65": 2533.0, "MIRA_NEZAM": 4.77715, "SX": -562514.94478699996, "SY": -1110181.2323799999 }, "geometry": { "type": "Point", "coordinates": [ -562514.94480000063777, -1110181.2324 ] } },
{ "type": "Feature", "properties": { "OBJECTID": 164, "KOD_ORP": "7106", "NAZ_ZKR_ORP": "Mohelnice", "NAZ_ORP": "Mohelnice", "KOD_RUIAN": "2003", "KOD_OKRES": "40819", "KOD_LAU1": "CZ0715", "NAZ_LAU1": "Šumperk", "KOD_KRAJ": "3123", "KOD_CZNUTS3": "CZ071", "NAZ_CZNUTS3": "Olomoucký kraj", "SNATKY": 83.0, "ROZVODY": 51.0, "NAROZENI": 174.0, "ZEMRELI": 209.0, "PRISTEHOVALI": 193.0, "VYSTEHOVALI": 266.0, "POCET_OBYV": 18393.0, "MUZI": 9144.0, "ZENY": 9249.0, "OBYV_0_14": 2597.0, "MUZI_0_14": 1342.0, "ZENY_0_14": 1255.0, "OBYV_15_64": 12415.0, "MUZI_15_64": 6409.0, "ZENY_15_64": 6006.0, "OBYV_65": 3381.0, "MUZI_65": 1393.0, "ZENY_65": 1988.0, "MIRA_NEZAM": 5.892658, "SX": -570401.44009100005, "SY": -1098226.8747 }, "geometry": { "type": "Point", "coordinates": [ -570401.440099999308586, -1098226.874699998646975 ] } },
{ "type": "Feature", "properties": { "OBJECTID": 165, "KOD_ORP": "7107", "NAZ_ZKR_ORP": "Olomouc", "NAZ_ORP": "Olomouc", "KOD_RUIAN": "1899", "KOD_OKRES": "40789", "KOD_LAU1": "CZ0712", "NAZ_LAU1": "Olomouc", "KOD_KRAJ": "3123", "KOD_CZNUTS3": "CZ071", "NAZ_CZNUTS3": "Olomoucký kraj", "SNATKY": 773.0, "ROZVODY": 401.0, "NAROZENI": 1879.0, "ZEMRELI": 1580.0, "PRISTEHOVALI": 2561.0, "VYSTEHOVALI": 2262.0, "POCET_OBYV": 163813.0, "MUZI": 78983.0, "ZENY": 84830.0, "OBYV_0_14": 26107.0, "MUZI_0_14": 13321.0, "ZENY_0_14": 12786.0, "OBYV_15_64": 108077.0, "MUZI_15_64": 53814.0, "ZENY_15_64": 54263.0, "OBYV_65": 29629.0, "MUZI_65": 11848.0, "ZENY_65": 17781.0, "MIRA_NEZAM": 6.87821, "SX": -538691.64099900005, "SY": -1119960.6332 }, "geometry": { "type": "Point", "coordinates": [ -538691.640999998897314, -1119960.633200000971556 ] } },
{ "type": "Feature", "properties": { "OBJECTID": 166, "KOD_ORP": "7108", "NAZ_ZKR_ORP": "Prostějov", "NAZ_ORP": "Prostějov", "KOD_RUIAN": "1562", "KOD_OKRES": "40797", "KOD_LAU1": "CZ0713", "NAZ_LAU1": "Prostějov", "KOD_KRAJ": "3123", "KOD_CZNUTS3": "CZ071", "NAZ_CZNUTS3": "Olomoucký kraj", "SNATKY": 450.0, "ROZVODY": 243.0, "NAROZENI": 1030.0, "ZEMRELI": 1177.0, "PRISTEHOVALI": 1039.0, "VYSTEHOVALI": 1051.0, "POCET_OBYV": 97969.0, "MUZI": 47596.0, "ZENY": 50373.0, "OBYV_0_14": 15127.0, "MUZI_0_14": 7698.0, "ZENY_0_14": 7429.0, "OBYV_15_64": 64244.0, "MUZI_15_64": 32344.0, "ZENY_15_64": 31900.0, "OBYV_65": 18598.0, "MUZI_65": 7554.0, "ZENY_65": 11044.0, "MIRA_NEZAM": 4.8221, "SX": -562444.877706, "SY": -1135912.8166499999 }, "geometry": { "type": "Point", "coordinates": [ -562444.877700001001358, -1135912.816599998623133 ] } },
{ "type": "Feature", "properties": { "OBJECTID": 167, "KOD_ORP": "7109", "NAZ_ZKR_ORP": "Přerov", "NAZ_ORP": "Přerov", "KOD_RUIAN": "1996", "KOD_OKRES": "40801", "KOD_LAU1": "CZ0714", "NAZ_LAU1": "Přerov", "KOD_KRAJ": "3123", "KOD_CZNUTS3": "CZ071", "NAZ_CZNUTS3": "Olomoucký kraj", "SNATKY": 341.0, "ROZVODY": 209.0, "NAROZENI": 730.0, "ZEMRELI": 989.0, "PRISTEHOVALI": 949.0, "VYSTEHOVALI": 1123.0, "POCET_OBYV": 81500.0, "MUZI": 39872.0, "ZENY": 41628.0, "OBYV_0_14": 11492.0, "MUZI_0_14": 5922.0, "ZENY_0_14": 5570.0, "OBYV_15_64": 53688.0, "MUZI_15_64": 27371.0, "ZENY_15_64": 26317.0, "OBYV_65": 16320.0, "MUZI_65": 6579.0, "ZENY_65": 9741.0, "MIRA_NEZAM": 8.741182, "SX": -536462.27067799994, "SY": -1140686.61469 }, "geometry": { "type": "Point", "coordinates": [ -536462.270700000226498, -1140686.614700000733137 ] } },
{ "type": "Feature", "properties": { "OBJECTID": 168, "KOD_ORP": "7110", "NAZ_ZKR_ORP": "Šternberk", "NAZ_ORP": "Šternberk", "KOD_RUIAN": "1911", "KOD_OKRES": "40789", "KOD_LAU1": "CZ0712", "NAZ_LAU1": "Olomouc", "KOD_KRAJ": "3123", "KOD_CZNUTS3": "CZ071", "NAZ_CZNUTS3": "Olomoucký kraj", "SNATKY": 121.0, "ROZVODY": 62.0, "NAROZENI": 266.0, "ZEMRELI": 244.0, "PRISTEHOVALI": 447.0, "VYSTEHOVALI": 451.0, "POCET_OBYV": 23639.0, "MUZI": 11671.0, "ZENY": 11968.0, "OBYV_0_14": 3679.0, "MUZI_0_14": 1884.0, "ZENY_0_14": 1795.0, "OBYV_15_64": 15671.0, "MUZI_15_64": 7975.0, "ZENY_15_64": 7696.0, "OBYV_65": 4289.0, "MUZI_65": 1812.0, "ZENY_65": 2477.0, "MIRA_NEZAM": 7.936308, "SX": -536791.58144900005, "SY": -1103546.7452100001 }, "geometry": { "type": "Point", "coordinates": [ -536791.581399999558926, -1103546.745200000703335 ] } },
{ "type": "Feature", "properties": { "OBJECTID": 169, "KOD_ORP": "7111", "NAZ_ZKR_ORP": "Šumperk", "NAZ_ORP": "Šumperk", "KOD_RUIAN": "2020", "KOD_OKRES": "40819", "KOD_LAU1": "CZ0715", "NAZ_LAU1": "Šumperk", "KOD_KRAJ": "3123", "KOD_CZNUTS3": "CZ071", "NAZ_CZNUTS3": "Olomoucký kraj", "SNATKY": 289.0, "ROZVODY": 183.0, "NAROZENI": 690.0, "ZEMRELI": 834.0, "PRISTEHOVALI": 727.0, "VYSTEHOVALI": 931.0, "POCET_OBYV": 69940.0, "MUZI": 34324.0, "ZENY": 35616.0, "OBYV_0_14": 10453.0, "MUZI_0_14": 5339.0, "ZENY_0_14": 5114.0, "OBYV_15_64": 45848.0, "MUZI_15_64": 23341.0, "ZENY_15_64": 22507.0, "OBYV_65": 13639.0, "MUZI_65": 5644.0, "ZENY_65": 7995.0, "MIRA_NEZAM": 7.322194, "SX": -559875.20688800002, "SY": -1069991.7922100001 }, "geometry": { "type": "Point", "coordinates": [ -559875.206900000572205, -1069991.792199999094009 ] } },
{ "type": "Feature", "properties": { "OBJECTID": 170, "KOD_ORP": "7112", "NAZ_ZKR_ORP": "Uničov", "NAZ_ORP": "Uničov", "KOD_RUIAN": "1902", "KOD_OKRES": "40789", "KOD_LAU1": "CZ0712", "NAZ_LAU1": "Olomouc", "KOD_KRAJ": "3123", "KOD_CZNUTS3": "CZ071", "NAZ_CZNUTS3": "Olomoucký kraj", "SNATKY": 112.0, "ROZVODY": 43.0, "NAROZENI": 192.0, "ZEMRELI": 253.0, "PRISTEHOVALI": 364.0, "VYSTEHOVALI": 323.0, "POCET_OBYV": 22532.0, "MUZI": 11138.0, "ZENY": 11394.0, "OBYV_0_14": 3262.0, "MUZI_0_14": 1699.0, "ZENY_0_14": 1563.0, "OBYV_15_64": 15150.0, "MUZI_15_64": 7738.0, "ZENY_15_64": 7412.0, "OBYV_65": 4120.0, "MUZI_65": 1701.0, "ZENY_65": 2419.0, "MIRA_NEZAM": 7.345631, "SX": -553875.98537699995, "SY": -1098179.6264299999 }, "geometry": { "type": "Point", "coordinates": [ -553875.985399998724461, -1098179.626400001347065 ] } },
{ "type": "Feature", "properties": { "OBJECTID": 171, "KOD_ORP": "7113", "NAZ_ZKR_ORP": "Zábřeh", "NAZ_ORP": "Zábřeh", "KOD_RUIAN": "2011", "KOD_OKRES": "40819", "KOD_LAU1": "CZ0715", "NAZ_LAU1": "Šumperk", "KOD_KRAJ": "3123", "KOD_CZNUTS3": "CZ071", "NAZ_CZNUTS3": "Olomoucký kraj", "SNATKY": 138.0, "ROZVODY": 73.0, "NAROZENI": 386.0, "ZEMRELI": 333.0, "PRISTEHOVALI": 441.0, "VYSTEHOVALI": 505.0, "POCET_OBYV": 33452.0, "MUZI": 16366.0, "ZENY": 17086.0, "OBYV_0_14": 5078.0, "MUZI_0_14": 2544.0, "ZENY_0_14": 2534.0, "OBYV_15_64": 22191.0, "MUZI_15_64": 11221.0, "ZENY_15_64": 10970.0, "OBYV_65": 6183.0, "MUZI_65": 2601.0, "ZENY_65": 3582.0, "MIRA_NEZAM": 6.199724, "SX": -571657.43707500002, "SY": -1086011.45838 }, "geometry": { "type": "Point", "coordinates": [ -571657.437100000679493, -1086011.458399999886751 ] } },
{ "type": "Feature", "properties": { "OBJECTID": 172, "KOD_ORP": "7201", "NAZ_ZKR_ORP": "Bystřice pod Hostýnem", "NAZ_ORP": "Bystřice pod Hostýnem", "KOD_RUIAN": "1520", "KOD_OKRES": "40827", "KOD_LAU1": "CZ0721", "NAZ_LAU1": "Kroměříž", "KOD_KRAJ": "3131", "KOD_CZNUTS3": "CZ072", "NAZ_CZNUTS3": "Zlínský kraj", "SNATKY": 55.0, "ROZVODY": 38.0, "NAROZENI": 130.0, "ZEMRELI": 159.0, "PRISTEHOVALI": 247.0, "VYSTEHOVALI": 269.0, "POCET_OBYV": 15578.0, "MUZI": 7643.0, "ZENY": 7935.0, "OBYV_0_14": 2121.0, "MUZI_0_14": 1090.0, "ZENY_0_14": 1031.0, "OBYV_15_64": 10406.0, "MUZI_15_64": 5328.0, "ZENY_15_64": 5078.0, "OBYV_65": 3051.0, "MUZI_65": 1225.0, "ZENY_65": 1826.0, "MIRA_NEZAM": 7.951099, "SX": -515074.71924200002, "SY": -1146932.61148 }, "geometry": { "type": "Point", "coordinates": [ -515074.719200000166893, -1146932.6114999987185 ] } },
{ "type": "Feature", "properties": { "OBJECTID": 173, "KOD_ORP": "7202", "NAZ_ZKR_ORP": "Holešov", "NAZ_ORP": "Holešov", "KOD_RUIAN": "1538", "KOD_OKRES": "40827", "KOD_LAU1": "CZ0721", "NAZ_LAU1": "Kroměříž", "KOD_KRAJ": "3131", "KOD_CZNUTS3": "CZ072", "NAZ_CZNUTS3": "Zlínský kraj", "SNATKY": 107.0, "ROZVODY": 49.0, "NAROZENI": 202.0, "ZEMRELI": 257.0, "PRISTEHOVALI": 346.0, "VYSTEHOVALI": 284.0, "POCET_OBYV": 21381.0, "MUZI": 10456.0, "ZENY": 10925.0, "OBYV_0_14": 3179.0, "MUZI_0_14": 1598.0, "ZENY_0_14": 1581.0, "OBYV_15_64": 14132.0, "MUZI_15_64": 7216.0, "ZENY_15_64": 6916.0, "OBYV_65": 4070.0, "MUZI_65": 1642.0, "ZENY_65": 2428.0, "MIRA_NEZAM": 5.418304, "SX": -527343.29914699995, "SY": -1152377.3990199999 }, "geometry": { "type": "Point", "coordinates": [ -527343.299100000411272, -1152377.399000000208616 ] } },
{ "type": "Feature", "properties": { "OBJECTID": 174, "KOD_ORP": "7203", "NAZ_ZKR_ORP": "Kroměříž", "NAZ_ORP": "Kroměříž", "KOD_RUIAN": "1546", "KOD_OKRES": "40827", "KOD_LAU1": "CZ0721", "NAZ_LAU1": "Kroměříž", "KOD_KRAJ": "3131", "KOD_CZNUTS3": "CZ072", "NAZ_CZNUTS3": "Zlínský kraj", "SNATKY": 332.0, "ROZVODY": 182.0, "NAROZENI": 699.0, "ZEMRELI": 757.0, "PRISTEHOVALI": 888.0, "VYSTEHOVALI": 960.0, "POCET_OBYV": 69335.0, "MUZI": 33769.0, "ZENY": 35566.0, "OBYV_0_14": 10114.0, "MUZI_0_14": 5186.0, "ZENY_0_14": 4928.0, "OBYV_15_64": 46088.0, "MUZI_15_64": 23288.0, "ZENY_15_64": 22800.0, "OBYV_65": 13133.0, "MUZI_65": 5295.0, "ZENY_65": 7838.0, "MIRA_NEZAM": 7.331265, "SX": -545962.32389500004, "SY": -1160372.08082 }, "geometry": { "type": "Point", "coordinates": [ -545962.323899999260902, -1160372.080800000578165 ] } },
{ "type": "Feature", "properties": { "OBJECTID": 175, "KOD_ORP": "7204", "NAZ_ZKR_ORP": "Luhačovice", "NAZ_ORP": "Luhačovice", "KOD_RUIAN": "1422", "KOD_OKRES": "40851", "KOD_LAU1": "CZ0724", "NAZ_LAU1": "Zlín", "KOD_KRAJ": "3131", "KOD_CZNUTS3": "CZ072", "NAZ_CZNUTS3": "Zlínský kraj", "SNATKY": 99.0, "ROZVODY": 34.0, "NAROZENI": 226.0, "ZEMRELI": 169.0, "PRISTEHOVALI": 281.0, "VYSTEHOVALI": 298.0, "POCET_OBYV": 18818.0, "MUZI": 9238.0, "ZENY": 9580.0, "OBYV_0_14": 2617.0, "MUZI_0_14": 1355.0, "ZENY_0_14": 1262.0, "OBYV_15_64": 12700.0, "MUZI_15_64": 6485.0, "ZENY_15_64": 6215.0, "OBYV_65": 3501.0, "MUZI_65": 1398.0, "ZENY_65": 2103.0, "MIRA_NEZAM": 4.371286, "SX": -511205.68367100001, "SY": -1179186.0113 }, "geometry": { "type": "Point", "coordinates": [ -511205.683699999004602, -1179186.011300001293421 ] } },
{ "type": "Feature", "properties": { "OBJECTID": 176, "KOD_ORP": "7205", "NAZ_ZKR_ORP": "Otrokovice", "NAZ_ORP": "Otrokovice", "KOD_RUIAN": "1431", "KOD_OKRES": "40851", "KOD_LAU1": "CZ0724", "NAZ_LAU1": "Zlín", "KOD_KRAJ": "3131", "KOD_CZNUTS3": "CZ072", "NAZ_CZNUTS3": "Zlínský kraj", "SNATKY": 141.0, "ROZVODY": 85.0, "NAROZENI": 308.0, "ZEMRELI": 375.0, "PRISTEHOVALI": 537.0, "VYSTEHOVALI": 577.0, "POCET_OBYV": 34482.0, "MUZI": 16951.0, "ZENY": 17531.0, "OBYV_0_14": 5031.0, "MUZI_0_14": 2627.0, "ZENY_0_14": 2404.0, "OBYV_15_64": 22914.0, "MUZI_15_64": 11659.0, "ZENY_15_64": 11255.0, "OBYV_65": 6537.0, "MUZI_65": 2665.0, "ZENY_65": 3872.0, "MIRA_NEZAM": 4.61671, "SX": -532890.32891399995, "SY": -1168024.69942 }, "geometry": { "type": "Point", "coordinates": [ -532890.328899998217821, -1168024.699400000274181 ] } },
{ "type": "Feature", "properties": { "OBJECTID": 177, "KOD_ORP": "7206", "NAZ_ZKR_ORP": "Rožnov pod Radhoštěm", "NAZ_ORP": "Rožnov pod Radhoštěm", "KOD_RUIAN": "2038", "KOD_OKRES": "40843", "KOD_LAU1": "CZ0723", "NAZ_LAU1": "Vsetín", "KOD_KRAJ": "3131", "KOD_CZNUTS3": "CZ072", "NAZ_CZNUTS3": "Zlínský kraj", "SNATKY": 153.0, "ROZVODY": 107.0, "NAROZENI": 340.0, "ZEMRELI": 354.0, "PRISTEHOVALI": 365.0, "VYSTEHOVALI": 372.0, "POCET_OBYV": 35227.0, "MUZI": 17288.0, "ZENY": 17939.0, "OBYV_0_14": 5176.0, "MUZI_0_14": 2677.0, "ZENY_0_14": 2499.0, "OBYV_15_64": 23294.0, "MUZI_15_64": 11826.0, "ZENY_15_64": 11468.0, "OBYV_65": 6757.0, "MUZI_65": 2785.0, "ZENY_65": 3972.0, "MIRA_NEZAM": 6.61746, "SX": -480647.68426900002, "SY": -1144489.5505900001 }, "geometry": { "type": "Point", "coordinates": [ -480647.684300001710653, -1144489.550599999725819 ] } },
{ "type": "Feature", "properties": { "OBJECTID": 178, "KOD_ORP": "7207", "NAZ_ZKR_ORP": "Uherské Hradiště", "NAZ_ORP": "Uherské Hradiště", "KOD_RUIAN": "1601", "KOD_OKRES": "40835", "KOD_LAU1": "CZ0722", "NAZ_LAU1": "Uherské Hradiště", "KOD_KRAJ": "3131", "KOD_CZNUTS3": "CZ072", "NAZ_CZNUTS3": "Zlínský kraj", "SNATKY": 453.0, "ROZVODY": 192.0, "NAROZENI": 909.0, "ZEMRELI": 935.0, "PRISTEHOVALI": 869.0, "VYSTEHOVALI": 886.0, "POCET_OBYV": 90289.0, "MUZI": 43922.0, "ZENY": 46367.0, "OBYV_0_14": 13126.0, "MUZI_0_14": 6643.0, "ZENY_0_14": 6483.0, "OBYV_15_64": 60199.0, "MUZI_15_64": 30521.0, "ZENY_15_64": 29678.0, "OBYV_65": 16964.0, "MUZI_65": 6758.0, "ZENY_65": 10206.0, "MIRA_NEZAM": 5.306096, "SX": -540091.39506999997, "SY": -1180591.79779 }, "geometry": { "type": "Point", "coordinates": [ -540091.395100001245737, -1180591.797800000756979 ] } },
{ "type": "Feature", "properties": { "OBJECTID": 179, "KOD_ORP": "7208", "NAZ_ZKR_ORP": "Uherský Brod", "NAZ_ORP": "Uherský Brod", "KOD_RUIAN": "1619", "KOD_OKRES": "40835", "KOD_LAU1": "CZ0722", "NAZ_LAU1": "Uherské Hradiště", "KOD_KRAJ": "3131", "KOD_CZNUTS3": "CZ072", "NAZ_CZNUTS3": "Zlínský kraj", "SNATKY": 243.0, "ROZVODY": 98.0, "NAROZENI": 486.0, "ZEMRELI": 566.0, "PRISTEHOVALI": 475.0, "VYSTEHOVALI": 511.0, "POCET_OBYV": 52541.0, "MUZI": 26079.0, "ZENY": 26462.0, "OBYV_0_14": 7385.0, "MUZI_0_14": 3876.0, "ZENY_0_14": 3509.0, "OBYV_15_64": 35047.0, "MUZI_15_64": 18122.0, "ZENY_15_64": 16925.0, "OBYV_65": 10109.0, "MUZI_65": 4081.0, "ZENY_65": 6028.0, "MIRA_NEZAM": 4.804195, "SX": -519799.24647000001, "SY": -1192155.84825 }, "geometry": { "type": "Point", "coordinates": [ -519799.246500000357628, -1192155.848200000822544 ] } },
{ "type": "Feature", "properties": { "OBJECTID": 180, "KOD_ORP": "7209", "NAZ_ZKR_ORP": "Valašské Klobouky", "NAZ_ORP": "Valašské Klobouky", "KOD_RUIAN": "1449", "KOD_OKRES": "40851", "KOD_LAU1": "CZ0724", "NAZ_LAU1": "Zlín", "KOD_KRAJ": "3131", "KOD_CZNUTS3": "CZ072", "NAZ_CZNUTS3": "Zlínský kraj", "SNATKY": 91.0, "ROZVODY": 43.0, "NAROZENI": 233.0, "ZEMRELI": 261.0, "PRISTEHOVALI": 194.0, "VYSTEHOVALI": 263.0, "POCET_OBYV": 23341.0, "MUZI": 11734.0, "ZENY": 11607.0, "OBYV_0_14": 3429.0, "MUZI_0_14": 1772.0, "ZENY_0_14": 1657.0, "OBYV_15_64": 15990.0, "MUZI_15_64": 8417.0, "ZENY_15_64": 7573.0, "OBYV_65": 3922.0, "MUZI_65": 1545.0, "ZENY_65": 2377.0, "MIRA_NEZAM": 6.63316, "SX": -498327.720669, "SY": -1179540.89867 }, "geometry": { "type": "Point", "coordinates": [ -498327.72069999948144, -1179540.898699998855591 ] } },
{ "type": "Feature", "properties": { "OBJECTID": 181, "KOD_ORP": "7210", "NAZ_ZKR_ORP": "Valašské Meziříčí", "NAZ_ORP": "Valašské Meziříčí", "KOD_RUIAN": "2046", "KOD_OKRES": "40843", "KOD_LAU1": "CZ0723", "NAZ_LAU1": "Vsetín", "KOD_KRAJ": "3131", "KOD_CZNUTS3": "CZ072", "NAZ_CZNUTS3": "Zlínský kraj", "SNATKY": 194.0, "ROZVODY": 109.0, "NAROZENI": 425.0, "ZEMRELI": 473.0, "PRISTEHOVALI": 480.0, "VYSTEHOVALI": 570.0, "POCET_OBYV": 41531.0, "MUZI": 20394.0, "ZENY": 21137.0, "OBYV_0_14": 6381.0, "MUZI_0_14": 3308.0, "ZENY_0_14": 3073.0, "OBYV_15_64": 27543.0, "MUZI_15_64": 13987.0, "ZENY_15_64": 13556.0, "OBYV_65": 7607.0, "MUZI_65": 3099.0, "ZENY_65": 4508.0, "MIRA_NEZAM": 6.509536, "SX": -499446.81100500003, "SY": -1140221.071 }, "geometry": { "type": "Point", "coordinates": [ -499446.811000000685453, -1140221.070999998599291 ] } },
{ "type": "Feature", "properties": { "OBJECTID": 182, "KOD_ORP": "7211", "NAZ_ZKR_ORP": "Vizovice", "NAZ_ORP": "Vizovice", "KOD_RUIAN": "1457", "KOD_OKRES": "40851", "KOD_LAU1": "CZ0724", "NAZ_LAU1": "Zlín", "KOD_KRAJ": "3131", "KOD_CZNUTS3": "CZ072", "NAZ_CZNUTS3": "Zlínský kraj", "SNATKY": 81.0, "ROZVODY": 28.0, "NAROZENI": 150.0, "ZEMRELI": 154.0, "PRISTEHOVALI": 233.0, "VYSTEHOVALI": 239.0, "POCET_OBYV": 16844.0, "MUZI": 8336.0, "ZENY": 8508.0, "OBYV_0_14": 2575.0, "MUZI_0_14": 1279.0, "ZENY_0_14": 1296.0, "OBYV_15_64": 11584.0, "MUZI_15_64": 5948.0, "ZENY_15_64": 5636.0, "OBYV_65": 2685.0, "MUZI_65": 1109.0, "ZENY_65": 1576.0, "MIRA_NEZAM": 4.690303, "SX": -507380.54428199999, "SY": -1164035.559 }, "geometry": { "type": "Point", "coordinates": [ -507380.544300001114607, -1164035.559000000357628 ] } },
{ "type": "Feature", "properties": { "OBJECTID": 183, "KOD_ORP": "7212", "NAZ_ZKR_ORP": "Vsetín", "NAZ_ORP": "Vsetín", "KOD_RUIAN": "2054", "KOD_OKRES": "40843", "KOD_LAU1": "CZ0723", "NAZ_LAU1": "Vsetín", "KOD_KRAJ": "3131", "KOD_CZNUTS3": "CZ072", "NAZ_CZNUTS3": "Zlínský kraj", "SNATKY": 283.0, "ROZVODY": 123.0, "NAROZENI": 714.0, "ZEMRELI": 751.0, "PRISTEHOVALI": 464.0, "VYSTEHOVALI": 556.0, "POCET_OBYV": 66159.0, "MUZI": 32554.0, "ZENY": 33605.0, "OBYV_0_14": 9878.0, "MUZI_0_14": 5088.0, "ZENY_0_14": 4790.0, "OBYV_15_64": 44354.0, "MUZI_15_64": 22662.0, "ZENY_15_64": 21692.0, "OBYV_65": 11927.0, "MUZI_65": 4804.0, "ZENY_65": 7123.0, "MIRA_NEZAM": 7.390383, "SX": -489721.905998, "SY": -1157877.6443400001 }, "geometry": { "type": "Point", "coordinates": [ -489721.905999999493361, -1157877.644299998879433 ] } },
{ "type": "Feature", "properties": { "OBJECTID": 184, "KOD_ORP": "7213", "NAZ_ZKR_ORP": "Zlín", "NAZ_ORP": "Zlín", "KOD_RUIAN": "1465", "KOD_OKRES": "40851", "KOD_LAU1": "CZ0724", "NAZ_LAU1": "Zlín", "KOD_KRAJ": "3131", "KOD_CZNUTS3": "CZ072", "NAZ_CZNUTS3": "Zlínský kraj", "SNATKY": 464.0, "ROZVODY": 235.0, "NAROZENI": 1025.0, "ZEMRELI": 1079.0, "PRISTEHOVALI": 1495.0, "VYSTEHOVALI": 1231.0, "POCET_OBYV": 99150.0, "MUZI": 47792.0, "ZENY": 51358.0, "OBYV_0_14": 14640.0, "MUZI_0_14": 7517.0, "ZENY_0_14": 7123.0, "OBYV_15_64": 64665.0, "MUZI_15_64": 32330.0, "ZENY_15_64": 32335.0, "OBYV_65": 19845.0, "MUZI_65": 7945.0, "ZENY_65": 11900.0, "MIRA_NEZAM": 5.016486, "SX": -519536.80881299998, "SY": -1164496.93771 }, "geometry": { "type": "Point", "coordinates": [ -519536.808800000697374, -1164496.937699999660254 ] } },
{ "type": "Feature", "properties": { "OBJECTID": 185, "KOD_ORP": "8101", "NAZ_ZKR_ORP": "Bílovec", "NAZ_ORP": "Bílovec", "KOD_RUIAN": "1830", "KOD_OKRES": "40894", "KOD_LAU1": "CZ0804", "NAZ_LAU1": "Nový Jičín", "KOD_KRAJ": "3140", "KOD_CZNUTS3": "CZ080", "NAZ_CZNUTS3": "Moravskoslezský kraj", "SNATKY": 125.0, "ROZVODY": 69.0, "NAROZENI": 256.0, "ZEMRELI": 252.0, "PRISTEHOVALI": 359.0, "VYSTEHOVALI": 456.0, "POCET_OBYV": 25716.0, "MUZI": 12733.0, "ZENY": 12983.0, "OBYV_0_14": 3907.0, "MUZI_0_14": 1983.0, "ZENY_0_14": 1924.0, "OBYV_15_64": 17316.0, "MUZI_15_64": 8860.0, "ZENY_15_64": 8456.0, "OBYV_65": 4493.0, "MUZI_65": 1890.0, "ZENY_65": 2603.0, "MIRA_NEZAM": 4.96094, "SX": -489192.83286999998, "SY": -1109902.5203799999 }, "geometry": { "type": "Point", "coordinates": [ -489192.832899998873472, -1109902.520399998873472 ] } },
{ "type": "Feature", "properties": { "OBJECTID": 186, "KOD_ORP": "8102", "NAZ_ZKR_ORP": "Bohumín", "NAZ_ORP": "Bohumín", "KOD_RUIAN": "1783", "KOD_OKRES": "40886", "KOD_LAU1": "CZ0803", "NAZ_LAU1": "Karviná", "KOD_KRAJ": "3140", "KOD_CZNUTS3": "CZ080", "NAZ_CZNUTS3": "Moravskoslezský kraj", "SNATKY": 175.0, "ROZVODY": 75.0, "NAROZENI": 306.0, "ZEMRELI": 421.0, "PRISTEHOVALI": 607.0, "VYSTEHOVALI": 683.0, "POCET_OBYV": 33719.0, "MUZI": 16628.0, "ZENY": 17091.0, "OBYV_0_14": 4884.0, "MUZI_0_14": 2544.0, "ZENY_0_14": 2340.0, "OBYV_15_64": 22771.0, "MUZI_15_64": 11617.0, "ZENY_15_64": 11154.0, "OBYV_65": 6064.0, "MUZI_65": 2467.0, "ZENY_65": 3597.0, "MIRA_NEZAM": 7.650675, "SX": -463015.729765, "SY": -1095272.0894899999 }, "geometry": { "type": "Point", "coordinates": [ -463015.729800000786781, -1095272.089499998837709 ] } },
{ "type": "Feature", "properties": { "OBJECTID": 187, "KOD_ORP": "8103", "NAZ_ZKR_ORP": "Bruntál", "NAZ_ORP": "Bruntál", "KOD_RUIAN": "1716", "KOD_OKRES": "40860", "KOD_LAU1": "CZ0801", "NAZ_LAU1": "Bruntál", "KOD_KRAJ": "3140", "KOD_CZNUTS3": "CZ080", "NAZ_CZNUTS3": "Moravskoslezský kraj", "SNATKY": 180.0, "ROZVODY": 81.0, "NAROZENI": 324.0, "ZEMRELI": 394.0, "PRISTEHOVALI": 531.0, "VYSTEHOVALI": 790.0, "POCET_OBYV": 37193.0, "MUZI": 18359.0, "ZENY": 18834.0, "OBYV_0_14": 5482.0, "MUZI_0_14": 2812.0, "ZENY_0_14": 2670.0, "OBYV_15_64": 25304.0, "MUZI_15_64": 12776.0, "ZENY_15_64": 12528.0, "OBYV_65": 6407.0, "MUZI_65": 2771.0, "ZENY_65": 3636.0, "MIRA_NEZAM": 12.314241, "SX": -528217.406327, "SY": -1079580.0625499999 }, "geometry": { "type": "Point", "coordinates": [ -528217.406300000846386, -1079580.0625 ] } },
{ "type": "Feature", "properties": { "OBJECTID": 188, "KOD_ORP": "8104", "NAZ_ZKR_ORP": "Český Těšín", "NAZ_ORP": "Český Těšín", "KOD_RUIAN": "1821", "KOD_OKRES": "40886", "KOD_LAU1": "CZ0803", "NAZ_LAU1": "Karviná", "KOD_KRAJ": "3140", "KOD_CZNUTS3": "CZ080", "NAZ_CZNUTS3": "Moravskoslezský kraj", "SNATKY": 125.0, "ROZVODY": 72.0, "NAROZENI": 283.0, "ZEMRELI": 290.0, "PRISTEHOVALI": 564.0, "VYSTEHOVALI": 647.0, "POCET_OBYV": 26089.0, "MUZI": 12636.0, "ZENY": 13453.0, "OBYV_0_14": 4009.0, "MUZI_0_14": 1977.0, "ZENY_0_14": 2032.0, "OBYV_15_64": 17816.0, "MUZI_15_64": 8911.0, "ZENY_15_64": 8905.0, "OBYV_65": 4264.0, "MUZI_65": 1748.0, "ZENY_65": 2516.0, "MIRA_NEZAM": 7.702516, "SX": -449998.47402600001, "SY": -1113444.1672700001 }, "geometry": { "type": "Point", "coordinates": [ -449998.473999999463558, -1113444.167300000786781 ] } },
{ "type": "Feature", "properties": { "OBJECTID": 189, "KOD_ORP": "8105", "NAZ_ZKR_ORP": "Frenštát pod Radhoštěm", "NAZ_ORP": "Frenštát pod Radhoštěm", "KOD_RUIAN": "1848", "KOD_OKRES": "40894", "KOD_LAU1": "CZ0804", "NAZ_LAU1": "Nový Jičín", "KOD_KRAJ": "3140", "KOD_CZNUTS3": "CZ080", "NAZ_CZNUTS3": "Moravskoslezský kraj", "SNATKY": 82.0, "ROZVODY": 46.0, "NAROZENI": 194.0, "ZEMRELI": 218.0, "PRISTEHOVALI": 359.0, "VYSTEHOVALI": 258.0, "POCET_OBYV": 19303.0, "MUZI": 9515.0, "ZENY": 9788.0, "OBYV_0_14": 2961.0, "MUZI_0_14": 1578.0, "ZENY_0_14": 1383.0, "OBYV_15_64": 12860.0, "MUZI_15_64": 6521.0, "ZENY_15_64": 6339.0, "OBYV_65": 3482.0, "MUZI_65": 1416.0, "ZENY_65": 2066.0, "MIRA_NEZAM": 4.097727, "SX": -479708.09869700001, "SY": -1134253.8857 }, "geometry": { "type": "Point", "coordinates": [ -479708.098700001835823, -1134253.88569999858737 ] } },
{ "type": "Feature", "properties": { "OBJECTID": 190, "KOD_ORP": "8106", "NAZ_ZKR_ORP": "Frýdek-Místek", "NAZ_ORP": "Frýdek-Místek", "KOD_RUIAN": "1741", "KOD_OKRES": "40878", "KOD_LAU1": "CZ0802", "NAZ_LAU1": "Frýdek-Místek", "KOD_KRAJ": "3140", "KOD_CZNUTS3": "CZ080", "NAZ_CZNUTS3": "Moravskoslezský kraj", "SNATKY": 518.0, "ROZVODY": 288.0, "NAROZENI": 1101.0, "ZEMRELI": 1122.0, "PRISTEHOVALI": 1907.0, "VYSTEHOVALI": 1601.0, "POCET_OBYV": 111266.0, "MUZI": 54816.0, "ZENY": 56450.0, "OBYV_0_14": 16885.0, "MUZI_0_14": 8617.0, "ZENY_0_14": 8268.0, "OBYV_15_64": 74960.0, "MUZI_15_64": 38119.0, "ZENY_15_64": 36841.0, "OBYV_65": 19421.0, "MUZI_65": 8080.0, "ZENY_65": 11341.0, "MIRA_NEZAM": 5.856005, "SX": -463902.20449099998, "SY": -1123788.7432299999 }, "geometry": { "type": "Point", "coordinates": [ -463902.204500000923872, -1123788.743200000375509 ] } },
{ "type": "Feature", "properties": { "OBJECTID": 191, "KOD_ORP": "8107", "NAZ_ZKR_ORP": "Frýdlant nad Ostravicí", "NAZ_ORP": "Frýdlant nad Ostravicí", "KOD_RUIAN": "1759", "KOD_OKRES": "40878", "KOD_LAU1": "CZ0802", "NAZ_LAU1": "Frýdek-Místek", "KOD_KRAJ": "3140", "KOD_CZNUTS3": "CZ080", "NAZ_CZNUTS3": "Moravskoslezský kraj", "SNATKY": 107.0, "ROZVODY": 72.0, "NAROZENI": 228.0, "ZEMRELI": 281.0, "PRISTEHOVALI": 579.0, "VYSTEHOVALI": 429.0, "POCET_OBYV": 24452.0, "MUZI": 12095.0, "ZENY": 12357.0, "OBYV_0_14": 3741.0, "MUZI_0_14": 1914.0, "ZENY_0_14": 1827.0, "OBYV_15_64": 16119.0, "MUZI_15_64": 8240.0, "ZENY_15_64": 7879.0, "OBYV_65": 4592.0, "MUZI_65": 1941.0, "ZENY_65": 2651.0, "MIRA_NEZAM": 5.903355, "SX": -465496.84133700002, "SY": -1138282.23073 }, "geometry": { "type": "Point", "coordinates": [ -465496.841299999505281, -1138282.230700001120567 ] } },
{ "type": "Feature", "properties": { "OBJECTID": 192, "KOD_ORP": "8108", "NAZ_ZKR_ORP": "Havířov", "NAZ_ORP": "Havířov", "KOD_RUIAN": "1791", "KOD_OKRES": "40886", "KOD_LAU1": "CZ0803", "NAZ_LAU1": "Karviná", "KOD_KRAJ": "3140", "KOD_CZNUTS3": "CZ080", "NAZ_CZNUTS3": "Moravskoslezský kraj", "SNATKY": 476.0, "ROZVODY": 250.0, "NAROZENI": 793.0, "ZEMRELI": 1015.0, "PRISTEHOVALI": 1558.0, "VYSTEHOVALI": 2172.0, "POCET_OBYV": 89271.0, "MUZI": 43611.0, "ZENY": 45660.0, "OBYV_0_14": 12493.0, "MUZI_0_14": 6433.0, "ZENY_0_14": 6060.0, "OBYV_15_64": 59225.0, "MUZI_15_64": 30163.0, "ZENY_15_64": 29062.0, "OBYV_65": 17553.0, "MUZI_65": 7015.0, "ZENY_65": 10538.0, "MIRA_NEZAM": 11.249648, "SX": -457351.40466399997, "SY": -1109698.9501100001 }, "geometry": { "type": "Point", "coordinates": [ -457351.404699999839067, -1109698.950100000947714 ] } },
{ "type": "Feature", "properties": { "OBJECTID": 193, "KOD_ORP": "8109", "NAZ_ZKR_ORP": "Hlučín", "NAZ_ORP": "Hlučín", "KOD_RUIAN": "1929", "KOD_OKRES": "40908", "KOD_LAU1": "CZ0805", "NAZ_LAU1": "Opava", "KOD_KRAJ": "3140", "KOD_CZNUTS3": "CZ080", "NAZ_CZNUTS3": "Moravskoslezský kraj", "SNATKY": 185.0, "ROZVODY": 78.0, "NAROZENI": 402.0, "ZEMRELI": 414.0, "PRISTEHOVALI": 703.0, "VYSTEHOVALI": 553.0, "POCET_OBYV": 40385.0, "MUZI": 19749.0, "ZENY": 20636.0, "OBYV_0_14": 6090.0, "MUZI_0_14": 3071.0, "ZENY_0_14": 3019.0, "OBYV_15_64": 27106.0, "MUZI_15_64": 13788.0, "ZENY_15_64": 13318.0, "OBYV_65": 7189.0, "MUZI_65": 2890.0, "ZENY_65": 4299.0, "MIRA_NEZAM": 5.0317, "SX": -476109.72003800003, "SY": -1091158.4503 }, "geometry": { "type": "Point", "coordinates": [ -476109.719999998807907, -1091158.450300000607967 ] } },
{ "type": "Feature", "properties": { "OBJECTID": 194, "KOD_ORP": "8110", "NAZ_ZKR_ORP": "Jablunkov", "NAZ_ORP": "Jablunkov", "KOD_RUIAN": "1767", "KOD_OKRES": "40878", "KOD_LAU1": "CZ0802", "NAZ_LAU1": "Frýdek-Místek", "KOD_KRAJ": "3140", "KOD_CZNUTS3": "CZ080", "NAZ_CZNUTS3": "Moravskoslezský kraj", "SNATKY": 117.0, "ROZVODY": 43.0, "NAROZENI": 225.0, "ZEMRELI": 278.0, "PRISTEHOVALI": 234.0, "VYSTEHOVALI": 283.0, "POCET_OBYV": 22677.0, "MUZI": 11230.0, "ZENY": 11447.0, "OBYV_0_14": 3640.0, "MUZI_0_14": 1838.0, "ZENY_0_14": 1802.0, "OBYV_15_64": 15524.0, "MUZI_15_64": 8044.0, "ZENY_15_64": 7480.0, "OBYV_65": 3513.0, "MUZI_65": 1348.0, "ZENY_65": 2165.0, "MIRA_NEZAM": 4.582589, "SX": -440593.25674400001, "SY": -1135785.5481700001 }, "geometry": { "type": "Point", "coordinates": [ -440593.256700001657009, -1135785.5482 ] } },
{ "type": "Feature", "properties": { "OBJECTID": 195, "KOD_ORP": "8111", "NAZ_ZKR_ORP": "Karviná", "NAZ_ORP": "Karviná", "KOD_RUIAN": "1805", "KOD_OKRES": "40886", "KOD_LAU1": "CZ0803", "NAZ_LAU1": "Karviná", "KOD_KRAJ": "3140", "KOD_CZNUTS3": "CZ080", "NAZ_CZNUTS3": "Moravskoslezský kraj", "SNATKY": 255.0, "ROZVODY": 152.0, "NAROZENI": 558.0, "ZEMRELI": 829.0, "PRISTEHOVALI": 862.0, "VYSTEHOVALI": 1436.0, "POCET_OBYV": 66569.0, "MUZI": 33072.0, "ZENY": 33497.0, "OBYV_0_14": 8942.0, "MUZI_0_14": 4644.0, "ZENY_0_14": 4298.0, "OBYV_15_64": 44783.0, "MUZI_15_64": 23385.0, "ZENY_15_64": 21398.0, "OBYV_65": 12844.0, "MUZI_65": 5043.0, "ZENY_65": 7801.0, "MIRA_NEZAM": 12.738491, "SX": -453074.39125400002, "SY": -1100917.12387 }, "geometry": { "type": "Point", "coordinates": [ -453074.39130000025034, -1100917.1239 ] } },
{ "type": "Feature", "properties": { "OBJECTID": 196, "KOD_ORP": "8112", "NAZ_ZKR_ORP": "Kopřivnice", "NAZ_ORP": "Kopřivnice", "KOD_RUIAN": "1856", "KOD_OKRES": "40894", "KOD_LAU1": "CZ0804", "NAZ_LAU1": "Nový Jičín", "KOD_KRAJ": "3140", "KOD_CZNUTS3": "CZ080", "NAZ_CZNUTS3": "Moravskoslezský kraj", "SNATKY": 203.0, "ROZVODY": 93.0, "NAROZENI": 434.0, "ZEMRELI": 349.0, "PRISTEHOVALI": 537.0, "VYSTEHOVALI": 651.0, "POCET_OBYV": 41061.0, "MUZI": 20315.0, "ZENY": 20746.0, "OBYV_0_14": 6307.0, "MUZI_0_14": 3261.0, "ZENY_0_14": 3046.0, "OBYV_15_64": 27715.0, "MUZI_15_64": 14158.0, "ZENY_15_64": 13557.0, "OBYV_65": 7039.0, "MUZI_65": 2896.0, "ZENY_65": 4143.0, "MIRA_NEZAM": 5.073084, "SX": -482504.21642299998, "SY": -1122816.94933 }, "geometry": { "type": "Point", "coordinates": [ -482504.216400001198053, -1122816.949299998581409 ] } },
{ "type": "Feature", "properties": { "OBJECTID": 197, "KOD_ORP": "8113", "NAZ_ZKR_ORP": "Kravaře", "NAZ_ORP": "Kravaře", "KOD_RUIAN": "1937", "KOD_OKRES": "40908", "KOD_LAU1": "CZ0805", "NAZ_LAU1": "Opava", "KOD_KRAJ": "3140", "KOD_CZNUTS3": "CZ080", "NAZ_CZNUTS3": "Moravskoslezský kraj", "SNATKY": 93.0, "ROZVODY": 47.0, "NAROZENI": 213.0, "ZEMRELI": 259.0, "PRISTEHOVALI": 275.0, "VYSTEHOVALI": 331.0, "POCET_OBYV": 21251.0, "MUZI": 10530.0, "ZENY": 10721.0, "OBYV_0_14": 3433.0, "MUZI_0_14": 1743.0, "ZENY_0_14": 1690.0, "OBYV_15_64": 14631.0, "MUZI_15_64": 7491.0, "ZENY_15_64": 7140.0, "OBYV_65": 3187.0, "MUZI_65": 1296.0, "ZENY_65": 1891.0, "MIRA_NEZAM": 8.141342, "SX": -485282.99308, "SY": -1084011.1462600001 }, "geometry": { "type": "Point", "coordinates": [ -485282.993099998682737, -1084011.146299999207258 ] } },
{ "type": "Feature", "properties": { "OBJECTID": 198, "KOD_ORP": "8114", "NAZ_ZKR_ORP": "Krnov", "NAZ_ORP": "Krnov", "KOD_RUIAN": "1724", "KOD_OKRES": "40860", "KOD_LAU1": "CZ0801", "NAZ_LAU1": "Bruntál", "KOD_KRAJ": "3140", "KOD_CZNUTS3": "CZ080", "NAZ_CZNUTS3": "Moravskoslezský kraj", "SNATKY": 150.0, "ROZVODY": 93.0, "NAROZENI": 376.0, "ZEMRELI": 535.0, "PRISTEHOVALI": 491.0, "VYSTEHOVALI": 663.0, "POCET_OBYV": 40814.0, "MUZI": 20094.0, "ZENY": 20720.0, "OBYV_0_14": 5897.0, "MUZI_0_14": 3046.0, "ZENY_0_14": 2851.0, "OBYV_15_64": 27164.0, "MUZI_15_64": 13869.0, "ZENY_15_64": 13295.0, "OBYV_65": 7753.0, "MUZI_65": 3179.0, "ZENY_65": 4574.0, "MIRA_NEZAM": 11.183308, "SX": -517891.62119899999, "SY": -1061036.8610799999 }, "geometry": { "type": "Point", "coordinates": [ -517891.621199999004602, -1061036.861099999397993 ] } },
{ "type": "Feature", "properties": { "OBJECTID": 199, "KOD_ORP": "8115", "NAZ_ZKR_ORP": "Nový Jičín", "NAZ_ORP": "Nový Jičín", "KOD_RUIAN": "1864", "KOD_OKRES": "40894", "KOD_LAU1": "CZ0804", "NAZ_LAU1": "Nový Jičín", "KOD_KRAJ": "3140", "KOD_CZNUTS3": "CZ080", "NAZ_CZNUTS3": "Moravskoslezský kraj", "SNATKY": 217.0, "ROZVODY": 100.0, "NAROZENI": 517.0, "ZEMRELI": 461.0, "PRISTEHOVALI": 728.0, "VYSTEHOVALI": 683.0, "POCET_OBYV": 48584.0, "MUZI": 23750.0, "ZENY": 24834.0, "OBYV_0_14": 7749.0, "MUZI_0_14": 3921.0, "ZENY_0_14": 3828.0, "OBYV_15_64": 32367.0, "MUZI_15_64": 16271.0, "ZENY_15_64": 16096.0, "OBYV_65": 8468.0, "MUZI_65": 3558.0, "ZENY_65": 4910.0, "MIRA_NEZAM": 5.370155, "SX": -493767.69958700001, "SY": -1125212.97269 }, "geometry": { "type": "Point", "coordinates": [ -493767.699599999934435, -1125212.972699999809265 ] } },
{ "type": "Feature", "properties": { "OBJECTID": 200, "KOD_ORP": "8116", "NAZ_ZKR_ORP": "Odry", "NAZ_ORP": "Odry", "KOD_RUIAN": "1872", "KOD_OKRES": "40894", "KOD_LAU1": "CZ0804", "NAZ_LAU1": "Nový Jičín", "KOD_KRAJ": "3140", "KOD_CZNUTS3": "CZ080", "NAZ_CZNUTS3": "Moravskoslezský kraj", "SNATKY": 78.0, "ROZVODY": 31.0, "NAROZENI": 183.0, "ZEMRELI": 173.0, "PRISTEHOVALI": 277.0, "VYSTEHOVALI": 305.0, "POCET_OBYV": 17098.0, "MUZI": 8459.0, "ZENY": 8639.0, "OBYV_0_14": 2641.0, "MUZI_0_14": 1319.0, "ZENY_0_14": 1322.0, "OBYV_15_64": 11476.0, "MUZI_15_64": 5927.0, "ZENY_15_64": 5549.0, "OBYV_65": 2981.0, "MUZI_65": 1213.0, "ZENY_65": 1768.0, "MIRA_NEZAM": 6.324315, "SX": -504125.57082600001, "SY": -1114088.76691 }, "geometry": { "type": "Point", "coordinates": [ -504125.570799998939037, -1114088.7668999992311 ] } },
{ "type": "Feature", "properties": { "OBJECTID": 201, "KOD_ORP": "8117", "NAZ_ZKR_ORP": "Opava", "NAZ_ORP": "Opava", "KOD_RUIAN": "1945", "KOD_OKRES": "40908", "KOD_LAU1": "CZ0805", "NAZ_LAU1": "Opava", "KOD_KRAJ": "3140", "KOD_CZNUTS3": "CZ080", "NAZ_CZNUTS3": "Moravskoslezský kraj", "SNATKY": 473.0, "ROZVODY": 231.0, "NAROZENI": 1035.0, "ZEMRELI": 996.0, "PRISTEHOVALI": 1169.0, "VYSTEHOVALI": 1223.0, "POCET_OBYV": 101646.0, "MUZI": 49551.0, "ZENY": 52095.0, "OBYV_0_14": 15545.0, "MUZI_0_14": 8011.0, "ZENY_0_14": 7534.0, "OBYV_15_64": 67935.0, "MUZI_15_64": 34177.0, "ZENY_15_64": 33758.0, "OBYV_65": 18166.0, "MUZI_65": 7363.0, "ZENY_65": 10803.0, "MIRA_NEZAM": 6.805529, "SX": -500681.51228700002, "SY": -1090131.4365000001 }, "geometry": { "type": "Point", "coordinates": [ -500681.512299999594688, -1090131.436500001698732 ] } },
{ "type": "Feature", "properties": { "OBJECTID": 202, "KOD_ORP": "8118", "NAZ_ZKR_ORP": "Orlová", "NAZ_ORP": "Orlová", "KOD_RUIAN": "1813", "KOD_OKRES": "40886", "KOD_LAU1": "CZ0803", "NAZ_LAU1": "Karviná", "KOD_KRAJ": "3140", "KOD_CZNUTS3": "CZ080", "NAZ_CZNUTS3": "Moravskoslezský kraj", "SNATKY": 172.0, "ROZVODY": 93.0, "NAROZENI": 356.0, "ZEMRELI": 478.0, "PRISTEHOVALI": 879.0, "VYSTEHOVALI": 1222.0, "POCET_OBYV": 37870.0, "MUZI": 18535.0, "ZENY": 19335.0, "OBYV_0_14": 5428.0, "MUZI_0_14": 2732.0, "ZENY_0_14": 2696.0, "OBYV_15_64": 26474.0, "MUZI_15_64": 13392.0, "ZENY_15_64": 13082.0, "OBYV_65": 5968.0, "MUZI_65": 2411.0, "ZENY_65": 3557.0, "MIRA_NEZAM": 11.22415, "SX": -460250.263079, "SY": -1101198.28819 }, "geometry": { "type": "Point", "coordinates": [ -460250.263099998235703, -1101198.288199998438358 ] } },
{ "type": "Feature", "properties": { "OBJECTID": 203, "KOD_ORP": "8119", "NAZ_ZKR_ORP": "Ostrava", "NAZ_ORP": "Ostrava", "KOD_RUIAN": "1961", "KOD_OKRES": "40916", "KOD_LAU1": "CZ0806", "NAZ_LAU1": "Ostrava-město", "KOD_KRAJ": "3140", "KOD_CZNUTS3": "CZ080", "NAZ_CZNUTS3": "Moravskoslezský kraj", "SNATKY": 1418.0, "ROZVODY": 941.0, "NAROZENI": 3275.0, "ZEMRELI": 3790.0, "PRISTEHOVALI": 4589.0, "VYSTEHOVALI": 5403.0, "POCET_OBYV": 324311.0, "MUZI": 157239.0, "ZENY": 167072.0, "OBYV_0_14": 47750.0, "MUZI_0_14": 24394.0, "ZENY_0_14": 23356.0, "OBYV_15_64": 216481.0, "MUZI_15_64": 108996.0, "ZENY_15_64": 107485.0, "OBYV_65": 60080.0, "MUZI_65": 23849.0, "ZENY_65": 36231.0, "MIRA_NEZAM": 9.530413, "SX": -474790.47833499999, "SY": -1104509.7180900001 }, "geometry": { "type": "Point", "coordinates": [ -474790.478300001472235, -1104509.718100000172853 ] } },
{ "type": "Feature", "properties": { "OBJECTID": 204, "KOD_ORP": "8120", "NAZ_ZKR_ORP": "Rýmařov", "NAZ_ORP": "Rýmařov", "KOD_RUIAN": "1732", "KOD_OKRES": "40860", "KOD_LAU1": "CZ0801", "NAZ_LAU1": "Bruntál", "KOD_KRAJ": "3140", "KOD_CZNUTS3": "CZ080", "NAZ_CZNUTS3": "Moravskoslezský kraj", "SNATKY": 80.0, "ROZVODY": 46.0, "NAROZENI": 139.0, "ZEMRELI": 201.0, "PRISTEHOVALI": 233.0, "VYSTEHOVALI": 366.0, "POCET_OBYV": 15711.0, "MUZI": 7863.0, "ZENY": 7848.0, "OBYV_0_14": 2164.0, "MUZI_0_14": 1145.0, "ZENY_0_14": 1019.0, "OBYV_15_64": 10463.0, "MUZI_15_64": 5391.0, "ZENY_15_64": 5072.0, "OBYV_65": 3084.0, "MUZI_65": 1327.0, "ZENY_65": 1757.0, "MIRA_NEZAM": 9.645284, "SX": -541906.03310899995, "SY": -1082856.2615499999 }, "geometry": { "type": "Point", "coordinates": [ -541906.033100001513958, -1082856.261500000953674 ] } },
{ "type": "Feature", "properties": { "OBJECTID": 205, "KOD_ORP": "8121", "NAZ_ZKR_ORP": "Třinec", "NAZ_ORP": "Třinec", "KOD_RUIAN": "1775", "KOD_OKRES": "40878", "KOD_LAU1": "CZ0802", "NAZ_LAU1": "Frýdek-Místek", "KOD_KRAJ": "3140", "KOD_CZNUTS3": "CZ080", "NAZ_CZNUTS3": "Moravskoslezský kraj", "SNATKY": 266.0, "ROZVODY": 125.0, "NAROZENI": 523.0, "ZEMRELI": 624.0, "PRISTEHOVALI": 754.0, "VYSTEHOVALI": 660.0, "POCET_OBYV": 54865.0, "MUZI": 26908.0, "ZENY": 27957.0, "OBYV_0_14": 8262.0, "MUZI_0_14": 4220.0, "ZENY_0_14": 4042.0, "OBYV_15_64": 36478.0, "MUZI_15_64": 18626.0, "ZENY_15_64": 17852.0, "OBYV_65": 10125.0, "MUZI_65": 4062.0, "ZENY_65": 6063.0, "MIRA_NEZAM": 5.094642, "SX": -445779.74979199999, "SY": -1124578.4679399999 }, "geometry": { "type": "Point", "coordinates": [ -445779.749800000339746, -1124578.4679000005126 ] } },
{ "type": "Feature", "properties": { "OBJECTID": 206, "KOD_ORP": "8122", "NAZ_ZKR_ORP": "Vítkov", "NAZ_ORP": "Vítkov", "KOD_RUIAN": "1953", "KOD_OKRES": "40908", "KOD_LAU1": "CZ0805", "NAZ_LAU1": "Opava", "KOD_KRAJ": "3140", "KOD_CZNUTS3": "CZ080", "NAZ_CZNUTS3": "Moravskoslezský kraj", "SNATKY": 46.0, "ROZVODY": 24.0, "NAROZENI": 145.0, "ZEMRELI": 170.0, "PRISTEHOVALI": 223.0, "VYSTEHOVALI": 284.0, "POCET_OBYV": 13460.0, "MUZI": 6724.0, "ZENY": 6736.0, "OBYV_0_14": 2053.0, "MUZI_0_14": 1057.0, "ZENY_0_14": 996.0, "OBYV_15_64": 8980.0, "MUZI_15_64": 4668.0, "ZENY_15_64": 4312.0, "OBYV_65": 2427.0, "MUZI_65": 999.0, "ZENY_65": 1428.0, "MIRA_NEZAM": 12.235964, "SX": -511438.35461799998, "SY": -1101816.3997200001 }, "geometry": { "type": "Point", "coordinates": [ -511438.354600001126528, -1101816.399700000882149 ] } }
]
}
