{"type":"FeatureCollection","features":[{"type":"Feature","id":1,"geometry":{"type":"Point","coordinates":[14.659437536571128,49.621502391491568]},"properties":{"OBJECTID":1,"KOD":"60","NAZEV":"Votice","ORP_KOD":"43","VUSC_KOD":"27","NUTS3_KOD":"CZ020","SPR_OB_KOD":"530905","ORIG_FID":1}},{"type":"Feature","id":2,"geometry":{"type":"Point","coordinates":[13.911451152056744,49.529168322722732]},"properties":{"OBJECTID":2,"KOD":"485","NAZEV":"Březnice","ORP_KOD":"256","VUSC_KOD":"27","NUTS3_KOD":"CZ020","SPR_OB_KOD":"540013","ORIG_FID":2}},{"type":"Feature","id":3,"geometry":{"type":"Point","coordinates":[14.767422968867237,48.777092377881793]},"properties":{"OBJECTID":3,"KOD":"604","NAZEV":"Nové Hrady","ORP_KOD":"281","VUSC_KOD":"35","NUTS3_KOD":"CZ031","SPR_OB_KOD":"544868","ORIG_FID":3}},{"type":"Feature","id":4,"geometry":{"type":"Point","coordinates":[14.660460402636389,48.860298289687222]},"properties":{"OBJECTID":4,"KOD":"612","NAZEV":"Trhové Sviny","ORP_KOD":"281","VUSC_KOD":"35","NUTS3_KOD":"CZ031","SPR_OB_KOD":"545171","ORIG_FID":4}},{"type":"Feature","id":5,"geometry":{"type":"Point","coordinates":[14.441814609070187,49.212705580814486]},"properties":{"OBJECTID":5,"KOD":"621","NAZEV":"Týn nad Vltavou","ORP_KOD":"299","VUSC_KOD":"35","NUTS3_KOD":"CZ031","SPR_OB_KOD":"545201","ORIG_FID":5}},{"type":"Feature","id":6,"geometry":{"type":"Point","coordinates":[14.467478585794748,49.133614582910532]},"properties":{"OBJECTID":6,"KOD":"582","NAZEV":"Hluboká nad Vltavou","ORP_KOD":"302","VUSC_KOD":"35","NUTS3_KOD":"CZ031","SPR_OB_KOD":"544485","ORIG_FID":6}},{"type":"Feature","id":7,"geometry":{"type":"Point","coordinates":[14.625839142761974,49.021051690155382]},"properties":{"OBJECTID":7,"KOD":"591","NAZEV":"Lišov","ORP_KOD":"302","VUSC_KOD":"35","NUTS3_KOD":"CZ031","SPR_OB_KOD":"544779","ORIG_FID":7}},{"type":"Feature","id":8,"geometry":{"type":"Point","coordinates":[14.369932225250633,49.061468379589215]},"properties":{"OBJECTID":8,"KOD":"639","NAZEV":"Zliv","ORP_KOD":"302","VUSC_KOD":"35","NUTS3_KOD":"CZ031","SPR_OB_KOD":"545341","ORIG_FID":8}},{"type":"Feature","id":9,"geometry":{"type":"Point","coordinates":[14.473847384502141,48.943238722010484]},"properties":{"OBJECTID":9,"KOD":"647","NAZEV":"České Budějovice","ORP_KOD":"302","VUSC_KOD":"35","NUTS3_KOD":"CZ031","SPR_OB_KOD":"544256","ORIG_FID":9}},{"type":"Feature","id":10,"geometry":{"type":"Point","coordinates":[14.531934931501585,48.697480025278914]},"properties":{"OBJECTID":10,"KOD":"663","NAZEV":"Kaplice","ORP_KOD":"311","VUSC_KOD":"35","NUTS3_KOD":"CZ031","SPR_OB_KOD":"545562","ORIG_FID":10}},{"type":"Feature","id":11,"geometry":{"type":"Point","coordinates":[14.069202677267919,48.734682852399928]},"properties":{"OBJECTID":11,"KOD":"655","NAZEV":"Horní Planá","ORP_KOD":"329","VUSC_KOD":"35","NUTS3_KOD":"CZ031","SPR_OB_KOD":"545511","ORIG_FID":11}},{"type":"Feature","id":12,"geometry":{"type":"Point","coordinates":[14.08445611726825,48.85342431399814]},"properties":{"OBJECTID":12,"KOD":"671","NAZEV":"Vojenský újezd Boletice","ORP_KOD":"329","VUSC_KOD":"35","NUTS3_KOD":"CZ031","SPR_OB_KOD":"545422","ORIG_FID":12}},{"type":"Feature","id":13,"geometry":{"type":"Point","coordinates":[14.234380512200566,48.631766201229048]},"properties":{"OBJECTID":13,"KOD":"680","NAZEV":"Vyšší Brod","ORP_KOD":"329","VUSC_KOD":"35","NUTS3_KOD":"CZ031","SPR_OB_KOD":"545848","ORIG_FID":13}},{"type":"Feature","id":14,"geometry":{"type":"Point","coordinates":[14.360972533185462,48.825543350211248]},"properties":{"OBJECTID":14,"KOD":"698","NAZEV":"Český Krumlov","ORP_KOD":"329","VUSC_KOD":"35","NUTS3_KOD":"CZ031","SPR_OB_KOD":"545392","ORIG_FID":14}},{"type":"Feature","id":15,"geometry":{"type":"Point","coordinates":[15.394708918070897,49.090046326456743]},"properties":{"OBJECTID":15,"KOD":"701","NAZEV":"Dačice","ORP_KOD":"337","VUSC_KOD":"35","NUTS3_KOD":"CZ031","SPR_OB_KOD":"546127","ORIG_FID":15}},{"type":"Feature","id":16,"geometry":{"type":"Point","coordinates":[15.420419870525039,48.971593015350393]},"properties":{"OBJECTID":16,"KOD":"736","NAZEV":"Slavonice","ORP_KOD":"337","VUSC_KOD":"35","NUTS3_KOD":"CZ031","SPR_OB_KOD":"547166","ORIG_FID":16}},{"type":"Feature","id":17,"geometry":{"type":"Point","coordinates":[15.01284332432483,49.162590254739257]},"properties":{"OBJECTID":17,"KOD":"710","NAZEV":"Jindřichův Hradec","ORP_KOD":"345","VUSC_KOD":"35","NUTS3_KOD":"CZ031","SPR_OB_KOD":"545881","ORIG_FID":17}},{"type":"Feature","id":18,"geometry":{"type":"Point","coordinates":[15.151430041218015,49.025140842330067]},"properties":{"OBJECTID":18,"KOD":"728","NAZEV":"Nová Bystřice","ORP_KOD":"345","VUSC_KOD":"35","NUTS3_KOD":"CZ031","SPR_OB_KOD":"546798","ORIG_FID":18}},{"type":"Feature","id":19,"geometry":{"type":"Point","coordinates":[14.897669340206408,48.87618107256808]},"properties":{"OBJECTID":19,"KOD":"744","NAZEV":"Suchdol nad Lužnicí","ORP_KOD":"353","VUSC_KOD":"35","NUTS3_KOD":"CZ031","SPR_OB_KOD":"547280","ORIG_FID":19}},{"type":"Feature","id":20,"geometry":{"type":"Point","coordinates":[14.81238714299116,49.015270305317635]},"properties":{"OBJECTID":20,"KOD":"752","NAZEV":"Třeboň","ORP_KOD":"353","VUSC_KOD":"35","NUTS3_KOD":"CZ031","SPR_OB_KOD":"547336","ORIG_FID":20}},{"type":"Feature","id":21,"geometry":{"type":"Point","coordinates":[14.935025006499638,48.798675114411736]},"properties":{"OBJECTID":21,"KOD":"761","NAZEV":"České Velenice","ORP_KOD":"353","VUSC_KOD":"35","NUTS3_KOD":"CZ031","SPR_OB_KOD":"546089","ORIG_FID":21}},{"type":"Feature","id":22,"geometry":{"type":"Point","coordinates":[14.331798457578492,49.457166249752376]},"properties":{"OBJECTID":22,"KOD":"825","NAZEV":"Milevsko","ORP_KOD":"396","VUSC_KOD":"35","NUTS3_KOD":"CZ031","SPR_OB_KOD":"549576","ORIG_FID":22}},{"type":"Feature","id":23,"geometry":{"type":"Point","coordinates":[14.078560554710341,49.440127536078975]},"properties":{"OBJECTID":23,"KOD":"833","NAZEV":"Mirotice","ORP_KOD":"400","VUSC_KOD":"35","NUTS3_KOD":"CZ031","SPR_OB_KOD":"549584","ORIG_FID":23}},{"type":"Feature","id":24,"geometry":{"type":"Point","coordinates":[14.124932053261762,49.494018034748109]},"properties":{"OBJECTID":24,"KOD":"841","NAZEV":"Mirovice","ORP_KOD":"400","VUSC_KOD":"35","NUTS3_KOD":"CZ031","SPR_OB_KOD":"549592","ORIG_FID":24}},{"type":"Feature","id":25,"geometry":{"type":"Point","coordinates":[14.226622903053403,49.22136778593422]},"properties":{"OBJECTID":25,"KOD":"850","NAZEV":"Protivín","ORP_KOD":"400","VUSC_KOD":"35","NUTS3_KOD":"CZ031","SPR_OB_KOD":"549771","ORIG_FID":25}},{"type":"Feature","id":26,"geometry":{"type":"Point","coordinates":[14.17066489911768,49.328053625708307]},"properties":{"OBJECTID":26,"KOD":"868","NAZEV":"Písek","ORP_KOD":"400","VUSC_KOD":"35","NUTS3_KOD":"CZ031","SPR_OB_KOD":"549240","ORIG_FID":26}},{"type":"Feature","id":27,"geometry":{"type":"Point","coordinates":[14.209322567305893,49.055875174219054]},"properties":{"OBJECTID":27,"KOD":"876","NAZEV":"Netolice","ORP_KOD":"418","VUSC_KOD":"35","NUTS3_KOD":"CZ031","SPR_OB_KOD":"550442","ORIG_FID":27}},{"type":"Feature","id":28,"geometry":{"type":"Point","coordinates":[14.041149809642944,49.018051216436866]},"properties":{"OBJECTID":28,"KOD":"884","NAZEV":"Prachatice","ORP_KOD":"418","VUSC_KOD":"35","NUTS3_KOD":"CZ031","SPR_OB_KOD":"550094","ORIG_FID":28}},{"type":"Feature","id":29,"geometry":{"type":"Point","coordinates":[13.888438474558585,48.87868913152731]},"properties":{"OBJECTID":29,"KOD":"906","NAZEV":"Volary","ORP_KOD":"418","VUSC_KOD":"35","NUTS3_KOD":"CZ031","SPR_OB_KOD":"550671","ORIG_FID":29}},{"type":"Feature","id":30,"geometry":{"type":"Point","coordinates":[13.719500554034049,49.030233628009782]},"properties":{"OBJECTID":30,"KOD":"892","NAZEV":"Vimperk","ORP_KOD":"426","VUSC_KOD":"35","NUTS3_KOD":"CZ031","SPR_OB_KOD":"550647","ORIG_FID":30}},{"type":"Feature","id":31,"geometry":{"type":"Point","coordinates":[13.877488101766795,49.434647815506217]},"properties":{"OBJECTID":31,"KOD":"914","NAZEV":"Blatná","ORP_KOD":"434","VUSC_KOD":"35","NUTS3_KOD":"CZ031","SPR_OB_KOD":"550850","ORIG_FID":31}},{"type":"Feature","id":32,"geometry":{"type":"Point","coordinates":[13.888613534527197,49.268809122474089]},"properties":{"OBJECTID":32,"KOD":"922","NAZEV":"Strakonice","ORP_KOD":"442","VUSC_KOD":"35","NUTS3_KOD":"CZ031","SPR_OB_KOD":"550787","ORIG_FID":32}},{"type":"Feature","id":33,"geometry":{"type":"Point","coordinates":[13.853529136959137,49.164963007204321]},"properties":{"OBJECTID":33,"KOD":"949","NAZEV":"Volyně","ORP_KOD":"442","VUSC_KOD":"35","NUTS3_KOD":"CZ031","SPR_OB_KOD":"551970","ORIG_FID":33}},{"type":"Feature","id":34,"geometry":{"type":"Point","coordinates":[14.125272507747891,49.145495901543079]},"properties":{"OBJECTID":34,"KOD":"931","NAZEV":"Vodňany","ORP_KOD":"451","VUSC_KOD":"35","NUTS3_KOD":"CZ031","SPR_OB_KOD":"551953","ORIG_FID":34}},{"type":"Feature","id":35,"geometry":{"type":"Point","coordinates":[14.729014056625418,49.269932839536715]},"properties":{"OBJECTID":35,"KOD":"981","NAZEV":"Soběslav","ORP_KOD":"469","VUSC_KOD":"35","NUTS3_KOD":"CZ031","SPR_OB_KOD":"553131","ORIG_FID":35}},{"type":"Feature","id":36,"geometry":{"type":"Point","coordinates":[14.69464381300403,49.18500978326017]},"properties":{"OBJECTID":36,"KOD":"1007","NAZEV":"Veselí nad Lužnicí","ORP_KOD":"469","VUSC_KOD":"35","NUTS3_KOD":"CZ031","SPR_OB_KOD":"553271","ORIG_FID":36}},{"type":"Feature","id":37,"geometry":{"type":"Point","coordinates":[14.497012365151557,49.297899106755665]},"properties":{"OBJECTID":37,"KOD":"957","NAZEV":"Bechyně","ORP_KOD":"477","VUSC_KOD":"35","NUTS3_KOD":"CZ031","SPR_OB_KOD":"552054","ORIG_FID":37}},{"type":"Feature","id":38,"geometry":{"type":"Point","coordinates":[14.80452030537268,49.543807101690575]},"properties":{"OBJECTID":38,"KOD":"965","NAZEV":"Mladá Vožice","ORP_KOD":"477","VUSC_KOD":"35","NUTS3_KOD":"CZ031","SPR_OB_KOD":"552704","ORIG_FID":38}},{"type":"Feature","id":39,"geometry":{"type":"Point","coordinates":[14.722476787138071,49.350132627680772]},"properties":{"OBJECTID":39,"KOD":"973","NAZEV":"Sezimovo Ústí","ORP_KOD":"477","VUSC_KOD":"35","NUTS3_KOD":"CZ031","SPR_OB_KOD":"553069","ORIG_FID":39}},{"type":"Feature","id":40,"geometry":{"type":"Point","coordinates":[14.559729843667101,49.425454399906755]},"properties":{"OBJECTID":40,"KOD":"990","NAZEV":"Tábor","ORP_KOD":"477","VUSC_KOD":"35","NUTS3_KOD":"CZ031","SPR_OB_KOD":"552046","ORIG_FID":40}},{"type":"Feature","id":41,"geometry":{"type":"Point","coordinates":[12.897796405148242,49.428629589484608]},"properties":{"OBJECTID":41,"KOD":"1015","NAZEV":"Domažlice","ORP_KOD":"485","VUSC_KOD":"43","NUTS3_KOD":"CZ032","SPR_OB_KOD":"553425","ORIG_FID":41}},{"type":"Feature","id":42,"geometry":{"type":"Point","coordinates":[13.055892158951876,49.371822241338421]},"properties":{"OBJECTID":42,"KOD":"1040","NAZEV":"Kdyně","ORP_KOD":"485","VUSC_KOD":"43","NUTS3_KOD":"CZ032","SPR_OB_KOD":"553786","ORIG_FID":42}},{"type":"Feature","id":43,"geometry":{"type":"Point","coordinates":[13.060766294448005,49.538459593361075]},"properties":{"OBJECTID":43,"KOD":"1066","NAZEV":"Staňkov","ORP_KOD":"493","VUSC_KOD":"43","NUTS3_KOD":"CZ032","SPR_OB_KOD":"554294","ORIG_FID":43}},{"type":"Feature","id":44,"geometry":{"type":"Point","coordinates":[13.639849154240901,49.354450416986914]},"properties":{"OBJECTID":44,"KOD":"1163","NAZEV":"Horažďovice","ORP_KOD":"558","VUSC_KOD":"43","NUTS3_KOD":"CZ032","SPR_OB_KOD":"556254","ORIG_FID":44}},{"type":"Feature","id":45,"geometry":{"type":"Point","coordinates":[13.283295647747192,49.376441352010112]},"properties":{"OBJECTID":45,"KOD":"1180","NAZEV":"Klatovy","ORP_KOD":"566","VUSC_KOD":"43","NUTS3_KOD":"CZ032","SPR_OB_KOD":"555771","ORIG_FID":45}},{"type":"Feature","id":46,"geometry":{"type":"Point","coordinates":[13.168931918963699,49.229356342904275]},"properties":{"OBJECTID":46,"KOD":"1198","NAZEV":"Nýrsko","ORP_KOD":"566","VUSC_KOD":"43","NUTS3_KOD":"CZ032","SPR_OB_KOD":"556831","ORIG_FID":46}},{"type":"Feature","id":47,"geometry":{"type":"Point","coordinates":[13.475775655767164,49.38472283792315]},"properties":{"OBJECTID":47,"KOD":"1201","NAZEV":"Plánice","ORP_KOD":"566","VUSC_KOD":"43","NUTS3_KOD":"CZ032","SPR_OB_KOD":"556955","ORIG_FID":47}},{"type":"Feature","id":48,"geometry":{"type":"Point","coordinates":[13.508864561554034,49.061121860529404]},"properties":{"OBJECTID":48,"KOD":"1171","NAZEV":"Kašperské Hory","ORP_KOD":"574","VUSC_KOD":"43","NUTS3_KOD":"CZ032","SPR_OB_KOD":"556432","ORIG_FID":48}},{"type":"Feature","id":49,"geometry":{"type":"Point","coordinates":[13.500977625175137,49.236210815998589]},"properties":{"OBJECTID":49,"KOD":"1210","NAZEV":"Sušice","ORP_KOD":"574","VUSC_KOD":"43","NUTS3_KOD":"CZ032","SPR_OB_KOD":"557153","ORIG_FID":49}},{"type":"Feature","id":50,"geometry":{"type":"Point","coordinates":[13.515135166098435,49.569119490961455]},"properties":{"OBJECTID":50,"KOD":"1236","NAZEV":"Blovice","ORP_KOD":"591","VUSC_KOD":"43","NUTS3_KOD":"CZ032","SPR_OB_KOD":"557587","ORIG_FID":50}},{"type":"Feature","id":51,"geometry":{"type":"Point","coordinates":[13.635231699019302,49.491016160085287]},"properties":{"OBJECTID":51,"KOD":"1252","NAZEV":"Nepomuk","ORP_KOD":"604","VUSC_KOD":"43","NUTS3_KOD":"CZ032","SPR_OB_KOD":"558109","ORIG_FID":51}},{"type":"Feature","id":52,"geometry":{"type":"Point","coordinates":[15.300397268329538,49.555859248066724]},"properties":{"OBJECTID":52,"KOD":"779","NAZEV":"Humpolec","ORP_KOD":"361","VUSC_KOD":"108","NUTS3_KOD":"CZ063","SPR_OB_KOD":"547999","ORIG_FID":52}},{"type":"Feature","id":53,"geometry":{"type":"Point","coordinates":[14.99940601858083,49.488456058417832]},"properties":{"OBJECTID":53,"KOD":"795","NAZEV":"Pacov","ORP_KOD":"370","VUSC_KOD":"108","NUTS3_KOD":"CZ063","SPR_OB_KOD":"548511","ORIG_FID":53}},{"type":"Feature","id":54,"geometry":{"type":"Point","coordinates":[15.019002111945552,49.336075318635203]},"properties":{"OBJECTID":54,"KOD":"787","NAZEV":"Kamenice nad Lipou","ORP_KOD":"388","VUSC_KOD":"108","NUTS3_KOD":"CZ063","SPR_OB_KOD":"548111","ORIG_FID":54}},{"type":"Feature","id":55,"geometry":{"type":"Point","coordinates":[15.21332102232083,49.432628938859516]},"properties":{"OBJECTID":55,"KOD":"809","NAZEV":"Pelhřimov","ORP_KOD":"388","VUSC_KOD":"108","NUTS3_KOD":"CZ063","SPR_OB_KOD":"547492","ORIG_FID":55}},{"type":"Feature","id":56,"geometry":{"type":"Point","coordinates":[15.196020676552031,49.276476060401713]},"properties":{"OBJECTID":56,"KOD":"817","NAZEV":"Počátky","ORP_KOD":"388","VUSC_KOD":"108","NUTS3_KOD":"CZ063","SPR_OB_KOD":"548561","ORIG_FID":56}},{"type":"Feature","id":57,"geometry":{"type":"Point","coordinates":[15.276660656219669,49.700565239050988]},"properties":{"OBJECTID":57,"KOD":"2003","NAZEV":"Ledeč nad Sázavou","ORP_KOD":"957","VUSC_KOD":"108","NUTS3_KOD":"CZ063","SPR_OB_KOD":"568988","ORIG_FID":57}},{"type":"Feature","id":58,"geometry":{"type":"Point","coordinates":[15.39541160732924,49.687710504401096]},"properties":{"OBJECTID":58,"KOD":"2020","NAZEV":"Světlá nad Sázavou","ORP_KOD":"957","VUSC_KOD":"108","NUTS3_KOD":"CZ063","SPR_OB_KOD":"569569","ORIG_FID":58}},{"type":"Feature","id":59,"geometry":{"type":"Point","coordinates":[15.418534888655957,49.288777869137519]},"properties":{"OBJECTID":59,"KOD":"3042","NAZEV":"Třešť","ORP_KOD":"1503","VUSC_KOD":"108","NUTS3_KOD":"CZ063","SPR_OB_KOD":"588032","ORIG_FID":59}},{"type":"Feature","id":60,"geometry":{"type":"Point","coordinates":[16.717237827753141,49.647728954769327]},"properties":{"OBJECTID":60,"KOD":"2488","NAZEV":"Jevíčko","ORP_KOD":"1171","VUSC_KOD":"94","NUTS3_KOD":"CZ053","SPR_OB_KOD":"578193","ORIG_FID":60}},{"type":"Feature","id":61,"geometry":{"type":"Point","coordinates":[16.683285500081006,49.75637415002857]},"properties":{"OBJECTID":61,"KOD":"2500","NAZEV":"Moravská Třebová","ORP_KOD":"1171","VUSC_KOD":"94","NUTS3_KOD":"CZ053","SPR_OB_KOD":"578444","ORIG_FID":61}},{"type":"Feature","id":62,"geometry":{"type":"Point","coordinates":[16.267382807225726,49.690362995959177]},"properties":{"OBJECTID":62,"KOD":"2518","NAZEV":"Polička","ORP_KOD":"1180","VUSC_KOD":"94","NUTS3_KOD":"CZ053","SPR_OB_KOD":"578576","ORIG_FID":62}},{"type":"Feature","id":63,"geometry":{"type":"Point","coordinates":[16.479536716531047,49.722340628472608]},"properties":{"OBJECTID":63,"KOD":"2526","NAZEV":"Svitavy","ORP_KOD":"1198","VUSC_KOD":"94","NUTS3_KOD":"CZ053","SPR_OB_KOD":"577731","ORIG_FID":63}},{"type":"Feature","id":64,"geometry":{"type":"Point","coordinates":[15.744541619191869,49.596499773812702]},"properties":{"OBJECTID":64,"KOD":"2011","NAZEV":"Přibyslav","ORP_KOD":"949","VUSC_KOD":"108","NUTS3_KOD":"CZ063","SPR_OB_KOD":"569321","ORIG_FID":64}},{"type":"Feature","id":65,"geometry":{"type":"Point","coordinates":[15.73669487341289,49.466245237394986]},"properties":{"OBJECTID":65,"KOD":"3026","NAZEV":"Polná","ORP_KOD":"1503","VUSC_KOD":"108","NUTS3_KOD":"CZ063","SPR_OB_KOD":"587711","ORIG_FID":65}},{"type":"Feature","id":66,"geometry":{"type":"Point","coordinates":[16.161063589309375,49.190248054076804]},"properties":{"OBJECTID":66,"KOD":"3191","NAZEV":"Náměšť nad Oslavou","ORP_KOD":"1589","VUSC_KOD":"108","NUTS3_KOD":"CZ063","SPR_OB_KOD":"591211","ORIG_FID":66}},{"type":"Feature","id":67,"geometry":{"type":"Point","coordinates":[16.061358310689123,49.097383761796046]},"properties":{"OBJECTID":67,"KOD":"3158","NAZEV":"Hrotovice","ORP_KOD":"1597","VUSC_KOD":"108","NUTS3_KOD":"CZ063","SPR_OB_KOD":"590673","ORIG_FID":67}},{"type":"Feature","id":68,"geometry":{"type":"Point","coordinates":[15.902859992993106,49.097243708127145]},"properties":{"OBJECTID":68,"KOD":"3166","NAZEV":"Jaroměřice nad Rokytnou","ORP_KOD":"1597","VUSC_KOD":"108","NUTS3_KOD":"CZ063","SPR_OB_KOD":"590754","ORIG_FID":68}},{"type":"Feature","id":69,"geometry":{"type":"Point","coordinates":[16.263910022100816,49.519502193798395]},"properties":{"OBJECTID":69,"KOD":"3379","NAZEV":"Bystřice nad Pernštejnem","ORP_KOD":"1678","VUSC_KOD":"108","NUTS3_KOD":"CZ063","SPR_OB_KOD":"595411","ORIG_FID":69}},{"type":"Feature","id":70,"geometry":{"type":"Point","coordinates":[16.077483192317938,49.564907331450023]},"properties":{"OBJECTID":70,"KOD":"3387","NAZEV":"Nové Město na Moravě","ORP_KOD":"1686","VUSC_KOD":"108","NUTS3_KOD":"CZ063","SPR_OB_KOD":"596230","ORIG_FID":70}},{"type":"Feature","id":71,"geometry":{"type":"Point","coordinates":[16.205207469083149,49.318876670970852]},"properties":{"OBJECTID":71,"KOD":"3395","NAZEV":"Velká Bíteš","ORP_KOD":"1694","VUSC_KOD":"108","NUTS3_KOD":"CZ063","SPR_OB_KOD":"596973","ORIG_FID":71}},{"type":"Feature","id":72,"geometry":{"type":"Point","coordinates":[16.012242375254818,49.377869036722544]},"properties":{"OBJECTID":72,"KOD":"3409","NAZEV":"Velké Meziříčí","ORP_KOD":"1694","VUSC_KOD":"108","NUTS3_KOD":"CZ063","SPR_OB_KOD":"597007","ORIG_FID":72}},{"type":"Feature","id":73,"geometry":{"type":"Point","coordinates":[15.922731627770426,49.566344615098842]},"properties":{"OBJECTID":73,"KOD":"3417","NAZEV":"Žďár nad Sázavou","ORP_KOD":"1708","VUSC_KOD":"108","NUTS3_KOD":"CZ063","SPR_OB_KOD":"595209","ORIG_FID":73}},{"type":"Feature","id":74,"geometry":{"type":"Point","coordinates":[16.658313257719467,49.296832596825062]},"properties":{"OBJECTID":74,"KOD":"2691","NAZEV":"Adamov","ORP_KOD":"1295","VUSC_KOD":"116","NUTS3_KOD":"CZ064","SPR_OB_KOD":"581291","ORIG_FID":74}},{"type":"Feature","id":75,"geometry":{"type":"Point","coordinates":[16.679536009678628,49.375799585298026]},"properties":{"OBJECTID":75,"KOD":"2704","NAZEV":"Blansko","ORP_KOD":"1295","VUSC_KOD":"116","NUTS3_KOD":"CZ064","SPR_OB_KOD":"581283","ORIG_FID":75}},{"type":"Feature","id":76,"geometry":{"type":"Point","coordinates":[16.598826345726344,49.481250521051486]},"properties":{"OBJECTID":76,"KOD":"2712","NAZEV":"Boskovice","ORP_KOD":"1309","VUSC_KOD":"116","NUTS3_KOD":"CZ064","SPR_OB_KOD":"581372","ORIG_FID":76}},{"type":"Feature","id":77,"geometry":{"type":"Point","coordinates":[16.559405842468234,49.563904905022369]},"properties":{"OBJECTID":77,"KOD":"2721","NAZEV":"Letovice","ORP_KOD":"1309","VUSC_KOD":"116","NUTS3_KOD":"CZ064","SPR_OB_KOD":"581917","ORIG_FID":77}},{"type":"Feature","id":78,"geometry":{"type":"Point","coordinates":[16.691504668294257,49.597974328709896]},"properties":{"OBJECTID":78,"KOD":"2739","NAZEV":"Velké Opatovice","ORP_KOD":"1309","VUSC_KOD":"116","NUTS3_KOD":"CZ064","SPR_OB_KOD":"582646","ORIG_FID":78}},{"type":"Feature","id":79,"geometry":{"type":"Point","coordinates":[16.58883571268322,49.206782657049793]},"properties":{"OBJECTID":79,"KOD":"2747","NAZEV":"Brno","ORP_KOD":"1317","VUSC_KOD":"116","NUTS3_KOD":"CZ064","SPR_OB_KOD":"582786","ORIG_FID":79}},{"type":"Feature","id":80,"geometry":{"type":"Point","coordinates":[16.366936607377074,49.102550081284726]},"properties":{"OBJECTID":80,"KOD":"2755","NAZEV":"Ivančice","ORP_KOD":"1325","VUSC_KOD":"116","NUTS3_KOD":"CZ064","SPR_OB_KOD":"583120","ORIG_FID":80}},{"type":"Feature","id":81,"geometry":{"type":"Point","coordinates":[16.48915174188414,49.297407940570153]},"properties":{"OBJECTID":81,"KOD":"2763","NAZEV":"Kuřim","ORP_KOD":"1333","VUSC_KOD":"116","NUTS3_KOD":"CZ064","SPR_OB_KOD":"583251","ORIG_FID":81}},{"type":"Feature","id":82,"geometry":{"type":"Point","coordinates":[16.343345083052892,49.211059924160139]},"properties":{"OBJECTID":82,"KOD":"2771","NAZEV":"Rosice","ORP_KOD":"1341","VUSC_KOD":"116","NUTS3_KOD":"CZ064","SPR_OB_KOD":"583782","ORIG_FID":82}},{"type":"Feature","id":83,"geometry":{"type":"Point","coordinates":[16.380442750754089,49.368751435998838]},"properties":{"OBJECTID":83,"KOD":"2780","NAZEV":"Tišnov","ORP_KOD":"1350","VUSC_KOD":"116","NUTS3_KOD":"CZ064","SPR_OB_KOD":"584002","ORIG_FID":83}},{"type":"Feature","id":84,"geometry":{"type":"Point","coordinates":[16.745979069718882,49.206972972817184]},"properties":{"OBJECTID":84,"KOD":"2798","NAZEV":"Šlapanice","ORP_KOD":"1368","VUSC_KOD":"116","NUTS3_KOD":"CZ064","SPR_OB_KOD":"583952","ORIG_FID":84}},{"type":"Feature","id":85,"geometry":{"type":"Point","coordinates":[16.642398765059653,49.052138197887935]},"properties":{"OBJECTID":85,"KOD":"2801","NAZEV":"Židlochovice","ORP_KOD":"1376","VUSC_KOD":"116","NUTS3_KOD":"CZ064","SPR_OB_KOD":"584282","ORIG_FID":85}},{"type":"Feature","id":86,"geometry":{"type":"Point","coordinates":[16.514936543610084,48.955435278394226]},"properties":{"OBJECTID":86,"KOD":"2852","NAZEV":"Pohořelice","ORP_KOD":"1414","VUSC_KOD":"116","NUTS3_KOD":"CZ064","SPR_OB_KOD":"584801","ORIG_FID":86}},{"type":"Feature","id":87,"geometry":{"type":"Point","coordinates":[16.874831359165086,48.780083738962929]},"properties":{"OBJECTID":87,"KOD":"2810","NAZEV":"Břeclav","ORP_KOD":"1384","VUSC_KOD":"116","NUTS3_KOD":"CZ064","SPR_OB_KOD":"584291","ORIG_FID":87}},{"type":"Feature","id":88,"geometry":{"type":"Point","coordinates":[16.756947510316714,48.944350018238374]},"properties":{"OBJECTID":88,"KOD":"2828","NAZEV":"Hustopeče","ORP_KOD":"1392","VUSC_KOD":"116","NUTS3_KOD":"CZ064","SPR_OB_KOD":"584495","ORIG_FID":88}},{"type":"Feature","id":89,"geometry":{"type":"Point","coordinates":[16.859563582741185,48.996826257491392]},"properties":{"OBJECTID":89,"KOD":"2836","NAZEV":"Klobouky u Brna","ORP_KOD":"1392","VUSC_KOD":"116","NUTS3_KOD":"CZ064","SPR_OB_KOD":"584550","ORIG_FID":89}},{"type":"Feature","id":90,"geometry":{"type":"Point","coordinates":[16.58910600869374,48.840039712383827]},"properties":{"OBJECTID":90,"KOD":"2844","NAZEV":"Mikulov","ORP_KOD":"1406","VUSC_KOD":"116","NUTS3_KOD":"CZ064","SPR_OB_KOD":"584649","ORIG_FID":90}},{"type":"Feature","id":91,"geometry":{"type":"Point","coordinates":[17.069867633453537,48.883380298434261]},"properties":{"OBJECTID":91,"KOD":"2950","NAZEV":"Hodonín","ORP_KOD":"1473","VUSC_KOD":"116","NUTS3_KOD":"CZ064","SPR_OB_KOD":"586021","ORIG_FID":91}},{"type":"Feature","id":92,"geometry":{"type":"Point","coordinates":[17.253467600676139,48.967052875360132]},"properties":{"OBJECTID":92,"KOD":"2941","NAZEV":"Bzenec","ORP_KOD":"1481","VUSC_KOD":"116","NUTS3_KOD":"CZ064","SPR_OB_KOD":"586081","ORIG_FID":92}},{"type":"Feature","id":93,"geometry":{"type":"Point","coordinates":[17.108845815707323,49.007622250336254]},"properties":{"OBJECTID":93,"KOD":"2968","NAZEV":"Kyjov","ORP_KOD":"1481","VUSC_KOD":"116","NUTS3_KOD":"CZ064","SPR_OB_KOD":"586307","ORIG_FID":93}},{"type":"Feature","id":94,"geometry":{"type":"Point","coordinates":[16.98654990907805,49.051165702077249]},"properties":{"OBJECTID":94,"KOD":"3000","NAZEV":"Ždánice","ORP_KOD":"1481","VUSC_KOD":"116","NUTS3_KOD":"CZ064","SPR_OB_KOD":"586803","ORIG_FID":94}},{"type":"Feature","id":95,"geometry":{"type":"Point","coordinates":[17.34341124876704,48.868179002242897]},"properties":{"OBJECTID":95,"KOD":"2976","NAZEV":"Strážnice","ORP_KOD":"1490","VUSC_KOD":"116","NUTS3_KOD":"CZ064","SPR_OB_KOD":"586587","ORIG_FID":95}},{"type":"Feature","id":96,"geometry":{"type":"Point","coordinates":[17.521546509632696,48.873575159795216]},"properties":{"OBJECTID":96,"KOD":"2984","NAZEV":"Velká nad Veličkou","ORP_KOD":"1490","VUSC_KOD":"116","NUTS3_KOD":"CZ064","SPR_OB_KOD":"586714","ORIG_FID":96}},{"type":"Feature","id":97,"geometry":{"type":"Point","coordinates":[17.399935933963761,48.932817916091352]},"properties":{"OBJECTID":97,"KOD":"2992","NAZEV":"Veselí nad Moravou","ORP_KOD":"1490","VUSC_KOD":"116","NUTS3_KOD":"CZ064","SPR_OB_KOD":"586722","ORIG_FID":97}},{"type":"Feature","id":98,"geometry":{"type":"Point","coordinates":[17.051147149856078,49.15321876142896]},"properties":{"OBJECTID":98,"KOD":"3263","NAZEV":"Bučovice","ORP_KOD":"1627","VUSC_KOD":"116","NUTS3_KOD":"CZ064","SPR_OB_KOD":"592943","ORIG_FID":98}},{"type":"Feature","id":99,"geometry":{"type":"Point","coordinates":[16.86463084967205,49.116907157426851]},"properties":{"OBJECTID":99,"KOD":"3298","NAZEV":"Slavkov u Brna","ORP_KOD":"1635","VUSC_KOD":"116","NUTS3_KOD":"CZ064","SPR_OB_KOD":"593583","ORIG_FID":99}},{"type":"Feature","id":100,"geometry":{"type":"Point","coordinates":[17.1086514133554,49.272959877057446]},"properties":{"OBJECTID":100,"KOD":"3271","NAZEV":"Ivanovice na Hané","ORP_KOD":"1643","VUSC_KOD":"116","NUTS3_KOD":"CZ064","SPR_OB_KOD":"593117","ORIG_FID":100}},{"type":"Feature","id":101,"geometry":{"type":"Point","coordinates":[16.883844753975957,49.214928588916202]},"properties":{"OBJECTID":101,"KOD":"3280","NAZEV":"Rousínov","ORP_KOD":"1643","VUSC_KOD":"116","NUTS3_KOD":"CZ064","SPR_OB_KOD":"593559","ORIG_FID":101}},{"type":"Feature","id":102,"geometry":{"type":"Point","coordinates":[16.948337691907955,49.399842928965228]},"properties":{"OBJECTID":102,"KOD":"3301","NAZEV":"Vojenský újezd Březina","ORP_KOD":"1643","VUSC_KOD":"116","NUTS3_KOD":"CZ064","SPR_OB_KOD":"592935","ORIG_FID":102}},{"type":"Feature","id":103,"geometry":{"type":"Point","coordinates":[16.968808700690673,49.277160937670807]},"properties":{"OBJECTID":103,"KOD":"3310","NAZEV":"Vyškov","ORP_KOD":"1643","VUSC_KOD":"116","NUTS3_KOD":"CZ064","SPR_OB_KOD":"592889","ORIG_FID":103}},{"type":"Feature","id":104,"geometry":{"type":"Point","coordinates":[16.320755849708885,48.945495245601393]},"properties":{"OBJECTID":104,"KOD":"3336","NAZEV":"Miroslav","ORP_KOD":"1651","VUSC_KOD":"116","NUTS3_KOD":"CZ064","SPR_OB_KOD":"594458","ORIG_FID":104}},{"type":"Feature","id":105,"geometry":{"type":"Point","coordinates":[16.277326611506837,49.027608134406869]},"properties":{"OBJECTID":105,"KOD":"3344","NAZEV":"Moravský Krumlov","ORP_KOD":"1651","VUSC_KOD":"116","NUTS3_KOD":"CZ064","SPR_OB_KOD":"594482","ORIG_FID":105}},{"type":"Feature","id":106,"geometry":{"type":"Point","coordinates":[16.351318995015344,48.828677998152784]},"properties":{"OBJECTID":106,"KOD":"3328","NAZEV":"Hrušovany nad Jevišovkou","ORP_KOD":"1660","VUSC_KOD":"116","NUTS3_KOD":"CZ064","SPR_OB_KOD":"594156","ORIG_FID":106}},{"type":"Feature","id":107,"geometry":{"type":"Point","coordinates":[16.071159200316384,48.889745570211076]},"properties":{"OBJECTID":107,"KOD":"3361","NAZEV":"Znojmo","ORP_KOD":"1660","VUSC_KOD":"116","NUTS3_KOD":"CZ064","SPR_OB_KOD":"593711","ORIG_FID":107}},{"type":"Feature","id":108,"geometry":{"type":"Point","coordinates":[16.874813146784359,49.588320543965473]},"properties":{"OBJECTID":108,"KOD":"3123","NAZEV":"Konice","ORP_KOD":"1554","VUSC_KOD":"124","NUTS3_KOD":"CZ071","SPR_OB_KOD":"589624","ORIG_FID":108}},{"type":"Feature","id":109,"geometry":{"type":"Point","coordinates":[17.186085073362914,49.330480923382055]},"properties":{"OBJECTID":109,"KOD":"3131","NAZEV":"Němčice nad Hanou","ORP_KOD":"1562","VUSC_KOD":"124","NUTS3_KOD":"CZ071","SPR_OB_KOD":"589756","ORIG_FID":109}},{"type":"Feature","id":110,"geometry":{"type":"Point","coordinates":[17.148754271692844,49.463883571632309]},"properties":{"OBJECTID":110,"KOD":"3140","NAZEV":"Prostějov","ORP_KOD":"1562","VUSC_KOD":"124","NUTS3_KOD":"CZ071","SPR_OB_KOD":"589250","ORIG_FID":110}},{"type":"Feature","id":111,"geometry":{"type":"Point","coordinates":[17.023823889273498,49.680950415790264]},"properties":{"OBJECTID":111,"KOD":"3697","NAZEV":"Litovel","ORP_KOD":"1881","VUSC_KOD":"124","NUTS3_KOD":"CZ071","SPR_OB_KOD":"503444","ORIG_FID":111}},{"type":"Feature","id":112,"geometry":{"type":"Point","coordinates":[17.410661569965825,49.661627857014501]},"properties":{"OBJECTID":112,"KOD":"3689","NAZEV":"Hlubočky","ORP_KOD":"1899","VUSC_KOD":"124","NUTS3_KOD":"CZ071","SPR_OB_KOD":"502146","ORIG_FID":112}},{"type":"Feature","id":113,"geometry":{"type":"Point","coordinates":[17.288336112697273,49.586678647678497]},"properties":{"OBJECTID":113,"KOD":"3701","NAZEV":"Olomouc","ORP_KOD":"1899","VUSC_KOD":"124","NUTS3_KOD":"CZ071","SPR_OB_KOD":"500496","ORIG_FID":113}},{"type":"Feature","id":114,"geometry":{"type":"Point","coordinates":[17.544917638690372,49.672635574314597]},"properties":{"OBJECTID":114,"KOD":"3727","NAZEV":"Vojenský újezd Libavá","ORP_KOD":"1899","VUSC_KOD":"124","NUTS3_KOD":"CZ071","SPR_OB_KOD":"503941","ORIG_FID":114}},{"type":"Feature","id":115,"geometry":{"type":"Point","coordinates":[17.126195565533095,49.796177699819864]},"properties":{"OBJECTID":115,"KOD":"3719","NAZEV":"Uničov","ORP_KOD":"1902","VUSC_KOD":"124","NUTS3_KOD":"CZ071","SPR_OB_KOD":"505587","ORIG_FID":115}},{"type":"Feature","id":116,"geometry":{"type":"Point","coordinates":[17.461469025046334,49.796913178999041]},"properties":{"OBJECTID":116,"KOD":"3450","NAZEV":"Moravský Beroun","ORP_KOD":"1911","VUSC_KOD":"124","NUTS3_KOD":"CZ071","SPR_OB_KOD":"597678","ORIG_FID":116}},{"type":"Feature","id":117,"geometry":{"type":"Point","coordinates":[17.340885990512447,49.749691555348861]},"properties":{"OBJECTID":117,"KOD":"3735","NAZEV":"Šternberk","ORP_KOD":"1911","VUSC_KOD":"124","NUTS3_KOD":"CZ071","SPR_OB_KOD":"505188","ORIG_FID":117}},{"type":"Feature","id":118,"geometry":{"type":"Point","coordinates":[17.742840438306843,49.566237433557333]},"properties":{"OBJECTID":118,"KOD":"3794","NAZEV":"Hranice","ORP_KOD":"1970","VUSC_KOD":"124","NUTS3_KOD":"CZ071","SPR_OB_KOD":"513750","ORIG_FID":118}},{"type":"Feature","id":119,"geometry":{"type":"Point","coordinates":[17.589517365779479,49.520260523464962]},"properties":{"OBJECTID":119,"KOD":"3816","NAZEV":"Lipník nad Bečvou","ORP_KOD":"1988","VUSC_KOD":"124","NUTS3_KOD":"CZ071","SPR_OB_KOD":"514705","ORIG_FID":119}},{"type":"Feature","id":120,"geometry":{"type":"Point","coordinates":[17.285904852674836,49.374878069201898]},"properties":{"OBJECTID":120,"KOD":"3808","NAZEV":"Kojetín","ORP_KOD":"1996","VUSC_KOD":"124","NUTS3_KOD":"CZ071","SPR_OB_KOD":"514055","ORIG_FID":120}},{"type":"Feature","id":121,"geometry":{"type":"Point","coordinates":[17.471273176118068,49.450513070994845]},"properties":{"OBJECTID":121,"KOD":"3824","NAZEV":"Přerov","ORP_KOD":"1996","VUSC_KOD":"124","NUTS3_KOD":"CZ071","SPR_OB_KOD":"511382","ORIG_FID":121}},{"type":"Feature","id":122,"geometry":{"type":"Point","coordinates":[16.912884627940404,49.767378092853768]},"properties":{"OBJECTID":122,"KOD":"3841","NAZEV":"Mohelnice","ORP_KOD":"2003","VUSC_KOD":"124","NUTS3_KOD":"CZ071","SPR_OB_KOD":"540471","ORIG_FID":122}},{"type":"Feature","id":123,"geometry":{"type":"Point","coordinates":[18.396519176088972,49.689859827715459]},"properties":{"OBJECTID":123,"KOD":"3506","NAZEV":"Frýdek-Místek","ORP_KOD":"1741","VUSC_KOD":"132","NUTS3_KOD":"CZ080","SPR_OB_KOD":"598003","ORIG_FID":123}},{"type":"Feature","id":124,"geometry":{"type":"Point","coordinates":[18.396206556027188,49.510469062543109]},"properties":{"OBJECTID":124,"KOD":"3514","NAZEV":"Frýdlant nad Ostravicí","ORP_KOD":"1759","VUSC_KOD":"132","NUTS3_KOD":"CZ080","SPR_OB_KOD":"598143","ORIG_FID":124}},{"type":"Feature","id":125,"geometry":{"type":"Point","coordinates":[18.736256607390708,49.551145448478501]},"properties":{"OBJECTID":125,"KOD":"3522","NAZEV":"Jablunkov","ORP_KOD":"1767","VUSC_KOD":"132","NUTS3_KOD":"CZ080","SPR_OB_KOD":"598259","ORIG_FID":125}},{"type":"Feature","id":126,"geometry":{"type":"Point","coordinates":[18.652327314752299,49.647856591382144]},"properties":{"OBJECTID":126,"KOD":"3531","NAZEV":"Třinec","ORP_KOD":"1775","VUSC_KOD":"132","NUTS3_KOD":"CZ080","SPR_OB_KOD":"598810","ORIG_FID":126}},{"type":"Feature","id":127,"geometry":{"type":"Point","coordinates":[18.380355362979969,49.897671321812417]},"properties":{"OBJECTID":127,"KOD":"3557","NAZEV":"Bohumín","ORP_KOD":"1783","VUSC_KOD":"132","NUTS3_KOD":"CZ080","SPR_OB_KOD":"599051","ORIG_FID":127}},{"type":"Feature","id":128,"geometry":{"type":"Point","coordinates":[18.475561497831464,49.772676321866633]},"properties":{"OBJECTID":128,"KOD":"3565","NAZEV":"Havířov","ORP_KOD":"1791","VUSC_KOD":"132","NUTS3_KOD":"CZ080","SPR_OB_KOD":"555088","ORIG_FID":128}},{"type":"Feature","id":129,"geometry":{"type":"Point","coordinates":[18.524707509241946,49.854535283959613]},"properties":{"OBJECTID":129,"KOD":"3573","NAZEV":"Karviná","ORP_KOD":"1805","VUSC_KOD":"132","NUTS3_KOD":"CZ080","SPR_OB_KOD":"598917","ORIG_FID":129}},{"type":"Feature","id":130,"geometry":{"type":"Point","coordinates":[18.425600973455253,49.846667639815941]},"properties":{"OBJECTID":130,"KOD":"3581","NAZEV":"Orlová","ORP_KOD":"1813","VUSC_KOD":"132","NUTS3_KOD":"CZ080","SPR_OB_KOD":"599069","ORIG_FID":130}},{"type":"Feature","id":131,"geometry":{"type":"Point","coordinates":[18.58152079164169,49.744562421136976]},"properties":{"OBJECTID":131,"KOD":"3590","NAZEV":"Český Těšín","ORP_KOD":"1821","VUSC_KOD":"132","NUTS3_KOD":"CZ080","SPR_OB_KOD":"598933","ORIG_FID":131}},{"type":"Feature","id":132,"geometry":{"type":"Point","coordinates":[18.027086025741404,49.75961277052167]},"properties":{"OBJECTID":132,"KOD":"3603","NAZEV":"Bílovec","ORP_KOD":"1830","VUSC_KOD":"132","NUTS3_KOD":"CZ080","SPR_OB_KOD":"599247","ORIG_FID":132}},{"type":"Feature","id":133,"geometry":{"type":"Point","coordinates":[18.058622465442628,49.709786500369425]},"properties":{"OBJECTID":133,"KOD":"3671","NAZEV":"Studénka","ORP_KOD":"1830","VUSC_KOD":"132","NUTS3_KOD":"CZ080","SPR_OB_KOD":"599921","ORIG_FID":133}},{"type":"Feature","id":134,"geometry":{"type":"Point","coordinates":[18.195894226889866,49.535655529335862]},"properties":{"OBJECTID":134,"KOD":"3611","NAZEV":"Frenštát pod Radhoštěm","ORP_KOD":"1848","VUSC_KOD":"132","NUTS3_KOD":"CZ080","SPR_OB_KOD":"599344","ORIG_FID":134}},{"type":"Feature","id":135,"geometry":{"type":"Point","coordinates":[18.138500339597655,49.593350295561216]},"properties":{"OBJECTID":135,"KOD":"3638","NAZEV":"Kopřivnice","ORP_KOD":"1856","VUSC_KOD":"132","NUTS3_KOD":"CZ080","SPR_OB_KOD":"599565","ORIG_FID":135}},{"type":"Feature","id":136,"geometry":{"type":"Point","coordinates":[18.1476928977646,49.669882363120593]},"properties":{"OBJECTID":136,"KOD":"3662","NAZEV":"Příbor","ORP_KOD":"1856","VUSC_KOD":"132","NUTS3_KOD":"CZ080","SPR_OB_KOD":"599808","ORIG_FID":136}},{"type":"Feature","id":137,"geometry":{"type":"Point","coordinates":[17.991263026815925,49.605519848050037]},"properties":{"OBJECTID":137,"KOD":"3646","NAZEV":"Nový Jičín","ORP_KOD":"1864","VUSC_KOD":"132","NUTS3_KOD":"CZ080","SPR_OB_KOD":"599191","ORIG_FID":137}},{"type":"Feature","id":138,"geometry":{"type":"Point","coordinates":[17.894586191013854,49.728952366163149]},"properties":{"OBJECTID":138,"KOD":"3620","NAZEV":"Fulnek","ORP_KOD":"1872","VUSC_KOD":"132","NUTS3_KOD":"CZ080","SPR_OB_KOD":"599352","ORIG_FID":138}},{"type":"Feature","id":139,"geometry":{"type":"Point","coordinates":[17.801773409918017,49.679135452897675]},"properties":{"OBJECTID":139,"KOD":"3654","NAZEV":"Odry","ORP_KOD":"1872","VUSC_KOD":"132","NUTS3_KOD":"CZ080","SPR_OB_KOD":"599701","ORIG_FID":139}},{"type":"Feature","id":140,"geometry":{"type":"Point","coordinates":[18.193844728866836,49.924470514784204]},"properties":{"OBJECTID":140,"KOD":"3743","NAZEV":"Hlučín","ORP_KOD":"1929","VUSC_KOD":"132","NUTS3_KOD":"CZ080","SPR_OB_KOD":"507016","ORIG_FID":140}},{"type":"Feature","id":141,"geometry":{"type":"Point","coordinates":[17.717780672256062,49.800538525469122]},"properties":{"OBJECTID":141,"KOD":"3778","NAZEV":"Vítkov","ORP_KOD":"1953","VUSC_KOD":"132","NUTS3_KOD":"CZ080","SPR_OB_KOD":"511021","ORIG_FID":141}},{"type":"Feature","id":142,"geometry":{"type":"Point","coordinates":[18.329013108467315,49.762599390678616]},"properties":{"OBJECTID":142,"KOD":"3549","NAZEV":"Vratimov","ORP_KOD":"1961","VUSC_KOD":"132","NUTS3_KOD":"CZ080","SPR_OB_KOD":"598879","ORIG_FID":142}},{"type":"Feature","id":143,"geometry":{"type":"Point","coordinates":[18.223671514011713,49.807836201814325]},"properties":{"OBJECTID":143,"KOD":"3786","NAZEV":"Ostrava","ORP_KOD":"1961","VUSC_KOD":"132","NUTS3_KOD":"CZ080","SPR_OB_KOD":"554821","ORIG_FID":143}},{"type":"Feature","id":144,"geometry":{"type":"Point","coordinates":[17.823536052295381,49.155256940371579]},"properties":{"OBJECTID":144,"KOD":"2879","NAZEV":"Luhačovice","ORP_KOD":"1422","VUSC_KOD":"141","NUTS3_KOD":"CZ072","SPR_OB_KOD":"585459","ORIG_FID":144}},{"type":"Feature","id":145,"geometry":{"type":"Point","coordinates":[17.874459627702922,49.087085483026883]},"properties":{"OBJECTID":145,"KOD":"2909","NAZEV":"Slavičín","ORP_KOD":"1422","VUSC_KOD":"141","NUTS3_KOD":"CZ072","SPR_OB_KOD":"585751","ORIG_FID":145}},{"type":"Feature","id":146,"geometry":{"type":"Point","coordinates":[17.502286566907564,49.170138694335193]},"properties":{"OBJECTID":146,"KOD":"2887","NAZEV":"Napajedla","ORP_KOD":"1431","VUSC_KOD":"141","NUTS3_KOD":"CZ072","SPR_OB_KOD":"585513","ORIG_FID":146}},{"type":"Feature","id":147,"geometry":{"type":"Point","coordinates":[17.521988934656775,49.226703676012782]},"properties":{"OBJECTID":147,"KOD":"2895","NAZEV":"Otrokovice","ORP_KOD":"1431","VUSC_KOD":"141","NUTS3_KOD":"CZ072","SPR_OB_KOD":"585599","ORIG_FID":147}},{"type":"Feature","id":148,"geometry":{"type":"Point","coordinates":[18.020703973422872,49.07585537921819]},"properties":{"OBJECTID":148,"KOD":"2861","NAZEV":"Brumov-Bylnice","ORP_KOD":"1449","VUSC_KOD":"141","NUTS3_KOD":"CZ072","SPR_OB_KOD":"585114","ORIG_FID":148}},{"type":"Feature","id":149,"geometry":{"type":"Point","coordinates":[17.970625476832328,49.154133374189506]},"properties":{"OBJECTID":149,"KOD":"2917","NAZEV":"Valašské Klobouky","ORP_KOD":"1449","VUSC_KOD":"141","NUTS3_KOD":"CZ072","SPR_OB_KOD":"585891","ORIG_FID":149}},{"type":"Feature","id":150,"geometry":{"type":"Point","coordinates":[17.85263968267423,49.246813292120486]},"properties":{"OBJECTID":150,"KOD":"2925","NAZEV":"Vizovice","ORP_KOD":"1457","VUSC_KOD":"141","NUTS3_KOD":"CZ072","SPR_OB_KOD":"585939","ORIG_FID":150}},{"type":"Feature","id":151,"geometry":{"type":"Point","coordinates":[17.686984794748703,49.232605637863166]},"properties":{"OBJECTID":151,"KOD":"2933","NAZEV":"Zlín","ORP_KOD":"1465","VUSC_KOD":"141","NUTS3_KOD":"CZ072","SPR_OB_KOD":"585068","ORIG_FID":151}},{"type":"Feature","id":152,"geometry":{"type":"Point","coordinates":[17.725607748761252,49.393597482284882]},"properties":{"OBJECTID":152,"KOD":"3051","NAZEV":"Bystřice pod Hostýnem","ORP_KOD":"1520","VUSC_KOD":"141","NUTS3_KOD":"CZ072","SPR_OB_KOD":"588393","ORIG_FID":152}},{"type":"Feature","id":153,"geometry":{"type":"Point","coordinates":[17.564480272915702,49.334498675905508]},"properties":{"OBJECTID":153,"KOD":"3077","NAZEV":"Holešov","ORP_KOD":"1538","VUSC_KOD":"141","NUTS3_KOD":"CZ072","SPR_OB_KOD":"588458","ORIG_FID":153}},{"type":"Feature","id":154,"geometry":{"type":"Point","coordinates":[17.3869184070751,49.367652980287232]},"properties":{"OBJECTID":154,"KOD":"3069","NAZEV":"Chropyně","ORP_KOD":"1546","VUSC_KOD":"141","NUTS3_KOD":"CZ072","SPR_OB_KOD":"588512","ORIG_FID":154}},{"type":"Feature","id":155,"geometry":{"type":"Point","coordinates":[17.467903389329916,49.317733481181349]},"properties":{"OBJECTID":155,"KOD":"3085","NAZEV":"Hulín","ORP_KOD":"1546","VUSC_KOD":"141","NUTS3_KOD":"CZ072","SPR_OB_KOD":"588491","ORIG_FID":155}},{"type":"Feature","id":156,"geometry":{"type":"Point","coordinates":[17.204211306107673,49.129222378275188]},"properties":{"OBJECTID":156,"KOD":"3093","NAZEV":"Koryčany","ORP_KOD":"1546","VUSC_KOD":"141","NUTS3_KOD":"CZ072","SPR_OB_KOD":"588601","ORIG_FID":156}},{"type":"Feature","id":157,"geometry":{"type":"Point","coordinates":[17.359696254602998,49.252161032443745]},"properties":{"OBJECTID":157,"KOD":"3107","NAZEV":"Kroměříž","ORP_KOD":"1546","VUSC_KOD":"141","NUTS3_KOD":"CZ072","SPR_OB_KOD":"588296","ORIG_FID":157}},{"type":"Feature","id":158,"geometry":{"type":"Point","coordinates":[17.20086879374421,49.235103183689411]},"properties":{"OBJECTID":158,"KOD":"3115","NAZEV":"Morkovice-Slížany","ORP_KOD":"1546","VUSC_KOD":"141","NUTS3_KOD":"CZ072","SPR_OB_KOD":"588768","ORIG_FID":158}},{"type":"Feature","id":159,"geometry":{"type":"Point","coordinates":[17.337466639326895,49.152954083057153]},"properties":{"OBJECTID":159,"KOD":"3221","NAZEV":"Staré Město","ORP_KOD":"1601","VUSC_KOD":"141","NUTS3_KOD":"CZ072","SPR_OB_KOD":"550752","ORIG_FID":159}},{"type":"Feature","id":160,"geometry":{"type":"Point","coordinates":[17.327434027146683,49.072481315157965]},"properties":{"OBJECTID":160,"KOD":"3239","NAZEV":"Uherské Hradiště","ORP_KOD":"1601","VUSC_KOD":"141","NUTS3_KOD":"CZ072","SPR_OB_KOD":"592005","ORIG_FID":160}},{"type":"Feature","id":161,"geometry":{"type":"Point","coordinates":[17.428703890670381,48.993101231856635]},"properties":{"OBJECTID":161,"KOD":"3255","NAZEV":"Uherský Ostroh","ORP_KOD":"1601","VUSC_KOD":"141","NUTS3_KOD":"CZ072","SPR_OB_KOD":"592749","ORIG_FID":161}},{"type":"Feature","id":162,"geometry":{"type":"Point","coordinates":[17.818655557326998,49.021061776062488]},"properties":{"OBJECTID":162,"KOD":"3212","NAZEV":"Bojkovice","ORP_KOD":"1619","VUSC_KOD":"141","NUTS3_KOD":"CZ072","SPR_OB_KOD":"592048","ORIG_FID":162}},{"type":"Feature","id":163,"geometry":{"type":"Point","coordinates":[17.683956613676301,48.972093381160185]},"properties":{"OBJECTID":163,"KOD":"3247","NAZEV":"Uherský Brod","ORP_KOD":"1619","VUSC_KOD":"141","NUTS3_KOD":"CZ072","SPR_OB_KOD":"592731","ORIG_FID":163}},{"type":"Feature","id":164,"geometry":{"type":"Point","coordinates":[18.195194571995362,49.44324146158889]},"properties":{"OBJECTID":164,"KOD":"3891","NAZEV":"Rožnov pod Radhoštěm","ORP_KOD":"2038","VUSC_KOD":"141","NUTS3_KOD":"CZ072","SPR_OB_KOD":"544841","ORIG_FID":164}},{"type":"Feature","id":165,"geometry":{"type":"Point","coordinates":[17.931706442117854,49.466536875033093]},"properties":{"OBJECTID":165,"KOD":"3905","NAZEV":"Valašské Meziříčí","ORP_KOD":"2046","VUSC_KOD":"141","NUTS3_KOD":"CZ072","SPR_OB_KOD":"545058","ORIG_FID":165}},{"type":"Feature","id":166,"geometry":{"type":"Point","coordinates":[18.078033707474347,49.206091035349679]},"properties":{"OBJECTID":166,"KOD":"3875","NAZEV":"Horní Lideč","ORP_KOD":"2054","VUSC_KOD":"141","NUTS3_KOD":"CZ072","SPR_OB_KOD":"542725","ORIG_FID":166}},{"type":"Feature","id":167,"geometry":{"type":"Point","coordinates":[18.250666449979555,49.348747252818185]},"properties":{"OBJECTID":167,"KOD":"3883","NAZEV":"Karolinka","ORP_KOD":"2054","VUSC_KOD":"141","NUTS3_KOD":"CZ072","SPR_OB_KOD":"542911","ORIG_FID":167}},{"type":"Feature","id":168,"geometry":{"type":"Point","coordinates":[17.995361602766927,49.324038628727514]},"properties":{"OBJECTID":168,"KOD":"3913","NAZEV":"Vsetín","ORP_KOD":"2054","VUSC_KOD":"141","NUTS3_KOD":"CZ072","SPR_OB_KOD":"541630","ORIG_FID":168}},{"type":"Feature","id":169,"geometry":{"type":"Point","coordinates":[14.507263622752099,50.127030231773709]},"properties":{"OBJECTID":169,"KOD":"19","NAZEV":"Hlavní město Praha","ORP_KOD":"19","VUSC_KOD":"19","NUTS3_KOD":"CZ010","SPR_OB_KOD":"554782","ORIG_FID":169}},{"type":"Feature","id":170,"geometry":{"type":"Point","coordinates":[14.855927725842612,49.856046368674065]},"properties":{"OBJECTID":170,"KOD":"35","NAZEV":"Sázava","ORP_KOD":"27","VUSC_KOD":"27","NUTS3_KOD":"CZ020","SPR_OB_KOD":"534382","ORIG_FID":170}},{"type":"Feature","id":171,"geometry":{"type":"Point","coordinates":[14.532445496345874,49.829931642355341]},"properties":{"OBJECTID":171,"KOD":"43","NAZEV":"Týnec nad Sázavou","ORP_KOD":"27","VUSC_KOD":"27","NUTS3_KOD":"CZ020","SPR_OB_KOD":"530841","ORIG_FID":171}},{"type":"Feature","id":172,"geometry":{"type":"Point","coordinates":[14.063140768470952,49.951301005795557]},"properties":{"OBJECTID":172,"KOD":"78","NAZEV":"Beroun","ORP_KOD":"51","VUSC_KOD":"27","NUTS3_KOD":"CZ020","SPR_OB_KOD":"531057","ORIG_FID":172}},{"type":"Feature","id":173,"geometry":{"type":"Point","coordinates":[13.919867280315373,49.830481037376188]},"properties":{"OBJECTID":173,"KOD":"86","NAZEV":"Hořovice","ORP_KOD":"60","VUSC_KOD":"27","NUTS3_KOD":"CZ020","SPR_OB_KOD":"531189","ORIG_FID":173}},{"type":"Feature","id":174,"geometry":{"type":"Point","coordinates":[14.088084318537945,50.152650215930464]},"properties":{"OBJECTID":174,"KOD":"94","NAZEV":"Kladno","ORP_KOD":"78","VUSC_KOD":"27","NUTS3_KOD":"CZ020","SPR_OB_KOD":"532053","ORIG_FID":174}},{"type":"Feature","id":175,"geometry":{"type":"Point","coordinates":[14.108973657148084,50.079739017952129]},"properties":{"OBJECTID":175,"KOD":"116","NAZEV":"Unhošť","ORP_KOD":"78","VUSC_KOD":"27","NUTS3_KOD":"CZ020","SPR_OB_KOD":"533017","ORIG_FID":175}},{"type":"Feature","id":176,"geometry":{"type":"Point","coordinates":[14.040035415247633,50.255792916789375]},"properties":{"OBJECTID":176,"KOD":"108","NAZEV":"Slaný","ORP_KOD":"86","VUSC_KOD":"27","NUTS3_KOD":"CZ020","SPR_OB_KOD":"532819","ORIG_FID":176}},{"type":"Feature","id":177,"geometry":{"type":"Point","coordinates":[14.210499446024276,50.293263330722347]},"properties":{"OBJECTID":177,"KOD":"124","NAZEV":"Velvary","ORP_KOD":"86","VUSC_KOD":"27","NUTS3_KOD":"CZ020","SPR_OB_KOD":"533041","ORIG_FID":177}},{"type":"Feature","id":178,"geometry":{"type":"Point","coordinates":[15.172554446768165,50.024106696456741]},"properties":{"OBJECTID":178,"KOD":"132","NAZEV":"Kolín","ORP_KOD":"94","VUSC_KOD":"27","NUTS3_KOD":"CZ020","SPR_OB_KOD":"533165","ORIG_FID":178}},{"type":"Feature","id":179,"geometry":{"type":"Point","coordinates":[14.977579459608005,49.983316980735111]},"properties":{"OBJECTID":179,"KOD":"159","NAZEV":"Kouřim","ORP_KOD":"94","VUSC_KOD":"27","NUTS3_KOD":"CZ020","SPR_OB_KOD":"533424","ORIG_FID":179}},{"type":"Feature","id":180,"geometry":{"type":"Point","coordinates":[15.031229754434026,50.070848442023426]},"properties":{"OBJECTID":180,"KOD":"167","NAZEV":"Pečky","ORP_KOD":"94","VUSC_KOD":"27","NUTS3_KOD":"CZ020","SPR_OB_KOD":"537641","ORIG_FID":180}},{"type":"Feature","id":181,"geometry":{"type":"Point","coordinates":[15.364364644478492,50.082669360202047]},"properties":{"OBJECTID":181,"KOD":"175","NAZEV":"Týnec nad Labem","ORP_KOD":"94","VUSC_KOD":"27","NUTS3_KOD":"CZ020","SPR_OB_KOD":"533807","ORIG_FID":181}},{"type":"Feature","id":182,"geometry":{"type":"Point","coordinates":[14.856904151661997,50.058667445428291]},"properties":{"OBJECTID":182,"KOD":"183","NAZEV":"Český Brod","ORP_KOD":"108","VUSC_KOD":"27","NUTS3_KOD":"CZ020","SPR_OB_KOD":"533271","ORIG_FID":182}},{"type":"Feature","id":183,"geometry":{"type":"Point","coordinates":[14.335476917170242,50.270656116844783]},"properties":{"OBJECTID":183,"KOD":"230","NAZEV":"Kralupy nad Vltavou","ORP_KOD":"132","VUSC_KOD":"27","NUTS3_KOD":"CZ020","SPR_OB_KOD":"534951","ORIG_FID":183}},{"type":"Feature","id":184,"geometry":{"type":"Point","coordinates":[14.648488067316382,50.4310213260352]},"properties":{"OBJECTID":184,"KOD":"248","NAZEV":"Mšeno","ORP_KOD":"141","VUSC_KOD":"27","NUTS3_KOD":"CZ020","SPR_OB_KOD":"535052","ORIG_FID":184}},{"type":"Feature","id":185,"geometry":{"type":"Point","coordinates":[14.517395287322834,50.38138902120938]},"properties":{"OBJECTID":185,"KOD":"256","NAZEV":"Mělník","ORP_KOD":"141","VUSC_KOD":"27","NUTS3_KOD":"CZ020","SPR_OB_KOD":"534676","ORIG_FID":185}},{"type":"Feature","id":186,"geometry":{"type":"Point","coordinates":[14.522547407561678,50.254548190552228]},"properties":{"OBJECTID":186,"KOD":"264","NAZEV":"Neratovice","ORP_KOD":"159","VUSC_KOD":"27","NUTS3_KOD":"CZ020","SPR_OB_KOD":"535087","ORIG_FID":186}},{"type":"Feature","id":187,"geometry":{"type":"Point","coordinates":[14.780778061726227,50.27349272932414]},"properties":{"OBJECTID":187,"KOD":"272","NAZEV":"Benátky nad Jizerou","ORP_KOD":"167","VUSC_KOD":"27","NUTS3_KOD":"CZ020","SPR_OB_KOD":"535451","ORIG_FID":187}},{"type":"Feature","id":188,"geometry":{"type":"Point","coordinates":[14.791247312752526,50.500674976470634]},"properties":{"OBJECTID":188,"KOD":"281","NAZEV":"Bělá pod Bezdězem","ORP_KOD":"167","VUSC_KOD":"27","NUTS3_KOD":"CZ020","SPR_OB_KOD":"535443","ORIG_FID":188}},{"type":"Feature","id":189,"geometry":{"type":"Point","coordinates":[14.915206883545116,50.387537975312185]},"properties":{"OBJECTID":189,"KOD":"299","NAZEV":"Mladá Boleslav","ORP_KOD":"167","VUSC_KOD":"27","NUTS3_KOD":"CZ020","SPR_OB_KOD":"535419","ORIG_FID":189}},{"type":"Feature","id":190,"geometry":{"type":"Point","coordinates":[14.988208065161382,50.532701302319488]},"properties":{"OBJECTID":190,"KOD":"302","NAZEV":"Mnichovo Hradiště","ORP_KOD":"175","VUSC_KOD":"27","NUTS3_KOD":"CZ020","SPR_OB_KOD":"536326","ORIG_FID":190}},{"type":"Feature","id":191,"geometry":{"type":"Point","coordinates":[14.851473884632144,50.191402723112439]},"properties":{"OBJECTID":191,"KOD":"311","NAZEV":"Lysá nad Labem","ORP_KOD":"183","VUSC_KOD":"27","NUTS3_KOD":"CZ020","SPR_OB_KOD":"537454","ORIG_FID":191}},{"type":"Feature","id":192,"geometry":{"type":"Point","coordinates":[15.068297075568541,50.245984255803677]},"properties":{"OBJECTID":192,"KOD":"337","NAZEV":"Nymburk","ORP_KOD":"191","VUSC_KOD":"27","NUTS3_KOD":"CZ020","SPR_OB_KOD":"537004","ORIG_FID":192}},{"type":"Feature","id":193,"geometry":{"type":"Point","coordinates":[14.956696235197501,50.133472302279635]},"properties":{"OBJECTID":193,"KOD":"353","NAZEV":"Sadská","ORP_KOD":"191","VUSC_KOD":"27","NUTS3_KOD":"CZ020","SPR_OB_KOD":"537764","ORIG_FID":193}},{"type":"Feature","id":194,"geometry":{"type":"Point","coordinates":[15.28524363827623,50.221320400187935]},"properties":{"OBJECTID":194,"KOD":"329","NAZEV":"Městec Králové","ORP_KOD":"205","VUSC_KOD":"27","NUTS3_KOD":"CZ020","SPR_OB_KOD":"537489","ORIG_FID":194}},{"type":"Feature","id":195,"geometry":{"type":"Point","coordinates":[15.154182697713317,50.14341458396148]},"properties":{"OBJECTID":195,"KOD":"345","NAZEV":"Poděbrady","ORP_KOD":"205","VUSC_KOD":"27","NUTS3_KOD":"CZ020","SPR_OB_KOD":"537683","ORIG_FID":195}},{"type":"Feature","id":196,"geometry":{"type":"Point","coordinates":[14.64147385210596,50.207058823745022]},"properties":{"OBJECTID":196,"KOD":"361","NAZEV":"Brandýs nad Labem-Stará Boleslav","ORP_KOD":"213","VUSC_KOD":"27","NUTS3_KOD":"CZ020","SPR_OB_KOD":"538094","ORIG_FID":196}},{"type":"Feature","id":197,"geometry":{"type":"Point","coordinates":[14.436435428401904,50.202459498223064]},"properties":{"OBJECTID":197,"KOD":"388","NAZEV":"Odolena Voda","ORP_KOD":"213","VUSC_KOD":"27","NUTS3_KOD":"CZ020","SPR_OB_KOD":"538574","ORIG_FID":197}},{"type":"Feature","id":198,"geometry":{"type":"Point","coordinates":[14.737855985416948,50.143901204310474]},"properties":{"OBJECTID":198,"KOD":"396","NAZEV":"Čelákovice","ORP_KOD":"213","VUSC_KOD":"27","NUTS3_KOD":"CZ020","SPR_OB_KOD":"538132","ORIG_FID":198}},{"type":"Feature","id":199,"geometry":{"type":"Point","coordinates":[14.707364843335821,50.049042905699487]},"properties":{"OBJECTID":199,"KOD":"418","NAZEV":"Úvaly","ORP_KOD":"213","VUSC_KOD":"27","NUTS3_KOD":"CZ020","SPR_OB_KOD":"538957","ORIG_FID":199}},{"type":"Feature","id":200,"geometry":{"type":"Point","coordinates":[14.84869608486283,49.954419091866832]},"properties":{"OBJECTID":200,"KOD":"141","NAZEV":"Kostelec nad Černými lesy","ORP_KOD":"221","VUSC_KOD":"27","NUTS3_KOD":"CZ020","SPR_OB_KOD":"533416","ORIG_FID":200}},{"type":"Feature","id":201,"geometry":{"type":"Point","coordinates":[14.573387429106212,49.916043145261241]},"properties":{"OBJECTID":201,"KOD":"370","NAZEV":"Kamenice","ORP_KOD":"221","VUSC_KOD":"27","NUTS3_KOD":"CZ020","SPR_OB_KOD":"538299","ORIG_FID":201}},{"type":"Feature","id":202,"geometry":{"type":"Point","coordinates":[14.691581332538615,49.953394982900114]},"properties":{"OBJECTID":202,"KOD":"400","NAZEV":"Říčany","ORP_KOD":"221","VUSC_KOD":"27","NUTS3_KOD":"CZ020","SPR_OB_KOD":"538728","ORIG_FID":202}},{"type":"Feature","id":203,"geometry":{"type":"Point","coordinates":[14.226063612820232,50.050985579229732]},"properties":{"OBJECTID":203,"KOD":"426","NAZEV":"Hostivice","ORP_KOD":"230","VUSC_KOD":"27","NUTS3_KOD":"CZ020","SPR_OB_KOD":"539244","ORIG_FID":203}},{"type":"Feature","id":204,"geometry":{"type":"Point","coordinates":[14.478832673474129,49.965124146433432]},"properties":{"OBJECTID":204,"KOD":"434","NAZEV":"Jesenice (okres Praha-západ)","ORP_KOD":"230","VUSC_KOD":"27","NUTS3_KOD":"CZ020","SPR_OB_KOD":"539325","ORIG_FID":204}},{"type":"Feature","id":205,"geometry":{"type":"Point","coordinates":[14.398168042979913,49.847031317570313]},"properties":{"OBJECTID":205,"KOD":"442","NAZEV":"Jílové u Prahy","ORP_KOD":"230","VUSC_KOD":"27","NUTS3_KOD":"CZ020","SPR_OB_KOD":"539333","ORIG_FID":205}},{"type":"Feature","id":206,"geometry":{"type":"Point","coordinates":[14.302639101310609,49.87704291693489]},"properties":{"OBJECTID":206,"KOD":"451","NAZEV":"Mníšek pod Brdy","ORP_KOD":"230","VUSC_KOD":"27","NUTS3_KOD":"CZ020","SPR_OB_KOD":"540765","ORIG_FID":206}},{"type":"Feature","id":207,"geometry":{"type":"Point","coordinates":[14.318218517875181,50.167065861844861]},"properties":{"OBJECTID":207,"KOD":"469","NAZEV":"Roztoky","ORP_KOD":"230","VUSC_KOD":"27","NUTS3_KOD":"CZ020","SPR_OB_KOD":"539627","ORIG_FID":207}},{"type":"Feature","id":208,"geometry":{"type":"Point","coordinates":[14.279254891734185,49.943503950462564]},"properties":{"OBJECTID":208,"KOD":"477","NAZEV":"Černošice","ORP_KOD":"230","VUSC_KOD":"27","NUTS3_KOD":"CZ020","SPR_OB_KOD":"539139","ORIG_FID":208}},{"type":"Feature","id":209,"geometry":{"type":"Point","coordinates":[13.509624209373424,50.106290927664645]},"properties":{"OBJECTID":209,"KOD":"540","NAZEV":"Jesenice (okres Rakovník)","ORP_KOD":"272","VUSC_KOD":"27","NUTS3_KOD":"CZ020","SPR_OB_KOD":"541834","ORIG_FID":209}},{"type":"Feature","id":210,"geometry":{"type":"Point","coordinates":[13.875318796630603,50.024855999620527]},"properties":{"OBJECTID":210,"KOD":"558","NAZEV":"Křivoklát","ORP_KOD":"272","VUSC_KOD":"27","NUTS3_KOD":"CZ020","SPR_OB_KOD":"541982","ORIG_FID":210}},{"type":"Feature","id":211,"geometry":{"type":"Point","coordinates":[13.851361623248208,50.182899072421705]},"properties":{"OBJECTID":211,"KOD":"566","NAZEV":"Nové Strašecí","ORP_KOD":"272","VUSC_KOD":"27","NUTS3_KOD":"CZ020","SPR_OB_KOD":"542164","ORIG_FID":211}},{"type":"Feature","id":212,"geometry":{"type":"Point","coordinates":[13.686715277149315,50.085925734396952]},"properties":{"OBJECTID":212,"KOD":"574","NAZEV":"Rakovník","ORP_KOD":"272","VUSC_KOD":"27","NUTS3_KOD":"CZ020","SPR_OB_KOD":"541656","ORIG_FID":212}},{"type":"Feature","id":213,"geometry":{"type":"Point","coordinates":[13.392597350560745,49.745858253907308]},"properties":{"OBJECTID":213,"KOD":"1228","NAZEV":"Plzeň","ORP_KOD":"582","VUSC_KOD":"43","NUTS3_KOD":"CZ032","SPR_OB_KOD":"554791","ORIG_FID":213}},{"type":"Feature","id":214,"geometry":{"type":"Point","coordinates":[13.466038719623784,49.995031892122405]},"properties":{"OBJECTID":214,"KOD":"1309","NAZEV":"Kralovice","ORP_KOD":"639","VUSC_KOD":"43","NUTS3_KOD":"CZ032","SPR_OB_KOD":"559075","ORIG_FID":214}},{"type":"Feature","id":215,"geometry":{"type":"Point","coordinates":[13.170568488573782,49.966291343614138]},"properties":{"OBJECTID":215,"KOD":"1317","NAZEV":"Manětín","ORP_KOD":"639","VUSC_KOD":"43","NUTS3_KOD":"CZ032","SPR_OB_KOD":"559202","ORIG_FID":215}},{"type":"Feature","id":216,"geometry":{"type":"Point","coordinates":[13.368914664675858,49.912389570924802]},"properties":{"OBJECTID":216,"KOD":"1341","NAZEV":"Plasy","ORP_KOD":"639","VUSC_KOD":"43","NUTS3_KOD":"CZ032","SPR_OB_KOD":"559351","ORIG_FID":216}},{"type":"Feature","id":217,"geometry":{"type":"Point","coordinates":[13.197400943114946,49.790011505622601]},"properties":{"OBJECTID":217,"KOD":"1325","NAZEV":"Město Touškov","ORP_KOD":"647","VUSC_KOD":"43","NUTS3_KOD":"CZ032","SPR_OB_KOD":"559211","ORIG_FID":217}},{"type":"Feature","id":218,"geometry":{"type":"Point","coordinates":[13.173776864176421,49.722838156089438]},"properties":{"OBJECTID":218,"KOD":"1333","NAZEV":"Nýřany","ORP_KOD":"647","VUSC_KOD":"43","NUTS3_KOD":"CZ032","SPR_OB_KOD":"559300","ORIG_FID":218}},{"type":"Feature","id":219,"geometry":{"type":"Point","coordinates":[13.402873951826029,49.838443372097501]},"properties":{"OBJECTID":219,"KOD":"1350","NAZEV":"Třemošná","ORP_KOD":"647","VUSC_KOD":"43","NUTS3_KOD":"CZ032","SPR_OB_KOD":"559521","ORIG_FID":219}},{"type":"Feature","id":220,"geometry":{"type":"Point","coordinates":[13.047438457485805,49.913230625739523]},"properties":{"OBJECTID":220,"KOD":"1368","NAZEV":"Všeruby","ORP_KOD":"647","VUSC_KOD":"43","NUTS3_KOD":"CZ032","SPR_OB_KOD":"559628","ORIG_FID":220}},{"type":"Feature","id":221,"geometry":{"type":"Point","coordinates":[13.609668780337499,49.87226819952518]},"properties":{"OBJECTID":221,"KOD":"1376","NAZEV":"Radnice","ORP_KOD":"655","VUSC_KOD":"43","NUTS3_KOD":"CZ032","SPR_OB_KOD":"560120","ORIG_FID":221}},{"type":"Feature","id":222,"geometry":{"type":"Point","coordinates":[13.74522406161004,49.882910416159788]},"properties":{"OBJECTID":222,"KOD":"1392","NAZEV":"Zbiroh","ORP_KOD":"655","VUSC_KOD":"43","NUTS3_KOD":"CZ032","SPR_OB_KOD":"560260","ORIG_FID":222}},{"type":"Feature","id":223,"geometry":{"type":"Point","coordinates":[12.961929739081102,49.874031818648582]},"properties":{"OBJECTID":223,"KOD":"1465","NAZEV":"Bezdružice","ORP_KOD":"680","VUSC_KOD":"43","NUTS3_KOD":"CZ032","SPR_OB_KOD":"560740","ORIG_FID":223}},{"type":"Feature","id":224,"geometry":{"type":"Point","coordinates":[12.959992909778283,49.749663263403654]},"properties":{"OBJECTID":224,"KOD":"1490","NAZEV":"Stříbro","ORP_KOD":"680","VUSC_KOD":"43","NUTS3_KOD":"CZ032","SPR_OB_KOD":"561215","ORIG_FID":224}},{"type":"Feature","id":225,"geometry":{"type":"Point","coordinates":[12.719216249515069,49.681749700774915]},"properties":{"OBJECTID":225,"KOD":"1473","NAZEV":"Bor","ORP_KOD":"698","VUSC_KOD":"43","NUTS3_KOD":"CZ032","SPR_OB_KOD":"560758","ORIG_FID":225}},{"type":"Feature","id":226,"geometry":{"type":"Point","coordinates":[12.73500498143447,49.871174305367141]},"properties":{"OBJECTID":226,"KOD":"1481","NAZEV":"Planá","ORP_KOD":"698","VUSC_KOD":"43","NUTS3_KOD":"CZ032","SPR_OB_KOD":"561134","ORIG_FID":226}},{"type":"Feature","id":227,"geometry":{"type":"Point","coordinates":[12.569256697752147,49.772552928195886]},"properties":{"OBJECTID":227,"KOD":"1503","NAZEV":"Tachov","ORP_KOD":"698","VUSC_KOD":"43","NUTS3_KOD":"CZ032","SPR_OB_KOD":"560715","ORIG_FID":227}},{"type":"Feature","id":228,"geometry":{"type":"Point","coordinates":[12.204637407373029,50.231005621278989]},"properties":{"OBJECTID":228,"KOD":"1074","NAZEV":"Aš","ORP_KOD":"507","VUSC_KOD":"51","NUTS3_KOD":"CZ041","SPR_OB_KOD":"554499","ORIG_FID":228}},{"type":"Feature","id":229,"geometry":{"type":"Point","coordinates":[12.414370175641965,50.116414680478684]},"properties":{"OBJECTID":229,"KOD":"1082","NAZEV":"Cheb","ORP_KOD":"515","VUSC_KOD":"51","NUTS3_KOD":"CZ041","SPR_OB_KOD":"554481","ORIG_FID":229}},{"type":"Feature","id":230,"geometry":{"type":"Point","coordinates":[12.708497336688277,49.997809363200005]},"properties":{"OBJECTID":230,"KOD":"1091","NAZEV":"Mariánské Lázně","ORP_KOD":"523","VUSC_KOD":"51","NUTS3_KOD":"CZ041","SPR_OB_KOD":"554642","ORIG_FID":230}},{"type":"Feature","id":231,"geometry":{"type":"Point","coordinates":[12.926292094521171,50.195491694005007]},"properties":{"OBJECTID":231,"KOD":"1104","NAZEV":"Karlovy Vary","ORP_KOD":"531","VUSC_KOD":"51","NUTS3_KOD":"CZ041","SPR_OB_KOD":"554961","ORIG_FID":231}},{"type":"Feature","id":232,"geometry":{"type":"Point","coordinates":[12.72517442292207,50.339172120628547]},"properties":{"OBJECTID":232,"KOD":"1112","NAZEV":"Nejdek","ORP_KOD":"531","VUSC_KOD":"51","NUTS3_KOD":"CZ041","SPR_OB_KOD":"555380","ORIG_FID":232}},{"type":"Feature","id":233,"geometry":{"type":"Point","coordinates":[12.95068566265911,50.052539648732591]},"properties":{"OBJECTID":233,"KOD":"1139","NAZEV":"Toužim","ORP_KOD":"531","VUSC_KOD":"51","NUTS3_KOD":"CZ041","SPR_OB_KOD":"555657","ORIG_FID":233}},{"type":"Feature","id":234,"geometry":{"type":"Point","coordinates":[13.131029003995476,50.261625826210256]},"properties":{"OBJECTID":234,"KOD":"1147","NAZEV":"Vojenský újezd Hradiště","ORP_KOD":"531","VUSC_KOD":"51","NUTS3_KOD":"CZ041","SPR_OB_KOD":"555177","ORIG_FID":234}},{"type":"Feature","id":235,"geometry":{"type":"Point","coordinates":[13.184474623638074,50.095960472418795]},"properties":{"OBJECTID":235,"KOD":"1155","NAZEV":"Žlutice","ORP_KOD":"531","VUSC_KOD":"51","NUTS3_KOD":"CZ041","SPR_OB_KOD":"555762","ORIG_FID":235}},{"type":"Feature","id":236,"geometry":{"type":"Point","coordinates":[12.906408015771465,50.353759081651667]},"properties":{"OBJECTID":236,"KOD":"1121","NAZEV":"Ostrov","ORP_KOD":"540","VUSC_KOD":"51","NUTS3_KOD":"CZ041","SPR_OB_KOD":"555428","ORIG_FID":236}},{"type":"Feature","id":237,"geometry":{"type":"Point","coordinates":[12.555180762278889,50.321237305011351]},"properties":{"OBJECTID":237,"KOD":"1422","NAZEV":"Kraslice","ORP_KOD":"663","VUSC_KOD":"51","NUTS3_KOD":"CZ041","SPR_OB_KOD":"560472","ORIG_FID":237}},{"type":"Feature","id":238,"geometry":{"type":"Point","coordinates":[12.713884580371777,50.240128851862302]},"properties":{"OBJECTID":238,"KOD":"1406","NAZEV":"Chodov","ORP_KOD":"671","VUSC_KOD":"51","NUTS3_KOD":"CZ041","SPR_OB_KOD":"560383","ORIG_FID":238}},{"type":"Feature","id":239,"geometry":{"type":"Point","coordinates":[12.791874987616744,50.111650271858451]},"properties":{"OBJECTID":239,"KOD":"1414","NAZEV":"Horní Slavkov","ORP_KOD":"671","VUSC_KOD":"51","NUTS3_KOD":"CZ041","SPR_OB_KOD":"560367","ORIG_FID":239}},{"type":"Feature","id":240,"geometry":{"type":"Point","coordinates":[12.549923607432268,50.113240960268065]},"properties":{"OBJECTID":240,"KOD":"1431","NAZEV":"Kynšperk nad Ohří","ORP_KOD":"671","VUSC_KOD":"51","NUTS3_KOD":"CZ041","SPR_OB_KOD":"560499","ORIG_FID":240}},{"type":"Feature","id":241,"geometry":{"type":"Point","coordinates":[12.761583679370064,50.177579986748071]},"properties":{"OBJECTID":241,"KOD":"1449","NAZEV":"Loket","ORP_KOD":"671","VUSC_KOD":"51","NUTS3_KOD":"CZ041","SPR_OB_KOD":"560537","ORIG_FID":241}},{"type":"Feature","id":242,"geometry":{"type":"Point","coordinates":[12.618845995444266,50.161634337036439]},"properties":{"OBJECTID":242,"KOD":"1457","NAZEV":"Sokolov","ORP_KOD":"671","VUSC_KOD":"51","NUTS3_KOD":"CZ041","SPR_OB_KOD":"560286","ORIG_FID":242}},{"type":"Feature","id":243,"geometry":{"type":"Point","coordinates":[14.313747163382224,50.712409622541543]},"properties":{"OBJECTID":243,"KOD":"1571","NAZEV":"Benešov nad Ploučnicí","ORP_KOD":"728","VUSC_KOD":"60","NUTS3_KOD":"CZ042","SPR_OB_KOD":"562351","ORIG_FID":243}},{"type":"Feature","id":244,"geometry":{"type":"Point","coordinates":[14.206013116893937,50.791821816103166]},"properties":{"OBJECTID":244,"KOD":"1589","NAZEV":"Děčín","ORP_KOD":"728","VUSC_KOD":"60","NUTS3_KOD":"CZ042","SPR_OB_KOD":"562335","ORIG_FID":244}},{"type":"Feature","id":245,"geometry":{"type":"Point","coordinates":[14.418365188251775,50.826841628256098]},"properties":{"OBJECTID":245,"KOD":"1627","NAZEV":"Česká Kamenice","ORP_KOD":"728","VUSC_KOD":"60","NUTS3_KOD":"CZ042","SPR_OB_KOD":"562394","ORIG_FID":245}},{"type":"Feature","id":246,"geometry":{"type":"Point","coordinates":[14.492069959204523,50.939196105809287]},"properties":{"OBJECTID":246,"KOD":"1597","NAZEV":"Rumburk","ORP_KOD":"736","VUSC_KOD":"60","NUTS3_KOD":"CZ042","SPR_OB_KOD":"562777","ORIG_FID":246}},{"type":"Feature","id":247,"geometry":{"type":"Point","coordinates":[14.40165938975926,50.98837452287345]},"properties":{"OBJECTID":247,"KOD":"1619","NAZEV":"Šluknov","ORP_KOD":"736","VUSC_KOD":"60","NUTS3_KOD":"CZ042","SPR_OB_KOD":"562858","ORIG_FID":247}},{"type":"Feature","id":248,"geometry":{"type":"Point","coordinates":[14.558782396474779,50.8805026631141]},"properties":{"OBJECTID":248,"KOD":"1601","NAZEV":"Varnsdorf","ORP_KOD":"744","VUSC_KOD":"60","NUTS3_KOD":"CZ042","SPR_OB_KOD":"562882","ORIG_FID":248}},{"type":"Feature","id":249,"geometry":{"type":"Point","coordinates":[13.311628577462354,50.329126749739935]},"properties":{"OBJECTID":249,"KOD":"1651","NAZEV":"Kadaň","ORP_KOD":"761","VUSC_KOD":"60","NUTS3_KOD":"CZ042","SPR_OB_KOD":"563102","ORIG_FID":249}},{"type":"Feature","id":250,"geometry":{"type":"Point","coordinates":[13.162324817678201,50.39642225407281]},"properties":{"OBJECTID":250,"KOD":"1660","NAZEV":"Klášterec nad Ohří","ORP_KOD":"761","VUSC_KOD":"60","NUTS3_KOD":"CZ042","SPR_OB_KOD":"563129","ORIG_FID":250}},{"type":"Feature","id":251,"geometry":{"type":"Point","coordinates":[13.082823193642549,50.453257003609941]},"properties":{"OBJECTID":251,"KOD":"1678","NAZEV":"Vejprty","ORP_KOD":"761","VUSC_KOD":"60","NUTS3_KOD":"CZ042","SPR_OB_KOD":"563404","ORIG_FID":251}},{"type":"Feature","id":252,"geometry":{"type":"Point","coordinates":[13.352103627128407,50.473633650439808]},"properties":{"OBJECTID":252,"KOD":"1635","NAZEV":"Chomutov","ORP_KOD":"752","VUSC_KOD":"60","NUTS3_KOD":"CZ042","SPR_OB_KOD":"562971","ORIG_FID":252}},{"type":"Feature","id":253,"geometry":{"type":"Point","coordinates":[13.468541285543477,50.50588487358754]},"properties":{"OBJECTID":253,"KOD":"1643","NAZEV":"Jirkov","ORP_KOD":"752","VUSC_KOD":"60","NUTS3_KOD":"CZ042","SPR_OB_KOD":"563099","ORIG_FID":253}},{"type":"Feature","id":254,"geometry":{"type":"Point","coordinates":[14.397215991248082,50.486328302771021]},"properties":{"OBJECTID":254,"KOD":"1821","NAZEV":"Štětí","ORP_KOD":"825","VUSC_KOD":"60","NUTS3_KOD":"CZ042","SPR_OB_KOD":"565709","ORIG_FID":254}},{"type":"Feature","id":255,"geometry":{"type":"Point","coordinates":[14.314203283185075,50.590898634529374]},"properties":{"OBJECTID":255,"KOD":"1830","NAZEV":"Úštěk","ORP_KOD":"825","VUSC_KOD":"60","NUTS3_KOD":"CZ042","SPR_OB_KOD":"565814","ORIG_FID":255}},{"type":"Feature","id":256,"geometry":{"type":"Point","coordinates":[14.173333881250059,50.533368843538028]},"properties":{"OBJECTID":256,"KOD":"1791","NAZEV":"Litoměřice","ORP_KOD":"825","VUSC_KOD":"60","NUTS3_KOD":"CZ042","SPR_OB_KOD":"564567","ORIG_FID":256}},{"type":"Feature","id":257,"geometry":{"type":"Point","coordinates":[14.024914762591431,50.418337385962204]},"properties":{"OBJECTID":257,"KOD":"1783","NAZEV":"Libochovice","ORP_KOD":"833","VUSC_KOD":"60","NUTS3_KOD":"CZ042","SPR_OB_KOD":"565164","ORIG_FID":257}},{"type":"Feature","id":258,"geometry":{"type":"Point","coordinates":[13.984890316791065,50.501565199282062]},"properties":{"OBJECTID":258,"KOD":"1805","NAZEV":"Lovosice","ORP_KOD":"833","VUSC_KOD":"60","NUTS3_KOD":"CZ042","SPR_OB_KOD":"565229","ORIG_FID":258}},{"type":"Feature","id":259,"geometry":{"type":"Point","coordinates":[14.219137295093926,50.403779287550236]},"properties":{"OBJECTID":259,"KOD":"1813","NAZEV":"Roudnice nad Labem","ORP_KOD":"841","VUSC_KOD":"60","NUTS3_KOD":"CZ042","SPR_OB_KOD":"565555","ORIG_FID":259}},{"type":"Feature","id":260,"geometry":{"type":"Point","coordinates":[13.549713353110125,50.608826819889167]},"properties":{"OBJECTID":260,"KOD":"1881","NAZEV":"Litvínov","ORP_KOD":"884","VUSC_KOD":"60","NUTS3_KOD":"CZ042","SPR_OB_KOD":"567256","ORIG_FID":260}},{"type":"Feature","id":261,"geometry":{"type":"Point","coordinates":[13.654491194935174,50.486000420605414]},"properties":{"OBJECTID":261,"KOD":"1899","NAZEV":"Most","ORP_KOD":"892","VUSC_KOD":"60","NUTS3_KOD":"CZ042","SPR_OB_KOD":"567027","ORIG_FID":261}},{"type":"Feature","id":262,"geometry":{"type":"Point","coordinates":[13.805012527188591,50.539908437767401]},"properties":{"OBJECTID":262,"KOD":"1902","NAZEV":"Bílina","ORP_KOD":"906","VUSC_KOD":"60","NUTS3_KOD":"CZ042","SPR_OB_KOD":"567451","ORIG_FID":262}},{"type":"Feature","id":263,"geometry":{"type":"Point","coordinates":[13.706249258528779,50.658343650144758]},"properties":{"OBJECTID":263,"KOD":"1911","NAZEV":"Duchcov","ORP_KOD":"914","VUSC_KOD":"60","NUTS3_KOD":"CZ042","SPR_OB_KOD":"567515","ORIG_FID":263}},{"type":"Feature","id":264,"geometry":{"type":"Point","coordinates":[13.870509658263808,50.701370726607706]},"properties":{"OBJECTID":264,"KOD":"1929","NAZEV":"Krupka","ORP_KOD":"914","VUSC_KOD":"60","NUTS3_KOD":"CZ042","SPR_OB_KOD":"567639","ORIG_FID":264}},{"type":"Feature","id":265,"geometry":{"type":"Point","coordinates":[13.856068308888094,50.630609445464245]},"properties":{"OBJECTID":265,"KOD":"1937","NAZEV":"Teplice","ORP_KOD":"914","VUSC_KOD":"60","NUTS3_KOD":"CZ042","SPR_OB_KOD":"567442","ORIG_FID":265}},{"type":"Feature","id":266,"geometry":{"type":"Point","coordinates":[13.99653226498404,50.76178126545291]},"properties":{"OBJECTID":266,"KOD":"1945","NAZEV":"Libouchec","ORP_KOD":"922","VUSC_KOD":"60","NUTS3_KOD":"CZ042","SPR_OB_KOD":"568058","ORIG_FID":266}},{"type":"Feature","id":267,"geometry":{"type":"Point","coordinates":[14.183148467804186,50.653345682432359]},"properties":{"OBJECTID":267,"KOD":"1953","NAZEV":"Velké Březno","ORP_KOD":"922","VUSC_KOD":"60","NUTS3_KOD":"CZ042","SPR_OB_KOD":"568350","ORIG_FID":267}},{"type":"Feature","id":268,"geometry":{"type":"Point","coordinates":[14.035169517511848,50.657805888770248]},"properties":{"OBJECTID":268,"KOD":"1961","NAZEV":"Ústí nad Labem","ORP_KOD":"922","VUSC_KOD":"60","NUTS3_KOD":"CZ042","SPR_OB_KOD":"554804","ORIG_FID":268}},{"type":"Feature","id":269,"geometry":{"type":"Point","coordinates":[13.83893951976459,50.348099771408378]},"properties":{"OBJECTID":269,"KOD":"1848","NAZEV":"Louny","ORP_KOD":"850","VUSC_KOD":"60","NUTS3_KOD":"CZ042","SPR_OB_KOD":"565971","ORIG_FID":269}},{"type":"Feature","id":270,"geometry":{"type":"Point","coordinates":[13.690355421688306,50.36534999168574]},"properties":{"OBJECTID":270,"KOD":"1864","NAZEV":"Postoloprty","ORP_KOD":"850","VUSC_KOD":"60","NUTS3_KOD":"CZ042","SPR_OB_KOD":"566624","ORIG_FID":270}},{"type":"Feature","id":271,"geometry":{"type":"Point","coordinates":[13.394074825363489,50.190913493545601]},"properties":{"OBJECTID":271,"KOD":"1856","NAZEV":"Podbořany","ORP_KOD":"868","VUSC_KOD":"60","NUTS3_KOD":"CZ042","SPR_OB_KOD":"566616","ORIG_FID":271}},{"type":"Feature","id":272,"geometry":{"type":"Point","coordinates":[13.575848915848667,50.311006228540585]},"properties":{"OBJECTID":272,"KOD":"1872","NAZEV":"Žatec","ORP_KOD":"876","VUSC_KOD":"60","NUTS3_KOD":"CZ042","SPR_OB_KOD":"566985","ORIG_FID":272}},{"type":"Feature","id":273,"geometry":{"type":"Point","coordinates":[14.643112360802318,50.794480202777628]},"properties":{"OBJECTID":273,"KOD":"1511","NAZEV":"Cvikov","ORP_KOD":"701","VUSC_KOD":"78","NUTS3_KOD":"CZ051","SPR_OB_KOD":"561479","ORIG_FID":273}},{"type":"Feature","id":274,"geometry":{"type":"Point","coordinates":[14.531962293520122,50.760952719257304]},"properties":{"OBJECTID":274,"KOD":"1554","NAZEV":"Nový Bor","ORP_KOD":"701","VUSC_KOD":"78","NUTS3_KOD":"CZ051","SPR_OB_KOD":"561860","ORIG_FID":274}},{"type":"Feature","id":275,"geometry":{"type":"Point","coordinates":[14.599388706877813,50.54773768172879]},"properties":{"OBJECTID":275,"KOD":"1520","NAZEV":"Doksy","ORP_KOD":"710","VUSC_KOD":"78","NUTS3_KOD":"CZ051","SPR_OB_KOD":"561495","ORIG_FID":275}},{"type":"Feature","id":276,"geometry":{"type":"Point","coordinates":[14.788700343679972,50.652862581968947]},"properties":{"OBJECTID":276,"KOD":"1546","NAZEV":"Mimoň","ORP_KOD":"710","VUSC_KOD":"78","NUTS3_KOD":"CZ051","SPR_OB_KOD":"561835","ORIG_FID":276}},{"type":"Feature","id":277,"geometry":{"type":"Point","coordinates":[14.513653513397104,50.66419353389572]},"properties":{"OBJECTID":277,"KOD":"1562","NAZEV":"Česká Lípa","ORP_KOD":"710","VUSC_KOD":"78","NUTS3_KOD":"CZ051","SPR_OB_KOD":"561380","ORIG_FID":277}},{"type":"Feature","id":278,"geometry":{"type":"Point","coordinates":[15.173110301481106,50.74125338706169]},"properties":{"OBJECTID":278,"KOD":"1686","NAZEV":"Jablonec nad Nisou","ORP_KOD":"779","VUSC_KOD":"78","NUTS3_KOD":"CZ051","SPR_OB_KOD":"563510","ORIG_FID":278}},{"type":"Feature","id":279,"geometry":{"type":"Point","coordinates":[15.25766125690415,50.666706825132039]},"properties":{"OBJECTID":279,"KOD":"1708","NAZEV":"Železný Brod","ORP_KOD":"795","VUSC_KOD":"78","NUTS3_KOD":"CZ051","SPR_OB_KOD":"563871","ORIG_FID":279}},{"type":"Feature","id":280,"geometry":{"type":"Point","coordinates":[15.123928155580376,50.922121420710283]},"properties":{"OBJECTID":280,"KOD":"1724","NAZEV":"Frýdlant","ORP_KOD":"809","VUSC_KOD":"78","NUTS3_KOD":"CZ051","SPR_OB_KOD":"564028","ORIG_FID":280}},{"type":"Feature","id":281,"geometry":{"type":"Point","coordinates":[15.232383445920139,50.913514449496326]},"properties":{"OBJECTID":281,"KOD":"1767","NAZEV":"Nové Město pod Smrkem","ORP_KOD":"809","VUSC_KOD":"78","NUTS3_KOD":"CZ051","SPR_OB_KOD":"564265","ORIG_FID":281}},{"type":"Feature","id":282,"geometry":{"type":"Point","coordinates":[14.765647882987663,50.780826993654678]},"properties":{"OBJECTID":282,"KOD":"1538","NAZEV":"Jablonné v Podještědí","ORP_KOD":"817","VUSC_KOD":"78","NUTS3_KOD":"CZ051","SPR_OB_KOD":"561631","ORIG_FID":282}},{"type":"Feature","id":283,"geometry":{"type":"Point","coordinates":[15.006314036203777,50.837491637776317]},"properties":{"OBJECTID":283,"KOD":"1716","NAZEV":"Chrastava","ORP_KOD":"817","VUSC_KOD":"78","NUTS3_KOD":"CZ051","SPR_OB_KOD":"564117","ORIG_FID":283}},{"type":"Feature","id":284,"geometry":{"type":"Point","coordinates":[15.088015236851769,50.670801399319856]},"properties":{"OBJECTID":284,"KOD":"1732","NAZEV":"Hodkovice nad Mohelkou","ORP_KOD":"817","VUSC_KOD":"78","NUTS3_KOD":"CZ051","SPR_OB_KOD":"564061","ORIG_FID":284}},{"type":"Feature","id":285,"geometry":{"type":"Point","coordinates":[14.832987195627638,50.820539998503001]},"properties":{"OBJECTID":285,"KOD":"1741","NAZEV":"Hrádek nad Nisou","ORP_KOD":"817","VUSC_KOD":"78","NUTS3_KOD":"CZ051","SPR_OB_KOD":"564095","ORIG_FID":285}},{"type":"Feature","id":286,"geometry":{"type":"Point","coordinates":[15.053001574651635,50.758245665299242]},"properties":{"OBJECTID":286,"KOD":"1759","NAZEV":"Liberec","ORP_KOD":"817","VUSC_KOD":"78","NUTS3_KOD":"CZ051","SPR_OB_KOD":"563889","ORIG_FID":286}},{"type":"Feature","id":287,"geometry":{"type":"Point","coordinates":[14.951603515141921,50.68884969913335]},"properties":{"OBJECTID":287,"KOD":"1775","NAZEV":"Český Dub","ORP_KOD":"817","VUSC_KOD":"78","NUTS3_KOD":"CZ051","SPR_OB_KOD":"563960","ORIG_FID":287}},{"type":"Feature","id":288,"geometry":{"type":"Point","coordinates":[15.16104665092023,50.580332693853691]},"properties":{"OBJECTID":288,"KOD":"2470","NAZEV":"Turnov","ORP_KOD":"1155","VUSC_KOD":"78","NUTS3_KOD":"CZ051","SPR_OB_KOD":"577626","ORIG_FID":288}},{"type":"Feature","id":289,"geometry":{"type":"Point","coordinates":[15.235839226655147,50.348403795226879]},"properties":{"OBJECTID":289,"KOD":"2186","NAZEV":"Kopidlno","ORP_KOD":"1015","VUSC_KOD":"86","NUTS3_KOD":"CZ052","SPR_OB_KOD":"573060","ORIG_FID":289}},{"type":"Feature","id":290,"geometry":{"type":"Point","coordinates":[15.19782677664684,50.462405755754986]},"properties":{"OBJECTID":290,"KOD":"2216","NAZEV":"Sobotka","ORP_KOD":"1015","VUSC_KOD":"86","NUTS3_KOD":"CZ052","SPR_OB_KOD":"573493","ORIG_FID":290}},{"type":"Feature","id":291,"geometry":{"type":"Point","coordinates":[14.564951045901418,50.134016804656746]},"properties":{"OBJECTID":291,"KOD":"","NAZEV":"Úřad městské části Praha 19 - Stavební úřad","ORP_KOD":"19","VUSC_KOD":"19","NUTS3_KOD":"CZ010","SPR_OB_KOD":"","ORIG_FID":291}},{"type":"Feature","id":292,"geometry":{"type":"Point","coordinates":[14.45773082545379,50.136052497035955]},"properties":{"OBJECTID":292,"KOD":"","NAZEV":"Úřad městské části Praha 8 - Stavební úřad","ORP_KOD":"19","VUSC_KOD":"19","NUTS3_KOD":"CZ010","SPR_OB_KOD":"","ORIG_FID":292}},{"type":"Feature","id":293,"geometry":{"type":"Point","coordinates":[14.507009766649093,50.108696890358281]},"properties":{"OBJECTID":293,"KOD":"","NAZEV":"Úřad městské části Praha 9 - Stavební úřad","ORP_KOD":"19","VUSC_KOD":"19","NUTS3_KOD":"CZ010","SPR_OB_KOD":"","ORIG_FID":293}},{"type":"Feature","id":294,"geometry":{"type":"Point","coordinates":[14.651718907558271,50.080872067539019]},"properties":{"OBJECTID":294,"KOD":"","NAZEV":"Úřad městské části Praha 21 - Stavební úřad","ORP_KOD":"19","VUSC_KOD":"19","NUTS3_KOD":"CZ010","SPR_OB_KOD":"","ORIG_FID":294}},{"type":"Feature","id":295,"geometry":{"type":"Point","coordinates":[14.469779053836785,50.086516780352909]},"properties":{"OBJECTID":295,"KOD":"","NAZEV":"Úřad městské části Praha 3 - Stavební úřad","ORP_KOD":"19","VUSC_KOD":"19","NUTS3_KOD":"CZ010","SPR_OB_KOD":"","ORIG_FID":295}},{"type":"Feature","id":296,"geometry":{"type":"Point","coordinates":[14.522750115632906,50.022605249702018]},"properties":{"OBJECTID":296,"KOD":"","NAZEV":"Úřad městské části Praha 11 - Stavební úřad","ORP_KOD":"19","VUSC_KOD":"19","NUTS3_KOD":"CZ010","SPR_OB_KOD":"","ORIG_FID":296}},{"type":"Feature","id":297,"geometry":{"type":"Point","coordinates":[14.367686506559323,49.983453616778995]},"properties":{"OBJECTID":297,"KOD":"","NAZEV":"Úřad městské části Praha 16 - Stavební úřad","ORP_KOD":"19","VUSC_KOD":"19","NUTS3_KOD":"CZ010","SPR_OB_KOD":"","ORIG_FID":297}},{"type":"Feature","id":298,"geometry":{"type":"Point","coordinates":[14.42717295728548,50.109342018024059]},"properties":{"OBJECTID":298,"KOD":"","NAZEV":"Úřad městské části Praha 7 - Stavební úřad","ORP_KOD":"19","VUSC_KOD":"19","NUTS3_KOD":"CZ010","SPR_OB_KOD":"","ORIG_FID":298}},{"type":"Feature","id":299,"geometry":{"type":"Point","coordinates":[14.314595672302003,50.036099899621398]},"properties":{"OBJECTID":299,"KOD":"","NAZEV":"Úřad městské části Praha 13 - Stavební úřad","ORP_KOD":"19","VUSC_KOD":"19","NUTS3_KOD":"CZ010","SPR_OB_KOD":"","ORIG_FID":299}},{"type":"Feature","id":300,"geometry":{"type":"Point","coordinates":[14.564515273463003,50.098089437986893]},"properties":{"OBJECTID":300,"KOD":"","NAZEV":"Úřad městské části Praha 14 - Stavební úřad","ORP_KOD":"19","VUSC_KOD":"19","NUTS3_KOD":"CZ010","SPR_OB_KOD":"","ORIG_FID":300}},{"type":"Feature","id":301,"geometry":{"type":"Point","coordinates":[14.322736022534169,50.096843205227046]},"properties":{"OBJECTID":301,"KOD":"","NAZEV":"Úřad městské části Praha 6 - Stavební úřad","ORP_KOD":"19","VUSC_KOD":"19","NUTS3_KOD":"CZ010","SPR_OB_KOD":"","ORIG_FID":301}},{"type":"Feature","id":302,"geometry":{"type":"Point","coordinates":[14.430488127375227,50.072639872028716]},"properties":{"OBJECTID":302,"KOD":"","NAZEV":"Úřad městské části Praha 2 - Stavební úřad","ORP_KOD":"19","VUSC_KOD":"19","NUTS3_KOD":"CZ010","SPR_OB_KOD":"","ORIG_FID":302}},{"type":"Feature","id":303,"geometry":{"type":"Point","coordinates":[14.523357213587278,50.150318636519003]},"properties":{"OBJECTID":303,"KOD":"","NAZEV":"Úřad městské části Praha 18 - Stavební úřad","ORP_KOD":"19","VUSC_KOD":"19","NUTS3_KOD":"CZ010","SPR_OB_KOD":"","ORIG_FID":303}},{"type":"Feature","id":304,"geometry":{"type":"Point","coordinates":[14.619448192755389,50.027515123568413]},"properties":{"OBJECTID":304,"KOD":"","NAZEV":"Úřad městské části Praha 22 - Stavební úřad","ORP_KOD":"19","VUSC_KOD":"19","NUTS3_KOD":"CZ010","SPR_OB_KOD":"","ORIG_FID":304}},{"type":"Feature","id":305,"geometry":{"type":"Point","coordinates":[14.369959039522234,50.047912691966886]},"properties":{"OBJECTID":305,"KOD":"","NAZEV":"Úřad městské části Praha 5 - Stavební úřad","ORP_KOD":"19","VUSC_KOD":"19","NUTS3_KOD":"CZ010","SPR_OB_KOD":"","ORIG_FID":305}},{"type":"Feature","id":306,"geometry":{"type":"Point","coordinates":[14.286873995210373,50.064452790806698]},"properties":{"OBJECTID":306,"KOD":"","NAZEV":"Úřad městské části Praha 17 - Stavební úřad","ORP_KOD":"19","VUSC_KOD":"19","NUTS3_KOD":"CZ010","SPR_OB_KOD":"","ORIG_FID":306}},{"type":"Feature","id":307,"geometry":{"type":"Point","coordinates":[14.444013543939443,50.042460771687026]},"properties":{"OBJECTID":307,"KOD":"","NAZEV":"Úřad městské části Praha 4 - Stavební úřad","ORP_KOD":"19","VUSC_KOD":"19","NUTS3_KOD":"CZ010","SPR_OB_KOD":"","ORIG_FID":307}},{"type":"Feature","id":308,"geometry":{"type":"Point","coordinates":[14.435832819503885,49.993516918264142]},"properties":{"OBJECTID":308,"KOD":"","NAZEV":"Úřad městské části Praha 12 - Stavební úřad","ORP_KOD":"19","VUSC_KOD":"19","NUTS3_KOD":"CZ010","SPR_OB_KOD":"","ORIG_FID":308}},{"type":"Feature","id":309,"geometry":{"type":"Point","coordinates":[14.56040319468646,50.057689818451657]},"properties":{"OBJECTID":309,"KOD":"","NAZEV":"Úřad městské části Praha 15 - Stavební úřad","ORP_KOD":"19","VUSC_KOD":"19","NUTS3_KOD":"CZ010","SPR_OB_KOD":"","ORIG_FID":309}},{"type":"Feature","id":310,"geometry":{"type":"Point","coordinates":[14.413744694270042,50.086647790642004]},"properties":{"OBJECTID":310,"KOD":"","NAZEV":"Úřad městské části Praha 1 - Stavební úřad","ORP_KOD":"19","VUSC_KOD":"19","NUTS3_KOD":"CZ010","SPR_OB_KOD":"","ORIG_FID":310}},{"type":"Feature","id":311,"geometry":{"type":"Point","coordinates":[14.62111703761655,50.110981517530732]},"properties":{"OBJECTID":311,"KOD":"","NAZEV":"Úřad městské části Praha 20 - Stavební úřad","ORP_KOD":"19","VUSC_KOD":"19","NUTS3_KOD":"CZ010","SPR_OB_KOD":"","ORIG_FID":311}},{"type":"Feature","id":312,"geometry":{"type":"Point","coordinates":[14.494305142191902,50.069536784839727]},"properties":{"OBJECTID":312,"KOD":"","NAZEV":"Úřad městské části Praha 10 - Stavební úřad","ORP_KOD":"19","VUSC_KOD":"19","NUTS3_KOD":"CZ010","SPR_OB_KOD":"","ORIG_FID":312}},{"type":"Feature","id":313,"geometry":{"type":"Point","coordinates":[14.678780610239013,50.101587299170212]},"properties":{"OBJECTID":313,"KOD":"","NAZEV":"Městský úřad Úvaly - Stavební úřad","ORP_KOD":"213","VUSC_KOD":"27","NUTS3_KOD":"CZ020","SPR_OB_KOD":"","ORIG_FID":313}},{"type":"Feature","id":314,"geometry":{"type":"Point","coordinates":[14.270214594967511,50.044314511808828]},"properties":{"OBJECTID":314,"KOD":"","NAZEV":"Městský úřad Rudná - Stavební úřad","ORP_KOD":"230","VUSC_KOD":"27","NUTS3_KOD":"CZ020","SPR_OB_KOD":"","ORIG_FID":314}},{"type":"Feature","id":315,"geometry":{"type":"Point","coordinates":[14.28081257892552,50.118081905367369]},"properties":{"OBJECTID":315,"KOD":"","NAZEV":"Městský úřad Hostivice - Stavební úřad","ORP_KOD":"230","VUSC_KOD":"27","NUTS3_KOD":"CZ020","SPR_OB_KOD":"","ORIG_FID":315}},{"type":"Feature","id":316,"geometry":{"type":"Point","coordinates":[14.402464105977117,49.97062392538249]},"properties":{"OBJECTID":316,"KOD":"","NAZEV":"Obecní úřad Dolní Břežany - Stavební úřad","ORP_KOD":"230","VUSC_KOD":"27","NUTS3_KOD":"CZ020","SPR_OB_KOD":"","ORIG_FID":316}},{"type":"Feature","id":317,"geometry":{"type":"Point","coordinates":[14.507960540252228,49.996451001610843]},"properties":{"OBJECTID":317,"KOD":"","NAZEV":"Obecní úřad Jesenice - Stavební úřad","ORP_KOD":"230","VUSC_KOD":"27","NUTS3_KOD":"CZ020","SPR_OB_KOD":"","ORIG_FID":317}},{"type":"Feature","id":318,"geometry":{"type":"Point","coordinates":[14.393586164918315,49.942971297252861]},"properties":{"OBJECTID":318,"KOD":"","NAZEV":"Městský úřad Mníšek pod Brdy - Stavební úřad","ORP_KOD":"230","VUSC_KOD":"27","NUTS3_KOD":"CZ020","SPR_OB_KOD":"","ORIG_FID":318}},{"type":"Feature","id":319,"geometry":{"type":"Point","coordinates":[15.523016226109865,50.618117145190148]},"properties":{"OBJECTID":319,"KOD":"2437","NAZEV":"Jilemnice","ORP_KOD":"1139","VUSC_KOD":"78","NUTS3_KOD":"CZ051","SPR_OB_KOD":"577197","ORIG_FID":319}},{"type":"Feature","id":320,"geometry":{"type":"Point","coordinates":[15.460572687877214,50.716763055849448]},"properties":{"OBJECTID":320,"KOD":"2453","NAZEV":"Rokytnice nad Jizerou","ORP_KOD":"1139","VUSC_KOD":"78","NUTS3_KOD":"CZ051","SPR_OB_KOD":"577456","ORIG_FID":320}},{"type":"Feature","id":321,"geometry":{"type":"Point","coordinates":[15.789535837619583,50.218879281984826]},"properties":{"OBJECTID":321,"KOD":"2046","NAZEV":"Hradec Králové","ORP_KOD":"965","VUSC_KOD":"86","NUTS3_KOD":"CZ052","SPR_OB_KOD":"569810","ORIG_FID":321}},{"type":"Feature","id":322,"geometry":{"type":"Point","coordinates":[15.644042431278836,50.248067189051852]},"properties":{"OBJECTID":322,"KOD":"2054","NAZEV":"Nechanice","ORP_KOD":"965","VUSC_KOD":"86","NUTS3_KOD":"CZ052","SPR_OB_KOD":"570451","ORIG_FID":322}},{"type":"Feature","id":323,"geometry":{"type":"Point","coordinates":[15.830223654929107,50.308125756756645]},"properties":{"OBJECTID":323,"KOD":"2071","NAZEV":"Smiřice","ORP_KOD":"965","VUSC_KOD":"86","NUTS3_KOD":"CZ052","SPR_OB_KOD":"570877","ORIG_FID":323}},{"type":"Feature","id":324,"geometry":{"type":"Point","coordinates":[15.986953142588131,50.20632836706293]},"properties":{"OBJECTID":324,"KOD":"2089","NAZEV":"Třebechovice pod Orebem","ORP_KOD":"965","VUSC_KOD":"86","NUTS3_KOD":"CZ052","SPR_OB_KOD":"571041","ORIG_FID":324}},{"type":"Feature","id":325,"geometry":{"type":"Point","coordinates":[15.598905934815297,50.346894917476106]},"properties":{"OBJECTID":325,"KOD":"2160","NAZEV":"Hořice","ORP_KOD":"1007","VUSC_KOD":"86","NUTS3_KOD":"CZ052","SPR_OB_KOD":"572926","ORIG_FID":325}},{"type":"Feature","id":326,"geometry":{"type":"Point","coordinates":[15.557551651319901,50.429344777914466]},"properties":{"OBJECTID":326,"KOD":"2194","NAZEV":"Lázně Bělohrad","ORP_KOD":"1015","VUSC_KOD":"86","NUTS3_KOD":"CZ052","SPR_OB_KOD":"573094","ORIG_FID":326}},{"type":"Feature","id":327,"geometry":{"type":"Point","coordinates":[15.534331457216489,50.489700150912952]},"properties":{"OBJECTID":327,"KOD":"2208","NAZEV":"Nová Paka","ORP_KOD":"1023","VUSC_KOD":"86","NUTS3_KOD":"CZ052","SPR_OB_KOD":"573248","ORIG_FID":327}},{"type":"Feature","id":328,"geometry":{"type":"Point","coordinates":[16.338656426719911,50.584125983145071]},"properties":{"OBJECTID":328,"KOD":"2224","NAZEV":"Broumov","ORP_KOD":"1031","VUSC_KOD":"86","NUTS3_KOD":"CZ052","SPR_OB_KOD":"573922","ORIG_FID":328}},{"type":"Feature","id":329,"geometry":{"type":"Point","coordinates":[16.242086896232259,50.643663361921085]},"properties":{"OBJECTID":329,"KOD":"2283","NAZEV":"Teplice nad Metují","ORP_KOD":"1031","VUSC_KOD":"86","NUTS3_KOD":"CZ052","SPR_OB_KOD":"574538","ORIG_FID":329}},{"type":"Feature","id":330,"geometry":{"type":"Point","coordinates":[15.935468461494194,50.355768306981631]},"properties":{"OBJECTID":330,"KOD":"2241","NAZEV":"Jaroměř","ORP_KOD":"1040","VUSC_KOD":"86","NUTS3_KOD":"CZ052","SPR_OB_KOD":"574121","ORIG_FID":330}},{"type":"Feature","id":331,"geometry":{"type":"Point","coordinates":[16.119962013485143,50.3499264998554]},"properties":{"OBJECTID":331,"KOD":"2259","NAZEV":"Nové Město nad Metují","ORP_KOD":"1058","VUSC_KOD":"86","NUTS3_KOD":"CZ052","SPR_OB_KOD":"574279","ORIG_FID":331}},{"type":"Feature","id":332,"geometry":{"type":"Point","coordinates":[16.183437322321996,50.487787792523626]},"properties":{"OBJECTID":332,"KOD":"2232","NAZEV":"Hronov","ORP_KOD":"1066","VUSC_KOD":"86","NUTS3_KOD":"CZ052","SPR_OB_KOD":"574082","ORIG_FID":332}},{"type":"Feature","id":333,"geometry":{"type":"Point","coordinates":[16.176097672349687,50.406645810107406]},"properties":{"OBJECTID":333,"KOD":"2267","NAZEV":"Náchod","ORP_KOD":"1066","VUSC_KOD":"86","NUTS3_KOD":"CZ052","SPR_OB_KOD":"573868","ORIG_FID":333}},{"type":"Feature","id":334,"geometry":{"type":"Point","coordinates":[16.238419393938567,50.533840935372233]},"properties":{"OBJECTID":334,"KOD":"2275","NAZEV":"Police nad Metují","ORP_KOD":"1066","VUSC_KOD":"86","NUTS3_KOD":"CZ052","SPR_OB_KOD":"574341","ORIG_FID":334}},{"type":"Feature","id":335,"geometry":{"type":"Point","coordinates":[16.091012036875146,50.466014743749014]},"properties":{"OBJECTID":335,"KOD":"2291","NAZEV":"Červený Kostelec","ORP_KOD":"1066","VUSC_KOD":"86","NUTS3_KOD":"CZ052","SPR_OB_KOD":"573965","ORIG_FID":335}},{"type":"Feature","id":336,"geometry":{"type":"Point","coordinates":[16.047066635327351,50.396858904010607]},"properties":{"OBJECTID":336,"KOD":"2305","NAZEV":"Česká Skalice","ORP_KOD":"1066","VUSC_KOD":"86","NUTS3_KOD":"CZ052","SPR_OB_KOD":"573990","ORIG_FID":336}},{"type":"Feature","id":337,"geometry":{"type":"Point","coordinates":[16.263452922190748,50.309535269253182]},"properties":{"OBJECTID":337,"KOD":"2364","NAZEV":"Dobruška","ORP_KOD":"1104","VUSC_KOD":"86","NUTS3_KOD":"CZ052","SPR_OB_KOD":"576271","ORIG_FID":337}},{"type":"Feature","id":338,"geometry":{"type":"Point","coordinates":[16.083749080789513,50.261157656919949]},"properties":{"OBJECTID":338,"KOD":"2381","NAZEV":"Opočno","ORP_KOD":"1104","VUSC_KOD":"86","NUTS3_KOD":"CZ052","SPR_OB_KOD":"576590","ORIG_FID":338}},{"type":"Feature","id":339,"geometry":{"type":"Point","coordinates":[16.203789196937837,50.10546644183389]},"properties":{"OBJECTID":339,"KOD":"2372","NAZEV":"Kostelec nad Orlicí","ORP_KOD":"1112","VUSC_KOD":"86","NUTS3_KOD":"CZ052","SPR_OB_KOD":"576361","ORIG_FID":339}},{"type":"Feature","id":340,"geometry":{"type":"Point","coordinates":[16.080586507834543,50.146406384038464]},"properties":{"OBJECTID":340,"KOD":"2411","NAZEV":"Týniště nad Orlicí","ORP_KOD":"1112","VUSC_KOD":"86","NUTS3_KOD":"CZ052","SPR_OB_KOD":"576859","ORIG_FID":340}},{"type":"Feature","id":341,"geometry":{"type":"Point","coordinates":[16.479314628971366,50.207591136826629]},"properties":{"OBJECTID":341,"KOD":"2399","NAZEV":"Rokytnice v Orlických horách","ORP_KOD":"1121","VUSC_KOD":"86","NUTS3_KOD":"CZ052","SPR_OB_KOD":"576701","ORIG_FID":341}},{"type":"Feature","id":342,"geometry":{"type":"Point","coordinates":[16.30351300765177,50.204893836649838]},"properties":{"OBJECTID":342,"KOD":"2402","NAZEV":"Rychnov nad Kněžnou","ORP_KOD":"1121","VUSC_KOD":"86","NUTS3_KOD":"CZ052","SPR_OB_KOD":"576069","ORIG_FID":342}},{"type":"Feature","id":343,"geometry":{"type":"Point","coordinates":[16.313834533676467,50.097947190036784]},"properties":{"OBJECTID":343,"KOD":"2429","NAZEV":"Vamberk","ORP_KOD":"1121","VUSC_KOD":"86","NUTS3_KOD":"CZ052","SPR_OB_KOD":"576883","ORIG_FID":343}},{"type":"Feature","id":344,"geometry":{"type":"Point","coordinates":[15.784837619802571,50.436827347182074]},"properties":{"OBJECTID":344,"KOD":"2534","NAZEV":"Dvůr Králové nad Labem","ORP_KOD":"1201","VUSC_KOD":"86","NUTS3_KOD":"CZ052","SPR_OB_KOD":"579203","ORIG_FID":344}},{"type":"Feature","id":345,"geometry":{"type":"Point","coordinates":[15.777389545034335,50.688694770470754]},"properties":{"OBJECTID":345,"KOD":"2551","NAZEV":"Svoboda nad Úpou","ORP_KOD":"1210","VUSC_KOD":"86","NUTS3_KOD":"CZ052","SPR_OB_KOD":"579734","ORIG_FID":345}},{"type":"Feature","id":346,"geometry":{"type":"Point","coordinates":[15.883126882507311,50.552888180286942]},"properties":{"OBJECTID":346,"KOD":"2569","NAZEV":"Trutnov","ORP_KOD":"1210","VUSC_KOD":"86","NUTS3_KOD":"CZ052","SPR_OB_KOD":"579025","ORIG_FID":346}},{"type":"Feature","id":347,"geometry":{"type":"Point","coordinates":[15.931063192224808,50.659867677154061]},"properties":{"OBJECTID":347,"KOD":"2585","NAZEV":"Žacléř","ORP_KOD":"1210","VUSC_KOD":"86","NUTS3_KOD":"CZ052","SPR_OB_KOD":"579874","ORIG_FID":347}},{"type":"Feature","id":348,"geometry":{"type":"Point","coordinates":[16.026780643053701,50.516582312864891]},"properties":{"OBJECTID":348,"KOD":"2593","NAZEV":"Úpice","ORP_KOD":"1210","VUSC_KOD":"86","NUTS3_KOD":"CZ052","SPR_OB_KOD":"579777","ORIG_FID":348}},{"type":"Feature","id":349,"geometry":{"type":"Point","coordinates":[15.734176087891413,50.578507996408725]},"properties":{"OBJECTID":349,"KOD":"2542","NAZEV":"Hostinné","ORP_KOD":"1228","VUSC_KOD":"86","NUTS3_KOD":"CZ052","SPR_OB_KOD":"579297","ORIG_FID":349}},{"type":"Feature","id":350,"geometry":{"type":"Point","coordinates":[15.634928490435916,50.663530815811541]},"properties":{"OBJECTID":350,"KOD":"2577","NAZEV":"Vrchlabí","ORP_KOD":"1228","VUSC_KOD":"86","NUTS3_KOD":"CZ052","SPR_OB_KOD":"579858","ORIG_FID":350}},{"type":"Feature","id":351,"geometry":{"type":"Point","coordinates":[15.644702813423061,49.917579936414491]},"properties":{"OBJECTID":351,"KOD":"2119","NAZEV":"Heřmanův Městec","ORP_KOD":"981","VUSC_KOD":"94","NUTS3_KOD":"CZ053","SPR_OB_KOD":"571385","ORIG_FID":351}},{"type":"Feature","id":352,"geometry":{"type":"Point","coordinates":[16.008886523413686,50.066828236391608]},"properties":{"OBJECTID":352,"KOD":"2321","NAZEV":"Holice","ORP_KOD":"1074","VUSC_KOD":"94","NUTS3_KOD":"CZ053","SPR_OB_KOD":"574988","ORIG_FID":352}},{"type":"Feature","id":353,"geometry":{"type":"Point","coordinates":[15.652610883005957,50.102784585794936]},"properties":{"OBJECTID":353,"KOD":"2330","NAZEV":"Lázně Bohdaneč","ORP_KOD":"1082","VUSC_KOD":"94","NUTS3_KOD":"CZ053","SPR_OB_KOD":"574767","ORIG_FID":353}},{"type":"Feature","id":354,"geometry":{"type":"Point","coordinates":[15.809140732804346,50.050093903353073]},"properties":{"OBJECTID":354,"KOD":"2348","NAZEV":"Pardubice","ORP_KOD":"1082","VUSC_KOD":"94","NUTS3_KOD":"CZ053","SPR_OB_KOD":"555134","ORIG_FID":354}},{"type":"Feature","id":355,"geometry":{"type":"Point","coordinates":[16.752869985014364,50.092203676305246]},"properties":{"OBJECTID":355,"KOD":"2623","NAZEV":"Králíky","ORP_KOD":"1236","VUSC_KOD":"94","NUTS3_KOD":"CZ053","SPR_OB_KOD":"580481","ORIG_FID":355}},{"type":"Feature","id":356,"geometry":{"type":"Point","coordinates":[16.212898410529359,50.009479159744714]},"properties":{"OBJECTID":356,"KOD":"2607","NAZEV":"Choceň","ORP_KOD":"1252","VUSC_KOD":"94","NUTS3_KOD":"CZ053","SPR_OB_KOD":"580350","ORIG_FID":356}},{"type":"Feature","id":357,"geometry":{"type":"Point","coordinates":[16.622288908962158,50.037528355832251]},"properties":{"OBJECTID":357,"KOD":"2615","NAZEV":"Jablonné nad Orlicí","ORP_KOD":"1261","VUSC_KOD":"94","NUTS3_KOD":"CZ053","SPR_OB_KOD":"580376","ORIG_FID":357}},{"type":"Feature","id":358,"geometry":{"type":"Point","coordinates":[16.535682305034829,50.033093566485398]},"properties":{"OBJECTID":358,"KOD":"2640","NAZEV":"Letohrad","ORP_KOD":"1261","VUSC_KOD":"94","NUTS3_KOD":"CZ053","SPR_OB_KOD":"580538","ORIG_FID":358}},{"type":"Feature","id":359,"geometry":{"type":"Point","coordinates":[16.484542725709463,50.10009382493373]},"properties":{"OBJECTID":359,"KOD":"2666","NAZEV":"Žamberk","ORP_KOD":"1261","VUSC_KOD":"94","NUTS3_KOD":"CZ053","SPR_OB_KOD":"581259","ORIG_FID":359}},{"type":"Feature","id":360,"geometry":{"type":"Point","coordinates":[16.399995636065452,49.989783708188568]},"properties":{"OBJECTID":360,"KOD":"2682","NAZEV":"Ústí nad Orlicí","ORP_KOD":"1287","VUSC_KOD":"94","NUTS3_KOD":"CZ053","SPR_OB_KOD":"579891","ORIG_FID":360}},{"type":"Feature","id":361,"geometry":{"type":"Point","coordinates":[16.939854562423147,50.130142285444393]},"properties":{"OBJECTID":361,"KOD":"3832","NAZEV":"Hanušovice","ORP_KOD":"2020","VUSC_KOD":"124","NUTS3_KOD":"CZ071","SPR_OB_KOD":"535532","ORIG_FID":361}},{"type":"Feature","id":362,"geometry":{"type":"Point","coordinates":[17.060545066506794,50.339872619330237]},"properties":{"OBJECTID":362,"KOD":"3921","NAZEV":"Javorník","ORP_KOD":"2062","VUSC_KOD":"124","NUTS3_KOD":"CZ071","SPR_OB_KOD":"536148","ORIG_FID":362}},{"type":"Feature","id":363,"geometry":{"type":"Point","coordinates":[17.178763992264891,50.207809904537427]},"properties":{"OBJECTID":363,"KOD":"3930","NAZEV":"Jeseník","ORP_KOD":"2062","VUSC_KOD":"124","NUTS3_KOD":"CZ071","SPR_OB_KOD":"536385","ORIG_FID":363}},{"type":"Feature","id":364,"geometry":{"type":"Point","coordinates":[17.33716759378515,50.247156969603189]},"properties":{"OBJECTID":364,"KOD":"3948","NAZEV":"Zlaté Hory","ORP_KOD":"2062","VUSC_KOD":"124","NUTS3_KOD":"CZ071","SPR_OB_KOD":"597996","ORIG_FID":364}},{"type":"Feature","id":365,"geometry":{"type":"Point","coordinates":[17.38296072294801,50.10394802955674]},"properties":{"OBJECTID":365,"KOD":"3492","NAZEV":"Vrbno pod Pradědem","ORP_KOD":"1716","VUSC_KOD":"132","NUTS3_KOD":"CZ080","SPR_OB_KOD":"597961","ORIG_FID":365}},{"type":"Feature","id":366,"geometry":{"type":"Point","coordinates":[17.614890908943217,50.070507438868653]},"properties":{"OBJECTID":366,"KOD":"3441","NAZEV":"Krnov","ORP_KOD":"1724","VUSC_KOD":"132","NUTS3_KOD":"CZ080","SPR_OB_KOD":"597520","ORIG_FID":366}},{"type":"Feature","id":367,"geometry":{"type":"Point","coordinates":[17.498976784693074,50.197447570236257]},"properties":{"OBJECTID":367,"KOD":"3468","NAZEV":"Město Albrechtice","ORP_KOD":"1724","VUSC_KOD":"132","NUTS3_KOD":"CZ080","SPR_OB_KOD":"597635","ORIG_FID":367}},{"type":"Feature","id":368,"geometry":{"type":"Point","coordinates":[17.687976690418534,50.243434186143254]},"properties":{"OBJECTID":368,"KOD":"3476","NAZEV":"Osoblaha","ORP_KOD":"1724","VUSC_KOD":"132","NUTS3_KOD":"CZ080","SPR_OB_KOD":"597716","ORIG_FID":368}},{"type":"Feature","id":369,"geometry":{"type":"Point","coordinates":[14.683691513746698,49.773906909756867]},"properties":{"OBJECTID":369,"KOD":"27","NAZEV":"Benešov","ORP_KOD":"27","VUSC_KOD":"27","NUTS3_KOD":"CZ020","SPR_OB_KOD":"529303","ORIG_FID":369}},{"type":"Feature","id":370,"geometry":{"type":"Point","coordinates":[14.989092141682114,49.669444864723523]},"properties":{"OBJECTID":370,"KOD":"51","NAZEV":"Vlašim","ORP_KOD":"35","VUSC_KOD":"27","NUTS3_KOD":"CZ020","SPR_OB_KOD":"530883","ORIG_FID":370}},{"type":"Feature","id":371,"geometry":{"type":"Point","coordinates":[15.245187498176957,49.886983666768295]},"properties":{"OBJECTID":371,"KOD":"191","NAZEV":"Kutná Hora","ORP_KOD":"116","VUSC_KOD":"27","NUTS3_KOD":"CZ020","SPR_OB_KOD":"533955","ORIG_FID":371}},{"type":"Feature","id":372,"geometry":{"type":"Point","coordinates":[15.041167681483596,49.852202267078283]},"properties":{"OBJECTID":372,"KOD":"205","NAZEV":"Uhlířské Janovice","ORP_KOD":"116","VUSC_KOD":"27","NUTS3_KOD":"CZ020","SPR_OB_KOD":"534498","ORIG_FID":372}},{"type":"Feature","id":373,"geometry":{"type":"Point","coordinates":[15.113474774879126,49.745140729342104]},"properties":{"OBJECTID":373,"KOD":"213","NAZEV":"Zruč nad Sázavou","ORP_KOD":"116","VUSC_KOD":"27","NUTS3_KOD":"CZ020","SPR_OB_KOD":"534633","ORIG_FID":373}},{"type":"Feature","id":374,"geometry":{"type":"Point","coordinates":[15.405318109099275,49.893667286917001]},"properties":{"OBJECTID":374,"KOD":"221","NAZEV":"Čáslav","ORP_KOD":"124","VUSC_KOD":"27","NUTS3_KOD":"CZ020","SPR_OB_KOD":"534005","ORIG_FID":374}},{"type":"Feature","id":375,"geometry":{"type":"Point","coordinates":[14.234615338051334,49.771696081194122]},"properties":{"OBJECTID":375,"KOD":"493","NAZEV":"Dobříš","ORP_KOD":"248","VUSC_KOD":"27","NUTS3_KOD":"CZ020","SPR_OB_KOD":"540111","ORIG_FID":375}},{"type":"Feature","id":376,"geometry":{"type":"Point","coordinates":[14.04919575906602,49.676078674290586]},"properties":{"OBJECTID":376,"KOD":"507","NAZEV":"Příbram","ORP_KOD":"256","VUSC_KOD":"27","NUTS3_KOD":"CZ020","SPR_OB_KOD":"539911","ORIG_FID":376}},{"type":"Feature","id":377,"geometry":{"type":"Point","coordinates":[13.83915751455104,49.621344679960366]},"properties":{"OBJECTID":377,"KOD":"515","NAZEV":"Rožmitál pod Třemšínem","ORP_KOD":"256","VUSC_KOD":"27","NUTS3_KOD":"CZ020","SPR_OB_KOD":"541231","ORIG_FID":377}},{"type":"Feature","id":378,"geometry":{"type":"Point","coordinates":[14.386573979416656,49.619446027050962]},"properties":{"OBJECTID":378,"KOD":"523","NAZEV":"Sedlčany","ORP_KOD":"264","VUSC_KOD":"27","NUTS3_KOD":"CZ020","SPR_OB_KOD":"541281","ORIG_FID":378}},{"type":"Feature","id":379,"geometry":{"type":"Point","coordinates":[12.725756566334141,49.540486056496945]},"properties":{"OBJECTID":379,"KOD":"1058","NAZEV":"Poběžovice","ORP_KOD":"485","VUSC_KOD":"43","NUTS3_KOD":"CZ032","SPR_OB_KOD":"554111","ORIG_FID":379}},{"type":"Feature","id":380,"geometry":{"type":"Point","coordinates":[12.924822753539061,49.552637433657083]},"properties":{"OBJECTID":380,"KOD":"1031","NAZEV":"Horšovský Týn","ORP_KOD":"493","VUSC_KOD":"43","NUTS3_KOD":"CZ032","SPR_OB_KOD":"553671","ORIG_FID":380}},{"type":"Feature","id":381,"geometry":{"type":"Point","coordinates":[13.49011073557315,49.67882223352683]},"properties":{"OBJECTID":381,"KOD":"1287","NAZEV":"Starý Plzenec","ORP_KOD":"582","VUSC_KOD":"43","NUTS3_KOD":"CZ032","SPR_OB_KOD":"558371","ORIG_FID":381}},{"type":"Feature","id":382,"geometry":{"type":"Point","coordinates":[13.632886735652212,49.611652579993539]},"properties":{"OBJECTID":382,"KOD":"1279","NAZEV":"Spálené Poříčí","ORP_KOD":"591","VUSC_KOD":"43","NUTS3_KOD":"CZ032","SPR_OB_KOD":"558362","ORIG_FID":382}},{"type":"Feature","id":383,"geometry":{"type":"Point","coordinates":[13.332109640443726,49.572809525423388]},"properties":{"OBJECTID":383,"KOD":"1261","NAZEV":"Přeštice","ORP_KOD":"612","VUSC_KOD":"43","NUTS3_KOD":"CZ032","SPR_OB_KOD":"558249","ORIG_FID":383}},{"type":"Feature","id":384,"geometry":{"type":"Point","coordinates":[13.061321905844236,49.60165115684724]},"properties":{"OBJECTID":384,"KOD":"1023","NAZEV":"Holýšov","ORP_KOD":"621","VUSC_KOD":"43","NUTS3_KOD":"CZ032","SPR_OB_KOD":"553654","ORIG_FID":384}},{"type":"Feature","id":385,"geometry":{"type":"Point","coordinates":[13.27703638155306,49.640167146818229]},"properties":{"OBJECTID":385,"KOD":"1244","NAZEV":"Dobřany","ORP_KOD":"621","VUSC_KOD":"43","NUTS3_KOD":"CZ032","SPR_OB_KOD":"557676","ORIG_FID":385}},{"type":"Feature","id":386,"geometry":{"type":"Point","coordinates":[13.1424293380064,49.639086499510043]},"properties":{"OBJECTID":386,"KOD":"1295","NAZEV":"Stod","ORP_KOD":"621","VUSC_KOD":"43","NUTS3_KOD":"CZ032","SPR_OB_KOD":"558389","ORIG_FID":386}},{"type":"Feature","id":387,"geometry":{"type":"Point","coordinates":[13.669470223813034,49.733719037430511]},"properties":{"OBJECTID":387,"KOD":"1384","NAZEV":"Rokycany","ORP_KOD":"655","VUSC_KOD":"43","NUTS3_KOD":"CZ032","SPR_OB_KOD":"559717","ORIG_FID":387}},{"type":"Feature","id":388,"geometry":{"type":"Point","coordinates":[15.685236775620238,49.736700466780661]},"properties":{"OBJECTID":388,"KOD":"1970","NAZEV":"Chotěboř","ORP_KOD":"931","VUSC_KOD":"108","NUTS3_KOD":"CZ063","SPR_OB_KOD":"568759","ORIG_FID":388}},{"type":"Feature","id":389,"geometry":{"type":"Point","coordinates":[15.458920485349767,49.808288303884737]},"properties":{"OBJECTID":389,"KOD":"1988","NAZEV":"Golčův Jeníkov","ORP_KOD":"949","VUSC_KOD":"108","NUTS3_KOD":"CZ063","SPR_OB_KOD":"568635","ORIG_FID":389}},{"type":"Feature","id":390,"geometry":{"type":"Point","coordinates":[15.550154887135108,49.606668600856487]},"properties":{"OBJECTID":390,"KOD":"1996","NAZEV":"Havlíčkův Brod","ORP_KOD":"949","VUSC_KOD":"108","NUTS3_KOD":"CZ063","SPR_OB_KOD":"568414","ORIG_FID":390}},{"type":"Feature","id":391,"geometry":{"type":"Point","coordinates":[15.581020519498352,49.372102692097663]},"properties":{"OBJECTID":391,"KOD":"3018","NAZEV":"Jihlava","ORP_KOD":"1503","VUSC_KOD":"108","NUTS3_KOD":"CZ063","SPR_OB_KOD":"586846","ORIG_FID":391}},{"type":"Feature","id":392,"geometry":{"type":"Point","coordinates":[15.489336057840841,49.180297079859173]},"properties":{"OBJECTID":392,"KOD":"3034","NAZEV":"Telč","ORP_KOD":"1511","VUSC_KOD":"108","NUTS3_KOD":"CZ063","SPR_OB_KOD":"588024","ORIG_FID":392}},{"type":"Feature","id":393,"geometry":{"type":"Point","coordinates":[15.612631654409206,49.016960266128109]},"properties":{"OBJECTID":393,"KOD":"3174","NAZEV":"Jemnice","ORP_KOD":"1571","VUSC_KOD":"108","NUTS3_KOD":"CZ063","SPR_OB_KOD":"590789","ORIG_FID":393}},{"type":"Feature","id":394,"geometry":{"type":"Point","coordinates":[15.749892306254802,49.066514879545892]},"properties":{"OBJECTID":394,"KOD":"3182","NAZEV":"Moravské Budějovice","ORP_KOD":"1571","VUSC_KOD":"108","NUTS3_KOD":"CZ063","SPR_OB_KOD":"591181","ORIG_FID":394}},{"type":"Feature","id":395,"geometry":{"type":"Point","coordinates":[15.86668403749993,49.235359163427042]},"properties":{"OBJECTID":395,"KOD":"3204","NAZEV":"Třebíč","ORP_KOD":"1597","VUSC_KOD":"108","NUTS3_KOD":"CZ063","SPR_OB_KOD":"590266","ORIG_FID":395}},{"type":"Feature","id":396,"geometry":{"type":"Point","coordinates":[15.738871565580776,48.900019410189159]},"properties":{"OBJECTID":396,"KOD":"3352","NAZEV":"Vranov nad Dyjí","ORP_KOD":"1660","VUSC_KOD":"116","NUTS3_KOD":"CZ064","SPR_OB_KOD":"595098","ORIG_FID":396}},{"type":"Feature","id":397,"geometry":{"type":"Point","coordinates":[15.950137483164042,49.924652988453438]},"properties":{"OBJECTID":397,"KOD":"2097","NAZEV":"Chrast","ORP_KOD":"981","VUSC_KOD":"94","NUTS3_KOD":"CZ053","SPR_OB_KOD":"571539","ORIG_FID":397}},{"type":"Feature","id":398,"geometry":{"type":"Point","coordinates":[15.798252020725839,49.923543585399379]},"properties":{"OBJECTID":398,"KOD":"2101","NAZEV":"Chrudim","ORP_KOD":"981","VUSC_KOD":"94","NUTS3_KOD":"CZ053","SPR_OB_KOD":"571164","ORIG_FID":398}},{"type":"Feature","id":399,"geometry":{"type":"Point","coordinates":[15.760439728743197,49.832273714332544]},"properties":{"OBJECTID":399,"KOD":"2135","NAZEV":"Nasavrky","ORP_KOD":"981","VUSC_KOD":"94","NUTS3_KOD":"CZ053","SPR_OB_KOD":"571911","ORIG_FID":399}},{"type":"Feature","id":400,"geometry":{"type":"Point","coordinates":[16.043922812148153,49.83962586897426]},"properties":{"OBJECTID":400,"KOD":"2143","NAZEV":"Skuteč","ORP_KOD":"981","VUSC_KOD":"94","NUTS3_KOD":"CZ053","SPR_OB_KOD":"572241","ORIG_FID":400}},{"type":"Feature","id":401,"geometry":{"type":"Point","coordinates":[15.595438095381175,49.858408943728072]},"properties":{"OBJECTID":401,"KOD":"2151","NAZEV":"Třemošnice","ORP_KOD":"981","VUSC_KOD":"94","NUTS3_KOD":"CZ053","SPR_OB_KOD":"572411","ORIG_FID":401}},{"type":"Feature","id":402,"geometry":{"type":"Point","coordinates":[15.93066174181206,49.769269610717366]},"properties":{"OBJECTID":402,"KOD":"2127","NAZEV":"Hlinsko","ORP_KOD":"990","VUSC_KOD":"94","NUTS3_KOD":"CZ053","SPR_OB_KOD":"571393","ORIG_FID":402}},{"type":"Feature","id":403,"geometry":{"type":"Point","coordinates":[16.28654829712999,49.841931638060117]},"properties":{"OBJECTID":403,"KOD":"2496","NAZEV":"Litomyšl","ORP_KOD":"1163","VUSC_KOD":"94","NUTS3_KOD":"CZ053","SPR_OB_KOD":"578347","ORIG_FID":403}},{"type":"Feature","id":404,"geometry":{"type":"Point","coordinates":[16.632635784149087,49.921029142460029]},"properties":{"OBJECTID":404,"KOD":"2631","NAZEV":"Lanškroun","ORP_KOD":"1244","VUSC_KOD":"94","NUTS3_KOD":"CZ053","SPR_OB_KOD":"580511","ORIG_FID":404}},{"type":"Feature","id":405,"geometry":{"type":"Point","coordinates":[16.139614847971483,49.931799726854138]},"properties":{"OBJECTID":405,"KOD":"2658","NAZEV":"Vysoké Mýto","ORP_KOD":"1252","VUSC_KOD":"94","NUTS3_KOD":"CZ053","SPR_OB_KOD":"581186","ORIG_FID":405}},{"type":"Feature","id":406,"geometry":{"type":"Point","coordinates":[16.458488084440816,49.896369030651812]},"properties":{"OBJECTID":406,"KOD":"2674","NAZEV":"Česká Třebová","ORP_KOD":"1279","VUSC_KOD":"94","NUTS3_KOD":"CZ053","SPR_OB_KOD":"580031","ORIG_FID":406}},{"type":"Feature","id":407,"geometry":{"type":"Point","coordinates":[16.894161989600331,49.871882755701314]},"properties":{"OBJECTID":407,"KOD":"3859","NAZEV":"Zábřeh","ORP_KOD":"2011","VUSC_KOD":"124","NUTS3_KOD":"CZ071","SPR_OB_KOD":"541354","ORIG_FID":407}},{"type":"Feature","id":408,"geometry":{"type":"Point","coordinates":[17.035045458480912,49.998951820352978]},"properties":{"OBJECTID":408,"KOD":"3867","NAZEV":"Šumperk","ORP_KOD":"2020","VUSC_KOD":"124","NUTS3_KOD":"CZ071","SPR_OB_KOD":"523704","ORIG_FID":408}},{"type":"Feature","id":409,"geometry":{"type":"Point","coordinates":[17.460178415433894,49.947322434884448]},"properties":{"OBJECTID":409,"KOD":"3425","NAZEV":"Bruntál","ORP_KOD":"1716","VUSC_KOD":"132","NUTS3_KOD":"CZ080","SPR_OB_KOD":"597180","ORIG_FID":409}},{"type":"Feature","id":410,"geometry":{"type":"Point","coordinates":[17.628222342705524,49.953584943551732]},"properties":{"OBJECTID":410,"KOD":"3433","NAZEV":"Horní Benešov","ORP_KOD":"1716","VUSC_KOD":"132","NUTS3_KOD":"CZ080","SPR_OB_KOD":"597350","ORIG_FID":410}},{"type":"Feature","id":411,"geometry":{"type":"Point","coordinates":[17.270628621772449,49.943987498715927]},"properties":{"OBJECTID":411,"KOD":"3484","NAZEV":"Rýmařov","ORP_KOD":"1732","VUSC_KOD":"132","NUTS3_KOD":"CZ080","SPR_OB_KOD":"597783","ORIG_FID":411}},{"type":"Feature","id":412,"geometry":{"type":"Point","coordinates":[18.057808311192712,49.981264285334376]},"properties":{"OBJECTID":412,"KOD":"3751","NAZEV":"Kravaře","ORP_KOD":"1937","VUSC_KOD":"132","NUTS3_KOD":"CZ080","SPR_OB_KOD":"507580","ORIG_FID":412}},{"type":"Feature","id":413,"geometry":{"type":"Point","coordinates":[17.851789214449774,49.914043133337799]},"properties":{"OBJECTID":413,"KOD":"3760","NAZEV":"Opava","ORP_KOD":"1945","VUSC_KOD":"132","NUTS3_KOD":"CZ080","SPR_OB_KOD":"505927","ORIG_FID":413}},{"type":"Feature","id":414,"geometry":{"type":"Point","coordinates":[15.339528354704933,50.768357914702214]},"properties":{"OBJECTID":414,"KOD":"1694","NAZEV":"Tanvald","ORP_KOD":"787","VUSC_KOD":"78","NUTS3_KOD":"CZ051","SPR_OB_KOD":"563820","ORIG_FID":414}},{"type":"Feature","id":415,"geometry":{"type":"Point","coordinates":[15.389725664420773,50.542839245058687]},"properties":{"OBJECTID":415,"KOD":"2445","NAZEV":"Lomnice nad Popelkou","ORP_KOD":"1147","VUSC_KOD":"78","NUTS3_KOD":"CZ051","SPR_OB_KOD":"577308","ORIG_FID":415}},{"type":"Feature","id":416,"geometry":{"type":"Point","coordinates":[15.360487971024215,50.633949864358705]},"properties":{"OBJECTID":416,"KOD":"2461","NAZEV":"Semily","ORP_KOD":"1147","VUSC_KOD":"78","NUTS3_KOD":"CZ051","SPR_OB_KOD":"576964","ORIG_FID":416}},{"type":"Feature","id":417,"geometry":{"type":"Point","coordinates":[15.4719814593855,50.139477902783945]},"properties":{"OBJECTID":417,"KOD":"2038","NAZEV":"Chlumec nad Cidlinou","ORP_KOD":"965","VUSC_KOD":"86","NUTS3_KOD":"CZ052","SPR_OB_KOD":"570109","ORIG_FID":417}},{"type":"Feature","id":418,"geometry":{"type":"Point","coordinates":[15.494090585361588,50.25230037807777]},"properties":{"OBJECTID":418,"KOD":"2062","NAZEV":"Nový Bydžov","ORP_KOD":"973","VUSC_KOD":"86","NUTS3_KOD":"CZ052","SPR_OB_KOD":"570508","ORIG_FID":418}},{"type":"Feature","id":419,"geometry":{"type":"Point","coordinates":[15.372803224529111,50.409098553857255]},"properties":{"OBJECTID":419,"KOD":"2178","NAZEV":"Jičín","ORP_KOD":"1015","VUSC_KOD":"86","NUTS3_KOD":"CZ052","SPR_OB_KOD":"572659","ORIG_FID":419}},{"type":"Feature","id":420,"geometry":{"type":"Point","coordinates":[15.446345835565703,50.028246071180824]},"properties":{"OBJECTID":420,"KOD":"2313","NAZEV":"Chvaletice","ORP_KOD":"1091","VUSC_KOD":"94","NUTS3_KOD":"CZ053","SPR_OB_KOD":"575071","ORIG_FID":420}},{"type":"Feature","id":421,"geometry":{"type":"Point","coordinates":[15.546634921495356,50.032169870460741]},"properties":{"OBJECTID":421,"KOD":"2356","NAZEV":"Přelouč","ORP_KOD":"1091","VUSC_KOD":"94","NUTS3_KOD":"CZ053","SPR_OB_KOD":"575500","ORIG_FID":421}}]}